solid changer.v.2.0
facet normal 5.483212633497026e-09 3.3876729927076608e-09 0.9999999999999999
  outer loop
    vertex 938.8044866885518 29.793957362745555 3.000000065511367
    vertex 938.6028875674582 30.144360194776805 3.000000065511367
    vertex 938.4372839297629 29.630756984327565 3.000000065511367
  endloop
endfacet
facet normal 5.483212633497026e-09 3.3876729927076608e-09 0.9999999999999999
  outer loop
    vertex 939.0372747744893 30.293156276319756 3.000000065511367
    vertex 938.931683954177 30.68195785102679 3.000000065511367
    vertex 938.6412786807396 30.223560939405694 3.000000065511367
  endloop
endfacet
facet normal 5.483212633497026e-09 3.3876729927076608e-09 0.9999999999999999
  outer loop
    vertex 938.9959422574824 24.3908444416834 3.0000000631102357
    vertex 938.7516912783958 27.809155116651795 3.000000065511367
    vertex 938.6400045373492 24.7355761563487 3.000000067368783
  endloop
endfacet
facet normal 5.483212633497026e-09 3.3876729927076608e-09 0.9999999999999999
  outer loop
    vertex 938.7516912783958 27.809155116651795 3.000000065511367
    vertex 938.9959422574824 24.3908444416834 3.0000000631102357
    vertex 938.7972845401144 27.734753261183045 3.000000065511367
  endloop
endfacet
facet normal 5.483212633497026e-09 3.3876729927076608e-09 0.9999999999999999
  outer loop
    vertex 938.7972845401144 27.734753261183045 3.000000065511367
    vertex 938.9959422574824 24.3908444416834 3.0000000631102357
    vertex 939.1428808535909 27.319553981397885 3.000000065511367
  endloop
endfacet
facet normal 5.483212633497026e-09 3.3876729927076608e-09 0.9999999999999999
  outer loop
    vertex 938.7972845401144 27.734753261183045 3.000000065511367
    vertex 939.1428808535909 27.319553981397885 3.000000065511367
    vertex 939.200482782302 27.715557704542416 3.000000065511367
  endloop
endfacet
facet normal 5.483212633497026e-09 3.3876729927076608e-09 0.9999999999999999
  outer loop
    vertex 938.3136359067427 25.108423487927954 3.000000071974649
    vertex 938.3892950381612 28.91555465278461 3.000000065511367
    vertex 938.3844885196066 29.001949916456475 3.000000065511367
  endloop
endfacet
facet normal 5.483212633497026e-09 3.3876729927076608e-09 0.9999999999999999
  outer loop
    vertex 938.3892950381612 28.91555465278461 3.000000065511367
    vertex 938.3136359067427 25.108423487927954 3.000000071974649
    vertex 938.6400045373492 24.7355761563487 3.000000067368783
  endloop
endfacet
facet normal 5.483212633497026e-09 3.3876729927076608e-09 0.9999999999999999
  outer loop
    vertex 938.3892950381612 28.91555465278461 3.000000065511367
    vertex 938.6400045373492 24.7355761563487 3.000000067368783
    vertex 938.4924902285909 28.38275588569477 3.000000065511367
  endloop
endfacet
facet normal 5.483212633497026e-09 3.3876729927076608e-09 0.9999999999999999
  outer loop
    vertex 938.4924902285909 28.38275588569477 3.000000065511367
    vertex 938.6400045373492 24.7355761563487 3.000000067368783
    vertex 938.521283563552 28.298756251905704 3.000000065511367
  endloop
endfacet
facet normal 5.483212633497026e-09 3.3876729927076608e-09 0.9999999999999999
  outer loop
    vertex 938.521283563552 28.298756251905704 3.000000065511367
    vertex 938.6400045373492 24.7355761563487 3.000000067368783
    vertex 938.7516912783958 27.809155116651795 3.000000065511367
  endloop
endfacet
facet normal 5.483212633497026e-09 3.3876729927076608e-09 0.9999999999999999
  outer loop
    vertex 938.521283563552 28.298756251905704 3.000000065511367
    vertex 938.7516912783958 27.809155116651795 3.000000065511367
    vertex 938.9052862490988 28.18115676460102 3.000000065511367
  endloop
endfacet
facet normal 5.483212633497026e-09 3.3876729927076608e-09 0.9999999999999999
  outer loop
    vertex 933.1840159170682 27.853622611315664 3.0000001218647334
    vertex 933.1282998555494 29.95338775453735 3.000000110889275
    vertex 933.0852276643623 28.901618422580057 3.000000116843461
  endloop
endfacet
facet normal 5.483212633497026e-09 3.3876729927076608e-09 0.9999999999999999
  outer loop
    vertex 933.1282998555494 29.95338775453735 3.000000110889275
    vertex 933.1840159170682 27.853622611315664 3.0000001218647334
    vertex 933.6071098989482 30.280807504766724 3.000000106041928
  endloop
endfacet
facet normal 5.483212633497026e-09 3.3876729927076608e-09 0.9999999999999999
  outer loop
    vertex 933.6071098989482 30.280807504766724 3.000000106041928
    vertex 933.1840159170682 27.853622611315664 3.0000001218647334
    vertex 933.9641961713115 27.413062635956045 3.0000001192240724
  endloop
endfacet
facet normal 5.483212633497026e-09 3.3876729927076608e-09 0.9999999999999999
  outer loop
    vertex 933.6071098989482 30.280807504766724 3.000000106041928
    vertex 933.9641961713115 27.413062635956045 3.0000001192240724
    vertex 934.1614381628092 30.563890072200426 3.000000100948112
  endloop
endfacet
facet normal 5.483212633497026e-09 3.3876729927076608e-09 0.9999999999999999
  outer loop
    vertex 934.1614381628092 30.563890072200426 3.000000100948112
    vertex 933.9641961713115 27.413062635956045 3.0000001192240724
    vertex 934.8070046921756 27.146571878782872 3.0000001152409728
  endloop
endfacet
facet normal 5.483212633497026e-09 3.3876729927076608e-09 0.9999999999999999
  outer loop
    vertex 934.1614381628092 30.563890072200426 3.000000100948112
    vertex 934.8070046921756 27.146571878782872 3.0000001152409728
    vertex 934.9806247699157 30.795457845513738 3.000000094428604
  endloop
endfacet
facet normal 5.483212633497026e-09 3.3876729927076608e-09 0.9999999999999999
  outer loop
    vertex 934.9806247699157 30.795457845513738 3.000000094428604
    vertex 934.8070046921756 27.146571878782872 3.0000001152409728
    vertex 935.3412571815267 27.105891887112165 3.0000001120238657
  endloop
endfacet
facet normal 5.483212633497026e-09 3.3876729927076608e-09 0.9999999999999999
  outer loop
    vertex 934.9806247699157 30.795457845513738 3.000000094428604
    vertex 935.3412571815267 27.105891887112165 3.0000001120238657
    vertex 935.2428485538836 30.81446187723037 3.0000000926392203
  endloop
endfacet
facet normal 5.483212633497026e-09 3.3876729927076608e-09 0.9999999999999999
  outer loop
    vertex 935.2428485538836 30.81446187723037 3.0000000926392203
    vertex 935.3412571815267 27.105891887112165 3.0000001120238657
    vertex 935.4773939149808 30.73932195849161 3.000000091536042
  endloop
endfacet
facet normal 5.483212633497026e-09 3.3876729927076608e-09 0.9999999999999999
  outer loop
    vertex 935.4773939149808 30.73932195849161 3.000000091536042
    vertex 935.3412571815267 27.105891887112165 3.0000001120238657
    vertex 935.5714856582479 27.193372153496004 3.000000110070685
  endloop
endfacet
facet normal 5.483212633497026e-09 3.3876729927076608e-09 0.9999999999999999
  outer loop
    vertex 935.4773939149808 30.73932195849161 3.000000091536042
    vertex 935.5714856582479 27.193372153496004 3.000000110070685
    vertex 935.9211050641169 30.501428185071127 3.0000000899658574
  endloop
endfacet
facet normal 5.483212633497026e-09 3.3876729927076608e-09 0.9999999999999999
  outer loop
    vertex 935.9211050641169 30.501428185071127 3.0000000899658574
    vertex 935.5714856582479 27.193372153496004 3.000000110070685
    vertex 935.7818959430139 27.337017080188847 3.0000001079418297
  endloop
endfacet
facet normal 5.483212633497026e-09 3.3876729927076608e-09 0.9999999999999999
  outer loop
    vertex 935.9211050641169 30.501428185071127 3.0000000899658574
    vertex 935.7818959430139 27.337017080188847 3.0000001079418297
    vertex 936.351880170675 27.57275169626751 3.000000103002874
  endloop
endfacet
facet normal 5.483212633497026e-09 3.3876729927076608e-09 0.9999999999999999
  outer loop
    vertex 935.9211050641169 30.501428185071127 3.0000000899658574
    vertex 936.351880170675 27.57275169626751 3.000000103002874
    vertex 936.5287191364642 30.38701897571686 3.0000000866748042
  endloop
endfacet
facet normal 5.483212633497026e-09 3.3876729927076608e-09 0.9999999999999999
  outer loop
    vertex 936.5287191364642 30.38701897571686 3.0000000866748042
    vertex 936.351880170675 27.57275169626751 3.000000103002874
    vertex 936.880428705175 27.559326243651036 3.000000099675347
  endloop
endfacet
facet normal 5.483212633497026e-09 3.3876729927076608e-09 0.9999999999999999
  outer loop
    vertex 936.5287191364642 30.38701897571686 3.0000000866748042
    vertex 936.880428705175 27.559326243651036 3.000000099675347
    vertex 936.8809303105419 30.479564115810135 3.0000000839096073
  endloop
endfacet
facet normal 5.483212633497026e-09 3.3876729927076608e-09 0.9999999999999999
  outer loop
    vertex 936.8809303105419 30.479564115810135 3.0000000839096073
    vertex 936.880428705175 27.559326243651036 3.000000099675347
    vertex 937.1949658500068 27.300231205834756 3.0000000990505375
  endloop
endfacet
facet normal 5.483212633497026e-09 3.3876729927076608e-09 0.9999999999999999
  outer loop
    vertex 936.8809303105419 30.479564115810135 3.0000000839096073
    vertex 937.1949658500068 27.300231205834756 3.0000000990505375
    vertex 937.1042499723316 30.71870819948805 3.000000081182236
  endloop
endfacet
facet normal 5.483212633497026e-09 3.3876729927076608e-09 0.9999999999999999
  outer loop
    vertex 937.1042499723316 30.71870819948805 3.000000081182236
    vertex 937.1949658500068 27.300231205834756 3.0000000990505375
    vertex 937.4991551226803 31.43835671781346 3.0000000747574975
  endloop
endfacet
facet normal 5.483212633497026e-09 3.3876729927076608e-09 0.9999999999999999
  outer loop
    vertex 937.4991551226803 31.43835671781346 3.0000000747574975
    vertex 937.1949658500068 27.300231205834756 3.0000000990505375
    vertex 937.3447987505714 26.827915932295834 3.0000000932159216
  endloop
endfacet
facet normal 5.483212633497026e-09 3.3876729927076608e-09 0.9999999999999999
  outer loop
    vertex 937.4991551226803 31.43835671781346 3.0000000747574975
    vertex 937.3447987505714 26.827915932295834 3.0000000932159216
    vertex 937.5329828405055 26.369529235275316 3.000000087553369
  endloop
endfacet
facet normal 5.483212633497026e-09 3.3876729927076608e-09 0.9999999999999999
  outer loop
    vertex 937.4991551226803 31.43835671781346 3.0000000747574975
    vertex 937.5329828405055 26.369529235275316 3.000000087553369
    vertex 938.0290441436057 32.06530724217942 3.0000000679648027
  endloop
endfacet
facet normal 5.483212633497026e-09 3.3876729927076608e-09 0.9999999999999999
  outer loop
    vertex 938.0290441436057 32.06530724217942 3.0000000679648027
    vertex 937.5329828405055 26.369529235275316 3.000000087553369
    vertex 937.7582421438343 25.928179190556197 3.000000082101274
  endloop
endfacet
facet normal 5.483212633497026e-09 3.3876729927076608e-09 0.9999999999999999
  outer loop
    vertex 938.0290441436057 32.06530724217942 3.0000000679648027
    vertex 937.7582421438343 25.928179190556197 3.000000082101274
    vertex 938.019049297329 25.506858357466072 3.0000000768966038
  endloop
endfacet
facet normal 5.483212633497026e-09 3.3876729927076608e-09 0.9999999999999999
  outer loop
    vertex 938.0290441436057 32.06530724217942 3.0000000679648027
    vertex 938.019049297329 25.506858357466072 3.0000000768966038
    vertex 938.3136359067427 25.108423487927954 3.000000071974649
  endloop
endfacet
facet normal 5.483212633497026e-09 3.3876729927076608e-09 0.9999999999999999
  outer loop
    vertex 938.0290441436057 32.06530724217942 3.0000000679648027
    vertex 938.3136359067427 25.108423487927954 3.000000071974649
    vertex 938.1487338644888 32.258752203899526 3.0000000661507205
  endloop
endfacet
facet normal 5.483212633497026e-09 3.3876729927076608e-09 0.9999999999999999
  outer loop
    vertex 938.1487338644888 32.258752203899526 3.0000000661507205
    vertex 938.3136359067427 25.108423487927954 3.000000071974649
    vertex 938.1749933933014 32.52089481994382 3.000000064566839
  endloop
endfacet
facet normal 5.483212633497026e-09 3.3876729927076608e-09 0.9999999999999999
  outer loop
    vertex 938.1749933933014 32.52089481994382 3.000000064566839
    vertex 938.3136359067427 25.108423487927954 3.000000071974649
    vertex 938.2820873566222 36.468744861272626 3.0000000425686997
  endloop
endfacet
facet normal 5.483212633497026e-09 3.3876729927076608e-09 0.9999999999999999
  outer loop
    vertex 938.2820873566222 36.468744861272626 3.0000000425686997
    vertex 938.3136359067427 25.108423487927954 3.000000071974649
    vertex 938.3844885196066 29.001949916456475 3.000000065511367
  endloop
endfacet
facet normal 5.483212633497026e-09 3.3876729927076608e-09 0.9999999999999999
  outer loop
    vertex 938.2820873566222 36.468744861272626 3.0000000425686997
    vertex 938.3844885196066 29.001949916456475 3.000000065511367
    vertex 938.4180883731223 29.541958461378357 3.000000065511367
  endloop
endfacet
facet normal 5.483212633497026e-09 3.3876729927076608e-09 0.9999999999999999
  outer loop
    vertex 938.2820873566222 36.468744861272626 3.0000000425686997
    vertex 938.4180883731223 29.541958461378357 3.000000065511367
    vertex 939.2956820461947 36.75280144836514 3.0000000345153044
  endloop
endfacet
facet normal 5.483212633497026e-09 3.3876729927076608e-09 0.9999999999999999
  outer loop
    vertex 939.2956820461947 36.75280144836514 3.0000000345153044
    vertex 938.4180883731223 29.541958461378357 3.000000065511367
    vertex 938.4372839297629 29.630756984327565 3.000000065511367
  endloop
endfacet
facet normal 5.483212633497026e-09 3.3876729927076608e-09 0.9999999999999999
  outer loop
    vertex 939.2956820461947 36.75280144836514 3.0000000345153044
    vertex 938.4372839297629 29.630756984327565 3.000000065511367
    vertex 938.6028875674582 30.144360194776805 3.000000065511367
  endloop
endfacet
facet normal 5.483212633497026e-09 3.3876729927076608e-09 0.9999999999999999
  outer loop
    vertex 939.2956820461947 36.75280144836514 3.0000000345153044
    vertex 938.6028875674582 30.144360194776805 3.000000065511367
    vertex 938.6412786807396 30.223560939405694 3.000000065511367
  endloop
endfacet
facet normal 5.483212633497026e-09 3.3876729927076608e-09 0.9999999999999999
  outer loop
    vertex 939.2956820461947 36.75280144836514 3.0000000345153044
    vertex 938.6412786807396 30.223560939405694 3.000000065511367
    vertex 938.931683954177 30.68195785102679 3.000000065511367
  endloop
endfacet
facet normal 5.483212633497026e-09 3.3876729927076608e-09 0.9999999999999999
  outer loop
    vertex 939.2956820461947 36.75280144836514 3.0000000345153044
    vertex 938.931683954177 30.68195785102679 3.000000065511367
    vertex 938.986890253005 30.751553187940846 3.000000065511367
  endloop
endfacet
facet normal 5.483212633497026e-09 3.3876729927076608e-09 0.9999999999999999
  outer loop
    vertex 939.2956820461947 36.75280144836514 3.0000000345153044
    vertex 938.986890253005 30.751553187940846 3.000000065511367
    vertex 939.3876928653099 30.71555770454241 3.000000065511367
  endloop
endfacet
facet normal 5.483212633497026e-09 3.3876729927076608e-09 0.9999999999999999
  outer loop
    vertex 939.2956820461947 36.75280144836514 3.0000000345153044
    vertex 939.3876928653099 30.71555770454241 3.000000065511367
    vertex 939.382886346755 31.1235624652846 3.000000065511367
  endloop
endfacet
facet normal 5.483212633497026e-09 3.3876729927076608e-09 0.9999999999999999
  outer loop
    vertex 938.7348760928489 28.704350123976024 3.000000065511367
    vertex 938.3892950381612 28.91555465278461 3.000000065511367
    vertex 938.4924902285909 28.38275588569477 3.000000065511367
  endloop
endfacet
facet normal 5.483212633497026e-09 3.3876729927076608e-09 0.9999999999999999
  outer loop
    vertex 938.7012762393332 29.253948817823666 3.000000065511367
    vertex 938.4180883731223 29.541958461378357 3.000000065511367
    vertex 938.3844885196066 29.001949916456475 3.000000065511367
  endloop
endfacet
facet normal 5.483212633497026e-09 3.3876729927076608e-09 0.9999999999999999
  outer loop
    vertex 937.1449867841908 34.28890361692108 3.0000000616494114
    vertex 937.1822133805496 35.486503519820005 3.0000000549456813
    vertex 937.1170142336232 34.86750119669012 3.000000058706265
  endloop
endfacet
facet normal 5.483212633497026e-09 3.3876729927076608e-09 0.9999999999999999
  outer loop
    vertex 937.1822133805496 35.486503519820005 3.0000000549456813
    vertex 937.1449867841908 34.28890361692108 3.0000000616494114
    vertex 937.2714035563099 33.76823139380272 3.0000000636466333
  endloop
endfacet
facet normal 5.483212633497026e-09 3.3876729927076608e-09 0.9999999999999999
  outer loop
    vertex 937.1822133805496 35.486503519820005 3.0000000549456813
    vertex 937.2714035563099 33.76823139380272 3.0000000636466333
    vertex 937.315900236566 36.05095431681515 3.0000000510389886
  endloop
endfacet
facet normal 5.483212633497026e-09 3.3876729927076608e-09 0.9999999999999999
  outer loop
    vertex 937.315900236566 36.05095431681515 3.0000000510389886
    vertex 937.2714035563099 33.76823139380272 3.0000000636466333
    vertex 937.4257389217174 33.576295399823806 3.00000006368985
  endloop
endfacet
facet normal 5.483212633497026e-09 3.3876729927076608e-09 0.9999999999999999
  outer loop
    vertex 937.315900236566 36.05095431681515 3.0000000510389886
    vertex 937.4257389217174 33.576295399823806 3.00000006368985
    vertex 938.2820873566222 36.468744861272626 3.0000000425686997
  endloop
endfacet
facet normal 5.483212633497026e-09 3.3876729927076608e-09 0.9999999999999999
  outer loop
    vertex 938.2820873566222 36.468744861272626 3.0000000425686997
    vertex 937.4257389217174 33.576295399823806 3.00000006368985
    vertex 937.6273736100107 33.42058633304649 3.0000000632332626
  endloop
endfacet
facet normal 5.483212633497026e-09 3.3876729927076608e-09 0.9999999999999999
  outer loop
    vertex 938.2820873566222 36.468744861272626 3.0000000425686997
    vertex 937.6273736100107 33.42058633304649 3.0000000632332626
    vertex 937.9615348656778 33.055564335611955 3.000000063053977
  endloop
endfacet
facet normal 5.483212633497026e-09 3.3876729927076608e-09 0.9999999999999999
  outer loop
    vertex 938.2820873566222 36.468744861272626 3.0000000425686997
    vertex 937.9615348656778 33.055564335611955 3.000000063053977
    vertex 938.1319935473479 32.721550068935684 3.0000000637603703
  endloop
endfacet
facet normal 5.483212633497026e-09 3.3876729927076608e-09 0.9999999999999999
  outer loop
    vertex 938.2820873566222 36.468744861272626 3.0000000425686997
    vertex 938.1319935473479 32.721550068935684 3.0000000637603703
    vertex 938.1749933933014 32.52089481994382 3.000000064566839
  endloop
endfacet
facet normal 5.483212633497026e-09 3.3876729927076608e-09 0.9999999999999999
  outer loop
    vertex 942.7980779971457 30.751553187940846 3.000000065511367
    vertex 942.3996862735129 31.1235624652846 3.000000065511367
    vertex 942.3924841250754 30.71555770454241 3.000000065511367
  endloop
endfacet
facet normal 5.483212633497026e-09 3.3876729927076608e-09 0.9999999999999999
  outer loop
    vertex 939.3790356432467 24.076565785879975 3.000000059227881
    vertex 939.1428808535909 27.319553981397885 3.000000065511367
    vertex 938.9959422574824 24.3908444416834 3.0000000631102357
  endloop
endfacet
facet normal 5.483212633497026e-09 3.3876729927076608e-09 0.9999999999999999
  outer loop
    vertex 939.1428808535909 27.319553981397885 3.000000065511367
    vertex 939.3790356432467 24.076565785879975 3.000000059227881
    vertex 939.2076849307394 27.259556422804145 3.000000065511367
  endloop
endfacet
facet normal 5.483212633497026e-09 3.3876729927076608e-09 0.9999999999999999
  outer loop
    vertex 939.2076849307394 27.259556422804145 3.000000065511367
    vertex 939.3790356432467 24.076565785879975 3.000000059227881
    vertex 939.6012853946065 27.338757167433037 3.000000065511367
  endloop
endfacet
facet normal 5.483212633497026e-09 3.3876729927076608e-09 0.9999999999999999
  outer loop
    vertex 939.6012853946065 27.338757167433037 3.000000065511367
    vertex 939.3790356432467 24.076565785879975 3.000000059227881
    vertex 939.7866871426559 23.79487114493161 3.000000055748045
  endloop
endfacet
facet normal 5.483212633497026e-09 3.3876729927076608e-09 0.9999999999999999
  outer loop
    vertex 939.6012853946065 27.338757167433037 3.000000065511367
    vertex 939.7866871426559 23.79487114493161 3.000000055748045
    vertex 939.6444830264426 26.94035781440569 3.000000065511367
  endloop
endfacet
facet normal 5.483212633497026e-09 3.3876729927076608e-09 0.9999999999999999
  outer loop
    vertex 939.6444830264426 26.94035781440569 3.000000065511367
    vertex 939.7866871426559 23.79487114493161 3.000000055748045
    vertex 939.7212957705833 26.897152553175236 3.000000065511367
  endloop
endfacet
facet normal 5.483212633497026e-09 3.3876729927076608e-09 0.9999999999999999
  outer loop
    vertex 939.7212957705833 26.897152553175236 3.000000065511367
    vertex 939.7866871426559 23.79487114493161 3.000000055748045
    vertex 940.0836920108176 27.07716048774555 3.000000065511367
  endloop
endfacet
facet normal 5.483212633497026e-09 3.3876729927076608e-09 0.9999999999999999
  outer loop
    vertex 940.0836920108176 27.07716048774555 3.000000065511367
    vertex 939.7866871426559 23.79487114493161 3.000000055748045
    vertex 940.2161326882508 23.547670540000396 3.0000000526943205
  endloop
endfacet
facet normal 5.483212633497026e-09 3.3876729927076608e-09 0.9999999999999999
  outer loop
    vertex 940.0836920108176 27.07716048774555 3.000000065511367
    vertex 940.2161326882508 23.547670540000396 3.0000000526943205
    vertex 940.2228826846457 26.695553432081486 3.000000065511367
  endloop
endfacet
facet normal 5.483212633497026e-09 3.3876729927076608e-09 0.9999999999999999
  outer loop
    vertex 940.2228826846457 26.695553432081486 3.000000065511367
    vertex 940.2161326882508 23.547670540000396 3.0000000526943205
    vertex 940.664460438765 23.336640106582244 3.000000050087415
  endloop
endfacet
facet normal 5.483212633497026e-09 3.3876729927076608e-09 0.9999999999999999
  outer loop
    vertex 940.2228826846457 26.695553432081486 3.000000065511367
    vertex 940.664460438765 23.336640106582244 3.000000050087415
    vertex 940.3092779483176 26.676357875440857 3.000000065511367
  endloop
endfacet
facet normal 5.483212633497026e-09 3.3876729927076608e-09 0.9999999999999999
  outer loop
    vertex 940.3092779483176 26.676357875440857 3.000000065511367
    vertex 940.664460438765 23.336640106582244 3.000000050087415
    vertex 940.6164984073021 26.937954555128368 3.000000065511367
  endloop
endfacet
facet normal 5.483212633497026e-09 3.3876729927076608e-09 0.9999999999999999
  outer loop
    vertex 940.6164984073021 26.937954555128368 3.000000065511367
    vertex 940.664460438765 23.336640106582244 3.000000050087415
    vertex 940.8492864932394 26.6091581684096 3.000000065511367
  endloop
endfacet
facet normal 5.483212633497026e-09 3.3876729927076608e-09 0.9999999999999999
  outer loop
    vertex 940.8492864932394 26.6091581684096 3.000000065511367
    vertex 940.664460438765 23.336640106582244 3.000000050087415
    vertex 941.1286305227683 23.163210729525787 3.000000047945003
  endloop
endfacet
facet normal 5.483212633497026e-09 3.3876729927076608e-09 0.9999999999999999
  outer loop
    vertex 940.8492864932394 26.6091581684096 3.000000065511367
    vertex 941.1286305227683 23.163210729525787 3.000000047945003
    vertex 940.9332861270286 26.6091581684096 3.000000065511367
  endloop
endfacet
facet normal 5.483212633497026e-09 3.3876729927076608e-09 0.9999999999999999
  outer loop
    vertex 940.9332861270286 26.6091581684096 3.000000065511367
    vertex 941.1286305227683 23.163210729525787 3.000000047945003
    vertex 941.1660894717551 26.937954555128368 3.000000065511367
  endloop
endfacet
facet normal 5.483212633497026e-09 3.3876729927076608e-09 0.9999999999999999
  outer loop
    vertex 941.1660894717551 26.937954555128368 3.000000065511367
    vertex 941.1286305227683 23.163210729525787 3.000000047945003
    vertex 941.605495650414 23.028558340965162 3.000000046281612
  endloop
endfacet
facet normal 5.483212633497026e-09 3.3876729927076608e-09 0.9999999999999999
  outer loop
    vertex 941.1660894717551 26.937954555128368 3.000000065511367
    vertex 941.605495650414 23.028558340965162 3.000000046281612
    vertex 941.4732794131613 26.676357875440857 3.000000065511367
  endloop
endfacet
facet normal 5.483212633497026e-09 3.3876729927076608e-09 0.9999999999999999
  outer loop
    vertex 941.4732794131613 26.676357875440857 3.000000065511367
    vertex 941.605495650414 23.028558340965162 3.000000046281612
    vertex 941.5572943057394 26.695553432081486 3.000000065511367
  endloop
endfacet
facet normal 5.483212633497026e-09 3.3876729927076608e-09 0.9999999999999999
  outer loop
    vertex 941.5572943057394 26.695553432081486 3.000000065511367
    vertex 941.605495650414 23.028558340965162 3.000000046281612
    vertex 941.7012762393332 27.07716048774555 3.000000065511367
  endloop
endfacet
facet normal 5.483212633497026e-09 3.3876729927076608e-09 0.9999999999999999
  outer loop
    vertex 941.7012762393332 27.07716048774555 3.000000065511367
    vertex 941.605495650414 23.028558340965162 3.000000046281612
    vertex 942.0918224535341 22.93359594695122 3.0000000451085205
  endloop
endfacet
facet normal 5.483212633497026e-09 3.3876729927076608e-09 0.9999999999999999
  outer loop
    vertex 941.7012762393332 27.07716048774555 3.000000065511367
    vertex 942.0918224535341 22.93359594695122 3.0000000451085205
    vertex 942.0612921084738 26.897152553175236 3.000000065511367
  endloop
endfacet
facet normal 5.483212633497026e-09 3.3876729927076608e-09 0.9999999999999999
  outer loop
    vertex 942.0612921084738 26.897152553175236 3.000000065511367
    vertex 942.0918224535341 22.93359594695122 3.0000000451085205
    vertex 942.1356787051534 26.94035781440569 3.000000065511367
  endloop
endfacet
facet normal 5.483212633497026e-09 3.3876729927076608e-09 0.9999999999999999
  outer loop
    vertex 942.1356787051534 26.94035781440569 3.000000065511367
    vertex 942.0918224535341 22.93359594695122 3.0000000451085205
    vertex 942.5843134093833 22.878967436844288 3.000000044433682
  endloop
endfacet
facet normal 5.483212633497026e-09 3.3876729927076608e-09 0.9999999999999999
  outer loop
    vertex 942.1356787051534 26.94035781440569 3.000000065511367
    vertex 942.5843134093833 22.878967436844288 3.000000044433682
    vertex 942.1812872256613 27.338757167433037 3.000000065511367
  endloop
endfacet
facet normal 5.483212633497026e-09 3.3876729927076608e-09 0.9999999999999999
  outer loop
    vertex 942.1812872256613 27.338757167433037 3.000000065511367
    vertex 942.5843134093833 22.878967436844288 3.000000044433682
    vertex 942.5748724307394 27.259556422804145 3.000000065511367
  endloop
endfacet
facet normal 5.483212633497026e-09 3.3876729927076608e-09 0.9999999999999999
  outer loop
    vertex 942.5748724307394 27.259556422804145 3.000000065511367
    vertex 942.5843134093833 22.878967436844288 3.000000044433682
    vertex 942.6420721377707 27.319553981397885 3.000000065511367
  endloop
endfacet
facet normal 5.483212633497026e-09 3.3876729927076608e-09 0.9999999999999999
  outer loop
    vertex 942.6420721377707 27.319553981397885 3.000000065511367
    vertex 942.5843134093833 22.878967436844288 3.000000044433682
    vertex 943.0796291993838 22.86504321744376 3.000000044261673
  endloop
endfacet
facet normal 5.483212633497026e-09 3.3876729927076608e-09 0.9999999999999999
  outer loop
    vertex 942.6420721377707 27.319553981397885 3.000000065511367
    vertex 943.0796291993838 22.86504321744376 3.000000044261673
    vertex 942.9876837100363 27.734753261183045 3.000000065511367
  endloop
endfacet
facet normal 5.483212633497026e-09 3.3876729927076608e-09 0.9999999999999999
  outer loop
    vertex 942.9876837100363 27.734753261183045 3.000000065511367
    vertex 943.0796291993838 22.86504321744376 3.000000044261673
    vertex 943.035687860427 27.809155116651795 3.000000065511367
  endloop
endfacet
facet normal 5.483212633497026e-09 3.3876729927076608e-09 0.9999999999999999
  outer loop
    vertex 943.347699579177 29.630756984327565 3.000000065511367
    vertex 943.1797003115987 30.144360194776805 3.000000065511367
    vertex 942.980496820388 29.793957362745555 3.000000065511367
  endloop
endfacet
facet normal 5.483212633497026e-09 3.3876729927076608e-09 0.9999999999999999
  outer loop
    vertex 943.3980841006613 29.001949916456475 3.000000065511367
    vertex 943.3620886172629 29.541958461378357 3.000000065511367
    vertex 943.0836920108177 29.253948817823666 3.000000065511367
  endloop
endfacet
facet normal 5.483212633497026e-09 3.3876729927076608e-09 0.9999999999999999
  outer loop
    vertex 943.035687860427 27.809155116651795 3.000000065511367
    vertex 943.2636846865988 28.298756251905704 3.000000065511367
    vertex 942.8772711123801 28.18115676460102 3.000000065511367
  endloop
endfacet
facet normal 5.483212633497026e-09 3.3876729927076608e-09 0.9999999999999999
  outer loop
    vertex 943.2636846865988 28.298756251905704 3.000000065511367
    vertex 943.035687860427 27.809155116651795 3.000000065511367
    vertex 943.0796291993838 22.86504321744376 3.000000044261673
  endloop
endfacet
facet normal 5.483212633497026e-09 3.3876729927076608e-09 0.9999999999999999
  outer loop
    vertex 943.2636846865988 28.298756251905704 3.000000065511367
    vertex 943.0796291993838 22.86504321744376 3.000000044261673
    vertex 943.5744113512635 22.891917701457057 3.00000004459366
  endloop
endfacet
facet normal 5.483212633497026e-09 3.3876729927076608e-09 0.9999999999999999
  outer loop
    vertex 943.2636846865988 28.298756251905704 3.000000065511367
    vertex 943.5744113512635 22.891917701457057 3.00000004459366
    vertex 943.287686761794 28.38275588569477 3.000000065511367
  endloop
endfacet
facet normal 5.483212633497026e-09 3.3876729927076608e-09 0.9999999999999999
  outer loop
    vertex 943.287686761794 28.38275588569477 3.000000065511367
    vertex 943.5744113512635 22.891917701457057 3.00000004459366
    vertex 943.3908819522237 28.91555465278461 3.000000065511367
  endloop
endfacet
facet normal 5.483212633497026e-09 3.3876729927076608e-09 0.9999999999999999
  outer loop
    vertex 943.3908819522237 28.91555465278461 3.000000065511367
    vertex 943.5744113512635 22.891917701457057 3.00000004459366
    vertex 943.3980841006613 29.001949916456475 3.000000065511367
  endloop
endfacet
facet normal 5.483212633497026e-09 3.3876729927076608e-09 0.9999999999999999
  outer loop
    vertex 945.0221618362738 23.214137267856174 3.0000000485741096
    vertex 944.5785458167114 27.053824901914187 3.0000000528842254
    vertex 944.5489816906261 23.0670584948311 3.000000046757213
  endloop
endfacet
facet normal 5.483212633497026e-09 3.3876729927076608e-09 0.9999999999999999
  outer loop
    vertex 944.5785458167114 27.053824901914187 3.0000000528842254
    vertex 945.0221618362738 23.214137267856174 3.0000000485741096
    vertex 946.5825180669439 25.96817242037966 3.0000000577699955
  endloop
endfacet
facet normal 5.483212633497026e-09 3.3876729927076608e-09 0.9999999999999999
  outer loop
    vertex 946.5825180669439 25.96817242037966 3.0000000577699955
    vertex 945.0221618362738 23.214137267856174 3.0000000485741096
    vertex 945.4816370657387 23.399647723674438 3.000000050865762
  endloop
endfacet
facet normal 5.483212633497026e-09 3.3876729927076608e-09 0.9999999999999999
  outer loop
    vertex 946.5825180669439 25.96817242037966 3.0000000577699955
    vertex 945.4816370657387 23.399647723674438 3.000000050865762
    vertex 945.9242919224797 23.62233201479824 3.0000000536166307
  endloop
endfacet
facet normal 5.483212633497026e-09 3.3876729927076608e-09 0.9999999999999999
  outer loop
    vertex 946.5825180669439 25.96817242037966 3.0000000577699955
    vertex 945.9242919224797 23.62233201479824 3.0000000536166307
    vertex 946.3471249999347 23.880680237783626 3.0000000568080636
  endloop
endfacet
facet normal 5.483212633497026e-09 3.3876729927076608e-09 0.9999999999999999
  outer loop
    vertex 946.5825180669439 25.96817242037966 3.0000000577699955
    vertex 946.3471249999347 23.880680237783626 3.0000000568080636
    vertex 946.5471971461964 24.02681045443207 3.0000000586132423
  endloop
endfacet
facet normal 5.483212633497026e-09 3.3876729927076608e-09 0.9999999999999999
  outer loop
    vertex 946.5825180669439 25.96817242037966 3.0000000577699955
    vertex 946.5471971461964 24.02681045443207 3.0000000586132423
    vertex 946.8652852521988 24.390782671562196 3.00000005955437
  endloop
endfacet
facet normal 5.483212633497026e-09 3.3876729927076608e-09 0.9999999999999999
  outer loop
    vertex 946.5825180669439 25.96817242037966 3.0000000577699955
    vertex 946.8652852521988 24.390782671562196 3.00000005955437
    vertex 946.6932095268181 25.898475376229232 3.0000000580392014
  endloop
endfacet
facet normal 5.483212633497026e-09 3.3876729927076608e-09 0.9999999999999999
  outer loop
    vertex 946.6932095268181 25.898475376229232 3.0000000580392014
    vertex 946.8652852521988 24.390782671562196 3.00000005955437
    vertex 946.7938567161264 25.814926465184698 3.0000000582826014
  endloop
endfacet
facet normal 5.483212633497026e-09 3.3876729927076608e-09 0.9999999999999999
  outer loop
    vertex 946.7938567161264 25.814926465184698 3.0000000582826014
    vertex 946.8652852521988 24.390782671562196 3.00000005955437
    vertex 946.8827375335549 25.71895523227816 3.000000058496031
  endloop
endfacet
facet normal 5.483212633497026e-09 3.3876729927076608e-09 0.9999999999999999
  outer loop
    vertex 946.8827375335549 25.71895523227816 3.000000058496031
    vertex 946.8652852521988 24.390782671562196 3.00000005955437
    vertex 946.98543927877 24.61257126330554 3.0000000586746647
  endloop
endfacet
facet normal 5.483212633497026e-09 3.3876729927076608e-09 0.9999999999999999
  outer loop
    vertex 946.8827375335549 25.71895523227816 3.000000058496031
    vertex 946.98543927877 24.61257126330554 3.0000000586746647
    vertex 946.9583312036752 25.612203771912903 3.0000000586758384
  endloop
endfacet
facet normal 5.483212633497026e-09 3.3876729927076608e-09 0.9999999999999999
  outer loop
    vertex 946.9583312036752 25.612203771912903 3.0000000586758384
    vertex 946.98543927877 24.61257126330554 3.0000000586746647
    vertex 947.019344297833 25.49649863117287 3.000000058818946
  endloop
endfacet
facet normal 5.483212633497026e-09 3.3876729927076608e-09 0.9999999999999999
  outer loop
    vertex 947.019344297833 25.49649863117287 3.000000058818946
    vertex 946.98543927877 24.61257126330554 3.0000000586746647
    vertex 947.040091920277 24.731413032177688 3.000000058818048
  endloop
endfacet
facet normal 5.483212633497026e-09 3.3876729927076608e-09 0.9999999999999999
  outer loop
    vertex 947.019344297833 25.49649863117287 3.000000058818946
    vertex 947.040091920277 24.731413032177688 3.000000058818048
    vertex 947.0647328650713 25.37381955709565 3.000000058922907
  endloop
endfacet
facet normal 5.483212633497026e-09 3.3876729927076608e-09 0.9999999999999999
  outer loop
    vertex 947.0647328650713 25.37381955709565 3.000000058922907
    vertex 947.040091920277 24.731413032177688 3.000000058818048
    vertex 947.0787650372923 24.856371694433264 3.0000000589222995
  endloop
endfacet
facet normal 5.483212633497026e-09 3.3876729927076608e-09 0.9999999999999999
  outer loop
    vertex 947.0647328650713 25.37381955709565 3.000000058922907
    vertex 947.0787650372923 24.856371694433264 3.0000000589222995
    vertex 947.0937202944203 25.246265622651773 3.000000058985941
  endloop
endfacet
facet normal 5.483212633497026e-09 3.3876729927076608e-09 0.9999999999999999
  outer loop
    vertex 947.0937202944203 25.246265622651773 3.000000058985941
    vertex 947.0787650372923 24.856371694433264 3.0000000589222995
    vertex 947.1007969220614 24.98530917271598 3.000000058985634
  endloop
endfacet
facet normal 5.483212633497026e-09 3.3876729927076608e-09 0.9999999999999999
  outer loop
    vertex 947.0937202944203 25.246265622651773 3.000000058985941
    vertex 947.1007969220614 24.98530917271598 3.000000058985634
    vertex 947.1058106029272 25.1160193110242 3.00000005900697
  endloop
endfacet
facet normal 5.483212633497026e-09 3.3876729927076608e-09 0.9999999999999999
  outer loop
    vertex 944.9351922454116 28.009060555999525 3.0000000454339695
    vertex 944.901370641435 30.032233308148747 3.0000000347310922
    vertex 944.7866829419373 27.520311418275572 3.000000049027397
  endloop
endfacet
facet normal 5.483212633497026e-09 3.3876729927076608e-09 0.9999999999999999
  outer loop
    vertex 944.901370641435 30.032233308148747 3.0000000347310922
    vertex 944.9351922454116 28.009060555999525 3.0000000454339695
    vertex 945.0047249297543 29.531984746001548 3.0000000367664272
  endloop
endfacet
facet normal 5.483212633497026e-09 3.3876729927076608e-09 0.9999999999999999
  outer loop
    vertex 945.0047249297543 29.531984746001548 3.0000000367664272
    vertex 944.9351922454116 28.009060555999525 3.0000000454339695
    vertex 945.0217680337956 28.51248420036879 3.0000000421597335
  endloop
endfacet
facet normal 5.483212633497026e-09 3.3876729927076608e-09 0.9999999999999999
  outer loop
    vertex 945.0047249297543 29.531984746001548 3.0000000367664272
    vertex 945.0217680337956 28.51248420036879 3.0000000421597335
    vertex 945.0450661676039 29.02276640641309 3.000000039255523
  endloop
endfacet
facet normal 5.483212633497026e-09 3.3876729927076608e-09 0.9999999999999999
  outer loop
    vertex 943.1436743106223 30.223560939405694 3.000000065511367
    vertex 942.8532842959738 30.68195785102679 3.000000065511367
    vertex 942.7476934756613 30.293156276319756 3.000000065511367
  endloop
endfacet
facet normal 5.483212633497026e-09 3.3876729927076608e-09 0.9999999999999999
  outer loop
    vertex 942.8532842959738 30.68195785102679 3.000000065511367
    vertex 943.1436743106223 30.223560939405694 3.000000065511367
    vertex 943.039615810759 32.69047835709612 3.000000032358838
  endloop
endfacet
facet normal 5.483212633497026e-09 3.3876729927076608e-09 0.9999999999999999
  outer loop
    vertex 943.039615810759 32.69047835709612 3.000000032358838
    vertex 943.1436743106223 30.223560939405694 3.000000065511367
    vertex 943.361316823981 32.77762958538187 3.000000029819018
  endloop
endfacet
facet normal 5.483212633497026e-09 3.3876729927076608e-09 0.9999999999999999
  outer loop
    vertex 943.361316823981 32.77762958538187 3.000000029819018
    vertex 943.1436743106223 30.223560939405694 3.000000065511367
    vertex 943.1797003115987 30.144360194776805 3.000000065511367
  endloop
endfacet
facet normal 5.483212633497026e-09 3.3876729927076608e-09 0.9999999999999999
  outer loop
    vertex 943.361316823981 32.77762958538187 3.000000029819018
    vertex 943.1797003115987 30.144360194776805 3.000000065511367
    vertex 943.347699579177 29.630756984327565 3.000000065511367
  endloop
endfacet
facet normal 5.483212633497026e-09 3.3876729927076608e-09 0.9999999999999999
  outer loop
    vertex 943.361316823981 32.77762958538187 3.000000029819018
    vertex 943.347699579177 29.630756984327565 3.000000065511367
    vertex 943.3620886172629 29.541958461378357 3.000000065511367
  endloop
endfacet
facet normal 5.483212633497026e-09 3.3876729927076608e-09 0.9999999999999999
  outer loop
    vertex 943.361316823981 32.77762958538187 3.000000029819018
    vertex 943.3620886172629 29.541958461378357 3.000000065511367
    vertex 943.6608965725108 33.01960424680478 3.00000002658581
  endloop
endfacet
facet normal 5.483212633497026e-09 3.3876729927076608e-09 0.9999999999999999
  outer loop
    vertex 943.6608965725108 33.01960424680478 3.00000002658581
    vertex 943.3620886172629 29.541958461378357 3.000000065511367
    vertex 943.3980841006613 29.001949916456475 3.000000065511367
  endloop
endfacet
facet normal 5.483212633497026e-09 3.3876729927076608e-09 0.9999999999999999
  outer loop
    vertex 943.6608965725108 33.01960424680478 3.00000002658581
    vertex 943.3980841006613 29.001949916456475 3.000000065511367
    vertex 943.5744113512635 22.891917701457057 3.00000004459366
  endloop
endfacet
facet normal 5.483212633497026e-09 3.3876729927076608e-09 0.9999999999999999
  outer loop
    vertex 943.6608965725108 33.01960424680478 3.00000002658581
    vertex 943.5744113512635 22.891917701457057 3.00000004459366
    vertex 944.0653050110659 22.95940866733744 3.0000000454273907
  endloop
endfacet
facet normal 5.483212633497026e-09 3.3876729927076608e-09 0.9999999999999999
  outer loop
    vertex 943.6608965725108 33.01960424680478 3.00000002658581
    vertex 944.0653050110659 22.95940866733744 3.0000000454273907
    vertex 943.9834714665375 33.54534691679071 3.0000000216729923
  endloop
endfacet
facet normal 5.483212633497026e-09 3.3876729927076608e-09 0.9999999999999999
  outer loop
    vertex 943.9834714665375 33.54534691679071 3.0000000216729923
    vertex 944.0653050110659 22.95940866733744 3.0000000454273907
    vertex 944.0692607859385 33.78523418443262 3.0000000198263006
  endloop
endfacet
facet normal 5.483212633497026e-09 3.3876729927076608e-09 0.9999999999999999
  outer loop
    vertex 944.0692607859385 33.78523418443262 3.0000000198263006
    vertex 944.0653050110659 22.95940866733744 3.0000000454273907
    vertex 944.5489816906261 23.0670584948311 3.000000046757213
  endloop
endfacet
facet normal 5.483212633497026e-09 3.3876729927076608e-09 0.9999999999999999
  outer loop
    vertex 944.0692607859385 33.78523418443262 3.0000000198263006
    vertex 944.5489816906261 23.0670584948311 3.000000046757213
    vertex 944.204097612441 33.991331090325865 3.0000000178464905
  endloop
endfacet
facet normal 5.483212633497026e-09 3.3876729927076608e-09 0.9999999999999999
  outer loop
    vertex 944.204097612441 33.991331090325865 3.0000000178464905
    vertex 944.5489816906261 23.0670584948311 3.000000046757213
    vertex 944.5785458167114 27.053824901914187 3.0000000528842254
  endloop
endfacet
facet normal 5.483212633497026e-09 3.3876729927076608e-09 0.9999999999999999
  outer loop
    vertex 944.204097612441 33.991331090325865 3.0000000178464905
    vertex 944.5785458167114 27.053824901914187 3.0000000528842254
    vertex 944.6602339588096 34.272454745007266 3.0000000133948874
  endloop
endfacet
facet normal 5.483212633497026e-09 3.3876729927076608e-09 0.9999999999999999
  outer loop
    vertex 944.6602339588096 34.272454745007266 3.0000000133948874
    vertex 944.5785458167114 27.053824901914187 3.0000000528842254
    vertex 944.7866829419373 27.520311418275572 3.000000049027397
  endloop
endfacet
facet normal 5.483212633497026e-09 3.3876729927076608e-09 0.9999999999999999
  outer loop
    vertex 944.6602339588096 34.272454745007266 3.0000000133948874
    vertex 944.7866829419373 27.520311418275572 3.000000049027397
    vertex 944.901370641435 30.032233308148747 3.0000000347310922
  endloop
endfacet
facet normal 5.483212633497026e-09 3.3876729927076608e-09 0.9999999999999999
  outer loop
    vertex 944.6602339588096 34.272454745007266 3.0000000133948874
    vertex 944.901370641435 30.032233308148747 3.0000000347310922
    vertex 945.4987173456832 34.55224426435523 3.000000006490963
  endloop
endfacet
facet normal 5.483212633497026e-09 3.3876729927076608e-09 0.9999999999999999
  outer loop
    vertex 945.4987173456832 34.55224426435523 3.000000006490963
    vertex 944.901370641435 30.032233308148747 3.0000000347310922
    vertex 944.9824716136151 30.43159751174195 3.0000000320537534
  endloop
endfacet
facet normal 5.483212633497026e-09 3.3876729927076608e-09 0.9999999999999999
  outer loop
    vertex 945.4987173456832 34.55224426435523 3.000000006490963
    vertex 944.9824716136151 30.43159751174195 3.0000000320537534
    vertex 945.2760786365222 30.713181074293725 3.00000002864517
  endloop
endfacet
facet normal 5.483212633497026e-09 3.3876729927076608e-09 0.9999999999999999
  outer loop
    vertex 945.4987173456832 34.55224426435523 3.000000006490963
    vertex 945.2760786365222 30.713181074293725 3.00000002864517
    vertex 945.9757400526647 30.950856975389467 3.000000022861561
  endloop
endfacet
facet normal 5.483212633497026e-09 3.3876729927076608e-09 0.9999999999999999
  outer loop
    vertex 945.4987173456832 34.55224426435523 3.000000006490963
    vertex 945.9757400526647 30.950856975389467 3.000000022861561
    vertex 946.38885072249 34.65440629641592 3.000000000213566
  endloop
endfacet
facet normal 5.483212633497026e-09 3.3876729927076608e-09 0.9999999999999999
  outer loop
    vertex 946.38885072249 34.65440629641592 3.000000000213566
    vertex 945.9757400526647 30.950856975389467 3.000000022861561
    vertex 946.2296351930657 30.971806822187116 3.00000002111525
  endloop
endfacet
facet normal 5.483212633497026e-09 3.3876729927076608e-09 0.9999999999999999
  outer loop
    vertex 946.38885072249 34.65440629641592 3.000000000213566
    vertex 946.2296351930657 30.971806822187116 3.00000002111525
    vertex 946.4635522649758 31.048878439978044 3.000000019194524
  endloop
endfacet
facet normal 5.483212633497026e-09 3.3876729927076608e-09 0.9999999999999999
  outer loop
    vertex 946.38885072249 34.65440629641592 3.000000000213566
    vertex 946.4635522649758 31.048878439978044 3.000000019194524
    vertex 947.0847670809468 33.86461295342527 3.0
  endloop
endfacet
facet normal 5.483212633497026e-09 3.3876729927076608e-09 0.9999999999999999
  outer loop
    vertex 947.0847670809468 33.86461295342527 3.0
    vertex 946.4635522649758 31.048878439978044 3.000000019194524
    vertex 946.8528977443189 31.416981621457392 3.000000014703079
  endloop
endfacet
facet normal 5.483212633497026e-09 3.3876729927076608e-09 0.9999999999999999
  outer loop
    vertex 947.0847670809468 33.86461295342527 3.0
    vertex 946.8528977443189 31.416981621457392 3.000000014703079
    vertex 947.3396563388015 32.15481624438949 3.000000007589312
  endloop
endfacet
facet normal 5.483212633497026e-09 3.3876729927076608e-09 0.9999999999999999
  outer loop
    vertex 947.0847670809468 33.86461295342527 3.0
    vertex 947.3396563388015 32.15481624438949 3.000000007589312
    vertex 947.6681387671209 32.98841003202533 3.0000000009768106
  endloop
endfacet
facet normal 5.483212633497026e-09 3.3876729927076608e-09 0.9999999999999999
  outer loop
    vertex 943.3908819522237 28.91555465278461 3.000000065511367
    vertex 943.0476965274192 28.704350123976024 3.000000065511367
    vertex 943.287686761794 28.38275588569477 3.000000065511367
  endloop
endfacet
facet normal 5.483212633497026e-09 3.3876729927076608e-09 0.9999999999999999
  outer loop
    vertex 939.382886346755 31.1235624652846 3.000000065511367
    vertex 939.9869647988788 36.18280188394328 3.000000033145168
    vertex 939.2956820461947 36.75280144836514 3.0000000345153044
  endloop
endfacet
facet normal 5.483212633497026e-09 3.3876729927076608e-09 0.9999999999999999
  outer loop
    vertex 939.9869647988788 36.18280188394328 3.000000033145168
    vertex 939.382886346755 31.1235624652846 3.000000065511367
    vertex 939.4548925723411 31.1715589862807 3.000000065511367
  endloop
endfacet
facet normal 5.483212633497026e-09 3.3876729927076608e-09 0.9999999999999999
  outer loop
    vertex 939.9869647988788 36.18280188394328 3.000000033145168
    vertex 939.4548925723411 31.1715589862807 3.000000065511367
    vertex 939.8340887393332 31.041958461378357 3.000000065511367
  endloop
endfacet
facet normal 5.483212633497026e-09 3.3876729927076608e-09 0.9999999999999999
  outer loop
    vertex 939.9869647988788 36.18280188394328 3.000000033145168
    vertex 939.8340887393332 31.041958461378357 3.000000065511367
    vertex 939.9276861514426 31.43315566596819 3.000000065511367
  endloop
endfacet
facet normal 5.483212633497026e-09 3.3876729927076608e-09 0.9999999999999999
  outer loop
    vertex 939.9869647988788 36.18280188394328 3.000000033145168
    vertex 939.9276861514426 31.43315566596819 3.000000065511367
    vertex 940.0092748965598 31.464352260206482 3.000000065511367
  endloop
endfacet
facet normal 5.483212633497026e-09 3.3876729927076608e-09 0.9999999999999999
  outer loop
    vertex 939.9869647988788 36.18280188394328 3.000000033145168
    vertex 940.0092748965598 31.464352260206482 3.000000065511367
    vertex 940.1955696699506 35.95887609229555 3.0000000330119567
  endloop
endfacet
facet normal 5.483212633497026e-09 3.3876729927076608e-09 0.9999999999999999
  outer loop
    vertex 940.1955696699506 35.95887609229555 3.0000000330119567
    vertex 940.0092748965598 31.464352260206482 3.000000065511367
    vertex 940.345273431716 31.241161952589305 3.000000065511367
  endloop
endfacet
facet normal 5.483212633497026e-09 3.3876729927076608e-09 0.9999999999999999
  outer loop
    vertex 940.1955696699506 35.95887609229555 3.0000000330119567
    vertex 940.345273431716 31.241161952589305 3.000000065511367
    vertex 940.668940131755 35.25134722087632 3.0000000337859225
  endloop
endfacet
facet normal 5.483212633497026e-09 3.3876729927076608e-09 0.9999999999999999
  outer loop
    vertex 940.668940131755 35.25134722087632 3.0000000337859225
    vertex 940.345273431716 31.241161952589305 3.000000065511367
    vertex 940.5324835147239 31.601154933546322 3.000000065511367
  endloop
endfacet
facet normal 5.483212633497026e-09 3.3876729927076608e-09 0.9999999999999999
  outer loop
    vertex 940.668940131755 35.25134722087632 3.0000000337859225
    vertex 940.5324835147239 31.601154933546322 3.000000065511367
    vertex 940.6212896670677 31.608357081983836 3.000000065511367
  endloop
endfacet
facet normal 5.483212633497026e-09 3.3876729927076608e-09 0.9999999999999999
  outer loop
    vertex 940.668940131755 35.25134722087632 3.0000000337859225
    vertex 940.6212896670677 31.608357081983836 3.000000065511367
    vertex 940.6951432670498 33.89697107729559 3.0000000409278567
  endloop
endfacet
facet normal 5.483212633497026e-09 3.3876729927076608e-09 0.9999999999999999
  outer loop
    vertex 940.6951432670498 33.89697107729559 3.0000000409278567
    vertex 940.6212896670677 31.608357081983836 3.000000065511367
    vertex 940.8924841250753 31.31315291938616 3.000000065511367
  endloop
endfacet
facet normal 5.483212633497026e-09 3.3876729927076608e-09 0.9999999999999999
  outer loop
    vertex 940.6951432670498 33.89697107729559 3.0000000409278567
    vertex 940.8924841250753 31.31315291938616 3.000000065511367
    vertex 940.8148732534802 33.53094949302877 3.0000000421333377
  endloop
endfacet
facet normal 5.483212633497026e-09 3.3876729927076608e-09 0.9999999999999999
  outer loop
    vertex 940.8148732534802 33.53094949302877 3.0000000421333377
    vertex 940.8924841250753 31.31315291938616 3.000000065511367
    vertex 941.0373750548066 33.28281270533541 3.0000000420414143
  endloop
endfacet
facet normal 5.483212633497026e-09 3.3876729927076608e-09 0.9999999999999999
  outer loop
    vertex 941.0373750548066 33.28281270533541 3.0000000420414143
    vertex 940.8924841250753 31.31315291938616 3.000000065511367
    vertex 941.1612829532004 31.608357081983836 3.000000065511367
  endloop
endfacet
facet normal 5.483212633497026e-09 3.3876729927076608e-09 0.9999999999999999
  outer loop
    vertex 941.0373750548066 33.28281270533541 3.0000000420414143
    vertex 941.1612829532004 31.608357081983836 3.000000065511367
    vertex 941.252187632633 33.20794346059813 3.0000000410637098
  endloop
endfacet
facet normal 5.483212633497026e-09 3.3876729927076608e-09 0.9999999999999999
  outer loop
    vertex 941.252187632633 33.20794346059813 3.0000000410637098
    vertex 941.1612829532004 31.608357081983836 3.000000065511367
    vertex 941.2476934756613 31.601154933546322 3.000000065511367
  endloop
endfacet
facet normal 5.483212633497026e-09 3.3876729927076608e-09 0.9999999999999999
  outer loop
    vertex 941.252187632633 33.20794346059813 3.0000000410637098
    vertex 941.2476934756613 31.601154933546322 3.000000065511367
    vertex 941.4372839297629 31.241161952589305 3.000000065511367
  endloop
endfacet
facet normal 5.483212633497026e-09 3.3876729927076608e-09 0.9999999999999999
  outer loop
    vertex 941.252187632633 33.20794346059813 3.0000000410637098
    vertex 941.4372839297629 31.241161952589305 3.000000065511367
    vertex 942.0586470746185 33.05474583192221 3.0000000367029127
  endloop
endfacet
facet normal 5.483212633497026e-09 3.3876729927076608e-09 0.9999999999999999
  outer loop
    vertex 942.0586470746185 33.05474583192221 3.0000000367029127
    vertex 941.4372839297629 31.241161952589305 3.000000065511367
    vertex 941.7732824649191 31.464352260206482 3.000000065511367
  endloop
endfacet
facet normal 5.483212633497026e-09 3.3876729927076608e-09 0.9999999999999999
  outer loop
    vertex 942.0586470746185 33.05474583192221 3.0000000367029127
    vertex 941.7732824649191 31.464352260206482 3.000000065511367
    vertex 941.8548864688255 31.43315566596819 3.000000065511367
  endloop
endfacet
facet normal 5.483212633497026e-09 3.3876729927076608e-09 0.9999999999999999
  outer loop
    vertex 942.0586470746185 33.05474583192221 3.0000000367029127
    vertex 941.8548864688255 31.43315566596819 3.000000065511367
    vertex 941.9484991397238 31.041958461378357 3.000000065511367
  endloop
endfacet
facet normal 5.483212633497026e-09 3.3876729927076608e-09 0.9999999999999999
  outer loop
    vertex 942.0586470746185 33.05474583192221 3.0000000367029127
    vertex 941.9484991397238 31.041958461378357 3.000000065511367
    vertex 942.3300909365987 31.1715589862807 3.000000065511367
  endloop
endfacet
facet normal 5.483212633497026e-09 3.3876729927076608e-09 0.9999999999999999
  outer loop
    vertex 942.0586470746185 33.05474583192221 3.0000000367029127
    vertex 942.3300909365987 31.1715589862807 3.000000065511367
    vertex 942.8186448627451 32.744530736636285 3.000000033488519
  endloop
endfacet
facet normal 5.483212633497026e-09 3.3876729927076608e-09 0.9999999999999999
  outer loop
    vertex 942.8186448627451 32.744530736636285 3.000000033488519
    vertex 942.3300909365987 31.1715589862807 3.000000065511367
    vertex 942.3996862735129 31.1235624652846 3.000000065511367
  endloop
endfacet
facet normal 5.483212633497026e-09 3.3876729927076608e-09 0.9999999999999999
  outer loop
    vertex 942.8186448627451 32.744530736636285 3.000000033488519
    vertex 942.3996862735129 31.1235624652846 3.000000065511367
    vertex 942.7980779971457 30.751553187940846 3.000000065511367
  endloop
endfacet
facet normal 5.483212633497026e-09 3.3876729927076608e-09 0.9999999999999999
  outer loop
    vertex 942.8186448627451 32.744530736636285 3.000000033488519
    vertex 942.7980779971457 30.751553187940846 3.000000065511367
    vertex 942.8532842959738 30.68195785102679 3.000000065511367
  endloop
endfacet
facet normal 5.483212633497026e-09 3.3876729927076608e-09 0.9999999999999999
  outer loop
    vertex 942.8186448627451 32.744530736636285 3.000000033488519
    vertex 942.8532842959738 30.68195785102679 3.000000065511367
    vertex 943.039615810759 32.69047835709612 3.000000032358838
  endloop
endfacet
facet normal 5.483212633497026e-09 3.3876729927076608e-09 0.9999999999999999
  outer loop
    vertex 942.9876837100363 27.734753261183045 3.000000065511367
    vertex 942.582089837966 27.715557704542416 3.000000065511367
    vertex 942.6420721377707 27.319553981397885 3.000000065511367
  endloop
endfacet
facet normal 5.483212633497026e-09 3.3876729927076608e-09 0.9999999999999999
  outer loop
    vertex 940.668940131755 35.25134722087632 3.0000000337859225
    vertex 940.7105231233198 34.51359834706319 3.0000000375005653
    vertex 940.7680490674932 35.007827523404565 3.000000034462827
  endloop
endfacet
facet normal 5.483212633497026e-09 3.3876729927076608e-09 0.9999999999999999
  outer loop
    vertex 940.7105231233198 34.51359834706319 3.0000000375005653
    vertex 940.668940131755 35.25134722087632 3.0000000337859225
    vertex 940.6951432670498 33.89697107729559 3.0000000409278567
  endloop
endfacet
facet normal 5.483212633497026e-09 3.3876729927076608e-09 0.9999999999999999
  outer loop
    vertex 940.7680490674932 35.007827523404565 3.000000034462827
    vertex 940.7105231233198 34.51359834706319 3.0000000375005653
    vertex 940.7690588824255 34.761550672129786 3.000000035785655
  endloop
endfacet
facet normal -5.483212633497026e-09 -3.3876729927076608e-09 -0.9999999999999999
  outer loop
    vertex 938.7348760763992 28.704350113813 6.551136709206928e-08
    vertex 938.4924902121414 28.382755875531746 6.551136709206928e-08
    vertex 938.3892950217116 28.915554642621586 6.551136709206928e-08
  endloop
endfacet
facet normal -5.483212633497026e-09 -3.3876729927076608e-09 -0.9999999999999999
  outer loop
    vertex 938.3136358902931 25.108423477764937 7.1974649264741e-08
    vertex 938.3892950217116 28.915554642621586 6.551136709206928e-08
    vertex 938.6400045208997 24.735576146185682 6.736878319351396e-08
  endloop
endfacet
facet normal -5.483212633497026e-09 -3.3876729927076608e-09 -0.9999999999999999
  outer loop
    vertex 938.3892950217116 28.915554642621586 6.551136709206928e-08
    vertex 938.3136358902931 25.108423477764937 7.1974649264741e-08
    vertex 938.384488503157 29.00194990629345 6.551136709206928e-08
  endloop
endfacet
facet normal -5.483212633497026e-09 -3.3876729927076608e-09 -0.9999999999999999
  outer loop
    vertex 938.6400045208997 24.735576146185682 6.736878319351396e-08
    vertex 938.3892950217116 28.915554642621586 6.551136709206928e-08
    vertex 938.4924902121414 28.382755875531746 6.551136709206928e-08
  endloop
endfacet
facet normal -5.483212633497026e-09 -3.3876729927076608e-09 -0.9999999999999999
  outer loop
    vertex 938.6400045208997 24.735576146185682 6.736878319351396e-08
    vertex 938.4924902121414 28.382755875531746 6.551136709206928e-08
    vertex 938.5212835471024 28.29875624174268 6.551136709206928e-08
  endloop
endfacet
facet normal -5.483212633497026e-09 -3.3876729927076608e-09 -0.9999999999999999
  outer loop
    vertex 938.6400045208997 24.735576146185682 6.736878319351396e-08
    vertex 938.5212835471024 28.29875624174268 6.551136709206928e-08
    vertex 938.7516912619461 27.80915510648877 6.551136709206928e-08
  endloop
endfacet
facet normal -5.483212633497026e-09 -3.3876729927076608e-09 -0.9999999999999999
  outer loop
    vertex 938.7516912619461 27.80915510648877 6.551136709206928e-08
    vertex 938.5212835471024 28.29875624174268 6.551136709206928e-08
    vertex 938.9052862326491 28.181156754437996 6.551136709206928e-08
  endloop
endfacet
facet normal -5.483212633497026e-09 -3.3876729927076608e-09 -0.9999999999999999
  outer loop
    vertex 938.7516912619461 27.80915510648877 6.551136709206928e-08
    vertex 938.9959422410328 24.39084443152038 6.311023559568756e-08
    vertex 938.6400045208997 24.735576146185682 6.736878319351396e-08
  endloop
endfacet
facet normal -5.483212633497026e-09 -3.3876729927076608e-09 -0.9999999999999999
  outer loop
    vertex 938.9959422410328 24.39084443152038 6.311023559568756e-08
    vertex 938.7516912619461 27.80915510648877 6.551136709206928e-08
    vertex 938.7972845236649 27.73475325102002 6.551136709206928e-08
  endloop
endfacet
facet normal -5.483212633497026e-09 -3.3876729927076608e-09 -0.9999999999999999
  outer loop
    vertex 938.9959422410328 24.39084443152038 6.311023559568756e-08
    vertex 938.7972845236649 27.73475325102002 6.551136709206928e-08
    vertex 939.1428808371413 27.31955397123486 6.551136709206928e-08
  endloop
endfacet
facet normal -5.483212633497026e-09 -3.3876729927076608e-09 -0.9999999999999999
  outer loop
    vertex 939.1428808371413 27.31955397123486 6.551136709206928e-08
    vertex 938.7972845236649 27.73475325102002 6.551136709206928e-08
    vertex 939.2004827658523 27.71555769437939 6.551136709206928e-08
  endloop
endfacet
facet normal -5.483212633497026e-09 -3.3876729927076608e-09 -0.9999999999999999
  outer loop
    vertex 940.6689401153053 35.2513472107133 3.378592261904511e-08
    vertex 940.7105231068701 34.513598336900166 3.7500565274184436e-08
    vertex 940.6951432506002 33.89697106713256 4.092785665821274e-08
  endloop
endfacet
facet normal -5.483212633497026e-09 -3.3876729927076608e-09 -0.9999999999999999
  outer loop
    vertex 940.7105231068701 34.513598336900166 3.7500565274184436e-08
    vertex 940.6689401153053 35.2513472107133 3.378592261904511e-08
    vertex 940.7680490510435 35.00782751324155 3.4462826527525965e-08
  endloop
endfacet
facet normal -5.483212633497026e-09 -3.3876729927076608e-09 -0.9999999999999999
  outer loop
    vertex 940.7105231068701 34.513598336900166 3.7500565274184436e-08
    vertex 940.7680490510435 35.00782751324155 3.4462826527525965e-08
    vertex 940.7690588659759 34.76155066196677 3.5785654827202856e-08
  endloop
endfacet
facet normal -5.483212633497026e-09 -3.3876729927076608e-09 -0.9999999999999999
  outer loop
    vertex 942.9876836935866 27.73475325102002 6.551136709206928e-08
    vertex 942.642072121321 27.31955397123486 6.551136709206928e-08
    vertex 942.5820898215163 27.71555769437939 6.551136709206928e-08
  endloop
endfacet
facet normal -5.483212633497026e-09 -3.3876729927076608e-09 -0.9999999999999999
  outer loop
    vertex 939.9869647824291 36.18280187378026 3.314516821339985e-08
    vertex 939.3828863303054 31.123562455121583 6.551136709206928e-08
    vertex 939.2956820297451 36.75280143820213 3.4515304905280425e-08
  endloop
endfacet
facet normal -5.483212633497026e-09 -3.3876729927076608e-09 -0.9999999999999999
  outer loop
    vertex 939.3828863303054 31.123562455121583 6.551136709206928e-08
    vertex 939.9869647824291 36.18280187378026 3.314516821339985e-08
    vertex 939.4548925558914 31.171558976117684 6.551136709206928e-08
  endloop
endfacet
facet normal -5.483212633497026e-09 -3.3876729927076608e-09 -0.9999999999999999
  outer loop
    vertex 939.4548925558914 31.171558976117684 6.551136709206928e-08
    vertex 939.9869647824291 36.18280187378026 3.314516821339985e-08
    vertex 939.8340887228836 31.041958451215336 6.551136709206928e-08
  endloop
endfacet
facet normal -5.483212633497026e-09 -3.3876729927076608e-09 -0.9999999999999999
  outer loop
    vertex 939.8340887228836 31.041958451215336 6.551136709206928e-08
    vertex 939.9869647824291 36.18280187378026 3.314516821339985e-08
    vertex 939.927686134993 31.433155655805173 6.551136709206928e-08
  endloop
endfacet
facet normal -5.483212633497026e-09 -3.3876729927076608e-09 -0.9999999999999999
  outer loop
    vertex 939.927686134993 31.433155655805173 6.551136709206928e-08
    vertex 939.9869647824291 36.18280187378026 3.314516821339985e-08
    vertex 940.0092748801102 31.464352250043458 6.551136709206928e-08
  endloop
endfacet
facet normal -5.483212633497026e-09 -3.3876729927076608e-09 -0.9999999999999999
  outer loop
    vertex 940.0092748801102 31.464352250043458 6.551136709206928e-08
    vertex 939.9869647824291 36.18280187378026 3.314516821339985e-08
    vertex 940.195569653501 35.958876082132534 3.301195652172239e-08
  endloop
endfacet
facet normal -5.483212633497026e-09 -3.3876729927076608e-09 -0.9999999999999999
  outer loop
    vertex 940.0092748801102 31.464352250043458 6.551136709206928e-08
    vertex 940.195569653501 35.958876082132534 3.301195652172239e-08
    vertex 940.3452734152663 31.241161942426288 6.551136709206928e-08
  endloop
endfacet
facet normal -5.483212633497026e-09 -3.3876729927076608e-09 -0.9999999999999999
  outer loop
    vertex 940.3452734152663 31.241161942426288 6.551136709206928e-08
    vertex 940.195569653501 35.958876082132534 3.301195652172239e-08
    vertex 940.6689401153053 35.2513472107133 3.378592261904511e-08
  endloop
endfacet
facet normal -5.483212633497026e-09 -3.3876729927076608e-09 -0.9999999999999999
  outer loop
    vertex 940.3452734152663 31.241161942426288 6.551136709206928e-08
    vertex 940.6689401153053 35.2513472107133 3.378592261904511e-08
    vertex 940.5324834982742 31.6011549233833 6.551136709206928e-08
  endloop
endfacet
facet normal -5.483212633497026e-09 -3.3876729927076608e-09 -0.9999999999999999
  outer loop
    vertex 940.5324834982742 31.6011549233833 6.551136709206928e-08
    vertex 940.6689401153053 35.2513472107133 3.378592261904511e-08
    vertex 940.621289650618 31.60835707182082 6.551136709206928e-08
  endloop
endfacet
facet normal -5.483212633497026e-09 -3.3876729927076608e-09 -0.9999999999999999
  outer loop
    vertex 940.621289650618 31.60835707182082 6.551136709206928e-08
    vertex 940.6689401153053 35.2513472107133 3.378592261904511e-08
    vertex 940.6951432506002 33.89697106713256 4.092785665821274e-08
  endloop
endfacet
facet normal -5.483212633497026e-09 -3.3876729927076608e-09 -0.9999999999999999
  outer loop
    vertex 940.621289650618 31.60835707182082 6.551136709206928e-08
    vertex 940.6951432506002 33.89697106713256 4.092785665821274e-08
    vertex 940.8924841086258 31.31315290922314 6.551136709206928e-08
  endloop
endfacet
facet normal -5.483212633497026e-09 -3.3876729927076608e-09 -0.9999999999999999
  outer loop
    vertex 940.8924841086258 31.31315290922314 6.551136709206928e-08
    vertex 940.6951432506002 33.89697106713256 4.092785665821274e-08
    vertex 940.8148732370305 33.53094948286575 4.213333776315053e-08
  endloop
endfacet
facet normal -5.483212633497026e-09 -3.3876729927076608e-09 -0.9999999999999999
  outer loop
    vertex 940.8924841086258 31.31315290922314 6.551136709206928e-08
    vertex 940.8148732370305 33.53094948286575 4.213333776315053e-08
    vertex 941.0373750383569 33.28281269517239 4.2041414328730647e-08
  endloop
endfacet
facet normal -5.483212633497026e-09 -3.3876729927076608e-09 -0.9999999999999999
  outer loop
    vertex 940.8924841086258 31.31315290922314 6.551136709206928e-08
    vertex 941.0373750383569 33.28281269517239 4.2041414328730647e-08
    vertex 941.1612829367508 31.60835707182082 6.551136709206928e-08
  endloop
endfacet
facet normal -5.483212633497026e-09 -3.3876729927076608e-09 -0.9999999999999999
  outer loop
    vertex 941.1612829367508 31.60835707182082 6.551136709206928e-08
    vertex 941.0373750383569 33.28281269517239 4.2041414328730647e-08
    vertex 941.2521876161833 33.20794345043512 4.10637103764877e-08
  endloop
endfacet
facet normal -5.483212633497026e-09 -3.3876729927076608e-09 -0.9999999999999999
  outer loop
    vertex 941.1612829367508 31.60835707182082 6.551136709206928e-08
    vertex 941.2521876161833 33.20794345043512 4.10637103764877e-08
    vertex 941.2476934592117 31.6011549233833 6.551136709206928e-08
  endloop
endfacet
facet normal -5.483212633497026e-09 -3.3876729927076608e-09 -0.9999999999999999
  outer loop
    vertex 941.2476934592117 31.6011549233833 6.551136709206928e-08
    vertex 941.2521876161833 33.20794345043512 4.10637103764877e-08
    vertex 941.4372839133133 31.241161942426288 6.551136709206928e-08
  endloop
endfacet
facet normal -5.483212633497026e-09 -3.3876729927076608e-09 -0.9999999999999999
  outer loop
    vertex 941.4372839133133 31.241161942426288 6.551136709206928e-08
    vertex 941.2521876161833 33.20794345043512 4.10637103764877e-08
    vertex 942.058647058169 33.05474582175919 3.670291293889071e-08
  endloop
endfacet
facet normal -5.483212633497026e-09 -3.3876729927076608e-09 -0.9999999999999999
  outer loop
    vertex 941.4372839133133 31.241161942426288 6.551136709206928e-08
    vertex 942.058647058169 33.05474582175919 3.670291293889071e-08
    vertex 941.7732824484694 31.464352250043458 6.551136709206928e-08
  endloop
endfacet
facet normal -5.483212633497026e-09 -3.3876729927076608e-09 -0.9999999999999999
  outer loop
    vertex 941.7732824484694 31.464352250043458 6.551136709206928e-08
    vertex 942.058647058169 33.05474582175919 3.670291293889071e-08
    vertex 941.8548864523758 31.433155655805173 6.551136709206928e-08
  endloop
endfacet
facet normal -5.483212633497026e-09 -3.3876729927076608e-09 -0.9999999999999999
  outer loop
    vertex 941.8548864523758 31.433155655805173 6.551136709206928e-08
    vertex 942.058647058169 33.05474582175919 3.670291293889071e-08
    vertex 941.9484991232742 31.041958451215336 6.551136709206928e-08
  endloop
endfacet
facet normal -5.483212633497026e-09 -3.3876729927076608e-09 -0.9999999999999999
  outer loop
    vertex 941.9484991232742 31.041958451215336 6.551136709206928e-08
    vertex 942.058647058169 33.05474582175919 3.670291293889071e-08
    vertex 942.3300909201491 31.171558976117684 6.551136709206928e-08
  endloop
endfacet
facet normal -5.483212633497026e-09 -3.3876729927076608e-09 -0.9999999999999999
  outer loop
    vertex 942.3300909201491 31.171558976117684 6.551136709206928e-08
    vertex 942.058647058169 33.05474582175919 3.670291293889071e-08
    vertex 942.8186448462955 32.744530726473265 3.348851950690789e-08
  endloop
endfacet
facet normal -5.483212633497026e-09 -3.3876729927076608e-09 -0.9999999999999999
  outer loop
    vertex 942.3300909201491 31.171558976117684 6.551136709206928e-08
    vertex 942.8186448462955 32.744530726473265 3.348851950690789e-08
    vertex 942.3996862570632 31.123562455121583 6.551136709206928e-08
  endloop
endfacet
facet normal -5.483212633497026e-09 -3.3876729927076608e-09 -0.9999999999999999
  outer loop
    vertex 942.3996862570632 31.123562455121583 6.551136709206928e-08
    vertex 942.8186448462955 32.744530726473265 3.348851950690789e-08
    vertex 942.798077980696 30.75155317777783 6.551136709206928e-08
  endloop
endfacet
facet normal -5.483212633497026e-09 -3.3876729927076608e-09 -0.9999999999999999
  outer loop
    vertex 942.798077980696 30.75155317777783 6.551136709206928e-08
    vertex 942.8186448462955 32.744530726473265 3.348851950690789e-08
    vertex 942.8532842795242 30.681957840863774 6.551136709206928e-08
  endloop
endfacet
facet normal -5.483212633497026e-09 -3.3876729927076608e-09 -0.9999999999999999
  outer loop
    vertex 942.8532842795242 30.681957840863774 6.551136709206928e-08
    vertex 942.8186448462955 32.744530726473265 3.348851950690789e-08
    vertex 943.0396157943093 32.690478346933105 3.235883776153691e-08
  endloop
endfacet
facet normal -5.483212633497026e-09 -3.3876729927076608e-09 -0.9999999999999999
  outer loop
    vertex 943.3908819357742 28.915554642621586 6.551136709206928e-08
    vertex 943.2876867453444 28.382755875531746 6.551136709206928e-08
    vertex 943.0476965109696 28.704350113813 6.551136709206928e-08
  endloop
endfacet
facet normal -5.483212633497026e-09 -3.3876729927076608e-09 -0.9999999999999999
  outer loop
    vertex 943.2636846701491 28.29875624174268 6.551136709206928e-08
    vertex 943.0356878439774 27.80915510648877 6.551136709206928e-08
    vertex 942.8772710959305 28.181156754437996 6.551136709206928e-08
  endloop
endfacet
facet normal -5.483212633497026e-09 -3.3876729927076608e-09 -0.9999999999999999
  outer loop
    vertex 943.0356878439774 27.80915510648877 6.551136709206928e-08
    vertex 943.2636846701491 28.29875624174268 6.551136709206928e-08
    vertex 943.0796291829341 22.865043207280742 4.426167347672235e-08
  endloop
endfacet
facet normal -5.483212633497026e-09 -3.3876729927076608e-09 -0.9999999999999999
  outer loop
    vertex 943.0796291829341 22.865043207280742 4.426167347672235e-08
    vertex 943.2636846701491 28.29875624174268 6.551136709206928e-08
    vertex 943.5744113348138 22.89191769129404 4.459365995916357e-08
  endloop
endfacet
facet normal -5.483212633497026e-09 -3.3876729927076608e-09 -0.9999999999999999
  outer loop
    vertex 943.5744113348138 22.89191769129404 4.459365995916357e-08
    vertex 943.2636846701491 28.29875624174268 6.551136709206928e-08
    vertex 943.2876867453444 28.382755875531746 6.551136709206928e-08
  endloop
endfacet
facet normal -5.483212633497026e-09 -3.3876729927076608e-09 -0.9999999999999999
  outer loop
    vertex 943.5744113348138 22.89191769129404 4.459365995916357e-08
    vertex 943.2876867453444 28.382755875531746 6.551136709206928e-08
    vertex 943.3908819357742 28.915554642621586 6.551136709206928e-08
  endloop
endfacet
facet normal -5.483212633497026e-09 -3.3876729927076608e-09 -0.9999999999999999
  outer loop
    vertex 943.5744113348138 22.89191769129404 4.459365995916357e-08
    vertex 943.3908819357742 28.915554642621586 6.551136709206928e-08
    vertex 943.3980840842116 29.00194990629345 6.551136709206928e-08
  endloop
endfacet
facet normal -5.483212633497026e-09 -3.3876729927076608e-09 -0.9999999999999999
  outer loop
    vertex 943.3980840842116 29.00194990629345 6.551136709206928e-08
    vertex 943.083691994368 29.25394880766065 6.551136709206928e-08
    vertex 943.3620886008132 29.541958451215336 6.551136709206928e-08
  endloop
endfacet
facet normal -5.483212633497026e-09 -3.3876729927076608e-09 -0.9999999999999999
  outer loop
    vertex 943.3476995627273 29.630756974164548 6.551136709206928e-08
    vertex 942.9804968039383 29.79395735258253 6.551136709206928e-08
    vertex 943.1797002951491 30.14436018461378 6.551136709206928e-08
  endloop
endfacet
facet normal -5.483212633497026e-09 -3.3876729927076608e-09 -0.9999999999999999
  outer loop
    vertex 939.1428808371413 27.31955397123486 6.551136709206928e-08
    vertex 939.379035626797 24.076565775716958 5.9227881411886365e-08
    vertex 938.9959422410328 24.39084443152038 6.311023559568756e-08
  endloop
endfacet
facet normal -5.483212633497026e-09 -3.3876729927076608e-09 -0.9999999999999999
  outer loop
    vertex 939.379035626797 24.076565775716958 5.9227881411886365e-08
    vertex 939.1428808371413 27.31955397123486 6.551136709206928e-08
    vertex 939.2076849142898 27.25955641264112 6.551136709206928e-08
  endloop
endfacet
facet normal -5.483212633497026e-09 -3.3876729927076608e-09 -0.9999999999999999
  outer loop
    vertex 939.379035626797 24.076565775716958 5.9227881411886365e-08
    vertex 939.2076849142898 27.25955641264112 6.551136709206928e-08
    vertex 939.601285378157 27.338757157270017 6.551136709206928e-08
  endloop
endfacet
facet normal -5.483212633497026e-09 -3.3876729927076608e-09 -0.9999999999999999
  outer loop
    vertex 939.379035626797 24.076565775716958 5.9227881411886365e-08
    vertex 939.601285378157 27.338757157270017 6.551136709206928e-08
    vertex 939.7866871262063 23.79487113476859 5.574804481577877e-08
  endloop
endfacet
facet normal -5.483212633497026e-09 -3.3876729927076608e-09 -0.9999999999999999
  outer loop
    vertex 939.7866871262063 23.79487113476859 5.574804481577877e-08
    vertex 939.601285378157 27.338757157270017 6.551136709206928e-08
    vertex 939.6444830099929 26.94035780424267 6.551136709206928e-08
  endloop
endfacet
facet normal -5.483212633497026e-09 -3.3876729927076608e-09 -0.9999999999999999
  outer loop
    vertex 939.7866871262063 23.79487113476859 5.574804481577877e-08
    vertex 939.6444830099929 26.94035780424267 6.551136709206928e-08
    vertex 939.7212957541336 26.89715254301221 6.551136709206928e-08
  endloop
endfacet
facet normal -5.483212633497026e-09 -3.3876729927076608e-09 -0.9999999999999999
  outer loop
    vertex 939.7866871262063 23.79487113476859 5.574804481577877e-08
    vertex 939.7212957541336 26.89715254301221 6.551136709206928e-08
    vertex 940.083691994368 27.077160477582527 6.551136709206928e-08
  endloop
endfacet
facet normal -5.483212633497026e-09 -3.3876729927076608e-09 -0.9999999999999999
  outer loop
    vertex 939.7866871262063 23.79487113476859 5.574804481577877e-08
    vertex 940.083691994368 27.077160477582527 6.551136709206928e-08
    vertex 940.2161326718013 23.54767052983738 5.269432072389146e-08
  endloop
endfacet
facet normal -5.483212633497026e-09 -3.3876729927076608e-09 -0.9999999999999999
  outer loop
    vertex 940.2161326718013 23.54767052983738 5.269432072389146e-08
    vertex 940.083691994368 27.077160477582527 6.551136709206928e-08
    vertex 940.222882668196 26.69555342191846 6.551136709206928e-08
  endloop
endfacet
facet normal -5.483212633497026e-09 -3.3876729927076608e-09 -0.9999999999999999
  outer loop
    vertex 940.2161326718013 23.54767052983738 5.269432072389146e-08
    vertex 940.222882668196 26.69555342191846 6.551136709206928e-08
    vertex 940.6644604223153 23.336640096419224 5.0087414811061076e-08
  endloop
endfacet
facet normal -5.483212633497026e-09 -3.3876729927076608e-09 -0.9999999999999999
  outer loop
    vertex 940.6644604223153 23.336640096419224 5.0087414811061076e-08
    vertex 940.222882668196 26.69555342191846 6.551136709206928e-08
    vertex 940.3092779318679 26.676357865277833 6.551136709206928e-08
  endloop
endfacet
facet normal -5.483212633497026e-09 -3.3876729927076608e-09 -0.9999999999999999
  outer loop
    vertex 940.6644604223153 23.336640096419224 5.0087414811061076e-08
    vertex 940.3092779318679 26.676357865277833 6.551136709206928e-08
    vertex 940.6164983908524 26.937954544965343 6.551136709206928e-08
  endloop
endfacet
facet normal -5.483212633497026e-09 -3.3876729927076608e-09 -0.9999999999999999
  outer loop
    vertex 940.6644604223153 23.336640096419224 5.0087414811061076e-08
    vertex 940.6164983908524 26.937954544965343 6.551136709206928e-08
    vertex 940.8492864767899 26.609158158246576 6.551136709206928e-08
  endloop
endfacet
facet normal -5.483212633497026e-09 -3.3876729927076608e-09 -0.9999999999999999
  outer loop
    vertex 940.6644604223153 23.336640096419224 5.0087414811061076e-08
    vertex 940.8492864767899 26.609158158246576 6.551136709206928e-08
    vertex 941.1286305063186 23.163210719362766 4.7945003116293224e-08
  endloop
endfacet
facet normal -5.483212633497026e-09 -3.3876729927076608e-09 -0.9999999999999999
  outer loop
    vertex 941.1286305063186 23.163210719362766 4.7945003116293224e-08
    vertex 940.8492864767899 26.609158158246576 6.551136709206928e-08
    vertex 940.9332861105789 26.609158158246576 6.551136709206928e-08
  endloop
endfacet
facet normal -5.483212633497026e-09 -3.3876729927076608e-09 -0.9999999999999999
  outer loop
    vertex 941.1286305063186 23.163210719362766 4.7945003116293224e-08
    vertex 940.9332861105789 26.609158158246576 6.551136709206928e-08
    vertex 941.1660894553054 26.937954544965343 6.551136709206928e-08
  endloop
endfacet
facet normal -5.483212633497026e-09 -3.3876729927076608e-09 -0.9999999999999999
  outer loop
    vertex 941.1286305063186 23.163210719362766 4.7945003116293224e-08
    vertex 941.1660894553054 26.937954544965343 6.551136709206928e-08
    vertex 941.6054956339644 23.02855833080214 4.628161219096693e-08
  endloop
endfacet
facet normal -5.483212633497026e-09 -3.3876729927076608e-09 -0.9999999999999999
  outer loop
    vertex 941.6054956339644 23.02855833080214 4.628161219096693e-08
    vertex 941.1660894553054 26.937954544965343 6.551136709206928e-08
    vertex 941.4732793967117 26.676357865277833 6.551136709206928e-08
  endloop
endfacet
facet normal -5.483212633497026e-09 -3.3876729927076608e-09 -0.9999999999999999
  outer loop
    vertex 941.6054956339644 23.02855833080214 4.628161219096693e-08
    vertex 941.4732793967117 26.676357865277833 6.551136709206928e-08
    vertex 941.5572942892899 26.69555342191846 6.551136709206928e-08
  endloop
endfacet
facet normal -5.483212633497026e-09 -3.3876729927076608e-09 -0.9999999999999999
  outer loop
    vertex 941.6054956339644 23.02855833080214 4.628161219096693e-08
    vertex 941.5572942892899 26.69555342191846 6.551136709206928e-08
    vertex 941.7012762228836 27.077160477582527 6.551136709206928e-08
  endloop
endfacet
facet normal -5.483212633497026e-09 -3.3876729927076608e-09 -0.9999999999999999
  outer loop
    vertex 941.6054956339644 23.02855833080214 4.628161219096693e-08
    vertex 941.7012762228836 27.077160477582527 6.551136709206928e-08
    vertex 942.0918224370844 22.9335959367882 4.510852060203507e-08
  endloop
endfacet
facet normal -5.483212633497026e-09 -3.3876729927076608e-09 -0.9999999999999999
  outer loop
    vertex 942.0918224370844 22.9335959367882 4.510852060203507e-08
    vertex 941.7012762228836 27.077160477582527 6.551136709206928e-08
    vertex 942.0612920920241 26.89715254301221 6.551136709206928e-08
  endloop
endfacet
facet normal -5.483212633497026e-09 -3.3876729927076608e-09 -0.9999999999999999
  outer loop
    vertex 942.0918224370844 22.9335959367882 4.510852060203507e-08
    vertex 942.0612920920241 26.89715254301221 6.551136709206928e-08
    vertex 942.1356786887039 26.94035780424267 6.551136709206928e-08
  endloop
endfacet
facet normal -5.483212633497026e-09 -3.3876729927076608e-09 -0.9999999999999999
  outer loop
    vertex 942.0918224370844 22.9335959367882 4.510852060203507e-08
    vertex 942.1356786887039 26.94035780424267 6.551136709206928e-08
    vertex 942.5843133929336 22.87896742668127 4.4433682458075594e-08
  endloop
endfacet
facet normal -5.483212633497026e-09 -3.3876729927076608e-09 -0.9999999999999999
  outer loop
    vertex 942.5843133929336 22.87896742668127 4.4433682458075594e-08
    vertex 942.1356786887039 26.94035780424267 6.551136709206928e-08
    vertex 942.1812872092117 27.338757157270017 6.551136709206928e-08
  endloop
endfacet
facet normal -5.483212633497026e-09 -3.3876729927076608e-09 -0.9999999999999999
  outer loop
    vertex 942.5843133929336 22.87896742668127 4.4433682458075594e-08
    vertex 942.1812872092117 27.338757157270017 6.551136709206928e-08
    vertex 942.5748724142898 27.25955641264112 6.551136709206928e-08
  endloop
endfacet
facet normal -5.483212633497026e-09 -3.3876729927076608e-09 -0.9999999999999999
  outer loop
    vertex 942.5843133929336 22.87896742668127 4.4433682458075594e-08
    vertex 942.5748724142898 27.25955641264112 6.551136709206928e-08
    vertex 942.642072121321 27.31955397123486 6.551136709206928e-08
  endloop
endfacet
facet normal -5.483212633497026e-09 -3.3876729927076608e-09 -0.9999999999999999
  outer loop
    vertex 942.5843133929336 22.87896742668127 4.4433682458075594e-08
    vertex 942.642072121321 27.31955397123486 6.551136709206928e-08
    vertex 943.0796291829341 22.865043207280742 4.426167347672235e-08
  endloop
endfacet
facet normal -5.483212633497026e-09 -3.3876729927076608e-09 -0.9999999999999999
  outer loop
    vertex 943.0796291829341 22.865043207280742 4.426167347672235e-08
    vertex 942.642072121321 27.31955397123486 6.551136709206928e-08
    vertex 942.9876836935866 27.73475325102002 6.551136709206928e-08
  endloop
endfacet
facet normal -5.483212633497026e-09 -3.3876729927076608e-09 -0.9999999999999999
  outer loop
    vertex 943.0796291829341 22.865043207280742 4.426167347672235e-08
    vertex 942.9876836935866 27.73475325102002 6.551136709206928e-08
    vertex 943.0356878439774 27.80915510648877 6.551136709206928e-08
  endloop
endfacet
facet normal -5.483212633497026e-09 -3.3876729927076608e-09 -0.9999999999999999
  outer loop
    vertex 942.798077980696 30.75155317777783 6.551136709206928e-08
    vertex 942.3924841086257 30.715557694379385 6.551136709206928e-08
    vertex 942.3996862570632 31.123562455121583 6.551136709206928e-08
  endloop
endfacet
facet normal -5.483212633497026e-09 -3.3876729927076608e-09 -0.9999999999999999
  outer loop
    vertex 933.1282998390997 29.95338774437433 1.1088927536540003e-07
    vertex 933.1840159006186 27.853622601152647 1.2186473380970674e-07
    vertex 933.0852276479127 28.90161841241704 1.1684346137685874e-07
  endloop
endfacet
facet normal -5.483212633497026e-09 -3.3876729927076608e-09 -0.9999999999999999
  outer loop
    vertex 933.1840159006186 27.853622601152647 1.2186473380970674e-07
    vertex 933.1282998390997 29.95338774437433 1.1088927536540003e-07
    vertex 933.6071098824987 30.280807494603707 1.0604192796082046e-07
  endloop
endfacet
facet normal -5.483212633497026e-09 -3.3876729927076608e-09 -0.9999999999999999
  outer loop
    vertex 933.1840159006186 27.853622601152647 1.2186473380970674e-07
    vertex 933.6071098824987 30.280807494603707 1.0604192796082046e-07
    vertex 933.964196154862 27.413062625793028 1.192240727809768e-07
  endloop
endfacet
facet normal -5.483212633497026e-09 -3.3876729927076608e-09 -0.9999999999999999
  outer loop
    vertex 933.964196154862 27.413062625793028 1.192240727809768e-07
    vertex 933.6071098824987 30.280807494603707 1.0604192796082046e-07
    vertex 934.1614381463596 30.563890062037405 1.0094811231320387e-07
  endloop
endfacet
facet normal -5.483212633497026e-09 -3.3876729927076608e-09 -0.9999999999999999
  outer loop
    vertex 933.964196154862 27.413062625793028 1.192240727809768e-07
    vertex 934.1614381463596 30.563890062037405 1.0094811231320387e-07
    vertex 934.8070046757259 27.146571868619855 1.1524097291215616e-07
  endloop
endfacet
facet normal -5.483212633497026e-09 -3.3876729927076608e-09 -0.9999999999999999
  outer loop
    vertex 934.8070046757259 27.146571868619855 1.1524097291215616e-07
    vertex 934.1614381463596 30.563890062037405 1.0094811231320387e-07
    vertex 934.9806247534661 30.79545783535072 9.442860388453322e-08
  endloop
endfacet
facet normal -5.483212633497026e-09 -3.3876729927076608e-09 -0.9999999999999999
  outer loop
    vertex 934.8070046757259 27.146571868619855 1.1524097291215616e-07
    vertex 934.9806247534661 30.79545783535072 9.442860388453322e-08
    vertex 935.341257165077 27.105891876949148 1.1202386603792467e-07
  endloop
endfacet
facet normal -5.483212633497026e-09 -3.3876729927076608e-09 -0.9999999999999999
  outer loop
    vertex 935.341257165077 27.105891876949148 1.1202386603792467e-07
    vertex 934.9806247534661 30.79545783535072 9.442860388453322e-08
    vertex 935.2428485374339 30.814461867067354 9.263922009672409e-08
  endloop
endfacet
facet normal -5.483212633497026e-09 -3.3876729927076608e-09 -0.9999999999999999
  outer loop
    vertex 935.341257165077 27.105891876949148 1.1202386603792467e-07
    vertex 935.2428485374339 30.814461867067354 9.263922009672409e-08
    vertex 935.4773938985311 30.73932194832859 9.153604229983346e-08
  endloop
endfacet
facet normal -5.483212633497026e-09 -3.3876729927076608e-09 -0.9999999999999999
  outer loop
    vertex 935.341257165077 27.105891876949148 1.1202386603792467e-07
    vertex 935.4773938985311 30.73932194832859 9.153604229983346e-08
    vertex 935.5714856417982 27.193372143332986 1.1007068534296669e-07
  endloop
endfacet
facet normal -5.483212633497026e-09 -3.3876729927076608e-09 -0.9999999999999999
  outer loop
    vertex 935.5714856417982 27.193372143332986 1.1007068534296669e-07
    vertex 935.4773938985311 30.73932194832859 9.153604229983346e-08
    vertex 935.9211050476672 30.501428174908106 8.996585739717842e-08
  endloop
endfacet
facet normal -5.483212633497026e-09 -3.3876729927076608e-09 -0.9999999999999999
  outer loop
    vertex 935.5714856417982 27.193372143332986 1.1007068534296669e-07
    vertex 935.9211050476672 30.501428174908106 8.996585739717842e-08
    vertex 935.7818959265643 27.337017070025826 1.0794182997153622e-07
  endloop
endfacet
facet normal -5.483212633497026e-09 -3.3876729927076608e-09 -0.9999999999999999
  outer loop
    vertex 935.7818959265643 27.337017070025826 1.0794182997153622e-07
    vertex 935.9211050476672 30.501428174908106 8.996585739717842e-08
    vertex 936.3518801542255 27.572751686104493 1.0300287384079619e-07
  endloop
endfacet
facet normal -5.483212633497026e-09 -3.3876729927076608e-09 -0.9999999999999999
  outer loop
    vertex 936.3518801542255 27.572751686104493 1.0300287384079619e-07
    vertex 935.9211050476672 30.501428174908106 8.996585739717842e-08
    vertex 936.5287191200146 30.387018965553835 8.667480451585162e-08
  endloop
endfacet
facet normal -5.483212633497026e-09 -3.3876729927076608e-09 -0.9999999999999999
  outer loop
    vertex 936.3518801542255 27.572751686104493 1.0300287384079619e-07
    vertex 936.5287191200146 30.387018965553835 8.667480451585162e-08
    vertex 936.8804286887254 27.55932623348802 9.967534744248495e-08
  endloop
endfacet
facet normal -5.483212633497026e-09 -3.3876729927076608e-09 -0.9999999999999999
  outer loop
    vertex 936.8804286887254 27.55932623348802 9.967534744248495e-08
    vertex 936.5287191200146 30.387018965553835 8.667480451585162e-08
    vertex 936.8809302940922 30.479564105647118 8.390960763382526e-08
  endloop
endfacet
facet normal -5.483212633497026e-09 -3.3876729927076608e-09 -0.9999999999999999
  outer loop
    vertex 936.8804286887254 27.55932623348802 9.967534744248495e-08
    vertex 936.8809302940922 30.479564105647118 8.390960763382526e-08
    vertex 937.1949658335573 27.300231195671735 9.905053783232363e-08
  endloop
endfacet
facet normal -5.483212633497026e-09 -3.3876729927076608e-09 -0.9999999999999999
  outer loop
    vertex 937.1949658335573 27.300231195671735 9.905053783232363e-08
    vertex 936.8809302940922 30.479564105647118 8.390960763382526e-08
    vertex 937.104249955882 30.71870818932503 8.118223601971673e-08
  endloop
endfacet
facet normal -5.483212633497026e-09 -3.3876729927076608e-09 -0.9999999999999999
  outer loop
    vertex 937.1949658335573 27.300231195671735 9.905053783232363e-08
    vertex 937.104249955882 30.71870818932503 8.118223601971673e-08
    vertex 937.4991551062308 31.43835670765044 7.475749764063177e-08
  endloop
endfacet
facet normal -5.483212633497026e-09 -3.3876729927076608e-09 -0.9999999999999999
  outer loop
    vertex 937.1949658335573 27.300231195671735 9.905053783232363e-08
    vertex 937.4991551062308 31.43835670765044 7.475749764063177e-08
    vertex 937.3447987341218 26.827915922132814 9.321592213559628e-08
  endloop
endfacet
facet normal -5.483212633497026e-09 -3.3876729927076608e-09 -0.9999999999999999
  outer loop
    vertex 937.3447987341218 26.827915922132814 9.321592213559628e-08
    vertex 937.4991551062308 31.43835670765044 7.475749764063177e-08
    vertex 937.5329828240558 26.3695292251123 8.755336924466906e-08
  endloop
endfacet
facet normal -5.483212633497026e-09 -3.3876729927076608e-09 -0.9999999999999999
  outer loop
    vertex 937.5329828240558 26.3695292251123 8.755336924466906e-08
    vertex 937.4991551062308 31.43835670765044 7.475749764063177e-08
    vertex 938.029044127156 32.0653072320164 6.796480277349025e-08
  endloop
endfacet
facet normal -5.483212633497026e-09 -3.3876729927076608e-09 -0.9999999999999999
  outer loop
    vertex 937.5329828240558 26.3695292251123 8.755336924466906e-08
    vertex 938.029044127156 32.0653072320164 6.796480277349025e-08
    vertex 937.7582421273846 25.92817918039318 8.21012739114503e-08
  endloop
endfacet
facet normal -5.483212633497026e-09 -3.3876729927076608e-09 -0.9999999999999999
  outer loop
    vertex 937.7582421273846 25.92817918039318 8.21012739114503e-08
    vertex 938.029044127156 32.0653072320164 6.796480277349025e-08
    vertex 938.0190492808794 25.506858347303055 7.689660388736456e-08
  endloop
endfacet
facet normal -5.483212633497026e-09 -3.3876729927076608e-09 -0.9999999999999999
  outer loop
    vertex 938.0190492808794 25.506858347303055 7.689660388736456e-08
    vertex 938.029044127156 32.0653072320164 6.796480277349025e-08
    vertex 938.3136358902931 25.108423477764937 7.1974649264741e-08
  endloop
endfacet
facet normal -5.483212633497026e-09 -3.3876729927076608e-09 -0.9999999999999999
  outer loop
    vertex 938.3136358902931 25.108423477764937 7.1974649264741e-08
    vertex 938.029044127156 32.0653072320164 6.796480277349025e-08
    vertex 938.1487338480392 32.258752193736505 6.615072080273786e-08
  endloop
endfacet
facet normal -5.483212633497026e-09 -3.3876729927076608e-09 -0.9999999999999999
  outer loop
    vertex 938.3136358902931 25.108423477764937 7.1974649264741e-08
    vertex 938.1487338480392 32.258752193736505 6.615072080273786e-08
    vertex 938.1749933768518 32.520894809780806 6.456683889988212e-08
  endloop
endfacet
facet normal -5.483212633497026e-09 -3.3876729927076608e-09 -0.9999999999999999
  outer loop
    vertex 938.3136358902931 25.108423477764937 7.1974649264741e-08
    vertex 938.1749933768518 32.520894809780806 6.456683889988212e-08
    vertex 938.2820873401727 36.468744851109605 4.2568699557543604e-08
  endloop
endfacet
facet normal -5.483212633497026e-09 -3.3876729927076608e-09 -0.9999999999999999
  outer loop
    vertex 938.3136358902931 25.108423477764937 7.1974649264741e-08
    vertex 938.2820873401727 36.468744851109605 4.2568699557543604e-08
    vertex 938.384488503157 29.00194990629345 6.551136709206928e-08
  endloop
endfacet
facet normal -5.483212633497026e-09 -3.3876729927076608e-09 -0.9999999999999999
  outer loop
    vertex 938.384488503157 29.00194990629345 6.551136709206928e-08
    vertex 938.2820873401727 36.468744851109605 4.2568699557543604e-08
    vertex 938.4180883566727 29.541958451215336 6.551136709206928e-08
  endloop
endfacet
facet normal -5.483212633497026e-09 -3.3876729927076608e-09 -0.9999999999999999
  outer loop
    vertex 938.4180883566727 29.541958451215336 6.551136709206928e-08
    vertex 938.2820873401727 36.468744851109605 4.2568699557543604e-08
    vertex 939.2956820297451 36.75280143820213 3.4515304905280425e-08
  endloop
endfacet
facet normal -5.483212633497026e-09 -3.3876729927076608e-09 -0.9999999999999999
  outer loop
    vertex 938.4180883566727 29.541958451215336 6.551136709206928e-08
    vertex 939.2956820297451 36.75280143820213 3.4515304905280425e-08
    vertex 938.4372839133132 29.630756974164548 6.551136709206928e-08
  endloop
endfacet
facet normal -5.483212633497026e-09 -3.3876729927076608e-09 -0.9999999999999999
  outer loop
    vertex 938.4372839133132 29.630756974164548 6.551136709206928e-08
    vertex 939.2956820297451 36.75280143820213 3.4515304905280425e-08
    vertex 938.6028875510085 30.14436018461378 6.551136709206928e-08
  endloop
endfacet
facet normal -5.483212633497026e-09 -3.3876729927076608e-09 -0.9999999999999999
  outer loop
    vertex 938.6028875510085 30.14436018461378 6.551136709206928e-08
    vertex 939.2956820297451 36.75280143820213 3.4515304905280425e-08
    vertex 938.6412786642899 30.223560929242677 6.551136709206928e-08
  endloop
endfacet
facet normal -5.483212633497026e-09 -3.3876729927076608e-09 -0.9999999999999999
  outer loop
    vertex 938.6412786642899 30.223560929242677 6.551136709206928e-08
    vertex 939.2956820297451 36.75280143820213 3.4515304905280425e-08
    vertex 938.9316839377273 30.681957840863774 6.551136709206928e-08
  endloop
endfacet
facet normal -5.483212633497026e-09 -3.3876729927076608e-09 -0.9999999999999999
  outer loop
    vertex 938.9316839377273 30.681957840863774 6.551136709206928e-08
    vertex 939.2956820297451 36.75280143820213 3.4515304905280425e-08
    vertex 938.9868902365555 30.75155317777783 6.551136709206928e-08
  endloop
endfacet
facet normal -5.483212633497026e-09 -3.3876729927076608e-09 -0.9999999999999999
  outer loop
    vertex 938.9868902365555 30.75155317777783 6.551136709206928e-08
    vertex 939.2956820297451 36.75280143820213 3.4515304905280425e-08
    vertex 939.3876928488602 30.715557694379385 6.551136709206928e-08
  endloop
endfacet
facet normal -5.483212633497026e-09 -3.3876729927076608e-09 -0.9999999999999999
  outer loop
    vertex 939.3876928488602 30.715557694379385 6.551136709206928e-08
    vertex 939.2956820297451 36.75280143820213 3.4515304905280425e-08
    vertex 939.3828863303054 31.123562455121583 6.551136709206928e-08
  endloop
endfacet
facet normal -5.483212633497026e-09 -3.3876729927076608e-09 -0.9999999999999999
  outer loop
    vertex 939.0372747580399 30.293156266156732 6.551136709206928e-08
    vertex 938.6412786642899 30.223560929242677 6.551136709206928e-08
    vertex 938.9316839377273 30.681957840863774 6.551136709206928e-08
  endloop
endfacet
facet normal -5.483212633497026e-09 -3.3876729927076608e-09 -0.9999999999999999
  outer loop
    vertex 938.8044866721024 29.79395735258253 6.551136709206928e-08
    vertex 938.4372839133132 29.630756974164548 6.551136709206928e-08
    vertex 938.6028875510085 30.14436018461378 6.551136709206928e-08
  endloop
endfacet
facet normal -5.483212633497026e-09 -3.3876729927076608e-09 -0.9999999999999999
  outer loop
    vertex 938.7012762228835 29.25394880766065 6.551136709206928e-08
    vertex 938.384488503157 29.00194990629345 6.551136709206928e-08
    vertex 938.4180883566727 29.541958451215336 6.551136709206928e-08
  endloop
endfacet
facet normal -5.483212633497026e-09 -3.3876729927076608e-09 -0.9999999999999999
  outer loop
    vertex 937.1822133641 35.48650350965698 5.494568155517409e-08
    vertex 937.1449867677411 34.28890360675806 6.164941155573089e-08
    vertex 937.1170142171735 34.86750118652711 5.870626505977138e-08
  endloop
endfacet
facet normal -5.483212633497026e-09 -3.3876729927076608e-09 -0.9999999999999999
  outer loop
    vertex 937.1449867677411 34.28890360675806 6.164941155573089e-08
    vertex 937.1822133641 35.48650350965698 5.494568155517409e-08
    vertex 937.2714035398602 33.7682313836397 6.364663350022503e-08
  endloop
endfacet
facet normal -5.483212633497026e-09 -3.3876729927076608e-09 -0.9999999999999999
  outer loop
    vertex 937.2714035398602 33.7682313836397 6.364663350022503e-08
    vertex 937.1822133641 35.48650350965698 5.494568155517409e-08
    vertex 937.3159002201163 36.05095430665214 5.103898903069392e-08
  endloop
endfacet
facet normal -5.483212633497026e-09 -3.3876729927076608e-09 -0.9999999999999999
  outer loop
    vertex 937.2714035398602 33.7682313836397 6.364663350022503e-08
    vertex 937.3159002201163 36.05095430665214 5.103898903069392e-08
    vertex 937.4257389052677 33.576295389660785 6.36898499800642e-08
  endloop
endfacet
facet normal -5.483212633497026e-09 -3.3876729927076608e-09 -0.9999999999999999
  outer loop
    vertex 937.4257389052677 33.576295389660785 6.36898499800642e-08
    vertex 937.3159002201163 36.05095430665214 5.103898903069392e-08
    vertex 938.2820873401727 36.468744851109605 4.2568699557543604e-08
  endloop
endfacet
facet normal -5.483212633497026e-09 -3.3876729927076608e-09 -0.9999999999999999
  outer loop
    vertex 937.4257389052677 33.576295389660785 6.36898499800642e-08
    vertex 938.2820873401727 36.468744851109605 4.2568699557543604e-08
    vertex 937.6273735935611 33.420586322883466 6.323326300294861e-08
  endloop
endfacet
facet normal -5.483212633497026e-09 -3.3876729927076608e-09 -0.9999999999999999
  outer loop
    vertex 937.6273735935611 33.420586322883466 6.323326300294861e-08
    vertex 938.2820873401727 36.468744851109605 4.2568699557543604e-08
    vertex 937.9615348492281 33.05556432544893 6.305397735939522e-08
  endloop
endfacet
facet normal -5.483212633497026e-09 -3.3876729927076608e-09 -0.9999999999999999
  outer loop
    vertex 937.9615348492281 33.05556432544893 6.305397735939522e-08
    vertex 938.2820873401727 36.468744851109605 4.2568699557543604e-08
    vertex 938.1319935308982 32.721550058772664 6.376037078537066e-08
  endloop
endfacet
facet normal -5.483212633497026e-09 -3.3876729927076608e-09 -0.9999999999999999
  outer loop
    vertex 938.1319935308982 32.721550058772664 6.376037078537066e-08
    vertex 938.2820873401727 36.468744851109605 4.2568699557543604e-08
    vertex 938.1749933768518 32.520894809780806 6.456683889988212e-08
  endloop
endfacet
facet normal -5.483212633497026e-09 -3.3876729927076608e-09 -0.9999999999999999
  outer loop
    vertex 942.8532842795242 30.681957840863774 6.551136709206928e-08
    vertex 943.1436742941727 30.223560929242677 6.551136709206928e-08
    vertex 942.7476934592116 30.293156266156732 6.551136709206928e-08
  endloop
endfacet
facet normal -5.483212633497026e-09 -3.3876729927076608e-09 -0.9999999999999999
  outer loop
    vertex 943.1436742941727 30.223560929242677 6.551136709206928e-08
    vertex 942.8532842795242 30.681957840863774 6.551136709206928e-08
    vertex 943.0396157943093 32.690478346933105 3.235883776153691e-08
  endloop
endfacet
facet normal -5.483212633497026e-09 -3.3876729927076608e-09 -0.9999999999999999
  outer loop
    vertex 943.1436742941727 30.223560929242677 6.551136709206928e-08
    vertex 943.0396157943093 32.690478346933105 3.235883776153691e-08
    vertex 943.3613168075314 32.77762957521885 2.9819018029231256e-08
  endloop
endfacet
facet normal -5.483212633497026e-09 -3.3876729927076608e-09 -0.9999999999999999
  outer loop
    vertex 943.1436742941727 30.223560929242677 6.551136709206928e-08
    vertex 943.3613168075314 32.77762957521885 2.9819018029231256e-08
    vertex 943.1797002951491 30.14436018461378 6.551136709206928e-08
  endloop
endfacet
facet normal -5.483212633497026e-09 -3.3876729927076608e-09 -0.9999999999999999
  outer loop
    vertex 943.1797002951491 30.14436018461378 6.551136709206928e-08
    vertex 943.3613168075314 32.77762957521885 2.9819018029231256e-08
    vertex 943.3476995627273 29.630756974164548 6.551136709206928e-08
  endloop
endfacet
facet normal -5.483212633497026e-09 -3.3876729927076608e-09 -0.9999999999999999
  outer loop
    vertex 943.3476995627273 29.630756974164548 6.551136709206928e-08
    vertex 943.3613168075314 32.77762957521885 2.9819018029231256e-08
    vertex 943.3620886008132 29.541958451215336 6.551136709206928e-08
  endloop
endfacet
facet normal -5.483212633497026e-09 -3.3876729927076608e-09 -0.9999999999999999
  outer loop
    vertex 943.3620886008132 29.541958451215336 6.551136709206928e-08
    vertex 943.3613168075314 32.77762957521885 2.9819018029231256e-08
    vertex 943.6608965560611 33.01960423664177 2.65858099218752e-08
  endloop
endfacet
facet normal -5.483212633497026e-09 -3.3876729927076608e-09 -0.9999999999999999
  outer loop
    vertex 943.3620886008132 29.541958451215336 6.551136709206928e-08
    vertex 943.6608965560611 33.01960423664177 2.65858099218752e-08
    vertex 943.3980840842116 29.00194990629345 6.551136709206928e-08
  endloop
endfacet
facet normal -5.483212633497026e-09 -3.3876729927076608e-09 -0.9999999999999999
  outer loop
    vertex 943.3980840842116 29.00194990629345 6.551136709206928e-08
    vertex 943.6608965560611 33.01960423664177 2.65858099218752e-08
    vertex 943.5744113348138 22.89191769129404 4.459365995916357e-08
  endloop
endfacet
facet normal -5.483212633497026e-09 -3.3876729927076608e-09 -0.9999999999999999
  outer loop
    vertex 943.5744113348138 22.89191769129404 4.459365995916357e-08
    vertex 943.6608965560611 33.01960423664177 2.65858099218752e-08
    vertex 944.0653049946162 22.959408657174418 4.5427390882075354e-08
  endloop
endfacet
facet normal -5.483212633497026e-09 -3.3876729927076608e-09 -0.9999999999999999
  outer loop
    vertex 944.0653049946162 22.959408657174418 4.5427390882075354e-08
    vertex 943.6608965560611 33.01960423664177 2.65858099218752e-08
    vertex 943.9834714500878 33.54534690662769 2.1672992060461912e-08
  endloop
endfacet
facet normal -5.483212633497026e-09 -3.3876729927076608e-09 -0.9999999999999999
  outer loop
    vertex 944.0653049946162 22.959408657174418 4.5427390882075354e-08
    vertex 943.9834714500878 33.54534690662769 2.1672992060461912e-08
    vertex 944.0692607694889 33.785234174269604 1.982630034980115e-08
  endloop
endfacet
facet normal -5.483212633497026e-09 -3.3876729927076608e-09 -0.9999999999999999
  outer loop
    vertex 944.0653049946162 22.959408657174418 4.5427390882075354e-08
    vertex 944.0692607694889 33.785234174269604 1.982630034980115e-08
    vertex 944.5489816741765 23.06705848466808 4.675721316061062e-08
  endloop
endfacet
facet normal -5.483212633497026e-09 -3.3876729927076608e-09 -0.9999999999999999
  outer loop
    vertex 944.5489816741765 23.06705848466808 4.675721316061062e-08
    vertex 944.0692607694889 33.785234174269604 1.982630034980115e-08
    vertex 944.2040975959914 33.991331080162844 1.7846490429351823e-08
  endloop
endfacet
facet normal -5.483212633497026e-09 -3.3876729927076608e-09 -0.9999999999999999
  outer loop
    vertex 944.5489816741765 23.06705848466808 4.675721316061062e-08
    vertex 944.2040975959914 33.991331080162844 1.7846490429351823e-08
    vertex 944.5785458002617 27.053824891751166 5.288422570914885e-08
  endloop
endfacet
facet normal -5.483212633497026e-09 -3.3876729927076608e-09 -0.9999999999999999
  outer loop
    vertex 944.5785458002617 27.053824891751166 5.288422570914885e-08
    vertex 944.2040975959914 33.991331080162844 1.7846490429351823e-08
    vertex 944.66023394236 34.272454734844246 1.3394887392048636e-08
  endloop
endfacet
facet normal -5.483212633497026e-09 -3.3876729927076608e-09 -0.9999999999999999
  outer loop
    vertex 944.5785458002617 27.053824891751166 5.288422570914885e-08
    vertex 944.66023394236 34.272454734844246 1.3394887392048636e-08
    vertex 944.7866829254878 27.520311408112555 4.902739703049884e-08
  endloop
endfacet
facet normal -5.483212633497026e-09 -3.3876729927076608e-09 -0.9999999999999999
  outer loop
    vertex 944.7866829254878 27.520311408112555 4.902739703049884e-08
    vertex 944.66023394236 34.272454734844246 1.3394887392048636e-08
    vertex 944.9013706249854 30.03223329798573 3.4731092335982254e-08
  endloop
endfacet
facet normal -5.483212633497026e-09 -3.3876729927076608e-09 -0.9999999999999999
  outer loop
    vertex 944.9013706249854 30.03223329798573 3.4731092335982254e-08
    vertex 944.66023394236 34.272454734844246 1.3394887392048636e-08
    vertex 945.4987173292335 34.55224425419221 6.4909631064535836e-09
  endloop
endfacet
facet normal -5.483212633497026e-09 -3.3876729927076608e-09 -0.9999999999999999
  outer loop
    vertex 944.9013706249854 30.03223329798573 3.4731092335982254e-08
    vertex 945.4987173292335 34.55224425419221 6.4909631064535836e-09
    vertex 944.9824715971654 30.43159750157893 3.205375348369621e-08
  endloop
endfacet
facet normal -5.483212633497026e-09 -3.3876729927076608e-09 -0.9999999999999999
  outer loop
    vertex 944.9824715971654 30.43159750157893 3.205375348369621e-08
    vertex 945.4987173292335 34.55224425419221 6.4909631064535836e-09
    vertex 945.2760786200726 30.71318106413071 2.864517003930977e-08
  endloop
endfacet
facet normal -5.483212633497026e-09 -3.3876729927076608e-09 -0.9999999999999999
  outer loop
    vertex 945.2760786200726 30.71318106413071 2.864517003930977e-08
    vertex 945.4987173292335 34.55224425419221 6.4909631064535836e-09
    vertex 945.9757400362151 30.950856965226446 2.2861561262410564e-08
  endloop
endfacet
facet normal -5.483212633497026e-09 -3.3876729927076608e-09 -0.9999999999999999
  outer loop
    vertex 945.9757400362151 30.950856965226446 2.2861561262410564e-08
    vertex 945.4987173292335 34.55224425419221 6.4909631064535836e-09
    vertex 946.3888507060403 34.65440628625289 2.1356649559933769e-10
  endloop
endfacet
facet normal -5.483212633497026e-09 -3.3876729927076608e-09 -0.9999999999999999
  outer loop
    vertex 945.9757400362151 30.950856965226446 2.2861561262410564e-08
    vertex 946.3888507060403 34.65440628625289 2.1356649559933769e-10
    vertex 946.2296351766162 30.9718068120241 2.1115250065650845e-08
  endloop
endfacet
facet normal -5.483212633497026e-09 -3.3876729927076608e-09 -0.9999999999999999
  outer loop
    vertex 946.2296351766162 30.9718068120241 2.1115250065650845e-08
    vertex 946.3888507060403 34.65440628625289 2.1356649559933769e-10
    vertex 946.4635522485262 31.048878429815026 1.9194524505938832e-08
  endloop
endfacet
facet normal -5.483212633497026e-09 -3.3876729927076608e-09 -0.9999999999999999
  outer loop
    vertex 946.4635522485262 31.048878429815026 1.9194524505938832e-08
    vertex 946.3888507060403 34.65440628625289 2.1356649559933769e-10
    vertex 947.0847670644971 33.86461294326225 0.0
  endloop
endfacet
facet normal -5.483212633497026e-09 -3.3876729927076608e-09 -0.9999999999999999
  outer loop
    vertex 946.4635522485262 31.048878429815026 1.9194524505938832e-08
    vertex 947.0847670644971 33.86461294326225 0.0
    vertex 946.8528977278692 31.416981611294375 1.4703079078692836e-08
  endloop
endfacet
facet normal -5.483212633497026e-09 -3.3876729927076608e-09 -0.9999999999999999
  outer loop
    vertex 946.8528977278692 31.416981611294375 1.4703079078692836e-08
    vertex 947.0847670644971 33.86461294326225 0.0
    vertex 947.3396563223519 32.15481623422647 7.589312133737813e-09
  endloop
endfacet
facet normal -5.483212633497026e-09 -3.3876729927076608e-09 -0.9999999999999999
  outer loop
    vertex 947.3396563223519 32.15481623422647 7.589312133737813e-09
    vertex 947.0847670644971 33.86461294326225 0.0
    vertex 947.6681387506712 32.98841002186231 9.768105163621142e-10
  endloop
endfacet
facet normal -5.483212633497026e-09 -3.3876729927076608e-09 -0.9999999999999999
  outer loop
    vertex 944.9013706249854 30.03223329798573 3.4731092335982254e-08
    vertex 944.935192228962 28.00906054583651 4.543396957712441e-08
    vertex 944.7866829254878 27.520311408112555 4.902739703049884e-08
  endloop
endfacet
facet normal -5.483212633497026e-09 -3.3876729927076608e-09 -0.9999999999999999
  outer loop
    vertex 944.935192228962 28.00906054583651 4.543396957712441e-08
    vertex 944.9013706249854 30.03223329798573 3.4731092335982254e-08
    vertex 945.0047249133047 29.53198473583853 3.676642760797043e-08
  endloop
endfacet
facet normal -5.483212633497026e-09 -3.3876729927076608e-09 -0.9999999999999999
  outer loop
    vertex 944.935192228962 28.00906054583651 4.543396957712441e-08
    vertex 945.0047249133047 29.53198473583853 3.676642760797043e-08
    vertex 945.021768017346 28.51248419020577 4.215973349541712e-08
  endloop
endfacet
facet normal -5.483212633497026e-09 -3.3876729927076608e-09 -0.9999999999999999
  outer loop
    vertex 945.021768017346 28.51248419020577 4.215973349541712e-08
    vertex 945.0047249133047 29.53198473583853 3.676642760797043e-08
    vertex 945.0450661511543 29.02276639625007 3.925552298167378e-08
  endloop
endfacet
facet normal -5.483212633497026e-09 -3.3876729927076608e-09 -0.9999999999999999
  outer loop
    vertex 944.5785458002617 27.053824891751166 5.288422570914885e-08
    vertex 945.0221618198241 23.214137257693153 4.857410997895321e-08
    vertex 944.5489816741765 23.06705848466808 4.675721316061062e-08
  endloop
endfacet
facet normal -5.483212633497026e-09 -3.3876729927076608e-09 -0.9999999999999999
  outer loop
    vertex 945.0221618198241 23.214137257693153 4.857410997895321e-08
    vertex 944.5785458002617 27.053824891751166 5.288422570914885e-08
    vertex 946.5825180504942 25.968172410216635 5.776999551061643e-08
  endloop
endfacet
facet normal -5.483212633497026e-09 -3.3876729927076608e-09 -0.9999999999999999
  outer loop
    vertex 945.0221618198241 23.214137257693153 4.857410997895321e-08
    vertex 946.5825180504942 25.968172410216635 5.776999551061643e-08
    vertex 945.4816370492891 23.39964771351142 5.086576192853831e-08
  endloop
endfacet
facet normal -5.483212633497026e-09 -3.3876729927076608e-09 -0.9999999999999999
  outer loop
    vertex 945.4816370492891 23.39964771351142 5.086576192853831e-08
    vertex 946.5825180504942 25.968172410216635 5.776999551061643e-08
    vertex 945.92429190603 23.622332004635222 5.361663053939316e-08
  endloop
endfacet
facet normal -5.483212633497026e-09 -3.3876729927076608e-09 -0.9999999999999999
  outer loop
    vertex 945.92429190603 23.622332004635222 5.361663053939316e-08
    vertex 946.5825180504942 25.968172410216635 5.776999551061643e-08
    vertex 946.3471249834851 23.88068022762061 5.680806363821699e-08
  endloop
endfacet
facet normal -5.483212633497026e-09 -3.3876729927076608e-09 -0.9999999999999999
  outer loop
    vertex 946.3471249834851 23.88068022762061 5.680806363821699e-08
    vertex 946.5825180504942 25.968172410216635 5.776999551061643e-08
    vertex 946.5471971297467 24.02681044426905 5.8613242728519923e-08
  endloop
endfacet
facet normal -5.483212633497026e-09 -3.3876729927076608e-09 -0.9999999999999999
  outer loop
    vertex 946.5471971297467 24.02681044426905 5.8613242728519923e-08
    vertex 946.5825180504942 25.968172410216635 5.776999551061643e-08
    vertex 946.8652852357492 24.39078266139918 5.9554370175163195e-08
  endloop
endfacet
facet normal -5.483212633497026e-09 -3.3876729927076608e-09 -0.9999999999999999
  outer loop
    vertex 946.8652852357492 24.39078266139918 5.9554370175163195e-08
    vertex 946.5825180504942 25.968172410216635 5.776999551061643e-08
    vertex 946.6932095103684 25.898475366066215 5.8039201533316033e-08
  endloop
endfacet
facet normal -5.483212633497026e-09 -3.3876729927076608e-09 -0.9999999999999999
  outer loop
    vertex 946.8652852357492 24.39078266139918 5.9554370175163195e-08
    vertex 946.6932095103684 25.898475366066215 5.8039201533316033e-08
    vertex 946.7938566996768 25.81492645502168 5.828260161205806e-08
  endloop
endfacet
facet normal -5.483212633497026e-09 -3.3876729927076608e-09 -0.9999999999999999
  outer loop
    vertex 946.8652852357492 24.39078266139918 5.9554370175163195e-08
    vertex 946.7938566996768 25.81492645502168 5.828260161205806e-08
    vertex 946.8827375171052 25.71895522211514 5.849603110401201e-08
  endloop
endfacet
facet normal -5.483212633497026e-09 -3.3876729927076608e-09 -0.9999999999999999
  outer loop
    vertex 946.8652852357492 24.39078266139918 5.9554370175163195e-08
    vertex 946.8827375171052 25.71895522211514 5.849603110401201e-08
    vertex 946.9854392623203 24.61257125314252 5.8674664715164396e-08
  endloop
endfacet
facet normal -5.483212633497026e-09 -3.3876729927076608e-09 -0.9999999999999999
  outer loop
    vertex 946.9854392623203 24.61257125314252 5.8674664715164396e-08
    vertex 946.8827375171052 25.71895522211514 5.849603110401201e-08
    vertex 946.9583311872257 25.612203761749885 5.867583817139671e-08
  endloop
endfacet
facet normal -5.483212633497026e-09 -3.3876729927076608e-09 -0.9999999999999999
  outer loop
    vertex 946.9854392623203 24.61257125314252 5.8674664715164396e-08
    vertex 946.9583311872257 25.612203761749885 5.867583817139671e-08
    vertex 947.0193442813835 25.496498621009852 5.881894626543727e-08
  endloop
endfacet
facet normal -5.483212633497026e-09 -3.3876729927076608e-09 -0.9999999999999999
  outer loop
    vertex 946.9854392623203 24.61257125314252 5.8674664715164396e-08
    vertex 947.0193442813835 25.496498621009852 5.881894626543727e-08
    vertex 947.0400919038275 24.73141302201467 5.8818048140919845e-08
  endloop
endfacet
facet normal -5.483212633497026e-09 -3.3876729927076608e-09 -0.9999999999999999
  outer loop
    vertex 947.0400919038275 24.73141302201467 5.8818048140919845e-08
    vertex 947.0193442813835 25.496498621009852 5.881894626543727e-08
    vertex 947.0647328486216 25.373819546932634 5.892290676696759e-08
  endloop
endfacet
facet normal -5.483212633497026e-09 -3.3876729927076608e-09 -0.9999999999999999
  outer loop
    vertex 947.0400919038275 24.73141302201467 5.8818048140919845e-08
    vertex 947.0647328486216 25.373819546932634 5.892290676696759e-08
    vertex 947.0787650208426 24.856371684270243 5.892229934132457e-08
  endloop
endfacet
facet normal -5.483212633497026e-09 -3.3876729927076608e-09 -0.9999999999999999
  outer loop
    vertex 947.0787650208426 24.856371684270243 5.892229934132457e-08
    vertex 947.0647328486216 25.373819546932634 5.892290676696759e-08
    vertex 947.0937202779706 25.246265612488756 5.8985940882983206e-08
  endloop
endfacet
facet normal -5.483212633497026e-09 -3.3876729927076608e-09 -0.9999999999999999
  outer loop
    vertex 947.0787650208426 24.856371684270243 5.892229934132457e-08
    vertex 947.0937202779706 25.246265612488756 5.8985940882983206e-08
    vertex 947.1007969056117 24.985309162552962 5.8985634549435735e-08
  endloop
endfacet
facet normal -5.483212633497026e-09 -3.3876729927076608e-09 -0.9999999999999999
  outer loop
    vertex 947.1007969056117 24.985309162552962 5.8985634549435735e-08
    vertex 947.0937202779706 25.246265612488756 5.8985940882983206e-08
    vertex 947.1058105864776 25.116019300861183 5.9006970082282723e-08
  endloop
endfacet
facet normal 0.7394020052646398 -0.6732641937684118 -1.773499490313761e-09
  outer loop
    vertex 941.1612829367508 31.60835707182082 6.551136709206928e-08
    vertex 940.8924841250753 31.31315291938616 3.000000065511367
    vertex 940.8924841086258 31.31315290922314 6.551136709206928e-08
  endloop
endfacet
facet normal 0.7394020052646398 -0.6732641937684118 -1.773499490313761e-09
  outer loop
    vertex 940.8924841250753 31.31315291938616 3.000000065511367
    vertex 941.1612829367508 31.60835707182082 6.551136709206928e-08
    vertex 941.1612829532004 31.608357081983836 3.000000065511367
  endloop
endfacet
facet normal -0.5533114246212283 -0.8329744698270329 5.8557693087893785e-09
  outer loop
    vertex 940.345273431716 31.241161952589305 3.000000065511367
    vertex 940.0092748801102 31.464352250043458 6.551136709206928e-08
    vertex 940.3452734152663 31.241161942426288 6.551136709206928e-08
  endloop
endfacet
facet normal -0.5533114246212283 -0.8329744698270329 5.8557693087893785e-09
  outer loop
    vertex 940.0092748801102 31.464352250043458 6.551136709206928e-08
    vertex 940.345273431716 31.241161952589305 3.000000065511367
    vertex 940.0092748965598 31.464352260206482 3.000000065511367
  endloop
endfacet
facet normal -0.5677308469356078 -0.8232142403030802 5.901769601430392e-09
  outer loop
    vertex 942.3996862735129 31.1235624652846 3.000000065511367
    vertex 942.3300909201491 31.171558976117684 6.551136709206928e-08
    vertex 942.3996862570632 31.123562455121583 6.551136709206928e-08
  endloop
endfacet
facet normal -0.5677308469356078 -0.8232142403030802 5.901769601430392e-09
  outer loop
    vertex 942.3300909201491 31.171558976117684 6.551136709206928e-08
    vertex 942.3996862735129 31.1235624652846 3.000000065511367
    vertex 942.3300909365987 31.1715589862807 3.000000065511367
  endloop
endfacet
facet normal 0.3571464312902639 -0.9340484069986034 1.2059407382116294e-09
  outer loop
    vertex 940.0092748965598 31.464352260206482 3.000000065511367
    vertex 939.927686134993 31.433155655805173 6.551136709206928e-08
    vertex 940.0092748801102 31.464352250043458 6.551136709206928e-08
  endloop
endfacet
facet normal 0.3571464312902639 -0.9340484069986034 1.2059407382116294e-09
  outer loop
    vertex 939.927686134993 31.433155655805173 6.551136709206928e-08
    vertex 940.0092748965598 31.464352260206482 3.000000065511367
    vertex 939.9276861514426 31.43315566596819 3.000000065511367
  endloop
endfacet
facet normal 0.1730946587945989 -0.9849051929484286 2.3874219026355176e-09
  outer loop
    vertex 939.0372747744893 30.293156276319756 3.000000065511367
    vertex 938.6412786642899 30.223560929242677 6.551136709206928e-08
    vertex 939.0372747580399 30.293156266156732 6.551136709206928e-08
  endloop
endfacet
facet normal 0.1730946587945989 -0.9849051929484286 2.3874219026355176e-09
  outer loop
    vertex 938.6412786642899 30.223560929242677 6.551136709206928e-08
    vertex 939.0372747744893 30.293156276319756 3.000000065511367
    vertex 938.6412786807396 30.223560939405694 3.000000065511367
  endloop
endfacet
facet normal 0.8872029474981967 -0.4613793774655647 -3.301719953765543e-09
  outer loop
    vertex 940.5324834982742 31.6011549233833 6.551136709206928e-08
    vertex 940.345273431716 31.241161952589305 3.000000065511367
    vertex 940.3452734152663 31.241161942426288 6.551136709206928e-08
  endloop
endfacet
facet normal 0.8872029474981967 -0.4613793774655647 -3.301719953765543e-09
  outer loop
    vertex 940.345273431716 31.241161952589305 3.000000065511367
    vertex 940.5324834982742 31.6011549233833 6.551136709206928e-08
    vertex 940.5324835147239 31.601154933546322 3.000000065511367
  endloop
endfacet
facet normal 0.899855350064067 -0.43618843286024384 -3.456434450059054e-09
  outer loop
    vertex 938.6412786642899 30.223560929242677 6.551136709206928e-08
    vertex 938.6028875674582 30.144360194776805 3.000000065511367
    vertex 938.6028875510085 30.14436018461378 6.551136709206928e-08
  endloop
endfacet
facet normal 0.899855350064067 -0.43618843286024384 -3.456434450059054e-09
  outer loop
    vertex 938.6028875674582 30.144360194776805 3.000000065511367
    vertex 938.6412786642899 30.223560929242677 6.551136709206928e-08
    vertex 938.6412786807396 30.223560939405694 3.000000065511367
  endloop
endfacet
facet normal 0.4061367044339702 -0.9138123315602137 8.687634473505618e-10
  outer loop
    vertex 938.8044866885518 29.793957362745555 3.000000065511367
    vertex 938.4372839133132 29.630756974164548 6.551136709206928e-08
    vertex 938.8044866721024 29.79395735258253 6.551136709206928e-08
  endloop
endfacet
facet normal 0.4061367044339702 -0.9138123315602137 8.687634473505618e-10
  outer loop
    vertex 938.4372839133132 29.630756974164548 6.551136709206928e-08
    vertex 938.8044866885518 29.793957362745555 3.000000065511367
    vertex 938.4372839297629 29.630756984327565 3.000000065511367
  endloop
endfacet
facet normal 0.9650442658044074 0.26208694175412894 -6.179407764464397e-09
  outer loop
    vertex 938.9316839377273 30.681957840863774 6.551136709206928e-08
    vertex 939.0372747744893 30.293156276319756 3.000000065511367
    vertex 939.0372747580399 30.293156266156732 6.551136709206928e-08
  endloop
endfacet
facet normal 0.9650442658044074 0.26208694175412894 -6.179407764464397e-09
  outer loop
    vertex 939.0372747744893 30.293156276319756 3.000000065511367
    vertex 938.9316839377273 30.681957840863774 6.551136709206928e-08
    vertex 938.931683954177 30.68195785102679 3.000000065511367
  endloop
endfacet
facet normal -0.08944850294352633 -0.9959914484176868 3.864558492159723e-09
  outer loop
    vertex 939.3876928653099 30.71555770454241 3.000000065511367
    vertex 938.9868902365555 30.75155317777783 6.551136709206928e-08
    vertex 939.3876928488602 30.715557694379385 6.551136709206928e-08
  endloop
endfacet
facet normal -0.08944850294352633 -0.9959914484176868 3.864558492159723e-09
  outer loop
    vertex 938.9868902365555 30.75155317777783 6.551136709206928e-08
    vertex 939.3876928653099 30.71555770454241 3.000000065511367
    vertex 938.986890253005 30.751553187940846 3.000000065511367
  endloop
endfacet
facet normal 0.9725506242323023 -0.23269139069883765 -4.544419529599941e-09
  outer loop
    vertex 939.927686134993 31.433155655805173 6.551136709206928e-08
    vertex 939.8340887393332 31.041958461378357 3.000000065511367
    vertex 939.8340887228836 31.041958451215336 6.551136709206928e-08
  endloop
endfacet
facet normal 0.9725506242323023 -0.23269139069883765 -4.544419529599941e-09
  outer loop
    vertex 939.8340887393332 31.041958461378357 3.000000065511367
    vertex 939.927686134993 31.433155655805173 6.551136709206928e-08
    vertex 939.9276861514426 31.43315566596819 3.000000065511367
  endloop
endfacet
facet normal -0.35708816609293376 -0.9340706834262519 5.122316371116159e-09
  outer loop
    vertex 941.8548864688255 31.43315566596819 3.000000065511367
    vertex 941.7732824484694 31.464352250043458 6.551136709206928e-08
    vertex 941.8548864523758 31.433155655805173 6.551136709206928e-08
  endloop
endfacet
facet normal -0.35708816609293376 -0.9340706834262519 5.122316371116159e-09
  outer loop
    vertex 941.7732824484694 31.464352250043458 6.551136709206928e-08
    vertex 941.8548864688255 31.43315566596819 3.000000065511367
    vertex 941.7732824649191 31.464352260206482 3.000000065511367
  endloop
endfacet
facet normal 0.08083426232031234 -0.9967275565745792 2.9333555761210507e-09
  outer loop
    vertex 940.6212896670677 31.608357081983836 3.000000065511367
    vertex 940.5324834982742 31.6011549233833 6.551136709206928e-08
    vertex 940.621289650618 31.60835707182082 6.551136709206928e-08
  endloop
endfacet
facet normal 0.08083426232031234 -0.9967275565745792 2.9333555761210507e-09
  outer loop
    vertex 940.5324834982742 31.6011549233833 6.551136709206928e-08
    vertex 940.6212896670677 31.608357081983836 3.000000065511367
    vertex 940.5324835147239 31.601154933546322 3.000000065511367
  endloop
endfacet
facet normal -0.32340958037123557 -0.9462590783311415 4.9789398206523814e-09
  outer loop
    vertex 939.8340887393332 31.041958461378357 3.000000065511367
    vertex 939.4548925558914 31.171558976117684 6.551136709206928e-08
    vertex 939.8340887228836 31.041958451215336 6.551136709206928e-08
  endloop
endfacet
facet normal -0.32340958037123557 -0.9462590783311415 4.9789398206523814e-09
  outer loop
    vertex 939.4548925558914 31.171558976117684 6.551136709206928e-08
    vertex 939.8340887393332 31.041958461378357 3.000000065511367
    vertex 939.4548925723411 31.1715589862807 3.000000065511367
  endloop
endfacet
facet normal 0.9999306165983124 0.011779727896642146 -5.522738055609237e-09
  outer loop
    vertex 939.3828863303054 31.123562455121583 6.551136709206928e-08
    vertex 939.3876928653099 30.71555770454241 3.000000065511367
    vertex 939.3876928488602 30.715557694379385 6.551136709206928e-08
  endloop
endfacet
facet normal 0.9999306165983124 0.011779727896642146 -5.522738055609237e-09
  outer loop
    vertex 939.3876928653099 30.71555770454241 3.000000065511367
    vertex 939.3828863303054 31.123562455121583 6.551136709206928e-08
    vertex 939.382886346755 31.1235624652846 3.000000065511367
  endloop
endfacet
facet normal 0.9774235409812538 -0.21128942599114425 -4.643641626110906e-09
  outer loop
    vertex 938.4372839133132 29.630756974164548 6.551136709206928e-08
    vertex 938.4180883731223 29.541958461378357 3.000000065511367
    vertex 938.4180883566727 29.541958451215336 6.551136709206928e-08
  endloop
endfacet
facet normal 0.9774235409812538 -0.21128942599114425 -4.643641626110906e-09
  outer loop
    vertex 938.4180883731223 29.541958461378357 3.000000065511367
    vertex 938.4372839133132 29.630756974164548 6.551136709206928e-08
    vertex 938.4372839297629 29.630756984327565 3.000000065511367
  endloop
endfacet
facet normal 0.7130504345795213 0.7011127425357178 -6.284947853938428e-09
  outer loop
    vertex 938.4180883566727 29.541958451215336 6.551136709206928e-08
    vertex 938.7012762393332 29.253948817823666 3.000000065511367
    vertex 938.7012762228835 29.25394880766065 6.551136709206928e-08
  endloop
endfacet
facet normal 0.7130504345795213 0.7011127425357178 -6.284947853938428e-09
  outer loop
    vertex 938.7012762393332 29.253948817823666 3.000000065511367
    vertex 938.4180883566727 29.541958451215336 6.551136709206928e-08
    vertex 938.4180883731223 29.541958461378357 3.000000065511367
  endloop
endfacet
facet normal -0.7364197738303874 -0.6765248825517072 6.329791280938943e-09
  outer loop
    vertex 940.8924841250753 31.31315291938616 3.000000065511367
    vertex 940.621289650618 31.60835707182082 6.551136709206928e-08
    vertex 940.8924841086258 31.31315290922314 6.551136709206928e-08
  endloop
endfacet
facet normal -0.7364197738303874 -0.6765248825517072 6.329791280938943e-09
  outer loop
    vertex 940.621289650618 31.60835707182082 6.551136709206928e-08
    vertex 940.8924841250753 31.31315291938616 3.000000065511367
    vertex 940.6212896670677 31.608357081983836 3.000000065511367
  endloop
endfacet
facet normal 0.9984560093890538 0.05554815311858647 -5.662925582787711e-09
  outer loop
    vertex 938.384488503157 29.00194990629345 6.551136709206928e-08
    vertex 938.3892950381612 28.91555465278461 3.000000065511367
    vertex 938.3892950217116 28.915554642621586 6.551136709206928e-08
  endloop
endfacet
facet normal 0.9984560093890538 0.05554815311858647 -5.662925582787711e-09
  outer loop
    vertex 938.3892950381612 28.91555465278461 3.000000065511367
    vertex 938.384488503157 29.00194990629345 6.551136709206928e-08
    vertex 938.3844885196066 29.001949916456475 3.000000065511367
  endloop
endfacet
facet normal 0.7985791454240649 -0.6018898142465695 -2.339773390727558e-09
  outer loop
    vertex 938.7348760763992 28.704350113813 6.551136709206928e-08
    vertex 938.4924902285909 28.38275588569477 3.000000065511367
    vertex 938.4924902121414 28.382755875531746 6.551136709206928e-08
  endloop
endfacet
facet normal 0.7985791454240649 -0.6018898142465695 -2.339773390727558e-09
  outer loop
    vertex 938.4924902285909 28.38275588569477 3.000000065511367
    vertex 938.7348760763992 28.704350113813 6.551136709206928e-08
    vertex 938.7348760928489 28.704350123976024 3.000000065511367
  endloop
endfacet
facet normal 0.9459685374062105 0.3242584250833817 -6.28542814450933e-09
  outer loop
    vertex 938.4924902121414 28.382755875531746 6.551136709206928e-08
    vertex 938.521283563552 28.298756251905704 3.000000065511367
    vertex 938.5212835471024 28.29875624174268 6.551136709206928e-08
  endloop
endfacet
facet normal 0.9459685374062105 0.3242584250833817 -6.28542814450933e-09
  outer loop
    vertex 938.521283563552 28.298756251905704 3.000000065511367
    vertex 938.4924902121414 28.382755875531746 6.551136709206928e-08
    vertex 938.4924902285909 28.38275588569477 3.000000065511367
  endloop
endfacet
facet normal -0.9725420388680838 -0.23272727092953802 6.121058684522987e-09
  outer loop
    vertex 941.9484991397238 31.041958461378357 3.000000065511367
    vertex 941.8548864523758 31.433155655805173 6.551136709206928e-08
    vertex 941.9484991232742 31.041958451215336 6.551136709206928e-08
  endloop
endfacet
facet normal -0.9725420388680838 -0.23272727092953802 6.121058684522987e-09
  outer loop
    vertex 941.8548864523758 31.433155655805173 6.551136709206928e-08
    vertex 941.9484991397238 31.041958461378357 3.000000065511367
    vertex 941.8548864688255 31.43315566596819 3.000000065511367
  endloop
endfacet
facet normal 0.521478963897898 0.8532641385948283 -5.749959920911562e-09
  outer loop
    vertex 938.3892950381612 28.91555465278461 3.000000065511367
    vertex 938.7348760763992 28.704350113813 6.551136709206928e-08
    vertex 938.3892950217116 28.915554642621586 6.551136709206928e-08
  endloop
endfacet
facet normal 0.521478963897898 0.8532641385948283 -5.749959920911562e-09
  outer loop
    vertex 938.7348760763992 28.704350113813 6.551136709206928e-08
    vertex 938.3892950381612 28.91555465278461 3.000000065511367
    vertex 938.7348760928489 28.704350123976024 3.000000065511367
  endloop
endfacet
facet normal 0.321589792300091 -0.9468790870477521 1.4443714986078127e-09
  outer loop
    vertex 942.3300909365987 31.1715589862807 3.000000065511367
    vertex 941.9484991232742 31.041958451215336 6.551136709206928e-08
    vertex 942.3300909201491 31.171558976117684 6.551136709206928e-08
  endloop
endfacet
facet normal 0.321589792300091 -0.9468790870477521 1.4443714986078127e-09
  outer loop
    vertex 941.9484991232742 31.041958451215336 6.551136709206928e-08
    vertex 942.3300909365987 31.1715589862807 3.000000065511367
    vertex 941.9484991397238 31.041958461378357 3.000000065511367
  endloop
endfacet
facet normal 0.2928227408579081 0.9561667440548548 -4.844789607407157e-09
  outer loop
    vertex 938.521283563552 28.298756251905704 3.000000065511367
    vertex 938.9052862326491 28.181156754437996 6.551136709206928e-08
    vertex 938.5212835471024 28.29875624174268 6.551136709206928e-08
  endloop
endfacet
facet normal 0.2928227408579081 0.9561667440548548 -4.844789607407157e-09
  outer loop
    vertex 938.9052862326491 28.181156754437996 6.551136709206928e-08
    vertex 938.521283563552 28.298756251905704 3.000000065511367
    vertex 938.9052862490988 28.18115676460102 3.000000065511367
  endloop
endfacet
facet normal 0.5546391581797846 -0.8320909831344286 -2.2235228812348032e-10
  outer loop
    vertex 939.4548925723411 31.1715589862807 3.000000065511367
    vertex 939.3828863303054 31.123562455121583 6.551136709206928e-08
    vertex 939.4548925558914 31.171558976117684 6.551136709206928e-08
  endloop
endfacet
facet normal 0.5546391581797846 -0.8320909831344286 -2.2235228812348032e-10
  outer loop
    vertex 939.3828863303054 31.123562455121583 6.551136709206928e-08
    vertex 939.4548925723411 31.1715589862807 3.000000065511367
    vertex 939.382886346755 31.1235624652846 3.000000065511367
  endloop
endfacet
facet normal -0.08306004326583648 -0.9965445445200517 3.8314029180747806e-09
  outer loop
    vertex 941.2476934756613 31.601154933546322 3.000000065511367
    vertex 941.1612829367508 31.60835707182082 6.551136709206928e-08
    vertex 941.2476934592117 31.6011549233833 6.551136709206928e-08
  endloop
endfacet
facet normal -0.08306004326583648 -0.9965445445200517 3.8314029180747806e-09
  outer loop
    vertex 941.1612829367508 31.60835707182082 6.551136709206928e-08
    vertex 941.2476934756613 31.601154933546322 3.000000065511367
    vertex 941.1612829532004 31.608357081983836 3.000000065511367
  endloop
endfacet
facet normal 0.7834428851811446 -0.6214637927176804 -2.1904678191132545e-09
  outer loop
    vertex 938.9868902365555 30.75155317777783 6.551136709206928e-08
    vertex 938.931683954177 30.68195785102679 3.000000065511367
    vertex 938.9316839377273 30.681957840863774 6.551136709206928e-08
  endloop
endfacet
facet normal 0.7834428851811446 -0.6214637927176804 -2.1904678191132545e-09
  outer loop
    vertex 938.931683954177 30.68195785102679 3.000000065511367
    vertex 938.9868902365555 30.75155317777783 6.551136709206928e-08
    vertex 938.986890253005 30.751553187940846 3.000000065511367
  endloop
endfacet
facet normal 0.62253668333937 -0.7825906196069674 -7.623399005128934e-10
  outer loop
    vertex 938.7012762393332 29.253948817823666 3.000000065511367
    vertex 938.384488503157 29.00194990629345 6.551136709206928e-08
    vertex 938.7012762228835 29.25394880766065 6.551136709206928e-08
  endloop
endfacet
facet normal 0.62253668333937 -0.7825906196069674 -7.623399005128934e-10
  outer loop
    vertex 938.384488503157 29.00194990629345 6.551136709206928e-08
    vertex 938.7012762393332 29.253948817823666 3.000000065511367
    vertex 938.3844885196066 29.001949916456475 3.000000065511367
  endloop
endfacet
facet normal 0.5533114246212283 -0.8329744698270329 -2.1207907869333434e-10
  outer loop
    vertex 941.7732824649191 31.464352260206482 3.000000065511367
    vertex 941.4372839133133 31.241161942426288 6.551136709206928e-08
    vertex 941.7732824484694 31.464352250043458 6.551136709206928e-08
  endloop
endfacet
facet normal 0.5533114246212283 -0.8329744698270329 -2.1207907869333434e-10
  outer loop
    vertex 941.4372839133133 31.241161942426288 6.551136709206928e-08
    vertex 941.7732824649191 31.464352260206482 3.000000065511367
    vertex 941.4372839297629 31.241161952589305 3.000000065511367
  endloop
endfacet
facet normal 0.8667806827891339 0.49868953061359017 -6.442139844946277e-09
  outer loop
    vertex 938.6028875510085 30.14436018461378 6.551136709206928e-08
    vertex 938.8044866885518 29.793957362745555 3.000000065511367
    vertex 938.8044866721024 29.79395735258253 6.551136709206928e-08
  endloop
endfacet
facet normal 0.8667806827891339 0.49868953061359017 -6.442139844946277e-09
  outer loop
    vertex 938.8044866885518 29.793957362745555 3.000000065511367
    vertex 938.6028875510085 30.14436018461378 6.551136709206928e-08
    vertex 938.6028875674582 30.144360194776805 3.000000065511367
  endloop
endfacet
facet normal -0.8847961639783516 -0.46597827010408316 6.430107505216042e-09
  outer loop
    vertex 941.4372839297629 31.241161952589305 3.000000065511367
    vertex 941.2476934592117 31.6011549233833 6.551136709206928e-08
    vertex 941.4372839133133 31.241161942426288 6.551136709206928e-08
  endloop
endfacet
facet normal -0.8847961639783516 -0.46597827010408316 6.430107505216042e-09
  outer loop
    vertex 941.2476934592117 31.6011549233833 6.551136709206928e-08
    vertex 941.4372839297629 31.241161952589305 3.000000065511367
    vertex 941.2476934756613 31.601154933546322 3.000000065511367
  endloop
endfacet
facet normal 0.852641460887258 0.5224964489602223 -6.445261539108576e-09
  outer loop
    vertex 938.7516912619461 27.80915510648877 6.551136709206928e-08
    vertex 938.7972845401144 27.734753261183045 3.000000065511367
    vertex 938.7972845236649 27.73475325102002 6.551136709206928e-08
  endloop
endfacet
facet normal 0.852641460887258 0.5224964489602223 -6.445261539108576e-09
  outer loop
    vertex 938.7972845401144 27.734753261183045 3.000000065511367
    vertex 938.7516912619461 27.80915510648877 6.551136709206928e-08
    vertex 938.7516912783958 27.809155116651795 3.000000065511367
  endloop
endfacet
facet normal 0.9243121660866025 -0.38163728804231495 -3.7753378126699156e-09
  outer loop
    vertex 938.9052862326491 28.181156754437996 6.551136709206928e-08
    vertex 938.7516912783958 27.809155116651795 3.000000065511367
    vertex 938.7516912619461 27.80915510648877 6.551136709206928e-08
  endloop
endfacet
facet normal 0.9243121660866025 -0.38163728804231495 -3.7753378126699156e-09
  outer loop
    vertex 938.7516912783958 27.809155116651795 3.000000065511367
    vertex 938.9052862326491 28.181156754437996 6.551136709206928e-08
    vertex 938.9052862490988 28.18115676460102 3.000000065511367
  endloop
endfacet
facet normal 0.21689394694931868 0.9761951729939798 -4.496305653204827e-09
  outer loop
    vertex 940.2228826846457 26.695553432081486 3.000000065511367
    vertex 940.3092779318679 26.676357865277833 6.551136709206928e-08
    vertex 940.222882668196 26.69555342191846 6.551136709206928e-08
  endloop
endfacet
facet normal 0.21689394694931868 0.9761951729939798 -4.496305653204827e-09
  outer loop
    vertex 940.3092779318679 26.676357865277833 6.551136709206928e-08
    vertex 940.2228826846457 26.695553432081486 3.000000065511367
    vertex 940.3092779483176 26.676357875440857 3.000000065511367
  endloop
endfacet
facet normal 0.0 0.9999999999999999 -3.3876729927076608e-09
  outer loop
    vertex 940.8492864932394 26.6091581684096 3.000000065511367
    vertex 940.9332861105789 26.609158158246576 6.551136709206928e-08
    vertex 940.8492864767899 26.609158158246576 6.551136709206928e-08
  endloop
endfacet
facet normal 0.0 0.9999999999999999 -3.3876729927076608e-09
  outer loop
    vertex 940.9332861105789 26.609158158246576 6.551136709206928e-08
    vertex 940.8492864932394 26.6091581684096 3.000000065511367
    vertex 940.9332861270286 26.6091581684096 3.000000065511367
  endloop
endfacet
facet normal 0.8161524951689787 0.5778365725959634 -6.4326590235527694e-09
  outer loop
    vertex 940.6164983908524 26.937954544965343 6.551136709206928e-08
    vertex 940.8492864932394 26.6091581684096 3.000000065511367
    vertex 940.8492864767899 26.609158158246576 6.551136709206928e-08
  endloop
endfacet
facet normal 0.8161524951689787 0.5778365725959634 -6.4326590235527694e-09
  outer loop
    vertex 940.8492864932394 26.6091581684096 3.000000065511367
    vertex 940.6164983908524 26.937954544965343 6.551136709206928e-08
    vertex 940.6164984073021 26.937954555128368 3.000000065511367
  endloop
endfacet
facet normal -0.1972671256668876 0.980349774892168 -2.239446860178909e-09
  outer loop
    vertex 939.2076849307394 27.259556422804145 3.000000065511367
    vertex 939.601285378157 27.338757157270017 6.551136709206928e-08
    vertex 939.2076849142898 27.25955641264112 6.551136709206928e-08
  endloop
endfacet
facet normal -0.1972671256668876 0.980349774892168 -2.239446860178909e-09
  outer loop
    vertex 939.601285378157 27.338757157270017 6.551136709206928e-08
    vertex 939.2076849307394 27.259556422804145 3.000000065511367
    vertex 939.6012853946065 27.338757167433037 3.000000065511367
  endloop
endfacet
facet normal 0.447213595499967 0.8944271909999114 -5.482194075610824e-09
  outer loop
    vertex 941.7012762393332 27.07716048774555 3.000000065511367
    vertex 942.0612920920241 26.89715254301221 6.551136709206928e-08
    vertex 941.7012762228836 27.077160477582527 6.551136709206928e-08
  endloop
endfacet
facet normal 0.447213595499967 0.8944271909999114 -5.482194075610824e-09
  outer loop
    vertex 942.0612920920241 26.89715254301221 6.551136709206928e-08
    vertex 941.7012762393332 27.07716048774555 3.000000065511367
    vertex 942.0612921084738 26.897152553175236 3.000000065511367
  endloop
endfacet
facet normal -0.9356185057496873 0.35301276421501016 3.934303403448028e-09
  outer loop
    vertex 941.5572943057394 26.695553432081486 3.000000065511367
    vertex 941.7012762228836 27.077160477582527 6.551136709206928e-08
    vertex 941.5572942892899 26.69555342191846 6.551136709206928e-08
  endloop
endfacet
facet normal -0.9356185057496873 0.35301276421501016 3.934303403448028e-09
  outer loop
    vertex 941.7012762228836 27.077160477582527 6.551136709206928e-08
    vertex 941.5572943057394 26.695553432081486 3.000000065511367
    vertex 941.7012762393332 27.07716048774555 3.000000065511367
  endloop
endfacet
facet normal -0.8402814534716446 0.5421504209641271 2.7708135422837033e-09
  outer loop
    vertex 942.9876837100363 27.734753261183045 3.000000065511367
    vertex 943.0356878439774 27.80915510648877 6.551136709206928e-08
    vertex 942.9876836935866 27.73475325102002 6.551136709206928e-08
  endloop
endfacet
facet normal -0.8402814534716446 0.5421504209641271 2.7708135422837033e-09
  outer loop
    vertex 943.0356878439774 27.80915510648877 6.551136709206928e-08
    vertex 942.9876837100363 27.734753261183045 3.000000065511367
    vertex 943.035687860427 27.809155116651795 3.000000065511367
  endloop
endfacet
facet normal -0.29115109297023417 0.9566770829607231 -1.6444657654575333e-09
  outer loop
    vertex 942.8772711123801 28.18115676460102 3.000000065511367
    vertex 943.2636846701491 28.29875624174268 6.551136709206928e-08
    vertex 942.8772710959305 28.181156754437996 6.551136709206928e-08
  endloop
endfacet
facet normal -0.29115109297023417 0.9566770829607231 -1.6444657654575333e-09
  outer loop
    vertex 943.2636846701491 28.29875624174268 6.551136709206928e-08
    vertex 942.8772711123801 28.18115676460102 3.000000065511367
    vertex 943.2636846865988 28.298756251905704 3.000000065511367
  endloop
endfacet
facet normal -0.9887222574680963 -0.14976080123714455 5.9287149948861e-09
  outer loop
    vertex 942.6420721377707 27.319553981397885 3.000000065511367
    vertex 942.5820898215163 27.71555769437939 6.551136709206928e-08
    vertex 942.642072121321 27.31955397123486 6.551136709206928e-08
  endloop
endfacet
facet normal -0.9887222574680963 -0.14976080123714455 5.9287149948861e-09
  outer loop
    vertex 942.5820898215163 27.71555769437939 6.551136709206928e-08
    vertex 942.6420721377707 27.319553981397885 3.000000065511367
    vertex 942.582089837966 27.715557704542416 3.000000065511367
  endloop
endfacet
facet normal -0.5241217214227522 0.8516433649907988 -1.1218382602559082e-11
  outer loop
    vertex 943.0476965274192 28.704350123976024 3.000000065511367
    vertex 943.3908819357742 28.915554642621586 6.551136709206928e-08
    vertex 943.0476965109696 28.704350113813 6.551136709206928e-08
  endloop
endfacet
facet normal -0.5241217214227522 0.8516433649907988 -1.1218382602559082e-11
  outer loop
    vertex 943.3908819357742 28.915554642621586 6.551136709206928e-08
    vertex 943.0476965274192 28.704350123976024 3.000000065511367
    vertex 943.3908819522237 28.91555465278461 3.000000065511367
  endloop
endfacet
facet normal -0.9615173563243644 0.27474419645736875 4.341460621282622e-09
  outer loop
    vertex 943.2636846865988 28.298756251905704 3.000000065511367
    vertex 943.2876867453444 28.382755875531746 6.551136709206928e-08
    vertex 943.2636846701491 28.29875624174268 6.551136709206928e-08
  endloop
endfacet
facet normal -0.9615173563243644 0.27474419645736875 4.341460621282622e-09
  outer loop
    vertex 943.2876867453444 28.382755875531746 6.551136709206928e-08
    vertex 943.2636846865988 28.298756251905704 3.000000065511367
    vertex 943.287686761794 28.38275588569477 3.000000065511367
  endloop
endfacet
facet normal 0.6483463207747924 0.7613455512037816 -6.134210498884835e-09
  outer loop
    vertex 941.1660894717551 26.937954555128368 3.000000065511367
    vertex 941.4732793967117 26.676357865277833 6.551136709206928e-08
    vertex 941.1660894553054 26.937954544965343 6.551136709206928e-08
  endloop
endfacet
facet normal 0.6483463207747924 0.7613455512037816 -6.134210498884835e-09
  outer loop
    vertex 941.4732793967117 26.676357865277833 6.551136709206928e-08
    vertex 941.1660894717551 26.937954555128368 3.000000065511367
    vertex 941.4732794131613 26.676357875440857 3.000000065511367
  endloop
endfacet
facet normal -0.9965433301565537 0.08307461176849511 5.1828293590738075e-09
  outer loop
    vertex 943.3908819522237 28.91555465278461 3.000000065511367
    vertex 943.3980840842116 29.00194990629345 6.551136709206928e-08
    vertex 943.3908819357742 28.915554642621586 6.551136709206928e-08
  endloop
endfacet
facet normal -0.9965433301565537 0.08307461176849511 5.1828293590738075e-09
  outer loop
    vertex 943.3980840842116 29.00194990629345 6.551136709206928e-08
    vertex 943.3908819522237 28.91555465278461 3.000000065511367
    vertex 943.3980841006613 29.001949916456475 3.000000065511367
  endloop
endfacet
facet normal -0.22273826362717353 0.9748782826160156 -2.0812475681117933e-09
  outer loop
    vertex 941.4732794131613 26.676357875440857 3.000000065511367
    vertex 941.5572942892899 26.69555342191846 6.551136709206928e-08
    vertex 941.4732793967117 26.676357865277833 6.551136709206928e-08
  endloop
endfacet
facet normal -0.22273826362717353 0.9748782826160156 -2.0812475681117933e-09
  outer loop
    vertex 941.5572942892899 26.69555342191846 6.551136709206928e-08
    vertex 941.4732794131613 26.676357875440857 3.000000065511367
    vertex 941.5572943057394 26.695553432081486 3.000000065511367
  endloop
endfacet
facet normal -0.047274124284068283 0.9988819535726805 -3.1246713415093258e-09
  outer loop
    vertex 942.582089837966 27.715557704542416 3.000000065511367
    vertex 942.9876836935866 27.73475325102002 6.551136709206928e-08
    vertex 942.5820898215163 27.71555769437939 6.551136709206928e-08
  endloop
endfacet
facet normal -0.047274124284068283 0.9988819535726805 -3.1246713415093258e-09
  outer loop
    vertex 942.9876836935866 27.73475325102002 6.551136709206928e-08
    vertex 942.582089837966 27.715557704542416 3.000000065511367
    vertex 942.9876837100363 27.734753261183045 3.000000065511367
  endloop
endfacet
facet normal -0.8014396422607253 -0.5980756639531494 6.4205487457991344e-09
  outer loop
    vertex 943.287686761794 28.38275588569477 3.000000065511367
    vertex 943.0476965109696 28.704350113813 6.551136709206928e-08
    vertex 943.2876867453444 28.382755875531746 6.551136709206928e-08
  endloop
endfacet
facet normal -0.8014396422607253 -0.5980756639531494 6.4205487457991344e-09
  outer loop
    vertex 943.0476965109696 28.704350113813 6.551136709206928e-08
    vertex 943.287686761794 28.38275588569477 3.000000065511367
    vertex 943.0476965274192 28.704350123976024 3.000000065511367
  endloop
endfacet
facet normal -0.6254290869638169 -0.7802810116743879 6.0726975809684464e-09
  outer loop
    vertex 943.3980841006613 29.001949916456475 3.000000065511367
    vertex 943.083691994368 29.25394880766065 6.551136709206928e-08
    vertex 943.3980840842116 29.00194990629345 6.551136709206928e-08
  endloop
endfacet
facet normal -0.6254290869638169 -0.7802810116743879 6.0726975809684464e-09
  outer loop
    vertex 943.083691994368 29.25394880766065 6.551136709206928e-08
    vertex 943.3980841006613 29.001949916456475 3.000000065511367
    vertex 943.0836920108177 29.253948817823666 3.000000065511367
  endloop
endfacet
facet normal 0.9895859455181154 -0.14394324031720873 -4.938477530690594e-09
  outer loop
    vertex 939.2004827658523 27.71555769437939 6.551136709206928e-08
    vertex 939.1428808535909 27.319553981397885 3.000000065511367
    vertex 939.1428808371413 27.31955397123486 6.551136709206928e-08
  endloop
endfacet
facet normal 0.9895859455181154 -0.14394324031720873 -4.938477530690594e-09
  outer loop
    vertex 939.1428808535909 27.319553981397885 3.000000065511367
    vertex 939.2004827658523 27.71555769437939 6.551136709206928e-08
    vertex 939.200482782302 27.715557704542416 3.000000065511367
  endloop
endfacet
facet normal 0.047554373399899555 0.9988686508097764 -3.6445910926149824e-09
  outer loop
    vertex 938.7972845401144 27.734753261183045 3.000000065511367
    vertex 939.2004827658523 27.71555769437939 6.551136709206928e-08
    vertex 938.7972845236649 27.73475325102002 6.551136709206928e-08
  endloop
endfacet
facet normal 0.047554373399899555 0.9988686508097764 -3.6445910926149824e-09
  outer loop
    vertex 939.2004827658523 27.71555769437939 6.551136709206928e-08
    vertex 938.7972845401144 27.734753261183045 3.000000065511367
    vertex 939.200482782302 27.715557704542416 3.000000065511367
  endloop
endfacet
facet normal 0.9941730171952633 0.10779615893373291 -5.816440184104354e-09
  outer loop
    vertex 939.601285378157 27.338757157270017 6.551136709206928e-08
    vertex 939.6444830264426 26.94035781440569 3.000000065511367
    vertex 939.6444830099929 26.94035780424267 6.551136709206928e-08
  endloop
endfacet
facet normal 0.9941730171952633 0.10779615893373291 -5.816440184104354e-09
  outer loop
    vertex 939.6444830264426 26.94035781440569 3.000000065511367
    vertex 939.601285378157 27.338757157270017 6.551136709206928e-08
    vertex 939.6012853946065 27.338757167433037 3.000000065511367
  endloop
endfacet
facet normal 0.4902447989889524 0.8715847847824569 -5.640760711584882e-09
  outer loop
    vertex 939.6444830264426 26.94035781440569 3.000000065511367
    vertex 939.7212957541336 26.89715254301221 6.551136709206928e-08
    vertex 939.6444830099929 26.94035780424267 6.551136709206928e-08
  endloop
endfacet
facet normal 0.4902447989889524 0.8715847847824569 -5.640760711584882e-09
  outer loop
    vertex 939.7212957541336 26.89715254301221 6.551136709206928e-08
    vertex 939.6444830264426 26.94035781440569 3.000000065511367
    vertex 939.7212957705833 26.897152553175236 3.000000065511367
  endloop
endfacet
facet normal 0.6793701313323925 0.7337957649464921 -6.210990982014799e-09
  outer loop
    vertex 939.1428808535909 27.319553981397885 3.000000065511367
    vertex 939.2076849142898 27.25955641264112 6.551136709206928e-08
    vertex 939.1428808371413 27.31955397123486 6.551136709206928e-08
  endloop
endfacet
facet normal 0.6793701313323925 0.7337957649464921 -6.210990982014799e-09
  outer loop
    vertex 939.2076849142898 27.25955641264112 6.551136709206928e-08
    vertex 939.1428808535909 27.319553981397885 3.000000065511367
    vertex 939.2076849307394 27.259556422804145 3.000000065511367
  endloop
endfacet
facet normal -0.5022489114566324 0.8647230949504169 -1.754614984749731e-10
  outer loop
    vertex 942.0612921084738 26.897152553175236 3.000000065511367
    vertex 942.1356786887039 26.94035780424267 6.551136709206928e-08
    vertex 942.0612920920241 26.89715254301221 6.551136709206928e-08
  endloop
endfacet
facet normal -0.5022489114566324 0.8647230949504169 -1.754614984749731e-10
  outer loop
    vertex 942.1356786887039 26.94035780424267 6.551136709206928e-08
    vertex 942.0612921084738 26.897152553175236 3.000000065511367
    vertex 942.1356787051534 26.94035781440569 3.000000065511367
  endloop
endfacet
facet normal -0.9935109457101203 0.11373654098038288 5.06232956087208e-09
  outer loop
    vertex 942.1356787051534 26.94035781440569 3.000000065511367
    vertex 942.1812872092117 27.338757157270017 6.551136709206928e-08
    vertex 942.1356786887039 26.94035780424267 6.551136709206928e-08
  endloop
endfacet
facet normal -0.9935109457101203 0.11373654098038288 5.06232956087208e-09
  outer loop
    vertex 942.1812872092117 27.338757157270017 6.551136709206928e-08
    vertex 942.1356787051534 26.94035781440569 3.000000065511367
    vertex 942.1812872256613 27.338757167433037 3.000000065511367
  endloop
endfacet
facet normal -0.8161346327340623 0.5778618011705197 2.5174329114990924e-09
  outer loop
    vertex 940.9332861270286 26.6091581684096 3.000000065511367
    vertex 941.1660894553054 26.937954544965343 6.551136709206928e-08
    vertex 940.9332861105789 26.609158158246576 6.551136709206928e-08
  endloop
endfacet
facet normal -0.8161346327340623 0.5778618011705197 2.5174329114990924e-09
  outer loop
    vertex 941.1660894553054 26.937954544965343 6.551136709206928e-08
    vertex 940.9332861270286 26.6091581684096 3.000000065511367
    vertex 941.1660894717551 26.937954555128368 3.000000065511367
  endloop
endfacet
facet normal -0.9200492986589777 -0.3918026136170139 6.372125070469618e-09
  outer loop
    vertex 943.035687860427 27.809155116651795 3.000000065511367
    vertex 942.8772710959305 28.181156754437996 6.551136709206928e-08
    vertex 943.0356878439774 27.80915510648877 6.551136709206928e-08
  endloop
endfacet
facet normal -0.9200492986589777 -0.3918026136170139 6.372125070469618e-09
  outer loop
    vertex 942.8772710959305 28.181156754437996 6.551136709206928e-08
    vertex 943.035687860427 27.809155116651795 3.000000065511367
    vertex 942.8772711123801 28.18115676460102 3.000000065511367
  endloop
endfacet
facet normal -0.6483089873516994 0.7613773420052729 9.755185710856948e-10
  outer loop
    vertex 940.3092779483176 26.676357875440857 3.000000065511367
    vertex 940.6164983908524 26.937954544965343 6.551136709206928e-08
    vertex 940.3092779318679 26.676357865277833 6.551136709206928e-08
  endloop
endfacet
facet normal -0.6483089873516994 0.7613773420052729 9.755185710856948e-10
  outer loop
    vertex 940.6164983908524 26.937954544965343 6.551136709206928e-08
    vertex 940.3092779483176 26.676357875440857 3.000000065511367
    vertex 940.6164984073021 26.937954555128368 3.000000065511367
  endloop
endfacet
facet normal -0.6660023053506553 0.7459496827987879 1.1247986603005572e-09
  outer loop
    vertex 942.5748724307394 27.259556422804145 3.000000065511367
    vertex 942.642072121321 27.31955397123486 6.551136709206928e-08
    vertex 942.5748724142898 27.25955641264112 6.551136709206928e-08
  endloop
endfacet
facet normal -0.6660023053506553 0.7459496827987879 1.1247986603005572e-09
  outer loop
    vertex 942.642072121321 27.31955397123486 6.551136709206928e-08
    vertex 942.5748724307394 27.259556422804145 3.000000065511367
    vertex 942.6420721377707 27.319553981397885 3.000000065511367
  endloop
endfacet
facet normal 0.19727447583283825 0.9803482958545289 -4.4027973434664905e-09
  outer loop
    vertex 942.1812872256613 27.338757167433037 3.000000065511367
    vertex 942.5748724142898 27.25955641264112 6.551136709206928e-08
    vertex 942.1812872092117 27.338757157270017 6.551136709206928e-08
  endloop
endfacet
facet normal 0.19727447583283825 0.9803482958545289 -4.4027973434664905e-09
  outer loop
    vertex 942.5748724142898 27.25955641264112 6.551136709206928e-08
    vertex 942.1812872256613 27.338757167433037 3.000000065511367
    vertex 942.5748724307394 27.259556422804145 3.000000065511367
  endloop
endfacet
facet normal 0.9394573551128818 0.34266584003123046 -6.312084249983939e-09
  outer loop
    vertex 940.083691994368 27.077160477582527 6.551136709206928e-08
    vertex 940.2228826846457 26.695553432081486 3.000000065511367
    vertex 940.222882668196 26.69555342191846 6.551136709206928e-08
  endloop
endfacet
facet normal 0.9394573551128818 0.34266584003123046 -6.312084249983939e-09
  outer loop
    vertex 940.2228826846457 26.695553432081486 3.000000065511367
    vertex 940.083691994368 27.077160477582527 6.551136709206928e-08
    vertex 940.0836920108176 27.07716048774555 3.000000065511367
  endloop
endfacet
facet normal -0.44485897505347094 0.8956006321538497 -5.947457216617747e-10
  outer loop
    vertex 939.7212957705833 26.897152553175236 3.000000065511367
    vertex 940.083691994368 27.077160477582527 6.551136709206928e-08
    vertex 939.7212957541336 26.89715254301221 6.551136709206928e-08
  endloop
endfacet
facet normal -0.44485897505347094 0.8956006321538497 -5.947457216617747e-10
  outer loop
    vertex 940.083691994368 27.077160477582527 6.551136709206928e-08
    vertex 939.7212957705833 26.897152553175236 3.000000065511367
    vertex 940.0836920108176 27.07716048774555 3.000000065511367
  endloop
endfacet
facet normal 0.8161036147797779 0.5779056064301332 -6.432624866040775e-09
  outer loop
    vertex 946.8827375171052 25.71895522211514 5.849603110401201e-08
    vertex 946.9583312036752 25.612203771912903 3.0000000586758384
    vertex 946.9583311872257 25.612203761749885 5.867583817139671e-08
  endloop
endfacet
facet normal 0.8161036147797779 0.5779056064301332 -6.432624866040775e-09
  outer loop
    vertex 946.9583312036752 25.612203771912903 3.0000000586758384
    vertex 946.8827375171052 25.71895522211514 5.849603110401201e-08
    vertex 946.8827375335549 25.71895523227816 3.000000058496031
  endloop
endfacet
facet normal -0.8693382768936646 0.4942175232906599 3.0925192664712403e-09
  outer loop
    vertex 942.980496820388 29.793957362745555 3.000000065511367
    vertex 943.1797002951491 30.14436018461378 6.551136709206928e-08
    vertex 942.9804968039383 29.79395735258253 6.551136709206928e-08
  endloop
endfacet
facet normal -0.8693382768936646 0.4942175232906599 3.0925192664712403e-09
  outer loop
    vertex 943.1797002951491 30.14436018461378 6.551136709206928e-08
    vertex 942.980496820388 29.793957362745555 3.000000065511367
    vertex 943.1797003115987 30.144360194776805 3.000000065511367
  endloop
endfacet
facet normal 0.9855325944671813 -0.16948600308812078 -4.829721617401956e-09
  outer loop
    vertex 945.021768017346 28.51248419020577 4.215973349541712e-08
    vertex 944.9351922454116 28.009060555999525 3.0000000454339695
    vertex 944.935192228962 28.00906054583651 4.543396957712441e-08
  endloop
endfacet
facet normal 0.9855325944671813 -0.16948600308812078 -4.829721617401956e-09
  outer loop
    vertex 944.9351922454116 28.009060555999525 3.0000000454339695
    vertex 945.021768017346 28.51248419020577 4.215973349541712e-08
    vertex 945.0217680337956 28.51248420036879 3.0000000421597335
  endloop
endfacet
facet normal 0.9568048921266581 -0.29073080057416373 -4.26146379104728e-09
  outer loop
    vertex 944.935192228962 28.00906054583651 4.543396957712441e-08
    vertex 944.7866829419373 27.520311418275572 3.000000049027397
    vertex 944.7866829254878 27.520311408112555 4.902739703049884e-08
  endloop
endfacet
facet normal 0.9568048921266581 -0.29073080057416373 -4.26146379104728e-09
  outer loop
    vertex 944.7866829419373 27.520311418275572 3.000000049027397
    vertex 944.935192228962 28.00906054583651 4.543396957712441e-08
    vertex 944.9351922454116 28.009060555999525 3.0000000454339695
  endloop
endfacet
facet normal 0.9857133733541109 -0.16843142696913574 -4.834285425515678e-09
  outer loop
    vertex 947.1007969056117 24.985309162552962 5.8985634549435735e-08
    vertex 947.0787650372923 24.856371694433264 3.0000000589222995
    vertex 947.0787650208426 24.856371684270243 5.892229934132457e-08
  endloop
endfacet
facet normal 0.9857133733541109 -0.16843142696913574 -4.834285425515678e-09
  outer loop
    vertex 947.0787650372923 24.856371694433264 3.0000000589222995
    vertex 947.1007969056117 24.985309162552962 5.8985634549435735e-08
    vertex 947.1007969220614 24.98530917271598 3.000000058985634
  endloop
endfacet
facet normal 0.9552957459868818 -0.29565188600678133 -4.23651779365298e-09
  outer loop
    vertex 947.0787650208426 24.856371684270243 5.892229934132457e-08
    vertex 947.040091920277 24.731413032177688 3.000000058818048
    vertex 947.0400919038275 24.73141302201467 5.8818048140919845e-08
  endloop
endfacet
facet normal 0.9552957459868818 -0.29565188600678133 -4.23651779365298e-09
  outer loop
    vertex 947.040091920277 24.731413032177688 3.000000058818048
    vertex 947.0787650208426 24.856371684270243 5.892229934132457e-08
    vertex 947.0787650372923 24.856371694433264 3.0000000589222995
  endloop
endfacet
facet normal 0.9085327435478499 -0.4178136593045 -3.566262167757071e-09
  outer loop
    vertex 947.0400919038275 24.73141302201467 5.8818048140919845e-08
    vertex 946.98543927877 24.61257126330554 3.0000000586746647
    vertex 946.9854392623203 24.61257125314252 5.8674664715164396e-08
  endloop
endfacet
facet normal 0.9085327435478499 -0.4178136593045 -3.566262167757071e-09
  outer loop
    vertex 946.98543927877 24.61257126330554 3.0000000586746647
    vertex 947.0400919038275 24.73141302201467 5.8818048140919845e-08
    vertex 947.040091920277 24.731413032177688 3.000000058818048
  endloop
endfacet
facet normal 0.9957192657346667 0.09242912876802598 -5.7728601205596485e-09
  outer loop
    vertex 947.0937202779706 25.246265612488756 5.8985940882983206e-08
    vertex 947.1058106029272 25.1160193110242 3.00000005900697
    vertex 947.1058105864776 25.116019300861183 5.9006970082282723e-08
  endloop
endfacet
facet normal 0.9957192657346667 0.09242912876802598 -5.7728601205596485e-09
  outer loop
    vertex 947.1058106029272 25.1160193110242 3.00000005900697
    vertex 947.0937202779706 25.246265612488756 5.8985940882983206e-08
    vertex 947.0937202944203 25.246265622651773 3.000000058985941
  endloop
endfacet
facet normal -0.9871243045630262 -0.1599550166170527 5.954487747453648e-09
  outer loop
    vertex 943.3620886172629 29.541958461378357 3.000000065511367
    vertex 943.3476995627273 29.630756974164548 6.551136709206928e-08
    vertex 943.3620886008132 29.541958451215336 6.551136709206928e-08
  endloop
endfacet
facet normal -0.9871243045630262 -0.1599550166170527 5.954487747453648e-09
  outer loop
    vertex 943.3476995627273 29.630756974164548 6.551136709206928e-08
    vertex 943.3620886172629 29.541958461378357 3.000000065511367
    vertex 943.347699579177 29.630756984327565 3.000000065511367
  endloop
endfacet
facet normal 0.47633997262407446 0.8792611844500451 -5.5905227238295195e-09
  outer loop
    vertex 944.5785458167114 27.053824901914187 3.0000000528842254
    vertex 946.5825180504942 25.968172410216635 5.776999551061643e-08
    vertex 944.5785458002617 27.053824891751166 5.288422570914885e-08
  endloop
endfacet
facet normal 0.47633997262407446 0.8792611844500451 -5.5905227238295195e-09
  outer loop
    vertex 946.5825180504942 25.968172410216635 5.776999551061643e-08
    vertex 944.5785458167114 27.053824901914187 3.0000000528842254
    vertex 946.5825180669439 25.96817242037966 3.0000000577699955
  endloop
endfacet
facet normal 0.8845535534919253 0.4664386465600888 -6.43033682521834e-09
  outer loop
    vertex 946.9583311872257 25.612203761749885 5.867583817139671e-08
    vertex 947.019344297833 25.49649863117287 3.000000058818946
    vertex 947.0193442813835 25.496498621009852 5.881894626543727e-08
  endloop
endfacet
facet normal 0.8845535534919253 0.4664386465600888 -6.43033682521834e-09
  outer loop
    vertex 947.019344297833 25.49649863117287 3.000000058818946
    vertex 946.9583311872257 25.612203761749885 5.867583817139671e-08
    vertex 946.9583312036752 25.612203771912903 3.0000000586758384
  endloop
endfacet
facet normal -0.4061367044339702 -0.9138123315602137 5.322631264708948e-09
  outer loop
    vertex 943.347699579177 29.630756984327565 3.000000065511367
    vertex 942.9804968039383 29.79395735258253 6.551136709206928e-08
    vertex 943.3476995627273 29.630756974164548 6.551136709206928e-08
  endloop
endfacet
facet normal -0.4061367044339702 -0.9138123315602137 5.322631264708948e-09
  outer loop
    vertex 942.9804968039383 29.79395735258253 6.551136709206928e-08
    vertex 943.347699579177 29.630756984327565 3.000000065511367
    vertex 942.980496820388 29.793957362745555 3.000000065511367
  endloop
endfacet
facet normal 0.5328265250518317 0.8462244939737857 -5.788332997629223e-09
  outer loop
    vertex 946.5825180669439 25.96817242037966 3.0000000577699955
    vertex 946.6932095103684 25.898475366066215 5.8039201533316033e-08
    vertex 946.5825180504942 25.968172410216635 5.776999551061643e-08
  endloop
endfacet
facet normal 0.5328265250518317 0.8462244939737857 -5.788332997629223e-09
  outer loop
    vertex 946.6932095103684 25.898475366066215 5.8039201533316033e-08
    vertex 946.5825180669439 25.96817242037966 3.0000000577699955
    vertex 946.6932095268181 25.898475376229232 3.0000000580392014
  endloop
endfacet
facet normal 0.6387225812280051 0.7694371086901348 -6.108853039385868e-09
  outer loop
    vertex 946.6932095268181 25.898475376229232 3.0000000580392014
    vertex 946.7938566996768 25.81492645502168 5.828260161205806e-08
    vertex 946.6932095103684 25.898475366066215 5.8039201533316033e-08
  endloop
endfacet
facet normal 0.6387225812280051 0.7694371086901348 -6.108853039385868e-09
  outer loop
    vertex 946.7938566996768 25.81492645502168 5.828260161205806e-08
    vertex 946.6932095268181 25.898475376229232 3.0000000580392014
    vertex 946.7938567161264 25.814926465184698 3.0000000582826014
  endloop
endfacet
facet normal 0.9992651716118479 -0.03832905951812376 -5.349337093430227e-09
  outer loop
    vertex 947.1058105864776 25.116019300861183 5.9006970082282723e-08
    vertex 947.1007969220614 24.98530917271598 3.000000058985634
    vertex 947.1007969056117 24.985309162552962 5.8985634549435735e-08
  endloop
endfacet
facet normal 0.9992651716118479 -0.03832905951812376 -5.349337093430227e-09
  outer loop
    vertex 947.1007969220614 24.98530917271598 3.000000058985634
    vertex 947.1058105864776 25.116019300861183 5.9006970082282723e-08
    vertex 947.1058106029272 25.1160193110242 3.00000005900697
  endloop
endfacet
facet normal 0.9989593298966462 -0.045609836794747526 -5.322995205727643e-09
  outer loop
    vertex 945.0450661511543 29.02276639625007 3.925552298167378e-08
    vertex 945.0217680337956 28.51248420036879 3.0000000421597335
    vertex 945.021768017346 28.51248419020577 4.215973349541712e-08
  endloop
endfacet
facet normal 0.9989593298966462 -0.045609836794747526 -5.322995205727643e-09
  outer loop
    vertex 945.0217680337956 28.51248420036879 3.0000000421597335
    vertex 945.0450661511543 29.02276639625007 3.925552298167378e-08
    vertex 945.0450661676039 29.02276640641309 3.000000039255523
  endloop
endfacet
facet normal -0.9102553372642809 -0.4140473656260723 6.393780643228801e-09
  outer loop
    vertex 943.1797003115987 30.144360194776805 3.000000065511367
    vertex 943.1436742941727 30.223560929242677 6.551136709206928e-08
    vertex 943.1797002951491 30.14436018461378 6.551136709206928e-08
  endloop
endfacet
facet normal -0.9102553372642809 -0.4140473656260723 6.393780643228801e-09
  outer loop
    vertex 943.1436742941727 30.223560929242677 6.551136709206928e-08
    vertex 943.1797003115987 30.144360194776805 3.000000065511367
    vertex 943.1436743106223 30.223560939405694 3.000000065511367
  endloop
endfacet
facet normal -0.17310112899410532 -0.9849040558049125 4.285683167631618e-09
  outer loop
    vertex 943.1436743106223 30.223560939405694 3.000000065511367
    vertex 942.7476934592116 30.293156266156732 6.551136709206928e-08
    vertex 943.1436742941727 30.223560929242677 6.551136709206928e-08
  endloop
endfacet
facet normal -0.17310112899410532 -0.9849040558049125 4.285683167631618e-09
  outer loop
    vertex 942.7476934592116 30.293156266156732 6.551136709206928e-08
    vertex 943.1436743106223 30.223560939405694 3.000000065511367
    vertex 942.7476934756613 30.293156276319756 3.000000065511367
  endloop
endfacet
facet normal -0.7190042388034545 0.695005686726853 1.5880011310422136e-09
  outer loop
    vertex 943.0836920108177 29.253948817823666 3.000000065511367
    vertex 943.3620886008132 29.541958451215336 6.551136709206928e-08
    vertex 943.083691994368 29.25394880766065 6.551136709206928e-08
  endloop
endfacet
facet normal -0.7190042388034545 0.695005686726853 1.5880011310422136e-09
  outer loop
    vertex 943.3620886008132 29.541958451215336 6.551136709206928e-08
    vertex 943.0836920108177 29.253948817823666 3.000000065511367
    vertex 943.3620886172629 29.541958461378357 3.000000065511367
  endloop
endfacet
facet normal -0.9650442658044074 0.26208694175412894 4.403678055820781e-09
  outer loop
    vertex 942.7476934756613 30.293156276319756 3.000000065511367
    vertex 942.8532842795242 30.681957840863774 6.551136709206928e-08
    vertex 942.7476934592116 30.293156266156732 6.551136709206928e-08
  endloop
endfacet
facet normal -0.9650442658044074 0.26208694175412894 4.403678055820781e-09
  outer loop
    vertex 942.8532842795242 30.681957840863774 6.551136709206928e-08
    vertex 942.7476934756613 30.293156276319756 3.000000065511367
    vertex 942.8532842959738 30.68195785102679 3.000000065511367
  endloop
endfacet
facet normal -0.7834428851812436 -0.6214637927175557 6.401100032184091e-09
  outer loop
    vertex 942.8532842959738 30.68195785102679 3.000000065511367
    vertex 942.798077980696 30.75155317777783 6.551136709206928e-08
    vertex 942.8532842795242 30.681957840863774 6.551136709206928e-08
  endloop
endfacet
facet normal -0.7834428851812436 -0.6214637927175557 6.401100032184091e-09
  outer loop
    vertex 942.798077980696 30.75155317777783 6.551136709206928e-08
    vertex 942.8532842959738 30.68195785102679 3.000000065511367
    vertex 942.7980779971457 30.751553187940846 3.000000065511367
  endloop
endfacet
facet normal 0.9751363271552282 0.22160582903482393 -6.0976079104873e-09
  outer loop
    vertex 947.0647328486216 25.373819546932634 5.892290676696759e-08
    vertex 947.0937202944203 25.246265622651773 3.000000058985941
    vertex 947.0937202779706 25.246265612488756 5.8985940882983206e-08
  endloop
endfacet
facet normal 0.9751363271552282 0.22160582903482393 -6.0976079104873e-09
  outer loop
    vertex 947.0937202944203 25.246265622651773 3.000000058985941
    vertex 947.0647328486216 25.373819546932634 5.892290676696759e-08
    vertex 947.0647328650713 25.37381955709565 3.000000058922907
  endloop
endfacet
facet normal 0.08840015858472326 -0.9960850425351219 2.8896935306813995e-09
  outer loop
    vertex 942.7980779971457 30.751553187940846 3.000000065511367
    vertex 942.3924841086257 30.715557694379385 6.551136709206928e-08
    vertex 942.798077980696 30.75155317777783 6.551136709206928e-08
  endloop
endfacet
facet normal 0.08840015858472326 -0.9960850425351219 2.8896935306813995e-09
  outer loop
    vertex 942.3924841086257 30.715557694379385 6.551136709206928e-08
    vertex 942.7980779971457 30.751553187940846 3.000000065511367
    vertex 942.3924841250754 30.71555770454241 3.000000065511367
  endloop
endfacet
facet normal 0.996876640535108 0.0789744487504475 -5.733626196566045e-09
  outer loop
    vertex 945.0047249133047 29.53198473583853 3.676642760797043e-08
    vertex 945.0450661676039 29.02276640641309 3.000000039255523
    vertex 945.0450661511543 29.02276639625007 3.925552298167378e-08
  endloop
endfacet
facet normal 0.996876640535108 0.0789744487504475 -5.733626196566045e-09
  outer loop
    vertex 945.0450661676039 29.02276640641309 3.000000039255523
    vertex 945.0047249133047 29.53198473583853 3.676642760797043e-08
    vertex 945.0047249297543 29.531984746001548 3.0000000367664272
  endloop
endfacet
facet normal -0.9998442377543427 0.01764936909459959 5.422568264963713e-09
  outer loop
    vertex 942.3924841250754 30.71555770454241 3.000000065511367
    vertex 942.3996862570632 31.123562455121583 6.551136709206928e-08
    vertex 942.3924841086257 30.715557694379385 6.551136709206928e-08
  endloop
endfacet
facet normal -0.9998442377543427 0.01764936909459959 5.422568264963713e-09
  outer loop
    vertex 942.3996862570632 31.123562455121583 6.551136709206928e-08
    vertex 942.3924841250754 30.71555770454241 3.000000065511367
    vertex 942.3996862735129 31.1235624652846 3.000000065511367
  endloop
endfacet
facet normal 0.7336899169520905 0.6794844411484597 -6.324848911944782e-09
  outer loop
    vertex 946.7938566996768 25.81492645502168 5.828260161205806e-08
    vertex 946.8827375335549 25.71895523227816 3.000000058496031
    vertex 946.8827375171052 25.71895522211514 5.849603110401201e-08
  endloop
endfacet
facet normal 0.7336899169520905 0.6794844411484597 -6.324848911944782e-09
  outer loop
    vertex 946.8827375335549 25.71895523227816 3.000000058496031
    vertex 946.7938566996768 25.81492645502168 5.828260161205806e-08
    vertex 946.7938567161264 25.814926465184698 3.0000000582826014
  endloop
endfacet
facet normal 0.9132222371668407 -0.4074618332359372 -3.6270442600111015e-09
  outer loop
    vertex 944.7866829254878 27.520311408112555 4.902739703049884e-08
    vertex 944.5785458167114 27.053824901914187 3.0000000528842254
    vertex 944.5785458002617 27.053824891751166 5.288422570914885e-08
  endloop
endfacet
facet normal 0.9132222371668407 -0.4074618332359372 -3.6270442600111015e-09
  outer loop
    vertex 944.5785458167114 27.053824901914187 3.0000000528842254
    vertex 944.7866829254878 27.520311408112555 4.902739703049884e-08
    vertex 944.7866829419373 27.520311418275572 3.000000049027397
  endloop
endfacet
facet normal 0.9378685356592933 0.3469907921260923 -6.318023938490194e-09
  outer loop
    vertex 947.0193442813835 25.496498621009852 5.881894626543727e-08
    vertex 947.0647328650713 25.37381955709565 3.000000058922907
    vertex 947.0647328486216 25.373819546932634 5.892290676696759e-08
  endloop
endfacet
facet normal 0.9378685356592933 0.3469907921260923 -6.318023938490194e-09
  outer loop
    vertex 947.0647328650713 25.37381955709565 3.000000058922907
    vertex 947.0193442813835 25.496498621009852 5.881894626543727e-08
    vertex 947.019344297833 25.49649863117287 3.000000058818946
  endloop
endfacet
facet normal -0.02810070054346945 -0.9996050973404279 3.5404173078631487e-09
  outer loop
    vertex 943.0796291993838 22.86504321744376 3.000000044261673
    vertex 942.5843133929336 22.87896742668127 4.4433682458075594e-08
    vertex 943.0796291829341 22.865043207280742 4.426167347672235e-08
  endloop
endfacet
facet normal -0.02810070054346945 -0.9996050973404279 3.5404173078631487e-09
  outer loop
    vertex 942.5843133929336 22.87896742668127 4.4433682458075594e-08
    vertex 943.0796291993838 22.86504321744376 3.000000044261673
    vertex 942.5843134093833 22.878967436844288 3.000000044433682
  endloop
endfacet
facet normal -0.9250778758623448 -0.37977746587970695 6.358960560296642e-09
  outer loop
    vertex 937.5329828405055 26.369529235275316 3.000000087553369
    vertex 937.3447987341218 26.827915922132814 9.321592213559628e-08
    vertex 937.5329828240558 26.3695292251123 8.755336924466906e-08
  endloop
endfacet
facet normal -0.9250778758623448 -0.37977746587970695 6.358960560296642e-09
  outer loop
    vertex 937.3447987341218 26.827915922132814 9.321592213559628e-08
    vertex 937.5329828405055 26.369529235275316 3.000000087553369
    vertex 937.3447987505714 26.827915932295834 3.0000000932159216
  endloop
endfacet
facet normal -0.6957088511028197 -0.7183238785514476 6.248165964988439e-09
  outer loop
    vertex 938.9959422574824 24.3908444416834 3.0000000631102357
    vertex 938.6400045208997 24.735576146185682 6.736878319351396e-08
    vertex 938.9959422410328 24.39084443152038 6.311023559568756e-08
  endloop
endfacet
facet normal -0.6957088511028197 -0.7183238785514476 6.248165964988439e-09
  outer loop
    vertex 938.6400045208997 24.735576146185682 6.736878319351396e-08
    vertex 938.9959422574824 24.3908444416834 3.0000000631102357
    vertex 938.6400045373492 24.7355761563487 3.000000067368783
  endloop
endfacet
facet normal -0.8040880880217249 -0.5945101737578311 6.422992022214534e-09
  outer loop
    vertex 938.3136359067427 25.108423487927954 3.000000071974649
    vertex 938.0190492808794 25.506858347303055 7.689660388736456e-08
    vertex 938.3136358902931 25.108423477764937 7.1974649264741e-08
  endloop
endfacet
facet normal -0.8040880880217249 -0.5945101737578311 6.422992022214534e-09
  outer loop
    vertex 938.0190492808794 25.506858347303055 7.689660388736456e-08
    vertex 938.3136359067427 25.108423487927954 3.000000071974649
    vertex 938.019049297329 25.506858357466072 3.0000000768966038
  endloop
endfacet
facet normal -0.8906959223169703 -0.4545995754154659 6.423909837984043e-09
  outer loop
    vertex 937.7582421438343 25.928179190556197 3.000000082101274
    vertex 937.5329828240558 26.3695292251123 8.755336924466906e-08
    vertex 937.7582421273846 25.92817918039318 8.21012739114503e-08
  endloop
endfacet
facet normal -0.8906959223169703 -0.4545995754154659 6.423909837984043e-09
  outer loop
    vertex 937.5329828240558 26.3695292251123 8.755336924466906e-08
    vertex 937.7582421438343 25.928179190556197 3.000000082101274
    vertex 937.5329828405055 26.369529235275316 3.000000087553369
  endloop
endfacet
facet normal -0.9531873695784401 -0.3023802878431965 6.250894561615867e-09
  outer loop
    vertex 937.3447987505714 26.827915932295834 3.0000000932159216
    vertex 937.1949658335573 27.300231195671735 9.905053783232363e-08
    vertex 937.3447987341218 26.827915922132814 9.321592213559628e-08
  endloop
endfacet
facet normal -0.9531873695784401 -0.3023802878431965 6.250894561615867e-09
  outer loop
    vertex 937.1949658335573 27.300231195671735 9.905053783232363e-08
    vertex 937.3447987505714 26.827915932295834 3.0000000932159216
    vertex 937.1949658500068 27.300231205834756 3.0000000990505375
  endloop
endfacet
facet normal -0.6358014864767885 -0.7718526218093104 6.1010190242997165e-09
  outer loop
    vertex 937.1949658500068 27.300231205834756 3.0000000990505375
    vertex 936.8804286887254 27.55932623348802 9.967534744248495e-08
    vertex 937.1949658335573 27.300231195671735 9.905053783232363e-08
  endloop
endfacet
facet normal -0.6358014864767885 -0.7718526218093104 6.1010190242997165e-09
  outer loop
    vertex 936.8804286887254 27.55932623348802 9.967534744248495e-08
    vertex 937.1949658500068 27.300231205834756 3.0000000990505375
    vertex 936.880428705175 27.559326243651036 3.000000099675347
  endloop
endfacet
facet normal 0.5213768787479466 -0.8533265203350058 3.197091853611516e-11
  outer loop
    vertex 946.3471249834851 23.88068022762061 5.680806363821699e-08
    vertex 945.9242919224797 23.62233201479824 3.0000000536166307
    vertex 945.92429190603 23.622332004635222 5.361663053939316e-08
  endloop
endfacet
facet normal 0.5213768787479466 -0.8533265203350058 3.197091853611516e-11
  outer loop
    vertex 945.9242919224797 23.62233201479824 3.0000000536166307
    vertex 946.3471249834851 23.88068022762061 5.680806363821699e-08
    vertex 946.3471249999347 23.880680237783626 3.0000000568080636
  endloop
endfacet
facet normal 0.8792611844500469 -0.4763399726240709 -3.207491974114383e-09
  outer loop
    vertex 946.9854392623203 24.61257125314252 5.8674664715164396e-08
    vertex 946.8652852521988 24.390782671562196 3.00000005955437
    vertex 946.8652852357492 24.39078266139918 5.9554370175163195e-08
  endloop
endfacet
facet normal 0.8792611844500469 -0.4763399726240709 -3.207491974114383e-09
  outer loop
    vertex 946.8652852521988 24.390782671562196 3.00000005955437
    vertex 946.9854392623203 24.61257125314252 5.8674664715164396e-08
    vertex 946.98543927877 24.61257126330554 3.0000000586746647
  endloop
endfacet
facet normal -0.35000073253072067 -0.9367494260622522 5.0925291699511564e-09
  outer loop
    vertex 941.1286305227683 23.163210729525787 3.000000047945003
    vertex 940.6644604223153 23.336640096419224 5.0087414811061076e-08
    vertex 941.1286305063186 23.163210719362766 4.7945003116293224e-08
  endloop
endfacet
facet normal -0.35000073253072067 -0.9367494260622522 5.0925291699511564e-09
  outer loop
    vertex 940.6644604223153 23.336640096419224 5.0087414811061076e-08
    vertex 941.1286305227683 23.163210729525787 3.000000047945003
    vertex 940.664460438765 23.336640106582244 3.000000050087415
  endloop
endfacet
facet normal -0.5684926761272586 -0.8226883232364903 5.904165237835728e-09
  outer loop
    vertex 939.7866871426559 23.79487114493161 3.000000055748045
    vertex 939.379035626797 24.076565775716958 5.9227881411886365e-08
    vertex 939.7866871262063 23.79487113476859 5.574804481577877e-08
  endloop
endfacet
facet normal -0.5684926761272586 -0.8226883232364903 5.904165237835728e-09
  outer loop
    vertex 939.379035626797 24.076565775716958 5.9227881411886365e-08
    vertex 939.7866871426559 23.79487114493161 3.000000055748045
    vertex 939.3790356432467 24.076565785879975 3.000000059227881
  endloop
endfacet
facet normal -0.42588405457158607 -0.9047777473289595 5.400303967461049e-09
  outer loop
    vertex 940.664460438765 23.336640106582244 3.000000050087415
    vertex 940.2161326718013 23.54767052983738 5.269432072389146e-08
    vertex 940.6644604223153 23.336640096419224 5.0087414811061076e-08
  endloop
endfacet
facet normal -0.42588405457158607 -0.9047777473289595 5.400303967461049e-09
  outer loop
    vertex 940.2161326718013 23.54767052983738 5.269432072389146e-08
    vertex 940.664460438765 23.336640106582244 3.000000050087415
    vertex 940.2161326882508 23.547670540000396 3.0000000526943205
  endloop
endfacet
facet normal -0.19164519893842047 -0.9814642722605104 4.375711384412608e-09
  outer loop
    vertex 942.0918224535341 22.93359594695122 3.0000000451085205
    vertex 941.6054956339644 23.02855833080214 4.628161219096693e-08
    vertex 942.0918224370844 22.9335959367882 4.510852060203507e-08
  endloop
endfacet
facet normal -0.19164519893842047 -0.9814642722605104 4.375711384412608e-09
  outer loop
    vertex 941.6054956339644 23.02855833080214 4.628161219096693e-08
    vertex 942.0918224535341 22.93359594695122 3.0000000451085205
    vertex 941.605495650414 23.028558340965162 3.000000046281612
  endloop
endfacet
facet normal -0.025392414974571786 -0.9996775606473114 3.5258126842043438e-09
  outer loop
    vertex 936.880428705175 27.559326243651036 3.000000099675347
    vertex 936.3518801542255 27.572751686104493 1.0300287384079619e-07
    vertex 936.8804286887254 27.55932623348802 9.967534744248495e-08
  endloop
endfacet
facet normal -0.025392414974571786 -0.9996775606473114 3.5258126842043438e-09
  outer loop
    vertex 936.3518801542255 27.572751686104493 1.0300287384079619e-07
    vertex 936.880428705175 27.559326243651036 3.000000099675347
    vertex 936.351880170675 27.57275169626751 3.000000103002874
  endloop
endfacet
facet normal 0.7529739203990786 -0.6580503591662585 -1.899456683436901e-09
  outer loop
    vertex 946.8652852357492 24.39078266139918 5.9554370175163195e-08
    vertex 946.5471971461964 24.02681045443207 3.0000000586132423
    vertex 946.5471971297467 24.02681044426905 5.8613242728519923e-08
  endloop
endfacet
facet normal 0.7529739203990786 -0.6580503591662585 -1.899456683436901e-09
  outer loop
    vertex 946.5471971461964 24.02681045443207 3.0000000586132423
    vertex 946.8652852357492 24.39078266139918 5.9554370175163195e-08
    vertex 946.8652852521988 24.390782671562196 3.00000005955437
  endloop
endfacet
facet normal -0.8502746346369796 -0.5263392876205907 6.4453020082568196e-09
  outer loop
    vertex 938.019049297329 25.506858357466072 3.0000000768966038
    vertex 937.7582421273846 25.92817918039318 8.21012739114503e-08
    vertex 938.0190492808794 25.506858347303055 7.689660388736456e-08
  endloop
endfacet
facet normal -0.8502746346369796 -0.5263392876205907 6.4453020082568196e-09
  outer loop
    vertex 937.7582421273846 25.92817918039318 8.21012739114503e-08
    vertex 938.019049297329 25.506858357466072 3.0000000768966038
    vertex 937.7582421438343 25.928179190556197 3.000000082101274
  endloop
endfacet
facet normal 0.3821843960756993 -0.9240860822435608 1.0349031548658358e-09
  outer loop
    vertex 936.351880170675 27.57275169626751 3.000000103002874
    vertex 935.7818959265643 27.337017070025826 1.0794182997153622e-07
    vertex 936.3518801542255 27.572751686104493 1.0300287384079619e-07
  endloop
endfacet
facet normal 0.3821843960756993 -0.9240860822435608 1.0349031548658358e-09
  outer loop
    vertex 935.7818959265643 27.337017070025826 1.0794182997153622e-07
    vertex 936.351880170675 27.57275169626751 3.000000103002874
    vertex 935.7818959430139 27.337017080188847 3.0000001079418297
  endloop
endfacet
facet normal 0.5638280639865699 -0.8258921928806184 -2.937364868615525e-10
  outer loop
    vertex 935.7818959430139 27.337017080188847 3.0000001079418297
    vertex 935.5714856417982 27.193372143332986 1.1007068534296669e-07
    vertex 935.7818959265643 27.337017070025826 1.0794182997153622e-07
  endloop
endfacet
facet normal 0.5638280639865699 -0.8258921928806184 -2.937364868615525e-10
  outer loop
    vertex 935.5714856417982 27.193372143332986 1.1007068534296669e-07
    vertex 935.7818959430139 27.337017080188847 3.0000001079418297
    vertex 935.5714856582479 27.193372153496004 3.000000110070685
  endloop
endfacet
facet normal 0.3551945044735956 -0.934792417594279 1.2191640325937056e-09
  outer loop
    vertex 935.5714856582479 27.193372153496004 3.000000110070685
    vertex 935.341257165077 27.105891876949148 1.1202386603792467e-07
    vertex 935.5714856417982 27.193372143332986 1.1007068534296669e-07
  endloop
endfacet
facet normal 0.3551945044735956 -0.934792417594279 1.2191640325937056e-09
  outer loop
    vertex 935.341257165077 27.105891876949148 1.1202386603792467e-07
    vertex 935.5714856582479 27.193372153496004 3.000000110070685
    vertex 935.3412571815267 27.105891887112165 3.0000001120238657
  endloop
endfacet
facet normal 0.21724992108646052 -0.9761160134881135 2.1155343447156367e-09
  outer loop
    vertex 944.5489816741765 23.06705848466808 4.675721316061062e-08
    vertex 944.0653050110659 22.95940866733744 3.0000000454273907
    vertex 944.0653049946162 22.959408657174418 4.5427390882075354e-08
  endloop
endfacet
facet normal 0.21724992108646052 -0.9761160134881135 2.1155343447156367e-09
  outer loop
    vertex 944.0653050110659 22.95940866733744 3.0000000454273907
    vertex 944.5489816741765 23.06705848466808 4.675721316061062e-08
    vertex 944.5489816906261 23.0670584948311 3.000000046757213
  endloop
endfacet
facet normal 0.44940290012713097 -0.8933291853271806 5.621354952231394e-10
  outer loop
    vertex 945.92429190603 23.622332004635222 5.361663053939316e-08
    vertex 945.4816370657387 23.399647723674438 3.000000050865762
    vertex 945.4816370492891 23.39964771351142 5.086576192853831e-08
  endloop
endfacet
facet normal 0.44940290012713097 -0.8933291853271806 5.621354952231394e-10
  outer loop
    vertex 945.4816370657387 23.399647723674438 3.000000050865762
    vertex 945.92429190603 23.622332004635222 5.361663053939316e-08
    vertex 945.9242919224797 23.62233201479824 3.0000000536166307
  endloop
endfacet
facet normal -0.11024671182589255 -0.9939042521951391 3.971528755584018e-09
  outer loop
    vertex 942.5843134093833 22.878967436844288 3.000000044433682
    vertex 942.0918224370844 22.9335959367882 4.510852060203507e-08
    vertex 942.5843133929336 22.87896742668127 4.4433682458075594e-08
  endloop
endfacet
facet normal -0.11024671182589255 -0.9939042521951391 3.971528755584018e-09
  outer loop
    vertex 942.0918224370844 22.9335959367882 4.510852060203507e-08
    vertex 942.5843134093833 22.878967436844288 3.000000044433682
    vertex 942.0918224535341 22.93359594695122 3.0000000451085205
  endloop
endfacet
facet normal 0.374381760059978 -0.9272746614323035 1.0884885308446317e-09
  outer loop
    vertex 945.4816370492891 23.39964771351142 5.086576192853831e-08
    vertex 945.0221618362738 23.214137267856174 3.0000000485741096
    vertex 945.0221618198241 23.214137257693153 4.857410997895321e-08
  endloop
endfacet
facet normal 0.374381760059978 -0.9272746614323035 1.0884885308446317e-09
  outer loop
    vertex 945.0221618362738 23.214137267856174 3.0000000485741096
    vertex 945.4816370492891 23.39964771351142 5.086576192853831e-08
    vertex 945.4816370657387 23.399647723674438 3.000000050865762
  endloop
endfacet
facet normal 0.29682213689631387 -0.9549327824764976 1.6074611061153584e-09
  outer loop
    vertex 945.0221618198241 23.214137257693153 4.857410997895321e-08
    vertex 944.5489816906261 23.0670584948311 3.000000046757213
    vertex 944.5489816741765 23.06705848466808 4.675721316061062e-08
  endloop
endfacet
facet normal 0.29682213689631387 -0.9549327824764976 1.6074611061153584e-09
  outer loop
    vertex 944.5489816906261 23.0670584948311 3.000000046757213
    vertex 945.0221618198241 23.214137257693153 4.857410997895321e-08
    vertex 945.0221618362738 23.214137267856174 3.0000000485741096
  endloop
endfacet
facet normal -0.2717442421412165 -0.9623695064075419 4.7502246474510256e-09
  outer loop
    vertex 941.605495650414 23.028558340965162 3.000000046281612
    vertex 941.1286305063186 23.163210719362766 4.7945003116293224e-08
    vertex 941.6054956339644 23.02855833080214 4.628161219096693e-08
  endloop
endfacet
facet normal -0.2717442421412165 -0.9623695064075419 4.7502246474510256e-09
  outer loop
    vertex 941.1286305063186 23.163210719362766 4.7945003116293224e-08
    vertex 941.605495650414 23.028558340965162 3.000000046281612
    vertex 941.1286305227683 23.163210729525787 3.000000047945003
  endloop
endfacet
facet normal -0.49887968391766596 -0.8666712531140108 5.67146218318279e-09
  outer loop
    vertex 940.2161326882508 23.547670540000396 3.0000000526943205
    vertex 939.7866871262063 23.79487113476859 5.574804481577877e-08
    vertex 940.2161326718013 23.54767052983738 5.269432072389146e-08
  endloop
endfacet
facet normal -0.49887968391766596 -0.8666712531140108 5.67146218318279e-09
  outer loop
    vertex 939.7866871262063 23.79487113476859 5.574804481577877e-08
    vertex 940.2161326882508 23.547670540000396 3.0000000526943205
    vertex 939.7866871426559 23.79487114493161 3.000000055748045
  endloop
endfacet
facet normal -0.7524494488173219 -0.6586500033967269 6.357131151976914e-09
  outer loop
    vertex 938.6400045373492 24.7355761563487 3.000000067368783
    vertex 938.3136358902931 25.108423477764937 7.1974649264741e-08
    vertex 938.6400045208997 24.735576146185682 6.736878319351396e-08
  endloop
endfacet
facet normal -0.7524494488173219 -0.6586500033967269 6.357131151976914e-09
  outer loop
    vertex 938.3136358902931 25.108423477764937 7.1974649264741e-08
    vertex 938.6400045373492 24.7355761563487 3.000000067368783
    vertex 938.3136359067427 25.108423487927954 3.000000071974649
  endloop
endfacet
facet normal 0.13620464939828855 -0.9906807222724632 2.609263272916813e-09
  outer loop
    vertex 944.0653049946162 22.959408657174418 4.5427390882075354e-08
    vertex 943.5744113512635 22.891917701457057 3.00000004459366
    vertex 943.5744113348138 22.89191769129404 4.459365995916357e-08
  endloop
endfacet
facet normal 0.13620464939828855 -0.9906807222724632 2.609263272916813e-09
  outer loop
    vertex 943.5744113512635 22.891917701457057 3.00000004459366
    vertex 944.0653049946162 22.959408657174418 4.5427390882075354e-08
    vertex 944.0653050110659 22.95940866733744 3.0000000454273907
  endloop
endfacet
facet normal 0.5898156787494906 -0.8075379031979104 -4.984104359024955e-10
  outer loop
    vertex 946.5471971297467 24.02681044426905 5.8613242728519923e-08
    vertex 946.3471249999347 23.880680237783626 3.0000000568080636
    vertex 946.3471249834851 23.88068022762061 5.680806363821699e-08
  endloop
endfacet
facet normal 0.5898156787494906 -0.8075379031979104 -4.984104359024955e-10
  outer loop
    vertex 946.3471249999347 23.880680237783626 3.0000000568080636
    vertex 946.5471971297467 24.02681044426905 5.8613242728519923e-08
    vertex 946.5471971461964 24.02681045443207 3.0000000586132423
  endloop
endfacet
facet normal -0.6342510226174731 -0.7731271824924341 6.096835296082324e-09
  outer loop
    vertex 939.3790356432467 24.076565785879975 3.000000059227881
    vertex 938.9959422410328 24.39084443152038 6.311023559568756e-08
    vertex 939.379035626797 24.076565775716958 5.9227881411886365e-08
  endloop
endfacet
facet normal -0.6342510226174731 -0.7731271824924341 6.096835296082324e-09
  outer loop
    vertex 938.9959422410328 24.39084443152038 6.311023559568756e-08
    vertex 939.3790356432467 24.076565785879975 3.000000059227881
    vertex 938.9959422574824 24.3908444416834 3.0000000631102357
  endloop
endfacet
facet normal 0.054235846606183045 -0.9985281533051087 3.0853001781105425e-09
  outer loop
    vertex 943.5744113348138 22.89191769129404 4.459365995916357e-08
    vertex 943.0796291993838 22.86504321744376 3.000000044261673
    vertex 943.0796291829341 22.865043207280742 4.426167347672235e-08
  endloop
endfacet
facet normal 0.054235846606183045 -0.9985281533051087 3.0853001781105425e-09
  outer loop
    vertex 943.0796291993838 22.86504321744376 3.000000044261673
    vertex 943.5744113348138 22.89191769129404 4.459365995916357e-08
    vertex 943.5744113512635 22.891917701457057 3.00000004459366
  endloop
endfacet
facet normal -0.7308745663315543 0.6825118081686661 1.6954138358737774e-09
  outer loop
    vertex 936.8809303105419 30.479564115810135 3.0000000839096073
    vertex 937.104249955882 30.71870818932503 8.118223601971673e-08
    vertex 936.8809302940922 30.479564105647118 8.390960763382526e-08
  endloop
endfacet
facet normal -0.7308745663315543 0.6825118081686661 1.6954138358737774e-09
  outer loop
    vertex 937.104249955882 30.71870818932503 8.118223601971673e-08
    vertex 936.8809303105419 30.479564115810135 3.0000000839096073
    vertex 937.1042499723316 30.71870819948805 3.000000081182236
  endloop
endfacet
facet normal 0.18504090217444794 0.9827308199718101 -4.343789270436576e-09
  outer loop
    vertex 935.9211050476672 30.501428174908106 8.996585739717842e-08
    vertex 936.5287191364642 30.38701897571686 3.0000000866748042
    vertex 936.5287191200146 30.387018965553835 8.667480451585162e-08
  endloop
endfacet
facet normal 0.18504090217444794 0.9827308199718101 -4.343789270436576e-09
  outer loop
    vertex 936.5287191364642 30.38701897571686 3.0000000866748042
    vertex 935.9211050476672 30.501428174908106 8.996585739717842e-08
    vertex 935.9211050641169 30.501428185071127 3.0000000899658574
  endloop
endfacet
facet normal -0.564464166927783 0.8254575726556296 2.9869672574329664e-10
  outer loop
    vertex 933.1282998390997 29.95338774437433 1.1088927536540003e-07
    vertex 933.6071098989482 30.280807504766724 3.000000106041928
    vertex 933.6071098824987 30.280807494603707 1.0604192796082046e-07
  endloop
endfacet
facet normal -0.564464166927783 0.8254575726556296 2.9869672574329664e-10
  outer loop
    vertex 933.6071098989482 30.280807504766724 3.000000106041928
    vertex 933.1282998390997 29.95338774437433 1.1088927536540003e-07
    vertex 933.1282998555494 29.95338775453735 3.000000110889275
  endloop
endfacet
facet normal -0.07592397626425136 -0.997113609288443 3.7942021506851875e-09
  outer loop
    vertex 935.3412571815267 27.105891887112165 3.0000001120238657
    vertex 934.8070046757259 27.146571868619855 1.1524097291215616e-07
    vertex 935.341257165077 27.105891876949148 1.1202386603792467e-07
  endloop
endfacet
facet normal -0.07592397626425136 -0.997113609288443 3.7942021506851875e-09
  outer loop
    vertex 934.8070046757259 27.146571868619855 1.1524097291215616e-07
    vertex 935.3412571815267 27.105891887112165 3.0000001120238657
    vertex 934.8070046921756 27.146571878782872 3.0000001152409728
  endloop
endfacet
facet normal -0.7637511339515171 0.6455108096598938 2.001030330144961e-09
  outer loop
    vertex 937.4991551226803 31.43835671781346 3.0000000747574975
    vertex 938.029044127156 32.0653072320164 6.796480277349025e-08
    vertex 937.4991551062308 31.43835670765044 7.475749764063177e-08
  endloop
endfacet
facet normal -0.7637511339515171 0.6455108096598938 2.001030330144961e-09
  outer loop
    vertex 938.029044127156 32.0653072320164 6.796480277349025e-08
    vertex 937.4991551226803 31.43835671781346 3.0000000747574975
    vertex 938.0290441436057 32.06530724217942 3.0000000679648027
  endloop
endfacet
facet normal -0.8503869492325764 0.5261578057721007 2.880401874876589e-09
  outer loop
    vertex 938.0290441436057 32.06530724217942 3.0000000679648027
    vertex 938.1487338480392 32.258752193736505 6.615072080273786e-08
    vertex 938.029044127156 32.0653072320164 6.796480277349025e-08
  endloop
endfacet
facet normal -0.8503869492325764 0.5261578057721007 2.880401874876589e-09
  outer loop
    vertex 938.1487338480392 32.258752193736505 6.615072080273786e-08
    vertex 938.0290441436057 32.06530724217942 3.0000000679648027
    vertex 938.1487338644888 32.258752203899526 3.0000000661507205
  endloop
endfacet
facet normal -0.45480433310246543 0.8905913869958666 -5.232435242273262e-10
  outer loop
    vertex 933.6071098824987 30.280807494603707 1.0604192796082046e-07
    vertex 934.1614381628092 30.563890072200426 3.000000100948112
    vertex 934.1614381463596 30.563890062037405 1.0094811231320387e-07
  endloop
endfacet
facet normal -0.45480433310246543 0.8905913869958666 -5.232435242273262e-10
  outer loop
    vertex 934.1614381628092 30.563890072200426 3.000000100948112
    vertex 933.6071098824987 30.280807494603707 1.0604192796082046e-07
    vertex 933.6071098989482 30.280807504766724 3.000000106041928
  endloop
endfacet
facet normal -0.9944985916808389 0.10474994579868879 5.098188679529566e-09
  outer loop
    vertex 937.1170142336232 34.86750119669012 3.000000058706265
    vertex 937.1822133641 35.48650350965698 5.494568155517409e-08
    vertex 937.1170142171735 34.86750118652711 5.870626505977138e-08
  endloop
endfacet
facet normal -0.9944985916808389 0.10474994579868879 5.098188679529566e-09
  outer loop
    vertex 937.1822133641 35.48650350965698 5.494568155517409e-08
    vertex 937.1170142336232 34.86750119669012 3.000000058706265
    vertex 937.1822133805496 35.486503519820005 3.0000000549456813
  endloop
endfacet
facet normal -0.9730798463842955 0.230468246317613 4.554852653368839e-09
  outer loop
    vertex 937.1822133805496 35.486503519820005 3.0000000549456813
    vertex 937.3159002201163 36.05095430665214 5.103898903069392e-08
    vertex 937.1822133641 35.48650350965698 5.494568155517409e-08
  endloop
endfacet
facet normal -0.9730798463842955 0.230468246317613 4.554852653368839e-09
  outer loop
    vertex 937.3159002201163 36.05095430665214 5.103898903069392e-08
    vertex 937.1822133805496 35.486503519820005 3.0000000549456813
    vertex 937.315900236566 36.05095431681515 3.0000000510389886
  endloop
endfacet
facet normal -0.2541285761911783 0.9671704434912414 -1.8830161712562897e-09
  outer loop
    vertex 936.5287191200146 30.387018965553835 8.667480451585162e-08
    vertex 936.8809303105419 30.479564115810135 3.0000000839096073
    vertex 936.8809302940922 30.479564105647118 8.390960763382526e-08
  endloop
endfacet
facet normal -0.2541285761911783 0.9671704434912414 -1.8830161712562897e-09
  outer loop
    vertex 936.8809303105419 30.479564115810135 3.0000000839096073
    vertex 936.5287191200146 30.387018965553835 8.667480451585162e-08
    vertex 936.5287191364642 30.38701897571686 3.0000000866748042
  endloop
endfacet
facet normal -0.9950201636197648 0.09967383804236982 5.11824476252852e-09
  outer loop
    vertex 938.1487338644888 32.258752203899526 3.0000000661507205
    vertex 938.1749933768518 32.520894809780806 6.456683889988212e-08
    vertex 938.1487338480392 32.258752193736505 6.615072080273786e-08
  endloop
endfacet
facet normal -0.9950201636197648 0.09967383804236982 5.11824476252852e-09
  outer loop
    vertex 938.1749933768518 32.520894809780806 6.456683889988212e-08
    vertex 938.1487338644888 32.258752203899526 3.0000000661507205
    vertex 938.1749933933014 32.52089481994382 3.000000064566839
  endloop
endfacet
facet normal -0.9991625148977827 0.040917830137220425 5.340004296528121e-09
  outer loop
    vertex 933.0852276643623 28.901618422580057 3.000000116843461
    vertex 933.1282998390997 29.95338774437433 1.1088927536540003e-07
    vertex 933.0852276479127 28.90161841241704 1.1684346137685874e-07
  endloop
endfacet
facet normal -0.9991625148977827 0.040917830137220425 5.340004296528121e-09
  outer loop
    vertex 933.1282998390997 29.95338774437433 1.1088927536540003e-07
    vertex 933.0852276643623 28.901618422580057 3.000000116843461
    vertex 933.1282998555494 29.95338775453735 3.000000110889275
  endloop
endfacet
facet normal -0.9717674828808359 -0.23594058407879737 6.127697283521218e-09
  outer loop
    vertex 937.2714035563099 33.76823139380272 3.0000000636466333
    vertex 937.1449867677411 34.28890360675806 6.164941155573089e-08
    vertex 937.2714035398602 33.7682313836397 6.364663350022503e-08
  endloop
endfacet
facet normal -0.9717674828808359 -0.23594058407879737 6.127697283521218e-09
  outer loop
    vertex 937.1449867677411 34.28890360675806 6.164941155573089e-08
    vertex 937.2714035563099 33.76823139380272 3.0000000636466333
    vertex 937.1449867841908 34.28890361692108 3.0000000616494114
  endloop
endfacet
facet normal -0.269850214451302 0.9629023116394447 -1.7823520507254622e-09
  outer loop
    vertex 938.2820873401727 36.468744851109605 4.2568699557543604e-08
    vertex 939.2956820461947 36.75280144836514 3.0000000345153044
    vertex 939.2956820297451 36.75280143820213 3.4515304905280425e-08
  endloop
endfacet
facet normal -0.269850214451302 0.9629023116394447 -1.7823520507254622e-09
  outer loop
    vertex 939.2956820461947 36.75280144836514 3.0000000345153044
    vertex 938.2820873401727 36.468744851109605 4.2568699557543604e-08
    vertex 938.2820873566222 36.468744861272626 3.0000000425686997
  endloop
endfacet
facet normal -0.2720206576235097 0.9622914121128139 -1.7683815214757e-09
  outer loop
    vertex 934.1614381463596 30.563890062037405 1.0094811231320387e-07
    vertex 934.9806247699157 30.795457845513738 3.000000094428604
    vertex 934.9806247534661 30.79545783535072 9.442860388453322e-08
  endloop
endfacet
facet normal -0.2720206576235097 0.9622914121128139 -1.7683815214757e-09
  outer loop
    vertex 934.9806247699157 30.795457845513738 3.000000094428604
    vertex 934.1614381463596 30.563890062037405 1.0094811231320387e-07
    vertex 934.1614381628092 30.563890072200426 3.000000100948112
  endloop
endfacet
facet normal 0.7316947418094982 0.6816324558061564 -6.3211857136407e-09
  outer loop
    vertex 939.9869647824291 36.18280187378026 3.314516821339985e-08
    vertex 940.1955696699506 35.95887609229555 3.0000000330119567
    vertex 940.195569653501 35.958876082132534 3.301195652172239e-08
  endloop
endfacet
facet normal 0.7316947418094982 0.6816324558061564 -6.3211857136407e-09
  outer loop
    vertex 940.1955696699506 35.95887609229555 3.0000000330119567
    vertex 939.9869647824291 36.18280187378026 3.314516821339985e-08
    vertex 939.9869647988788 36.18280188394328 3.000000033145168
  endloop
endfacet
facet normal -0.8766792570221743 0.48107533745459063 3.1772928494761316e-09
  outer loop
    vertex 937.1042499723316 30.71870819948805 3.000000081182236
    vertex 937.4991551062308 31.43835670765044 7.475749764063177e-08
    vertex 937.104249955882 30.71870818932503 8.118223601971673e-08
  endloop
endfacet
facet normal -0.8766792570221743 0.48107533745459063 3.1772928494761316e-09
  outer loop
    vertex 937.4991551062308 31.43835670765044 7.475749764063177e-08
    vertex 937.1042499723316 30.71870819948805 3.000000081182236
    vertex 937.4991551226803 31.43835671781346 3.0000000747574975
  endloop
endfacet
facet normal 0.8311358548217057 0.5560694118811003 -6.441075948011163e-09
  outer loop
    vertex 940.195569653501 35.958876082132534 3.301195652172239e-08
    vertex 940.668940131755 35.25134722087632 3.0000000337859225
    vertex 940.6689401153053 35.2513472107133 3.378592261904511e-08
  endloop
endfacet
facet normal 0.8311358548217057 0.5560694118811003 -6.441075948011163e-09
  outer loop
    vertex 940.668940131755 35.25134722087632 3.0000000337859225
    vertex 940.195569653501 35.958876082132534 3.301195652172239e-08
    vertex 940.1955696699506 35.95887609229555 3.0000000330119567
  endloop
endfacet
facet normal 0.30509026251929316 0.9523234386047152 -4.8990351750864004e-09
  outer loop
    vertex 935.2428485374339 30.814461867067354 9.263922009672409e-08
    vertex 935.4773939149808 30.73932195849161 3.000000091536042
    vertex 935.4773938985311 30.73932194832859 9.153604229983346e-08
  endloop
endfacet
facet normal 0.30509026251929316 0.9523234386047152 -4.8990351750864004e-09
  outer loop
    vertex 935.4773939149808 30.73932195849161 3.000000091536042
    vertex 935.2428485374339 30.814461867067354 9.263922009672409e-08
    vertex 935.2428485538836 30.81446187723037 3.0000000926392203
  endloop
endfacet
facet normal -0.07228299424952368 0.9973841630697389 -2.9824683653297076e-09
  outer loop
    vertex 934.9806247534661 30.79545783535072 9.442860388453322e-08
    vertex 935.2428485538836 30.81446187723037 3.0000000926392203
    vertex 935.2428485374339 30.814461867067354 9.263922009672409e-08
  endloop
endfacet
facet normal -0.07228299424952368 0.9973841630697389 -2.9824683653297076e-09
  outer loop
    vertex 935.2428485538836 30.81446187723037 3.0000000926392203
    vertex 934.9806247534661 30.79545783535072 9.442860388453322e-08
    vertex 934.9806247699157 30.795457845513738 3.000000094428604
  endloop
endfacet
facet normal 0.47251673645623 0.8813216970940597 -5.576539450008414e-09
  outer loop
    vertex 935.4773938985311 30.73932194832859 9.153604229983346e-08
    vertex 935.9211050641169 30.501428185071127 3.0000000899658574
    vertex 935.9211050476672 30.501428174908106 8.996585739717842e-08
  endloop
endfacet
facet normal 0.47251673645623 0.8813216970940597 -5.576539450008414e-09
  outer loop
    vertex 935.9211050641169 30.501428185071127 3.0000000899658574
    vertex 935.4773938985311 30.73932194832859 9.153604229983346e-08
    vertex 935.4773939149808 30.73932195849161 3.000000091536042
  endloop
endfacet
facet normal -0.3968950624194274 0.9178639928807965 -9.331630392302956e-10
  outer loop
    vertex 937.3159002201163 36.05095430665214 5.103898903069392e-08
    vertex 938.2820873566222 36.468744861272626 3.0000000425686997
    vertex 938.2820873401727 36.468744851109605 4.2568699557543604e-08
  endloop
endfacet
facet normal -0.3968950624194274 0.9178639928807965 -9.331630392302956e-10
  outer loop
    vertex 938.2820873566222 36.468744861272626 3.0000000425686997
    vertex 937.3159002201163 36.05095430665214 5.103898903069392e-08
    vertex 937.315900236566 36.05095431681515 3.0000000510389886
  endloop
endfacet
facet normal -0.9955865421557929 -0.09384794658527014 5.7769388597562534e-09
  outer loop
    vertex 933.1840159170682 27.853622611315664 3.0000001218647334
    vertex 933.0852276479127 28.90161841241704 1.1684346137685874e-07
    vertex 933.1840159006186 27.853622601152647 1.2186473380970674e-07
  endloop
endfacet
facet normal -0.9955865421557929 -0.09384794658527014 5.7769388597562534e-09
  outer loop
    vertex 933.0852276479127 28.90161841241704 1.1684346137685874e-07
    vertex 933.1840159170682 27.853622611315664 3.0000001218647334
    vertex 933.0852276643623 28.901618422580057 3.000000116843461
  endloop
endfacet
facet normal -0.8907151860090594 -0.45456183013188256 6.423887596226075e-09
  outer loop
    vertex 938.1319935473479 32.721550068935684 3.0000000637603703
    vertex 937.9615348492281 33.05556432544893 6.305397735939522e-08
    vertex 938.1319935308982 32.721550058772664 6.376037078537066e-08
  endloop
endfacet
facet normal -0.8907151860090594 -0.45456183013188256 6.423887596226075e-09
  outer loop
    vertex 937.9615348492281 33.05556432544893 6.305397735939522e-08
    vertex 938.1319935473479 32.721550068935684 3.0000000637603703
    vertex 937.9615348656778 33.055564335611955 3.000000063053977
  endloop
endfacet
facet normal -0.7793084918305448 -0.6266404667437314 6.395967153122219e-09
  outer loop
    vertex 937.4257389217174 33.576295399823806 3.00000006368985
    vertex 937.2714035398602 33.7682313836397 6.364663350022503e-08
    vertex 937.4257389052677 33.576295389660785 6.36898499800642e-08
  endloop
endfacet
facet normal -0.7793084918305448 -0.6266404667437314 6.395967153122219e-09
  outer loop
    vertex 937.2714035398602 33.7682313836397 6.364663350022503e-08
    vertex 937.4257389217174 33.576295399823806 3.00000006368985
    vertex 937.2714035563099 33.76823139380272 3.0000000636466333
  endloop
endfacet
facet normal 0.6361779204140117 0.7715423861186782 -6.102032114549448e-09
  outer loop
    vertex 939.2956820297451 36.75280143820213 3.4515304905280425e-08
    vertex 939.9869647988788 36.18280188394328 3.000000033145168
    vertex 939.9869647824291 36.18280187378026 3.314516821339985e-08
  endloop
endfacet
facet normal 0.6361779204140117 0.7715423861186782 -6.102032114549448e-09
  outer loop
    vertex 939.9869647988788 36.18280188394328 3.000000033145168
    vertex 939.2956820297451 36.75280143820213 3.4515304905280425e-08
    vertex 939.2956820461947 36.75280144836514 3.0000000345153044
  endloop
endfacet
facet normal -0.4917091650245572 -0.8707594943673326 5.645994327880918e-09
  outer loop
    vertex 933.9641961713115 27.413062635956045 3.0000001192240724
    vertex 933.1840159006186 27.853622601152647 1.2186473380970674e-07
    vertex 933.964196154862 27.413062625793028 1.192240727809768e-07
  endloop
endfacet
facet normal -0.4917091650245572 -0.8707594943673326 5.645994327880918e-09
  outer loop
    vertex 933.1840159006186 27.853622601152647 1.2186473380970674e-07
    vertex 933.9641961713115 27.413062635956045 3.0000001192240724
    vertex 933.1840159170682 27.853622611315664 3.0000001218647334
  endloop
endfacet
facet normal -0.30148182918741684 -0.9534719223290266 4.883140055149337e-09
  outer loop
    vertex 934.8070046921756 27.146571878782872 3.0000001152409728
    vertex 933.964196154862 27.413062625793028 1.192240727809768e-07
    vertex 934.8070046757259 27.146571868619855 1.1524097291215616e-07
  endloop
endfacet
facet normal -0.30148182918741684 -0.9534719223290266 4.883140055149337e-09
  outer loop
    vertex 933.964196154862 27.413062625793028 1.192240727809768e-07
    vertex 934.8070046921756 27.146571878782872 3.0000001152409728
    vertex 933.9641961713115 27.413062635956045 3.0000001192240724
  endloop
endfacet
facet normal -0.9778001251395116 -0.2095397701563012 6.071338219456618e-09
  outer loop
    vertex 938.1749933933014 32.52089481994382 3.000000064566839
    vertex 938.1319935308982 32.721550058772664 6.376037078537066e-08
    vertex 938.1749933768518 32.520894809780806 6.456683889988212e-08
  endloop
endfacet
facet normal -0.9778001251395116 -0.2095397701563012 6.071338219456618e-09
  outer loop
    vertex 938.1319935308982 32.721550058772664 6.376037078537066e-08
    vertex 938.1749933933014 32.52089481994382 3.000000064566839
    vertex 938.1319935473479 32.721550068935684 3.0000000637603703
  endloop
endfacet
facet normal -0.998833404149414 -0.048289033488913294 5.640403394985255e-09
  outer loop
    vertex 937.1449867841908 34.28890361692108 3.0000000616494114
    vertex 937.1170142171735 34.86750118652711 5.870626505977138e-08
    vertex 937.1449867677411 34.28890360675806 6.164941155573089e-08
  endloop
endfacet
facet normal -0.998833404149414 -0.048289033488913294 5.640403394985255e-09
  outer loop
    vertex 937.1170142171735 34.86750118652711 5.870626505977138e-08
    vertex 937.1449867841908 34.28890361692108 3.0000000616494114
    vertex 937.1170142336232 34.86750119669012 3.000000058706265
  endloop
endfacet
facet normal -0.7375991128271673 -0.6752388827345296 6.3319013005759824e-09
  outer loop
    vertex 937.9615348656778 33.055564335611955 3.000000063053977
    vertex 937.6273735935611 33.420586322883466 6.323326300294861e-08
    vertex 937.9615348492281 33.05556432544893 6.305397735939522e-08
  endloop
endfacet
facet normal -0.7375991128271673 -0.6752388827345296 6.3319013005759824e-09
  outer loop
    vertex 937.6273735935611 33.420586322883466 6.323326300294861e-08
    vertex 937.9615348656778 33.055564335611955 3.000000063053977
    vertex 937.6273736100107 33.42058633304649 3.0000000632332626
  endloop
endfacet
facet normal -0.6112027883286395 -0.7914740371858677 6.0326100707960675e-09
  outer loop
    vertex 937.6273736100107 33.42058633304649 3.0000000632332626
    vertex 937.4257389052677 33.576295389660785 6.36898499800642e-08
    vertex 937.6273735935611 33.420586322883466 6.323326300294861e-08
  endloop
endfacet
facet normal -0.6112027883286395 -0.7914740371858677 6.0326100707960675e-09
  outer loop
    vertex 937.4257389052677 33.576295389660785 6.36898499800642e-08
    vertex 937.6273736100107 33.42058633304649 3.0000000632332626
    vertex 937.4257389217174 33.576295399823806 3.00000006368985
  endloop
endfacet
facet normal -0.5246717670355928 0.851304608748096 -7.0547701747164846e-12
  outer loop
    vertex 944.2040975959914 33.991331080162844 1.7846490429351823e-08
    vertex 944.6602339588096 34.272454745007266 3.0000000133948874
    vertex 944.66023394236 34.272454734844246 1.3394887392048636e-08
  endloop
endfacet
facet normal -0.5246717670355928 0.851304608748096 -7.0547701747164846e-12
  outer loop
    vertex 944.6602339588096 34.272454745007266 3.0000000133948874
    vertex 944.2040975959914 33.991331080162844 1.7846490429351823e-08
    vertex 944.204097612441 33.991331090325865 3.0000000178464905
  endloop
endfacet
facet normal -0.26148220019636176 0.9652082982343602 -1.8360475807145743e-09
  outer loop
    vertex 943.0396157943093 32.690478346933105 3.235883776153691e-08
    vertex 943.361316823981 32.77762958538187 3.000000029819018
    vertex 943.3613168075314 32.77762957521885 2.9819018029231256e-08
  endloop
endfacet
facet normal -0.26148220019636176 0.9652082982343602 -1.8360475807145743e-09
  outer loop
    vertex 943.361316823981 32.77762958538187 3.000000029819018
    vertex 943.0396157943093 32.690478346933105 3.235883776153691e-08
    vertex 943.039615810759 32.69047835709612 3.000000032358838
  endloop
endfacet
facet normal 0.9793168613467526 0.20233261003097233 -6.055239304879145e-09
  outer loop
    vertex 944.9013706249854 30.03223329798573 3.4731092335982254e-08
    vertex 945.0047249297543 29.531984746001548 3.0000000367664272
    vertex 945.0047249133047 29.53198473583853 3.676642760797043e-08
  endloop
endfacet
facet normal 0.9793168613467526 0.20233261003097233 -6.055239304879145e-09
  outer loop
    vertex 945.0047249297543 29.531984746001548 3.0000000367664272
    vertex 944.9013706249854 30.03223329798573 3.4731092335982254e-08
    vertex 944.901370641435 30.032233308148747 3.0000000347310922
  endloop
endfacet
facet normal 0.9996890958413512 -0.024934146384059712 -5.397039145585018e-09
  outer loop
    vertex 940.7105231068701 34.513598336900166 3.7500565274184436e-08
    vertex 940.6951432670498 33.89697107729559 3.0000000409278567
    vertex 940.6951432506002 33.89697106713256 4.092785665821274e-08
  endloop
endfacet
facet normal 0.9996890958413512 -0.024934146384059712 -5.397039145585018e-09
  outer loop
    vertex 940.6951432670498 33.89697107729559 3.0000000409278567
    vertex 940.7105231068701 34.513598336900166 3.7500565274184436e-08
    vertex 940.7105231233198 34.51359834706319 3.0000000375005653
  endloop
endfacet
facet normal 0.23760763821144792 0.9713612151324437 -4.593507358324279e-09
  outer loop
    vertex 942.8186448462955 32.744530726473265 3.348851950690789e-08
    vertex 943.039615810759 32.69047835709612 3.000000032358838
    vertex 943.0396157943093 32.690478346933105 3.235883776153691e-08
  endloop
endfacet
facet normal 0.23760763821144792 0.9713612151324437 -4.593507358324279e-09
  outer loop
    vertex 943.039615810759 32.69047835709612 3.000000032358838
    vertex 942.8186448462955 32.744530726473265 3.348851950690789e-08
    vertex 942.8186448627451 32.744530736636285 3.000000033488519
  endloop
endfacet
facet normal 0.9504423277722306 0.3109009192313588 -6.264708026539077e-09
  outer loop
    vertex 940.6951432506002 33.89697106713256 4.092785665821274e-08
    vertex 940.8148732534802 33.53094949302877 3.0000000421333377
    vertex 940.8148732370305 33.53094948286575 4.213333776315053e-08
  endloop
endfacet
facet normal 0.9504423277722306 0.3109009192313588 -6.264708026539077e-09
  outer loop
    vertex 940.8148732534802 33.53094949302877 3.0000000421333377
    vertex 940.6951432506002 33.89697106713256 4.092785665821274e-08
    vertex 940.6951432670498 33.89697107729559 3.0000000409278567
  endloop
endfacet
facet normal 0.9732470978330756 -0.22976093349282795 -4.558165873179682e-09
  outer loop
    vertex 940.7690588659759 34.76155066196677 3.5785654827202856e-08
    vertex 940.7105231233198 34.51359834706319 3.0000000375005653
    vertex 940.7105231068701 34.513598336900166 3.7500565274184436e-08
  endloop
endfacet
facet normal 0.9732470978330756 -0.22976093349282795 -4.558165873179682e-09
  outer loop
    vertex 940.7105231233198 34.51359834706319 3.0000000375005653
    vertex 940.7690588659759 34.76155066196677 3.5785654827202856e-08
    vertex 940.7690588824255 34.761550672129786 3.000000035785655
  endloop
endfacet
facet normal 0.32911593883218626 0.9442895206485185 -5.003556780087728e-09
  outer loop
    vertex 941.0373750383569 33.28281269517239 4.2041414328730647e-08
    vertex 941.252187632633 33.20794346059813 3.0000000410637098
    vertex 941.2521876161833 33.20794345043512 4.10637103764877e-08
  endloop
endfacet
facet normal 0.32911593883218626 0.9442895206485185 -5.003556780087728e-09
  outer loop
    vertex 941.252187632633 33.20794346059813 3.0000000410637098
    vertex 941.0373750383569 33.28281269517239 4.2041414328730647e-08
    vertex 941.0373750548066 33.28281270533541 3.0000000420414143
  endloop
endfacet
facet normal 0.3779094411368922 0.925842564532222 -5.208609673324617e-09
  outer loop
    vertex 942.058647058169 33.05474582175919 3.670291293889071e-08
    vertex 942.8186448627451 32.744530736636285 3.000000033488519
    vertex 942.8186448462955 32.744530726473265 3.348851950690789e-08
  endloop
endfacet
facet normal 0.3779094411368922 0.925842564532222 -5.208609673324617e-09
  outer loop
    vertex 942.8186448627451 32.744530736636285 3.000000033488519
    vertex 942.058647058169 33.05474582175919 3.670291293889071e-08
    vertex 942.0586470746185 33.05474583192221 3.0000000367029127
  endloop
endfacet
facet normal -0.9415984833251239 0.33673772613092595 4.0222273990104315e-09
  outer loop
    vertex 943.9834714665375 33.54534691679071 3.0000000216729923
    vertex 944.0692607694889 33.785234174269604 1.982630034980115e-08
    vertex 943.9834714500878 33.54534690662769 2.1672992060461912e-08
  endloop
endfacet
facet normal -0.9415984833251239 0.33673772613092595 4.0222273990104315e-09
  outer loop
    vertex 944.0692607694889 33.785234174269604 1.982630034980115e-08
    vertex 943.9834714665375 33.54534691679071 3.0000000216729923
    vertex 944.0692607859385 33.78523418443262 3.0000000198263006
  endloop
endfacet
facet normal -0.8368186498251922 0.5474801798282224 2.7337707734206144e-09
  outer loop
    vertex 944.0692607859385 33.78523418443262 3.0000000198263006
    vertex 944.2040975959914 33.991331080162844 1.7846490429351823e-08
    vertex 944.0692607694889 33.785234174269604 1.982630034980115e-08
  endloop
endfacet
facet normal -0.8368186498251922 0.5474801798282224 2.7337707734206144e-09
  outer loop
    vertex 944.2040975959914 33.991331080162844 1.7846490429351823e-08
    vertex 944.0692607859385 33.78523418443262 3.0000000198263006
    vertex 944.204097612441 33.991331090325865 3.0000000178464905
  endloop
endfacet
facet normal 0.8323849465620932 0.5541978895095339 -6.441584877829049e-09
  outer loop
    vertex 947.0847670644971 33.86461294326225 0.0
    vertex 947.6681387671209 32.98841003202533 3.0000000009768106
    vertex 947.6681387506712 32.98841002186231 9.768105163621142e-10
  endloop
endfacet
facet normal 0.8323849465620932 0.5541978895095339 -6.441584877829049e-09
  outer loop
    vertex 947.6681387671209 32.98841003202533 3.0000000009768106
    vertex 947.0847670644971 33.86461294326225 0.0
    vertex 947.0847670809468 33.86461295342527 3.0
  endloop
endfacet
facet normal 0.9999915937767405 0.004100289728106613 -5.497056981161633e-09
  outer loop
    vertex 940.7680490510435 35.00782751324155 3.4462826527525965e-08
    vertex 940.7690588824255 34.761550672129786 3.000000035785655
    vertex 940.7690588659759 34.76155066196677 3.5785654827202856e-08
  endloop
endfacet
facet normal 0.9999915937767405 0.004100289728106613 -5.497056981161633e-09
  outer loop
    vertex 940.7690588824255 34.761550672129786 3.000000035785655
    vertex 940.7680490510435 35.00782751324155 3.4462826527525965e-08
    vertex 940.7680490674932 35.007827523404565 3.000000034462827
  endloop
endfacet
facet normal 0.9303714702737562 -0.3666182309987451 -3.8594419198615555e-09
  outer loop
    vertex 947.6681387506712 32.98841002186231 9.768105163621142e-10
    vertex 947.3396563388015 32.15481624438949 3.000000007589312
    vertex 947.3396563223519 32.15481623422647 7.589312133737813e-09
  endloop
endfacet
facet normal 0.9303714702737562 -0.3666182309987451 -3.8594419198615555e-09
  outer loop
    vertex 947.3396563388015 32.15481624438949 3.000000007589312
    vertex 947.6681387506712 32.98841002186231 9.768105163621142e-10
    vertex 947.6681387671209 32.98841003202533 3.0000000009768106
  endloop
endfacet
facet normal -0.3165281705755171 0.9485831103451696 -1.4778981204975859e-09
  outer loop
    vertex 944.66023394236 34.272454734844246 1.3394887392048636e-08
    vertex 945.4987173456832 34.55224426435523 3.000000006490963
    vertex 945.4987173292335 34.55224425419221 6.4909631064535836e-09
  endloop
endfacet
facet normal -0.3165281705755171 0.9485831103451696 -1.4778981204975859e-09
  outer loop
    vertex 945.4987173456832 34.55224426435523 3.000000006490963
    vertex 944.66023394236 34.272454734844246 1.3394887392048636e-08
    vertex 944.6602339588096 34.272454745007266 3.0000000133948874
  endloop
endfacet
facet normal -0.6283471695482357 0.7779330527241535 8.099783454407445e-10
  outer loop
    vertex 943.3613168075314 32.77762957521885 2.9819018029231256e-08
    vertex 943.6608965725108 33.01960424680478 3.00000002658581
    vertex 943.6608965560611 33.01960423664177 2.65858099218752e-08
  endloop
endfacet
facet normal -0.6283471695482357 0.7779330527241535 8.099783454407445e-10
  outer loop
    vertex 943.6608965725108 33.01960424680478 3.00000002658581
    vertex 943.3613168075314 32.77762957521885 2.9819018029231256e-08
    vertex 943.361316823981 32.77762958538187 3.000000029819018
  endloop
endfacet
facet normal 0.6870061873363347 -0.7266515661316592 -1.305343120000268e-09
  outer loop
    vertex 946.8528977443189 31.416981621457392 3.000000014703079
    vertex 946.4635522485262 31.048878429815026 1.9194524505938832e-08
    vertex 946.8528977278692 31.416981611294375 1.4703079078692836e-08
  endloop
endfacet
facet normal 0.6870061873363347 -0.7266515661316592 -1.305343120000268e-09
  outer loop
    vertex 946.4635522485262 31.048878429815026 1.9194524505938832e-08
    vertex 946.8528977443189 31.416981621457392 3.000000014703079
    vertex 946.4635522649758 31.048878439978044 3.000000019194524
  endloop
endfacet
facet normal 0.08223430402228289 -0.9966130238171539 2.925290850244273e-09
  outer loop
    vertex 946.2296351930657 30.971806822187116 3.00000002111525
    vertex 945.9757400362151 30.950856965226446 2.2861561262410564e-08
    vertex 946.2296351766162 30.9718068120241 2.1115250065650845e-08
  endloop
endfacet
facet normal 0.08223430402228289 -0.9966130238171539 2.925290850244273e-09
  outer loop
    vertex 945.9757400362151 30.950856965226446 2.2861561262410564e-08
    vertex 946.2296351930657 30.971806822187116 3.00000002111525
    vertex 945.9757400526647 30.950856975389467 3.000000022861561
  endloop
endfacet
facet normal 0.32164921211765457 -0.9468589041373019 1.4439773140128215e-09
  outer loop
    vertex 945.9757400526647 30.950856975389467 3.000000022861561
    vertex 945.2760786200726 30.71318106413071 2.864517003930977e-08
    vertex 945.9757400362151 30.950856965226446 2.2861561262410564e-08
  endloop
endfacet
facet normal 0.32164921211765457 -0.9468589041373019 1.4439773140128215e-09
  outer loop
    vertex 945.2760786200726 30.71318106413071 2.864517003930977e-08
    vertex 945.9757400526647 30.950856975389467 3.000000022861561
    vertex 945.2760786365222 30.713181074293725 3.00000002864517
  endloop
endfacet
facet normal 0.3129343127903958 -0.9497747711317682 1.5016409639711834e-09
  outer loop
    vertex 946.4635522649758 31.048878439978044 3.000000019194524
    vertex 946.2296351766162 30.9718068120241 2.1115250065650845e-08
    vertex 946.4635522485262 31.048878429815026 1.9194524505938832e-08
  endloop
endfacet
facet normal 0.3129343127903958 -0.9497747711317682 1.5016409639711834e-09
  outer loop
    vertex 946.2296351766162 30.9718068120241 2.1115250065650845e-08
    vertex 946.4635522649758 31.048878439978044 3.000000019194524
    vertex 946.2296351930657 30.971806822187116 3.00000002111525
  endloop
endfacet
facet normal 0.18662576649463342 0.9824310781323495 -4.35146399116507e-09
  outer loop
    vertex 941.2521876161833 33.20794345043512 4.10637103764877e-08
    vertex 942.0586470746185 33.05474583192221 3.0000000367029127
    vertex 942.058647058169 33.05474582175919 3.670291293889071e-08
  endloop
endfacet
facet normal 0.18662576649463342 0.9824310781323495 -4.35146399116507e-09
  outer loop
    vertex 942.0586470746185 33.05474583192221 3.0000000367029127
    vertex 941.2521876161833 33.20794345043512 4.10637103764877e-08
    vertex 941.252187632633 33.20794346059813 3.0000000410637098
  endloop
endfacet
facet normal 0.8347197858350298 -0.5506749305493412 -2.711439485137397e-09
  outer loop
    vertex 947.3396563223519 32.15481623422647 7.589312133737813e-09
    vertex 946.8528977443189 31.416981621457392 3.000000014703079
    vertex 946.8528977278692 31.416981611294375 1.4703079078692836e-08
  endloop
endfacet
facet normal 0.8347197858350298 -0.5506749305493412 -2.711439485137397e-09
  outer loop
    vertex 946.8528977443189 31.416981621457392 3.000000014703079
    vertex 947.3396563223519 32.15481623422647 7.589312133737813e-09
    vertex 947.3396563388015 32.15481624438949 3.000000007589312
  endloop
endfacet
facet normal 0.9262289097637276 0.3769615454100012 -6.3557325062014515e-09
  outer loop
    vertex 940.6689401153053 35.2513472107133 3.378592261904511e-08
    vertex 940.7680490674932 35.007827523404565 3.000000034462827
    vertex 940.7680490510435 35.00782751324155 3.4462826527525965e-08
  endloop
endfacet
facet normal 0.9262289097637276 0.3769615454100012 -6.3557325062014515e-09
  outer loop
    vertex 940.7680490674932 35.007827523404565 3.000000034462827
    vertex 940.6689401153053 35.2513472107133 3.378592261904511e-08
    vertex 940.668940131755 35.25134722087632 3.0000000337859225
  endloop
endfacet
facet normal -0.11402307154498623 0.9934781020009686 -2.7403661885895445e-09
  outer loop
    vertex 945.4987173292335 34.55224425419221 6.4909631064535836e-09
    vertex 946.38885072249 34.65440629641592 3.000000000213566
    vertex 946.3888507060403 34.65440628625289 2.1356649559933769e-10
  endloop
endfacet
facet normal -0.11402307154498623 0.9934781020009686 -2.7403661885895445e-09
  outer loop
    vertex 946.38885072249 34.65440629641592 3.000000000213566
    vertex 945.4987173292335 34.55224425419221 6.4909631064535836e-09
    vertex 945.4987173456832 34.55224426435523 3.000000006490963
  endloop
endfacet
facet normal 0.6921746112907662 -0.721730079381812 -1.350355075268903e-09
  outer loop
    vertex 945.2760786365222 30.713181074293725 3.00000002864517
    vertex 944.9824715971654 30.43159750157893 3.205375348369621e-08
    vertex 945.2760786200726 30.71318106413071 2.864517003930977e-08
  endloop
endfacet
facet normal 0.6921746112907662 -0.721730079381812 -1.350355075268903e-09
  outer loop
    vertex 944.9824715971654 30.43159750157893 3.205375348369621e-08
    vertex 945.2760786365222 30.713181074293725 3.00000002864517
    vertex 944.9824716136151 30.43159751174195 3.0000000320537534
  endloop
endfacet
facet normal 0.750290180081634 0.6611086489171575 -6.35362050939448e-09
  outer loop
    vertex 946.3888507060403 34.65440628625289 2.1356649559933769e-10
    vertex 947.0847670809468 33.86461295342527 3.0
    vertex 947.0847670644971 33.86461294326225 0.0
  endloop
endfacet
facet normal 0.750290180081634 0.6611086489171575 -6.35362050939448e-09
  outer loop
    vertex 947.0847670809468 33.86461295342527 3.0
    vertex 946.3888507060403 34.65440628625289 2.1356649559933769e-10
    vertex 946.38885072249 34.65440629641592 3.000000000213566
  endloop
endfacet
facet normal 0.744518231855425 0.6676021288423755 -6.343969476531989e-09
  outer loop
    vertex 940.8148732370305 33.53094948286575 4.213333776315053e-08
    vertex 941.0373750548066 33.28281270533541 3.0000000420414143
    vertex 941.0373750383569 33.28281269517239 4.2041414328730647e-08
  endloop
endfacet
facet normal 0.744518231855425 0.6676021288423755 -6.343969476531989e-09
  outer loop
    vertex 941.0373750548066 33.28281270533541 3.0000000420414143
    vertex 940.8148732370305 33.53094948286575 4.213333776315053e-08
    vertex 940.8148732534802 33.53094949302877 3.0000000421333377
  endloop
endfacet
facet normal -0.8523515824567731 0.5229691959221258 2.9019763440647343e-09
  outer loop
    vertex 943.6608965725108 33.01960424680478 3.00000002658581
    vertex 943.9834714500878 33.54534690662769 2.1672992060461912e-08
    vertex 943.6608965560611 33.01960423664177 2.65858099218752e-08
  endloop
endfacet
facet normal -0.8523515824567731 0.5229691959221258 2.9019763440647343e-09
  outer loop
    vertex 943.9834714500878 33.54534690662769 2.1672992060461912e-08
    vertex 943.6608965725108 33.01960424680478 3.00000002658581
    vertex 943.9834714665375 33.54534691679071 3.0000000216729923
  endloop
endfacet
facet normal 0.9799968357409274 -0.19901306976620792 -4.699339828878937e-09
  outer loop
    vertex 944.9824715971654 30.43159750157893 3.205375348369621e-08
    vertex 944.901370641435 30.032233308148747 3.0000000347310922
    vertex 944.9013706249854 30.03223329798573 3.4731092335982254e-08
  endloop
endfacet
facet normal 0.9799968357409274 -0.19901306976620792 -4.699339828878937e-09
  outer loop
    vertex 944.901370641435 30.032233308148747 3.0000000347310922
    vertex 944.9824715971654 30.43159750157893 3.205375348369621e-08
    vertex 944.9824716136151 30.43159751174195 3.0000000320537534
  endloop
endfacet
endsolid changer.v.2.0
