solid changer.v.2.5
facet normal 0.7394020052646401 -0.6732641937684115 -2.5770233381389456e-09
  outer loop
    vertex 560.9395229209596 137.04764819177672 8.84402828300393e-08
    vertex 560.6502013200127 136.72990520230366 4.050000088440283
    vertex 560.6502013023073 136.72990519136462 8.84402828300393e-08
  endloop
endfacet
facet normal 0.7394020052646401 -0.6732641937684115 -2.5770233381389456e-09
  outer loop
    vertex 560.6502013200127 136.72990520230366 4.050000088440283
    vertex 560.9395229209596 137.04764819177672 8.84402828300393e-08
    vertex 560.9395229386652 137.0476482027156 4.050000088440283
  endloop
endfacet
facet normal -0.5533114246212282 -0.832974469827033 8.50885734894586e-09
  outer loop
    vertex 560.0612110902154 136.65241772519184 4.050000088440283
    vertex 559.699559049194 136.8926486018566 8.84402828300393e-08
    vertex 560.0612110725098 136.65241771425283 8.84402828300393e-08
  endloop
endfacet
facet normal -0.5533114246212282 -0.832974469827033 8.50885734894586e-09
  outer loop
    vertex 559.699559049194 136.8926486018566 8.84402828300393e-08
    vertex 560.0612110902154 136.65241772519184 4.050000088440283
    vertex 559.6995590668997 136.8926486127956 4.050000088440283
  endloop
endfacet
facet normal -0.5677308469356074 -0.8232142403030804 8.575699109174457e-09
  outer loop
    vertex 562.2724783524833 136.52583951703136 4.050000088440283
    vertex 562.1975693938905 136.5775005614666 8.84402828300393e-08
    vertex 562.2724783347775 136.52583950609244 8.84402828300393e-08
  endloop
endfacet
facet normal -0.5677308469356074 -0.8232142403030804 8.575699109174457e-09
  outer loop
    vertex 562.1975693938905 136.5775005614666 8.84402828300393e-08
    vertex 562.2724783524833 136.52583951703136 4.050000088440283
    vertex 562.1975694115961 136.57750057240557 4.050000088440283
  endloop
endfacet
facet normal 0.357146431290264 -0.9340484069986035 1.75231932332502e-09
  outer loop
    vertex 559.6995590668997 136.8926486127956 4.050000088440283
    vertex 559.6117410033877 136.8590701476483 8.84402828300393e-08
    vertex 559.699559049194 136.8926486018566 8.84402828300393e-08
  endloop
endfacet
facet normal 0.357146431290264 -0.9340484069986035 1.75231932332502e-09
  outer loop
    vertex 559.6117410033877 136.8590701476483 8.84402828300393e-08
    vertex 559.6995590668997 136.8926486127956 4.050000088440283
    vertex 559.6117410210934 136.85907015858717 4.050000088440283
  endloop
endfacet
facet normal 0.17309465879459865 -0.9849051929484286 3.4690971126173493e-09
  outer loop
    vertex 558.6533467355096 135.63203181553914 4.050000088440283
    vertex 558.2271163222962 135.5571228637127 8.84402828300393e-08
    vertex 558.653346717804 135.6320318046001 8.84402828300393e-08
  endloop
endfacet
facet normal 0.17309465879459865 -0.9849051929484286 3.4690971126173493e-09
  outer loop
    vertex 558.2271163222962 135.5571228637127 8.84402828300393e-08
    vertex 558.6533467355096 135.63203181553914 4.050000088440283
    vertex 558.2271163400019 135.55712287465167 4.050000088440283
  endloop
endfacet
facet normal 0.8872029474981965 -0.461379377465565 -4.797638467517985e-09
  outer loop
    vertex 560.2627146453553 137.03989615930595 8.84402828300393e-08
    vertex 560.0612110902154 136.65241772519184 4.050000088440283
    vertex 560.0612110725098 136.65241771425283 8.84402828300393e-08
  endloop
endfacet
facet normal 0.8872029474981965 -0.461379377465565 -4.797638467517985e-09
  outer loop
    vertex 560.0612110902154 136.65241772519184 4.050000088440283
    vertex 560.2627146453553 137.03989615930595 8.84402828300393e-08
    vertex 560.262714663061 137.0398961702449 4.050000088440283
  endloop
endfacet
facet normal 0.899855350064067 -0.4361884328602439 -5.022449847433433e-09
  outer loop
    vertex 558.2271163222962 135.5571228637127 8.84402828300393e-08
    vertex 558.1857940652218 135.47187515317032 4.050000088440283
    vertex 558.1857940475163 135.47187514223143 8.84402828300393e-08
  endloop
endfacet
facet normal 0.899855350064067 -0.4361884328602439 -5.022449847433433e-09
  outer loop
    vertex 558.1857940652218 135.47187515317032 4.050000088440283
    vertex 558.2271163222962 135.5571228637127 8.84402828300393e-08
    vertex 558.2271163400019 135.55712287465167 4.050000088440283
  endloop
endfacet
facet normal 0.40613670443397004 -0.9138123315602137 1.2623762743503e-09
  outer loop
    vertex 558.4027852792109 135.09471906491353 4.050000088440283
    vertex 558.0075465720826 134.9190583266643 8.84402828300393e-08
    vertex 558.4027852615052 135.0947190539746 8.84402828300393e-08
  endloop
endfacet
facet normal 0.40613670443397004 -0.9138123315602137 1.2623762743503e-09
  outer loop
    vertex 558.0075465720826 134.9190583266643 8.84402828300393e-08
    vertex 558.4027852792109 135.09471906491353 4.050000088440283
    vertex 558.007546589788 134.91905833760336 4.050000088440283
  endloop
endfacet
facet normal 0.9650442658044075 0.26208694175412905 -8.979127488829698e-09
  outer loop
    vertex 558.5396940383608 136.05051837953607 8.84402828300393e-08
    vertex 558.6533467355096 135.63203181553914 4.050000088440283
    vertex 558.653346717804 135.6320318046001 8.84402828300393e-08
  endloop
endfacet
facet normal 0.9650442658044075 0.26208694175412905 -8.979127488829698e-09
  outer loop
    vertex 558.6533467355096 135.63203181553914 4.050000088440283
    vertex 558.5396940383608 136.05051837953607 8.84402828300393e-08
    vertex 558.5396940560661 136.05051839047505 4.050000088440283
  endloop
endfacet
facet normal -0.08944850294352646 -0.9959914484176869 5.61548366959877e-09
  outer loop
    vertex 559.030519247564 136.0866835928065 4.050000088440283
    vertex 558.5991153381042 136.1254273204235 8.84402828300393e-08
    vertex 559.0305192298584 136.08668358186756 8.84402828300393e-08
  endloop
endfacet
facet normal -0.08944850294352646 -0.9959914484176869 5.61548366959877e-09
  outer loop
    vertex 558.5991153381042 136.1254273204235 8.84402828300393e-08
    vertex 559.030519247564 136.0866835928065 4.050000088440283
    vertex 558.5991153558098 136.1254273313625 4.050000088440283
  endloop
endfacet
facet normal 0.9725506242323022 -0.23269139069883785 -6.603371046924616e-09
  outer loop
    vertex 559.6117410033877 136.8590701476483 8.84402828300393e-08
    vertex 559.5109974465693 136.43800504742694 4.050000088440283
    vertex 559.5109974288637 136.43800503648794 8.84402828300393e-08
  endloop
endfacet
facet normal 0.9725506242323022 -0.23269139069883785 -6.603371046924616e-09
  outer loop
    vertex 559.5109974465693 136.43800504742694 4.050000088440283
    vertex 559.6117410033877 136.8590701476483 8.84402828300393e-08
    vertex 559.6117410210934 136.85907015858717 4.050000088440283
  endloop
endfacet
facet normal -0.3570881660929335 -0.9340706834262519 7.443097055168681e-09
  outer loop
    vertex 561.6860830827078 136.85907015858717 4.050000088440283
    vertex 561.5982485953979 136.8926486018566 8.84402828300393e-08
    vertex 561.6860830650022 136.8590701476483 8.84402828300393e-08
  endloop
endfacet
facet normal -0.3570881660929335 -0.9340706834262519 7.443097055168681e-09
  outer loop
    vertex 561.5982485953979 136.8926486018566 8.84402828300393e-08
    vertex 561.6860830827078 136.85907015858717 4.050000088440283
    vertex 561.5982486131038 136.8926486127956 4.050000088440283
  endloop
endfacet
facet normal 0.08083426232031234 -0.9967275565745791 4.262378320383156e-09
  outer loop
    vertex 560.358301165136 137.0476482027156 4.050000088440283
    vertex 560.2627146453553 137.03989615930595 8.84402828300393e-08
    vertex 560.3583011474306 137.04764819177672 8.84402828300393e-08
  endloop
endfacet
facet normal 0.08083426232031234 -0.9967275565745791 4.262378320383156e-09
  outer loop
    vertex 560.2627146453553 137.03989615930595 8.84402828300393e-08
    vertex 560.358301165136 137.0476482027156 4.050000088440283
    vertex 560.262714663061 137.0398961702449 4.050000088440283
  endloop
endfacet
facet normal -0.32340958037123535 -0.9462590783311415 7.234760532544902e-09
  outer loop
    vertex 559.5109974465693 136.43800504742694 4.050000088440283
    vertex 559.1028496345215 136.5775005614666 8.84402828300393e-08
    vertex 559.5109974288637 136.43800503648794 8.84402828300393e-08
  endloop
endfacet
facet normal -0.32340958037123535 -0.9462590783311415 7.234760532544902e-09
  outer loop
    vertex 559.1028496345215 136.5775005614666 8.84402828300393e-08
    vertex 559.5109974465693 136.43800504742694 4.050000088440283
    vertex 559.1028496522267 136.57750057240557 4.050000088440283
  endloop
endfacet
facet normal 0.9999306165983123 0.011779727896642155 -8.024938793309261e-09
  outer loop
    vertex 559.0253457336124 136.52583950609244 8.84402828300393e-08
    vertex 559.030519247564 136.0866835928065 4.050000088440283
    vertex 559.0305192298584 136.08668358186756 8.84402828300393e-08
  endloop
endfacet
facet normal 0.9999306165983123 0.011779727896642155 -8.024938793309261e-09
  outer loop
    vertex 559.030519247564 136.0866835928065 4.050000088440283
    vertex 559.0253457336124 136.52583950609244 8.84402828300393e-08
    vertex 559.0253457513176 136.52583951703136 4.050000088440283
  endloop
endfacet
facet normal 0.9774235409812538 -0.21128942599114447 -6.747547946757045e-09
  outer loop
    vertex 558.0075465720826 134.9190583266643 8.84402828300393e-08
    vertex 557.9868854523979 134.82348004742695 4.050000088440283
    vertex 557.9868854346927 134.82348003648792 8.84402828300393e-08
  endloop
endfacet
facet normal 0.9774235409812538 -0.21128942599114447 -6.747547946757045e-09
  outer loop
    vertex 557.9868854523979 134.82348004742695 4.050000088440283
    vertex 558.0075465720826 134.9190583266643 8.84402828300393e-08
    vertex 558.007546589788 134.91905833760336 4.050000088440283
  endloop
endfacet
facet normal 0.7130504345795212 0.7011127425357179 -9.13248489049195e-09
  outer loop
    vertex 557.9868854346927 134.82348003648792 8.84402828300393e-08
    vertex 558.2916947121937 134.51348086758685 4.050000088440283
    vertex 558.2916946944886 134.51348085664785 8.84402828300393e-08
  endloop
endfacet
facet normal 0.7130504345795212 0.7011127425357179 -9.13248489049195e-09
  outer loop
    vertex 558.2916947121937 134.51348086758685 4.050000088440283
    vertex 557.9868854346927 134.82348003648792 8.84402828300393e-08
    vertex 557.9868854523979 134.82348004742695 4.050000088440283
  endloop
endfacet
facet normal -0.7364197738303874 -0.676524882551707 9.197645641072153e-09
  outer loop
    vertex 560.6502013200127 136.72990520230366 4.050000088440283
    vertex 560.3583011474306 137.04764819177672 8.84402828300393e-08
    vertex 560.6502013023073 136.72990519136462 8.84402828300393e-08
  endloop
endfacet
facet normal -0.7364197738303874 -0.676524882551707 9.197645641072153e-09
  outer loop
    vertex 560.3583011474306 137.04764819177672 8.84402828300393e-08
    vertex 560.6502013200127 136.72990520230366 4.050000088440283
    vertex 560.358301165136 137.0476482027156 4.050000088440283
  endloop
endfacet
facet normal 0.9984560093890537 0.05554815311858651 -8.228641433895306e-09
  outer loop
    vertex 557.9507202323608 134.2422418391613 8.84402828300393e-08
    vertex 557.9558937463127 134.14925030804704 4.050000088440283
    vertex 557.9558937286072 134.1492502971081 8.84402828300393e-08
  endloop
endfacet
facet normal 0.9984560093890537 0.05554815311858651 -8.228641433895306e-09
  outer loop
    vertex 557.9558937463127 134.14925030804704 4.050000088440283
    vertex 557.9507202323608 134.2422418391613 8.84402828300393e-08
    vertex 557.9507202500664 134.2422418501003 4.050000088440283
  endloop
endfacet
facet normal 0.7985791454240653 -0.6018898142465691 -3.399860370297974e-09
  outer loop
    vertex 558.3278598968201 133.92192030252494 8.84402828300393e-08
    vertex 558.0669678895316 133.5757723550899 4.050000088440283
    vertex 558.0669678718263 133.57577234415095 8.84402828300393e-08
  endloop
endfacet
facet normal 0.7985791454240653 -0.6018898142465691 -3.399860370297974e-09
  outer loop
    vertex 558.0669678895316 133.5757723550899 4.050000088440283
    vertex 558.3278598968201 133.92192030252494 8.84402828300393e-08
    vertex 558.3278599145254 133.9219203134639 4.050000088440283
  endloop
endfacet
facet normal 0.9459685374062102 0.32425842508338204 -9.133182787512542e-09
  outer loop
    vertex 558.0669678718263 133.57577234415095 8.84402828300393e-08
    vertex 558.0979595956169 133.48535934926107 4.050000088440283
    vertex 558.0979595779115 133.48535933832207 8.84402828300393e-08
  endloop
endfacet
facet normal 0.9459685374062102 0.32425842508338204 -9.133182787512542e-09
  outer loop
    vertex 558.0979595956169 133.48535934926107 4.050000088440283
    vertex 558.0669678718263 133.57577234415095 8.84402828300393e-08
    vertex 558.0669678895316 133.5757723550899 4.050000088440283
  endloop
endfacet
facet normal -0.9725420388680838 -0.23272727092953813 8.894342045366532e-09
  outer loop
    vertex 561.7868430810296 136.43800504742694 4.050000088440283
    vertex 561.6860830650022 136.8590701476483 8.84402828300393e-08
    vertex 561.7868430633242 136.43800503648794 8.84402828300393e-08
  endloop
endfacet
facet normal -0.9725420388680838 -0.23272727092953813 8.894342045366532e-09
  outer loop
    vertex 561.6860830650022 136.8590701476483 8.84402828300393e-08
    vertex 561.7868430810296 136.43800504742694 4.050000088440283
    vertex 561.6860830827078 136.85907015858717 4.050000088440283
  endloop
endfacet
facet normal 0.521478963897898 0.8532641385948285 -8.355108637178777e-09
  outer loop
    vertex 557.9558937463127 134.14925030804704 4.050000088440283
    vertex 558.3278598968201 133.92192030252494 8.84402828300393e-08
    vertex 557.9558937286072 134.1492502971081 8.84402828300393e-08
  endloop
endfacet
facet normal 0.521478963897898 0.8532641385948285 -8.355108637178777e-09
  outer loop
    vertex 558.3278598968201 133.92192030252494 8.84402828300393e-08
    vertex 557.9558937463127 134.14925030804704 4.050000088440283
    vertex 558.3278599145254 133.9219203134639 4.050000088440283
  endloop
endfacet
facet normal 0.3215897923000908 -0.946879087047752 2.0987765044108006e-09
  outer loop
    vertex 562.1975694115961 136.57750057240557 4.050000088440283
    vertex 561.7868430633242 136.43800503648794 8.84402828300393e-08
    vertex 562.1975693938905 136.5775005614666 8.84402828300393e-08
  endloop
endfacet
facet normal 0.3215897923000908 -0.946879087047752 2.0987765044108006e-09
  outer loop
    vertex 561.7868430633242 136.43800503648794 8.84402828300393e-08
    vertex 562.1975694115961 136.57750057240557 4.050000088440283
    vertex 561.7868430810296 136.43800504742694 4.050000088440283
  endloop
endfacet
facet normal 0.292822740857908 0.9561667440548549 -7.0398305468091295e-09
  outer loop
    vertex 558.0979595956169 133.48535934926107 4.050000088440283
    vertex 558.5112808685 133.3587811301617 8.84402828300393e-08
    vertex 558.0979595779115 133.48535933832207 8.84402828300393e-08
  endloop
endfacet
facet normal 0.292822740857908 0.9561667440548549 -7.0398305468091295e-09
  outer loop
    vertex 558.5112808685 133.3587811301617 8.84402828300393e-08
    vertex 558.0979595956169 133.48535934926107 4.050000088440283
    vertex 558.5112808862052 133.35878114110065 4.050000088440283
  endloop
endfacet
facet normal 0.5546391581797844 -0.8320909831344286 -3.230939951843063e-10
  outer loop
    vertex 559.1028496522267 136.57750057240557 4.050000088440283
    vertex 559.0253457336124 136.52583950609244 8.84402828300393e-08
    vertex 559.1028496345215 136.5775005614666 8.84402828300393e-08
  endloop
endfacet
facet normal 0.5546391581797844 -0.8320909831344286 -3.230939951843063e-10
  outer loop
    vertex 559.0253457336124 136.52583950609244 8.84402828300393e-08
    vertex 559.1028496522267 136.57750057240557 4.050000088440283
    vertex 559.0253457513176 136.52583951703136 4.050000088440283
  endloop
endfacet
facet normal -0.08306004326583644 -0.9965445445200518 5.56730621667422e-09
  outer loop
    vertex 561.0325309045159 137.0398961702449 4.050000088440283
    vertex 560.9395229209596 137.04764819177672 8.84402828300393e-08
    vertex 561.0325308868104 137.03989615930595 8.84402828300393e-08
  endloop
endfacet
facet normal -0.08306004326583644 -0.9965445445200518 5.56730621667422e-09
  outer loop
    vertex 560.9395229209596 137.04764819177672 8.84402828300393e-08
    vertex 561.0325309045159 137.0398961702449 4.050000088440283
    vertex 560.9395229386652 137.0476482027156 4.050000088440283
  endloop
endfacet
facet normal 0.7834428851811444 -0.6214637927176806 -3.182908550088447e-09
  outer loop
    vertex 558.5991153381042 136.1254273204235 8.84402828300393e-08
    vertex 558.5396940560661 136.05051839047505 4.050000088440283
    vertex 558.5396940383608 136.05051837953607 8.84402828300393e-08
  endloop
endfacet
facet normal 0.7834428851811444 -0.6214637927176806 -3.182908550088447e-09
  outer loop
    vertex 558.5396940560661 136.05051839047505 4.050000088440283
    vertex 558.5991153381042 136.1254273204235 8.84402828300393e-08
    vertex 558.5991153558098 136.1254273313625 4.050000088440283
  endloop
endfacet
facet normal 0.6225366833393695 -0.7825906196069677 -1.1077351450880217e-09
  outer loop
    vertex 558.2916947121937 134.51348086758685 4.050000088440283
    vertex 557.9507202323608 134.2422418391613 8.84402828300393e-08
    vertex 558.2916946944886 134.51348085664785 8.84402828300393e-08
  endloop
endfacet
facet normal 0.6225366833393695 -0.7825906196069677 -1.1077351450880217e-09
  outer loop
    vertex 557.9507202323608 134.2422418391613 8.84402828300393e-08
    vertex 558.2916947121937 134.51348086758685 4.050000088440283
    vertex 557.9507202500664 134.2422418501003 4.050000088440283
  endloop
endfacet
facet normal 0.5533114246212282 -0.832974469827033 -3.0816627707462014e-10
  outer loop
    vertex 561.5982486131038 136.8926486127956 4.050000088440283
    vertex 561.2365965720825 136.65241771425283 8.84402828300393e-08
    vertex 561.5982485953979 136.8926486018566 8.84402828300393e-08
  endloop
endfacet
facet normal 0.5533114246212282 -0.832974469827033 -3.0816627707462014e-10
  outer loop
    vertex 561.2365965720825 136.65241771425283 8.84402828300393e-08
    vertex 561.5982486131038 136.8926486127956 4.050000088440283
    vertex 561.2365965897881 136.65241772519184 4.050000088440283
  endloop
endfacet
facet normal 0.8667806827891338 0.49868953061359017 -9.360896249845692e-09
  outer loop
    vertex 558.1857940475163 135.47187514223143 8.84402828300393e-08
    vertex 558.4027852792109 135.09471906491353 4.050000088440283
    vertex 558.4027852615052 135.0947190539746 8.84402828300393e-08
  endloop
endfacet
facet normal 0.8667806827891338 0.49868953061359017 -9.360896249845692e-09
  outer loop
    vertex 558.4027852792109 135.09471906491353 4.050000088440283
    vertex 558.1857940475163 135.47187514223143 8.84402828300393e-08
    vertex 558.1857940652218 135.47187515317032 4.050000088440283
  endloop
endfacet
facet normal -0.8847961639783514 -0.4659782701040835 9.343412387873038e-09
  outer loop
    vertex 561.2365965897881 136.65241772519184 4.050000088440283
    vertex 561.0325308868104 137.03989615930595 8.84402828300393e-08
    vertex 561.2365965720825 136.65241771425283 8.84402828300393e-08
  endloop
endfacet
facet normal -0.8847961639783514 -0.4659782701040835 9.343412387873038e-09
  outer loop
    vertex 561.0325308868104 137.03989615930595 8.84402828300393e-08
    vertex 561.2365965897881 136.65241772519184 4.050000088440283
    vertex 561.0325309045159 137.0398961702449 4.050000088440283
  endloop
endfacet
facet normal 0.8526414608872579 0.5224964489602225 -9.365432297786343e-09
  outer loop
    vertex 558.3459589217834 132.95837715639155 8.84402828300393e-08
    vertex 558.3950332467399 132.87829473019667 4.050000088440283
    vertex 558.3950332290343 132.87829471925775 8.84402828300393e-08
  endloop
endfacet
facet normal 0.8526414608872579 0.5224964489602225 -9.365432297786343e-09
  outer loop
    vertex 558.3950332467399 132.87829473019667 4.050000088440283
    vertex 558.3459589217834 132.95837715639155 8.84402828300393e-08
    vertex 558.345958939489 132.9583771673305 4.050000088440283
  endloop
endfacet
facet normal 0.9243121660866025 -0.38163728804231495 -5.485839553800811e-09
  outer loop
    vertex 558.5112808685 133.3587811301617 8.84402828300393e-08
    vertex 558.345958939489 132.9583771673305 4.050000088440283
    vertex 558.3459589217834 132.95837715639155 8.84402828300393e-08
  endloop
endfacet
facet normal 0.9243121660866025 -0.38163728804231495 -5.485839553800811e-09
  outer loop
    vertex 558.345958939489 132.9583771673305 4.050000088440283
    vertex 558.5112808685 133.3587811301617 8.84402828300393e-08
    vertex 558.5112808862052 133.35878114110065 4.050000088440283
  endloop
endfacet
facet normal 0.2168939469493185 0.9761951729939797 -6.533458096266475e-09
  outer loop
    vertex 559.9294758096063 131.75975199414322 4.050000088440283
    vertex 560.0224673339537 131.73909084581405 8.84402828300393e-08
    vertex 559.9294757919007 131.7597519832043 8.84402828300393e-08
  endloop
endfacet
facet normal 0.2168939469493185 0.9761951729939797 -6.533458096266475e-09
  outer loop
    vertex 560.0224673339537 131.73909084581405 8.84402828300393e-08
    vertex 559.9294758096063 131.75975199414322 4.050000088440283
    vertex 560.0224673516592 131.7390908567531 4.050000088440283
  endloop
endfacet
facet normal 0.0 1.0 -4.9225344646962046e-09
  outer loop
    vertex 560.6037055489863 131.66676045208996 4.050000088440283
    vertex 560.6941185371096 131.666760441151 8.84402828300393e-08
    vertex 560.6037055312805 131.666760441151 8.84402828300393e-08
  endloop
endfacet
facet normal 0.0 1.0 -4.9225344646962046e-09
  outer loop
    vertex 560.6941185371096 131.666760441151 8.84402828300393e-08
    vertex 560.6037055489863 131.66676045208996 4.050000088440283
    vertex 560.6941185548153 131.66676045208996 4.050000088440283
  endloop
endfacet
facet normal 0.8161524951689785 0.5778365725959637 -9.347119929001383e-09
  outer loop
    vertex 560.3531440749819 132.02066043199576 8.84402828300393e-08
    vertex 560.6037055489863 131.66676045208996 4.050000088440283
    vertex 560.6037055312805 131.666760441151 8.84402828300393e-08
  endloop
endfacet
facet normal 0.8161524951689785 0.5778365725959637 -9.347119929001383e-09
  outer loop
    vertex 560.6037055489863 131.66676045208996 4.050000088440283
    vertex 560.3531440749819 132.02066043199576 8.84402828300393e-08
    vertex 560.3531440926872 132.02066044293477 4.050000088440283
  endloop
endfacet
facet normal -0.19726712566688756 0.9803497748921679 -3.254078647737319e-09
  outer loop
    vertex 558.8367677071894 132.36681661320756 4.050000088440283
    vertex 559.2604195487669 132.45206432374994 8.84402828300393e-08
    vertex 558.8367676894838 132.3668166022686 8.84402828300393e-08
  endloop
endfacet
facet normal -0.19726712566688756 0.9803497748921679 -3.254078647737319e-09
  outer loop
    vertex 559.2604195487669 132.45206432374994 8.84402828300393e-08
    vertex 558.8367677071894 132.36681661320756 4.050000088440283
    vertex 559.260419566473 132.4520643346889 4.050000088440283
  endloop
endfacet
facet normal 0.44721359549996637 0.8944271909999116 -7.966025450933e-09
  outer loop
    vertex 561.5207447121941 132.17049474850722 4.050000088440283
    vertex 561.9082477752382 131.9767431971935 8.84402828300393e-08
    vertex 561.5207446944888 132.17049473756833 8.84402828300393e-08
  endloop
endfacet
facet normal 0.44721359549996637 0.8944271909999116 -7.966025450933e-09
  outer loop
    vertex 561.9082477752382 131.9767431971935 8.84402828300393e-08
    vertex 561.5207447121941 132.17049474850722 4.050000088440283
    vertex 561.9082477929438 131.97674320813252 4.050000088440283
  endloop
endfacet
facet normal -0.9356185057496874 0.35301276421501 5.7168280822067484e-09
  outer loop
    vertex 561.3657697579702 131.75975199414322 4.050000088440283
    vertex 561.5207446944888 132.17049473756833 8.84402828300393e-08
    vertex 561.3657697402649 131.7597519832043 8.84402828300393e-08
  endloop
endfacet
facet normal -0.9356185057496874 0.35301276421501 5.7168280822067484e-09
  outer loop
    vertex 561.5207446944888 132.17049473756833 8.84402828300393e-08
    vertex 561.3657697579702 131.75975199414322 4.050000088440283
    vertex 561.5207447121941 132.17049474850722 4.050000088440283
  endloop
endfacet
facet normal -0.8402814534716446 0.5421504209641271 4.026192960920038e-09
  outer loop
    vertex 562.9053693932857 132.87829473019667 4.050000088440283
    vertex 562.9570386428528 132.95837715639155 8.84402828300393e-08
    vertex 562.9053693755798 132.87829471925775 8.84402828300393e-08
  endloop
endfacet
facet normal -0.8402814534716446 0.5421504209641271 4.026192960920038e-09
  outer loop
    vertex 562.9570386428528 132.95837715639155 8.84402828300393e-08
    vertex 562.9053693932857 132.87829473019667 4.050000088440283
    vertex 562.9570386605587 132.9583771673305 4.050000088440283
  endloop
endfacet
facet normal -0.29115109297023417 0.956677082960723 -2.3895279809777906e-09
  outer loop
    vertex 562.7865267937976 133.35878114110065 4.050000088440283
    vertex 563.202443026703 133.48535933832207 8.84402828300393e-08
    vertex 562.7865267760924 133.3587811301617 8.84402828300393e-08
  endloop
endfacet
facet normal -0.29115109297023417 0.956677082960723 -2.3895279809777906e-09
  outer loop
    vertex 563.202443026703 133.48535933832207 8.84402828300393e-08
    vertex 562.7865267937976 133.35878114110065 4.050000088440283
    vertex 563.2024430444086 133.48535934926107 4.050000088440283
  endloop
endfacet
facet normal -0.9887222574680963 -0.14976080123714477 8.61485271940664e-09
  outer loop
    vertex 562.5333703774772 132.43139498539992 4.050000088440283
    vertex 562.4688084113773 132.85763358186765 8.84402828300393e-08
    vertex 562.5333703597714 132.431394974461 8.84402828300393e-08
  endloop
endfacet
facet normal -0.9887222574680963 -0.14976080123714477 8.61485271940664e-09
  outer loop
    vertex 562.4688084113773 132.85763358186765 8.84402828300393e-08
    vertex 562.5333703774772 132.43139498539992 4.050000088440283
    vertex 562.4688084290826 132.85763359280648 4.050000088440283
  endloop
endfacet
facet normal -0.5241217214227515 0.8516433649907993 -1.6301123254257022e-11
  outer loop
    vertex 562.9699641892755 133.9219203134639 4.050000088440283
    vertex 563.3393518035583 134.1492502971081 8.84402828300393e-08
    vertex 562.9699641715699 133.92192030252494 8.84402828300393e-08
  endloop
endfacet
facet normal -0.5241217214227515 0.8516433649907993 -1.6301123254257022e-11
  outer loop
    vertex 563.3393518035583 134.1492502971081 8.84402828300393e-08
    vertex 562.9699641892755 133.9219203134639 4.050000088440283
    vertex 563.3393518212636 134.14925030804704 4.050000088440283
  endloop
endfacet
facet normal -0.9615173563243644 0.27474419645736875 6.308457038618697e-09
  outer loop
    vertex 563.2024430444086 133.48535934926107 4.050000088440283
    vertex 563.2282776603398 133.57577234415095 8.84402828300393e-08
    vertex 563.202443026703 133.48535933832207 8.84402828300393e-08
  endloop
endfacet
facet normal -0.9615173563243644 0.27474419645736875 6.308457038618697e-09
  outer loop
    vertex 563.2282776603398 133.57577234415095 8.84402828300393e-08
    vertex 563.2024430444086 133.48535934926107 4.050000088440283
    vertex 563.2282776780451 133.5757723550899 4.050000088440283
  endloop
endfacet
facet normal 0.6483463207747922 0.7613455512037817 -8.913452585140849e-09
  outer loop
    vertex 560.9446964349116 132.02066044293477 4.050000088440283
    vertex 561.2753403106384 131.73909084581405 8.84402828300393e-08
    vertex 560.9446964172058 132.02066043199576 8.84402828300393e-08
  endloop
endfacet
facet normal 0.6483463207747922 0.7613455512037817 -8.913452585140849e-09
  outer loop
    vertex 561.2753403106384 131.73909084581405 8.84402828300393e-08
    vertex 560.9446964349116 132.02066044293477 4.050000088440283
    vertex 561.2753403283441 131.7390908567531 4.050000088440283
  endloop
endfacet
facet normal -0.9965433301565536 0.08307461176849519 7.531026813862781e-09
  outer loop
    vertex 563.3393518212636 134.14925030804704 4.050000088440283
    vertex 563.3471038360291 134.2422418391613 8.84402828300393e-08
    vertex 563.3393518035583 134.1492502971081 8.84402828300393e-08
  endloop
endfacet
facet normal -0.9965433301565536 0.08307461176849519 7.531026813862781e-09
  outer loop
    vertex 563.3471038360291 134.2422418391613 8.84402828300393e-08
    vertex 563.3393518212636 134.14925030804704 4.050000088440283
    vertex 563.3471038537346 134.2422418501003 4.050000088440283
  endloop
endfacet
facet normal -0.2227382636271734 0.9748782826160155 -3.0242036069151243e-09
  outer loop
    vertex 561.2753403283441 131.7390908567531 4.050000088440283
    vertex 561.3657697402649 131.7597519832043 8.84402828300393e-08
    vertex 561.2753403106384 131.73909084581405 8.84402828300393e-08
  endloop
endfacet
facet normal -0.2227382636271734 0.9748782826160155 -3.0242036069151243e-09
  outer loop
    vertex 561.3657697402649 131.7597519832043 8.84402828300393e-08
    vertex 561.2753403283441 131.7390908567531 4.050000088440283
    vertex 561.3657697579702 131.75975199414322 4.050000088440283
  endloop
endfacet
facet normal -0.047274124284068283 0.9988819535726804 -4.54037399788531e-09
  outer loop
    vertex 562.4688084290826 132.85763359280648 4.050000088440283
    vertex 562.9053693755798 132.87829471925775 8.84402828300393e-08
    vertex 562.4688084113773 132.85763358186765 8.84402828300393e-08
  endloop
endfacet
facet normal -0.047274124284068283 0.9988819535726804 -4.54037399788531e-09
  outer loop
    vertex 562.9053693755798 132.87829471925775 8.84402828300393e-08
    vertex 562.4688084290826 132.85763359280648 4.050000088440283
    vertex 562.9053693932857 132.87829473019667 4.050000088440283
  endloop
endfacet
facet normal -0.8014396422607255 -0.5980756639531493 9.329522817430212e-09
  outer loop
    vertex 563.2282776780451 133.5757723550899 4.050000088440283
    vertex 562.9699641715699 133.92192030252494 8.84402828300393e-08
    vertex 563.2282776603398 133.57577234415095 8.84402828300393e-08
  endloop
endfacet
facet normal -0.8014396422607255 -0.5980756639531493 9.329522817430212e-09
  outer loop
    vertex 562.9699641715699 133.92192030252494 8.84402828300393e-08
    vertex 563.2282776780451 133.5757723550899 4.050000088440283
    vertex 562.9699641892755 133.9219203134639 4.050000088440283
  endloop
endfacet
facet normal -0.6254290869638169 -0.780281011674388 8.82406985572177e-09
  outer loop
    vertex 563.3471038537346 134.2422418501003 4.050000088440283
    vertex 563.0087079101258 134.51348085664785 8.84402828300393e-08
    vertex 563.3471038360291 134.2422418391613 8.84402828300393e-08
  endloop
endfacet
facet normal -0.6254290869638169 -0.780281011674388 8.82406985572177e-09
  outer loop
    vertex 563.0087079101258 134.51348085664785 8.84402828300393e-08
    vertex 563.3471038537346 134.2422418501003 4.050000088440283
    vertex 563.0087079278314 134.51348086758685 4.050000088440283
  endloop
endfacet
facet normal 0.9895859455181153 -0.1439432403172087 -7.1759658917144105e-09
  outer loop
    vertex 558.8290156570133 132.85763358186765 8.84402828300393e-08
    vertex 558.7670158387505 132.43139498539992 4.050000088440283
    vertex 558.7670158210452 132.431394974461 8.84402828300393e-08
  endloop
endfacet
facet normal 0.9895859455181153 -0.1439432403172087 -7.1759658917144105e-09
  outer loop
    vertex 558.7670158387505 132.43139498539992 4.050000088440283
    vertex 558.8290156570133 132.85763358186765 8.84402828300393e-08
    vertex 558.8290156747186 132.85763359280648 4.050000088440283
  endloop
endfacet
facet normal 0.04755437339989955 0.9988686508097764 -5.2958550904237855e-09
  outer loop
    vertex 558.3950332467399 132.87829473019667 4.050000088440283
    vertex 558.8290156570133 132.85763358186765 8.84402828300393e-08
    vertex 558.3950332290343 132.87829471925775 8.84402828300393e-08
  endloop
endfacet
facet normal 0.04755437339989955 0.9988686508097764 -5.2958550904237855e-09
  outer loop
    vertex 558.8290156570133 132.85763358186765 8.84402828300393e-08
    vertex 558.3950332467399 132.87829473019667 4.050000088440283
    vertex 558.8290156747186 132.85763359280648 4.050000088440283
  endloop
endfacet
facet normal 0.9941730171952633 0.10779615893373289 -8.451709279416969e-09
  outer loop
    vertex 559.2604195487669 132.45206432374994 8.84402828300393e-08
    vertex 559.3069153374992 132.02324719105783 4.050000088440283
    vertex 559.3069153197936 132.02324718011894 8.84402828300393e-08
  endloop
endfacet
facet normal 0.9941730171952633 0.10779615893373289 -8.451709279416969e-09
  outer loop
    vertex 559.3069153374992 132.02324719105783 4.050000088440283
    vertex 559.2604195487669 132.45206432374994 8.84402828300393e-08
    vertex 559.260419566473 132.4520643346889 4.050000088440283
  endloop
endfacet
facet normal 0.49024479898895185 0.871584784782457 -8.196434269084428e-09
  outer loop
    vertex 559.3069153374992 132.02324719105783 4.050000088440283
    vertex 559.3895927169496 131.9767431971935 8.84402828300393e-08
    vertex 559.3069153197936 132.02324718011894 8.84402828300393e-08
  endloop
endfacet
facet normal 0.49024479898895185 0.871584784782457 -8.196434269084428e-09
  outer loop
    vertex 559.3895927169496 131.9767431971935 8.84402828300393e-08
    vertex 559.3069153374992 132.02324719105783 4.050000088440283
    vertex 559.389592734655 131.97674320813252 4.050000088440283
  endloop
endfacet
facet normal 0.6793701313323925 0.7337957649464921 -9.025020193713703e-09
  outer loop
    vertex 558.7670158387505 132.43139498539992 4.050000088440283
    vertex 558.8367676894838 132.3668166022686 8.84402828300393e-08
    vertex 558.7670158210452 132.431394974461 8.84402828300393e-08
  endloop
endfacet
facet normal 0.6793701313323925 0.7337957649464921 -9.025020193713703e-09
  outer loop
    vertex 558.8367676894838 132.3668166022686 8.84402828300393e-08
    vertex 558.7670158387505 132.43139498539992 4.050000088440283
    vertex 558.8367677071894 132.36681661320756 4.050000088440283
  endloop
endfacet
facet normal -0.5022489114566325 0.8647230949504169 -2.549582782427755e-10
  outer loop
    vertex 561.9082477929438 131.97674320813252 4.050000088440283
    vertex 561.9883137885743 132.02324718011894 8.84402828300393e-08
    vertex 561.9082477752382 131.9767431971935 8.84402828300393e-08
  endloop
endfacet
facet normal -0.5022489114566325 0.8647230949504169 -2.549582782427755e-10
  outer loop
    vertex 561.9883137885743 132.02324718011894 8.84402828300393e-08
    vertex 561.9082477929438 131.97674320813252 4.050000088440283
    vertex 561.9883138062795 132.02324719105783 4.050000088440283
  endloop
endfacet
facet normal -0.9935109457101203 0.11373654098038295 7.3559318708402965e-09
  outer loop
    vertex 561.9883138062795 132.02324719105783 4.050000088440283
    vertex 562.037404519623 132.45206432374994 8.84402828300393e-08
    vertex 561.9883137885743 132.02324718011894 8.84402828300393e-08
  endloop
endfacet
facet normal -0.9935109457101203 0.11373654098038295 7.3559318708402965e-09
  outer loop
    vertex 562.037404519623 132.45206432374994 8.84402828300393e-08
    vertex 561.9883138062795 132.02324719105783 4.050000088440283
    vertex 562.0374045373285 132.4520643346889 4.050000088440283
  endloop
endfacet
facet normal -0.8161346327340624 0.5778618011705194 3.658012534294266e-09
  outer loop
    vertex 560.6941185548153 131.66676045208996 4.050000088440283
    vertex 560.9446964172058 132.02066043199576 8.84402828300393e-08
    vertex 560.6941185371096 131.666760441151 8.84402828300393e-08
  endloop
endfacet
facet normal -0.8161346327340624 0.5778618011705194 3.658012534294266e-09
  outer loop
    vertex 560.9446964172058 132.02066043199576 8.84402828300393e-08
    vertex 560.6941185548153 131.66676045208996 4.050000088440283
    vertex 560.9446964349116 132.02066044293477 4.050000088440283
  endloop
endfacet
facet normal -0.9200492986589776 -0.39180261361701446 9.259159706459965e-09
  outer loop
    vertex 562.9570386605587 132.9583771673305 4.050000088440283
    vertex 562.7865267760924 133.3587811301617 8.84402828300393e-08
    vertex 562.9570386428528 132.95837715639155 8.84402828300393e-08
  endloop
endfacet
facet normal -0.9200492986589776 -0.39180261361701446 9.259159706459965e-09
  outer loop
    vertex 562.7865267760924 133.3587811301617 8.84402828300393e-08
    vertex 562.9570386605587 132.9583771673305 4.050000088440283
    vertex 562.7865267937976 133.35878114110065 4.050000088440283
  endloop
endfacet
facet normal -0.6483089873516991 0.7613773420052729 1.4174992088839199e-09
  outer loop
    vertex 560.0224673516592 131.7390908567531 4.050000088440283
    vertex 560.3531440749819 132.02066043199576 8.84402828300393e-08
    vertex 560.0224673339537 131.73909084581405 8.84402828300393e-08
  endloop
endfacet
facet normal -0.6483089873516991 0.7613773420052729 1.4174992088839199e-09
  outer loop
    vertex 560.3531440749819 132.02066043199576 8.84402828300393e-08
    vertex 560.0224673516592 131.7390908567531 4.050000088440283
    vertex 560.3531440926872 132.02066044293477 4.050000088440283
  endloop
endfacet
facet normal -0.6660023053506549 0.7459496827987884 1.6344140013195832e-09
  outer loop
    vertex 562.4610399728143 132.36681661320756 4.050000088440283
    vertex 562.5333703597714 132.431394974461 8.84402828300393e-08
    vertex 562.4610399551087 132.3668166022686 8.84402828300393e-08
  endloop
endfacet
facet normal -0.6660023053506549 0.7459496827987884 1.6344140013195832e-09
  outer loop
    vertex 562.5333703597714 132.431394974461 8.84402828300393e-08
    vertex 562.4610399728143 132.36681661320756 4.050000088440283
    vertex 562.5333703774772 132.43139498539992 4.050000088440283
  endloop
endfacet
facet normal 0.19727447583283833 0.9803482958545289 -6.397583742864212e-09
  outer loop
    vertex 562.0374045373285 132.4520643346889 4.050000088440283
    vertex 562.4610399551087 132.3668166022686 8.84402828300393e-08
    vertex 562.037404519623 132.45206432374994 8.84402828300393e-08
  endloop
endfacet
facet normal 0.19727447583283833 0.9803482958545289 -6.397583742864212e-09
  outer loop
    vertex 562.4610399551087 132.3668166022686 8.84402828300393e-08
    vertex 562.0374045373285 132.4520643346889 4.050000088440283
    vertex 562.4610399728143 132.36681661320756 4.050000088440283
  endloop
endfacet
facet normal 0.9394573551128818 0.3426658400312305 -9.171916041334795e-09
  outer loop
    vertex 559.7796579101257 132.17049473756833 8.84402828300393e-08
    vertex 559.9294758096063 131.75975199414322 4.050000088440283
    vertex 559.9294757919007 131.7597519832043 8.84402828300393e-08
  endloop
endfacet
facet normal 0.9394573551128818 0.3426658400312305 -9.171916041334795e-09
  outer loop
    vertex 559.9294758096063 131.75975199414322 4.050000088440283
    vertex 559.7796579101257 132.17049473756833 8.84402828300393e-08
    vertex 559.7796579278315 132.17049474850722 4.050000088440283
  endloop
endfacet
facet normal -0.4448589750534704 0.89560063215385 -8.642086526393788e-10
  outer loop
    vertex 559.389592734655 131.97674320813252 4.050000088440283
    vertex 559.7796579101257 132.17049473756833 8.84402828300393e-08
    vertex 559.3895927169496 131.9767431971935 8.84402828300393e-08
  endloop
endfacet
facet normal -0.4448589750534704 0.89560063215385 -8.642086526393788e-10
  outer loop
    vertex 559.7796579101257 132.17049473756833 8.84402828300393e-08
    vertex 559.389592734655 131.97674320813252 4.050000088440283
    vertex 559.7796579278315 132.17049474850722 4.050000088440283
  endloop
endfacet
facet normal 0.816103614779778 0.577905606430133 -8.684043569155046e-09
  outer loop
    vertex 566.640363258244 130.98275729896392 7.8969579246162e-08
    vertex 566.7159569448139 130.8760058487617 4.050000079212319
    vertex 566.7159569283642 130.8760058385987 7.921231878713133e-08
  endloop
endfacet
facet normal 0.816103614779778 0.577905606430133 -8.684043569155046e-09
  outer loop
    vertex 566.7159569448139 130.8760058487617 4.050000079212319
    vertex 566.640363258244 130.98275729896392 7.8969579246162e-08
    vertex 566.6403632746935 130.98275730912695 4.05000007896958
  endloop
endfacet
facet normal -0.8693382768936647 0.49421752329065977 4.49365470182953e-09
  outer loop
    vertex 562.8976337846126 135.09471906491353 4.050000088440283
    vertex 563.1120464446716 135.47187514223143 8.84402828300393e-08
    vertex 562.8976337669067 135.0947190539746 8.84402828300393e-08
  endloop
endfacet
facet normal -0.8693382768936647 0.49421752329065977 4.49365470182953e-09
  outer loop
    vertex 563.1120464446716 135.47187514223143 8.84402828300393e-08
    vertex 562.8976337846126 135.09471906491353 4.050000088440283
    vertex 563.1120464623773 135.47187515317032 4.050000088440283
  endloop
endfacet
facet normal 0.9855325944671813 -0.16948600308812078 -6.520124183492651e-09
  outer loop
    vertex 564.7793937584847 133.7762862670546 5.691557747455889e-08
    vertex 564.6928179865503 133.27286263284833 4.050000061335797
    vertex 564.6928179701007 133.27286262268532 6.133579618486374e-08
  endloop
endfacet
facet normal 0.9855325944671813 -0.16948600308812078 -6.520124183492651e-09
  outer loop
    vertex 564.6928179865503 133.27286263284833 4.050000061335797
    vertex 564.7793937584847 133.7762862670546 5.691557747455889e-08
    vertex 564.7793937749343 133.7762862772176 4.050000056915576
  endloop
endfacet
facet normal 0.9568048921266581 -0.2907308005741636 -5.752976117913828e-09
  outer loop
    vertex 564.6928179701007 133.27286262268532 6.133579618486374e-08
    vertex 564.5443086830762 132.7841134951244 4.050000066186924
    vertex 564.5443086666264 132.78411348496135 6.618692324691922e-08
  endloop
endfacet
facet normal 0.9568048921266581 -0.2907308005741636 -5.752976117913828e-09
  outer loop
    vertex 564.5443086830762 132.7841134951244 4.050000066186924
    vertex 564.6928179701007 133.27286262268532 6.133579618486374e-08
    vertex 564.6928179865503 133.27286263284833 4.050000061335797
  endloop
endfacet
facet normal 0.9857133733541108 -0.16843142696913582 -6.526285324446174e-09
  outer loop
    vertex 566.8584226467503 130.24911123940177 7.963054389748402e-08
    vertex 566.8363907784311 130.12017377128205 4.050000079545042
    vertex 566.8363907619813 130.12017376111905 7.954504136653393e-08
  endloop
endfacet
facet normal 0.9857133733541108 -0.16843142696913582 -6.526285324446174e-09
  outer loop
    vertex 566.8363907784311 130.12017377128205 4.050000079545042
    vertex 566.8584226467503 130.24911123940177 7.963054389748402e-08
    vertex 566.8584226632 130.24911124956478 4.050000079630543
  endloop
endfacet
facet normal 0.9552957459868818 -0.29565188600678144 -5.719299021431532e-09
  outer loop
    vertex 566.8363907619813 130.12017376111905 7.954504136653393e-08
    vertex 566.7977176614158 129.9952151090265 4.0500000794043025
    vertex 566.7977176449662 129.99521509886347 7.940430224598758e-08
  endloop
endfacet
facet normal 0.9552957459868818 -0.29565188600678144 -5.719299021431532e-09
  outer loop
    vertex 566.7977176614158 129.9952151090265 4.0500000794043025
    vertex 566.8363907619813 130.12017376111905 7.954504136653393e-08
    vertex 566.8363907784311 130.12017377128205 4.050000079545042
  endloop
endfacet
facet normal 0.90853274354785 -0.4178136593044998 -4.814453926472051e-09
  outer loop
    vertex 566.7977176449662 129.99521509886347 7.940430224598758e-08
    vertex 566.7430650199085 129.87637334015432 4.0500000792107365
    vertex 566.7430650034589 129.8763733299913 7.921073462121773e-08
  endloop
endfacet
facet normal 0.90853274354785 -0.4178136593044998 -4.814453926472051e-09
  outer loop
    vertex 566.7430650199085 129.87637334015432 4.0500000792107365
    vertex 566.7977176449662 129.99521509886347 7.940430224598758e-08
    vertex 566.7977176614158 129.9952151090265 4.0500000794043025
  endloop
endfacet
facet normal 0.9957192657346666 0.09242912876802596 -7.793361162755528e-09
  outer loop
    vertex 566.8513460191093 130.51006768933755 7.963095744777311e-08
    vertex 566.863436344066 130.379821387873 4.050000079659348
    vertex 566.8634363276162 130.37982137771 7.965934686682747e-08
  endloop
endfacet
facet normal 0.9957192657346666 0.09242912876802596 -7.793361162755528e-09
  outer loop
    vertex 566.863436344066 130.379821387873 4.050000079659348
    vertex 566.8513460191093 130.51006768933755 7.963095744777311e-08
    vertex 566.8513460355589 130.51006769950058 4.050000079630959
  endloop
endfacet
facet normal -0.9871243045630264 -0.15995501661705272 8.65230239741184e-09
  outer loop
    vertex 563.3083601151791 134.82348004742695 4.050000088440283
    vertex 563.2928724563294 134.9190583266643 8.84402828300393e-08
    vertex 563.3083600974732 134.82348003648792 8.84402828300393e-08
  endloop
endfacet
facet normal -0.9871243045630264 -0.15995501661705272 8.65230239741184e-09
  outer loop
    vertex 563.2928724563294 134.9190583266643 8.84402828300393e-08
    vertex 563.3083601151791 134.82348004742695 4.050000088440283
    vertex 563.2928724740349 134.91905833760336 4.050000088440283
  endloop
endfacet
facet normal 0.47633997262407446 0.879261184450045 -7.547205677169859e-09
  outer loop
    vertex 564.3361715578501 132.31762697876297 4.050000071393642
    vertex 566.340143791633 131.23197448706543 7.798943119507797e-08
    vertex 564.3361715414004 132.31762696859997 7.139364196309673e-08
  endloop
endfacet
facet normal 0.47633997262407446 0.879261184450045 -7.547205677169859e-09
  outer loop
    vertex 566.340143791633 131.23197448706543 7.798943119507797e-08
    vertex 564.3361715578501 132.31762697876297 4.050000071393642
    vertex 566.3401438080824 131.23197449722846 4.050000077989431
  endloop
endfacet
facet normal 0.8845535534919253 0.4664386465600888 -8.68095471404477e-09
  outer loop
    vertex 566.7159569283642 130.8760058385987 7.921231878713133e-08
    vertex 566.7769700389717 130.76030070802165 4.050000079405514
    vertex 566.7769700225219 130.76030069785867 7.94055147140861e-08
  endloop
endfacet
facet normal 0.8845535534919253 0.4664386465600888 -8.68095471404477e-09
  outer loop
    vertex 566.7769700389717 130.76030070802165 4.050000079405514
    vertex 566.7159569283642 130.8760058385987 7.921231878713133e-08
    vertex 566.7159569448139 130.8760058487617 4.050000079212319
  endloop
endfacet
facet normal -0.40613670443397004 -0.9138123315602137 7.734169118388792e-09
  outer loop
    vertex 563.2928724740349 134.91905833760336 4.050000088440283
    vertex 562.8976337669067 135.0947190539746 8.84402828300393e-08
    vertex 563.2928724563294 134.9190583266643 8.84402828300393e-08
  endloop
endfacet
facet normal -0.40613670443397004 -0.9138123315602137 7.734169118388792e-09
  outer loop
    vertex 562.8976337669067 135.0947190539746 8.84402828300393e-08
    vertex 563.2928724740349 134.91905833760336 4.050000088440283
    vertex 562.8976337846126 135.09471906491353 4.050000088440283
  endloop
endfacet
facet normal 0.5328265250518316 0.8462244939737857 -7.814249546799457e-09
  outer loop
    vertex 566.3401438080824 131.23197449722846 4.050000077989431
    vertex 566.4508352515069 131.162277442915 7.835285932572241e-08
    vertex 566.340143791633 131.23197448706543 7.798943119507797e-08
  endloop
endfacet
facet normal 0.5328265250518316 0.8462244939737857 -7.814249546799457e-09
  outer loop
    vertex 566.4508352515069 131.162277442915 7.835285932572241e-08
    vertex 566.3401438080824 131.23197449722846 4.050000077989431
    vertex 566.4508352679568 131.16227745307805 4.05000007835286
  endloop
endfacet
facet normal 0.6387225812280052 0.7694371086901347 -8.246951603170921e-09
  outer loop
    vertex 566.4508352679568 131.16227745307805 4.05000007835286
    vertex 566.5514824408153 131.07872853187047 7.868144943202417e-08
    vertex 566.4508352515069 131.162277442915 7.835285932572241e-08
  endloop
endfacet
facet normal 0.6387225812280052 0.7694371086901347 -8.246951603170921e-09
  outer loop
    vertex 566.5514824408153 131.07872853187047 7.868144943202417e-08
    vertex 566.4508352679568 131.16227745307805 4.05000007835286
    vertex 566.551482457265 131.07872854203347 4.05000007868145
  endloop
endfacet
facet normal 0.999265171611848 -0.038329059518123765 -7.221605076130808e-09
  outer loop
    vertex 566.8634363276162 130.37982137771 7.965934686682747e-08
    vertex 566.8584226632 130.24911124956478 4.050000079630543
    vertex 566.8584226467503 130.24911123940177 7.963054389748402e-08
  endloop
endfacet
facet normal 0.999265171611848 -0.038329059518123765 -7.221605076130808e-09
  outer loop
    vertex 566.8584226632 130.24911124956478 4.050000079630543
    vertex 566.8634363276162 130.37982137771 7.965934686682747e-08
    vertex 566.863436344066 130.379821387873 4.050000079659348
  endloop
endfacet
facet normal 0.9989593298966463 -0.045609836794747526 -7.186043527732323e-09
  outer loop
    vertex 564.8026918922931 134.28656847309884 5.299489328100536e-08
    vertex 564.7793937749343 133.7762862772176 4.050000056915576
    vertex 564.7793937584847 133.7762862670546 5.691557747455889e-08
  endloop
endfacet
facet normal 0.9989593298966463 -0.045609836794747526 -7.186043527732323e-09
  outer loop
    vertex 564.7793937749343 133.7762862772176 4.050000056915576
    vertex 564.8026918922931 134.28656847309884 5.299489328100536e-08
    vertex 564.8026919087425 134.28656848326187 4.0500000529948945
  endloop
endfacet
facet normal -0.9102553372642807 -0.41404736562607236 9.290626823708077e-09
  outer loop
    vertex 563.1120464623773 135.47187515317032 4.050000088440283
    vertex 563.0732698585205 135.5571228637127 8.84402828300393e-08
    vertex 563.1120464446716 135.47187514223143 8.84402828300393e-08
  endloop
endfacet
facet normal -0.9102553372642807 -0.41404736562607236 9.290626823708077e-09
  outer loop
    vertex 563.0732698585205 135.5571228637127 8.84402828300393e-08
    vertex 563.1120464623773 135.47187515317032 4.050000088440283
    vertex 563.073269876226 135.55712287465167 4.050000088440283
  endloop
endfacet
facet normal -0.1731011289941052 -0.9849040558049125 6.227408354598396e-09
  outer loop
    vertex 563.073269876226 135.55712287465167 4.050000088440283
    vertex 562.6470558868103 135.6320318046001 8.84402828300393e-08
    vertex 563.0732698585205 135.5571228637127 8.84402828300393e-08
  endloop
endfacet
facet normal -0.1731011289941052 -0.9849040558049125 6.227408354598396e-09
  outer loop
    vertex 562.6470558868103 135.6320318046001 8.84402828300393e-08
    vertex 563.073269876226 135.55712287465167 4.050000088440283
    vertex 562.647055904516 135.63203181553914 4.050000088440283
  endloop
endfacet
facet normal -0.7190042388034548 0.695005686726853 2.307480773486338e-09
  outer loop
    vertex 563.0087079278314 134.51348086758685 4.050000088440283
    vertex 563.3083600974732 134.82348003648792 8.84402828300393e-08
    vertex 563.0087079101258 134.51348085664785 8.84402828300393e-08
  endloop
endfacet
facet normal -0.7190042388034548 0.695005686726853 2.307480773486338e-09
  outer loop
    vertex 563.3083600974732 134.82348003648792 8.84402828300393e-08
    vertex 563.0087079278314 134.51348086758685 4.050000088440283
    vertex 563.3083601151791 134.82348004742695 4.050000088440283
  endloop
endfacet
facet normal -0.9650442658044075 0.26208694175412905 6.398863481766644e-09
  outer loop
    vertex 562.647055904516 135.63203181553914 4.050000088440283
    vertex 562.7607085662538 136.05051837953607 8.84402828300393e-08
    vertex 562.6470558868103 135.6320318046001 8.84402828300393e-08
  endloop
endfacet
facet normal -0.9650442658044075 0.26208694175412905 6.398863481766644e-09
  outer loop
    vertex 562.7607085662538 136.05051837953607 8.84402828300393e-08
    vertex 562.647055904516 135.63203181553914 4.050000088440283
    vertex 562.760708583959 136.05051839047505 4.050000088440283
  endloop
endfacet
facet normal -0.7834428851812435 -0.6214637927175557 9.30126242651582e-09
  outer loop
    vertex 562.760708583959 136.05051839047505 4.050000088440283
    vertex 562.70128726651 136.1254273204235 8.84402828300393e-08
    vertex 562.7607085662538 136.05051837953607 8.84402828300393e-08
  endloop
endfacet
facet normal -0.7834428851812435 -0.6214637927175557 9.30126242651582e-09
  outer loop
    vertex 562.70128726651 136.1254273204235 8.84402828300393e-08
    vertex 562.760708583959 136.05051839047505 4.050000088440283
    vertex 562.7012872842155 136.1254273313625 4.050000088440283
  endloop
endfacet
facet normal 0.9751363271552282 0.22160582903482387 -8.23177067915786e-09
  outer loop
    vertex 566.8223585897603 130.63762162378146 7.954586139115203e-08
    vertex 566.8513460355589 130.51006769950058 4.050000079630959
    vertex 566.8513460191093 130.51006768933755 7.963095744777311e-08
  endloop
endfacet
facet normal 0.9751363271552282 0.22160582903482387 -8.23177067915786e-09
  outer loop
    vertex 566.8513460355589 130.51006769950058 4.050000079630959
    vertex 566.8223585897603 130.63762162378146 7.954586139115203e-08
    vertex 566.82235860621 130.63762163394446 4.050000079545863
  endloop
endfacet
facet normal 0.08840015858472329 -0.9960850425351219 4.198934202861053e-09
  outer loop
    vertex 562.7012872842155 136.1254273313625 4.050000088440283
    vertex 562.2647263023069 136.08668358186756 8.84402828300393e-08
    vertex 562.70128726651 136.1254273204235 8.84402828300393e-08
  endloop
endfacet
facet normal 0.08840015858472329 -0.9960850425351219 4.198934202861053e-09
  outer loop
    vertex 562.2647263023069 136.08668358186756 8.84402828300393e-08
    vertex 562.7012872842155 136.1254273313625 4.050000088440283
    vertex 562.2647263200125 136.0866835928065 4.050000088440283
  endloop
endfacet
facet normal 0.9968766405351079 0.0789744487504475 -7.740395365364165e-09
  outer loop
    vertex 564.7623506544433 134.7957868126873 4.9634614526505876e-08
    vertex 564.8026919087425 134.28656848326187 4.0500000529948945
    vertex 564.8026918922931 134.28656847309884 5.299489328100536e-08
  endloop
endfacet
facet normal 0.9968766405351079 0.0789744487504475 -7.740395365364165e-09
  outer loop
    vertex 564.8026919087425 134.28656848326187 4.0500000529948945
    vertex 564.7623506544433 134.7957868126873 4.9634614526505876e-08
    vertex 564.7623506708929 134.79578682285035 4.050000049634614
  endloop
endfacet
facet normal -0.9998442377543427 0.01764936909459959 7.879384825191487e-09
  outer loop
    vertex 562.2647263200125 136.0866835928065 4.050000088440283
    vertex 562.2724783347775 136.52583950609244 8.84402828300393e-08
    vertex 562.2647263023069 136.08668358186756 8.84402828300393e-08
  endloop
endfacet
facet normal -0.9998442377543427 0.01764936909459959 7.879384825191487e-09
  outer loop
    vertex 562.2724783347775 136.52583950609244 8.84402828300393e-08
    vertex 562.2647263200125 136.0866835928065 4.050000088440283
    vertex 562.2724783524833 136.52583951703136 4.050000088440283
  endloop
endfacet
facet normal 0.7336899169520904 0.6794844411484597 -8.53854603112546e-09
  outer loop
    vertex 566.5514824408153 131.07872853187047 7.868144943202417e-08
    vertex 566.6403632746935 130.98275730912695 4.05000007896958
    vertex 566.640363258244 130.98275729896392 7.8969579246162e-08
  endloop
endfacet
facet normal 0.7336899169520904 0.6794844411484597 -8.53854603112546e-09
  outer loop
    vertex 566.6403632746935 130.98275730912695 4.05000007896958
    vertex 566.5514824408153 131.07872853187047 7.868144943202417e-08
    vertex 566.551482457265 131.07872854203347 4.05000007868145
  endloop
endfacet
facet normal 0.9132222371668407 -0.40746183323593693 -4.896509751014989e-09
  outer loop
    vertex 564.5443086666264 132.78411348496135 6.618692324691922e-08
    vertex 564.3361715578501 132.31762697876297 4.050000071393642
    vertex 564.3361715414004 132.31762696859997 7.139364196309673e-08
  endloop
endfacet
facet normal 0.9132222371668407 -0.40746183323593693 -4.896509751014989e-09
  outer loop
    vertex 564.3361715578501 132.31762697876297 4.050000071393642
    vertex 564.5443086666264 132.78411348496135 6.618692324691922e-08
    vertex 564.5443086830762 132.7841134951244 4.050000066186924
  endloop
endfacet
facet normal 0.9378685356592933 0.34699079212609213 -8.529332316961772e-09
  outer loop
    vertex 566.7769700225219 130.76030069785867 7.94055147140861e-08
    vertex 566.82235860621 130.63762163394446 4.050000079545863
    vertex 566.8223585897603 130.63762162378146 7.954586139115203e-08
  endloop
endfacet
facet normal 0.9378685356592933 0.34699079212609213 -8.529332316961772e-09
  outer loop
    vertex 566.82235860621 130.63762163394446 4.050000079545863
    vertex 566.7769700225219 130.76030069785867 7.94055147140861e-08
    vertex 566.7769700389717 130.76030070802165 4.050000079405514
  endloop
endfacet
facet normal -0.028100700543469446 -0.9996050973404278 4.779563365615252e-09
  outer loop
    vertex 562.8372549405224 128.12884529429257 4.050000059753195
    vertex 562.341939134072 128.14276950353008 5.998540857414784e-08
    vertex 562.8372549240728 128.12884528412954 5.975319644932095e-08
  endloop
endfacet
facet normal -0.028100700543469446 -0.9996050973404278 4.779563365615252e-09
  outer loop
    vertex 562.341939134072 128.14276950353008 5.998540857414784e-08
    vertex 562.8372549405224 128.12884529429257 4.050000059753195
    vertex 562.3419391505219 128.14276951369308 4.0500000599854085
  endloop
endfacet
facet normal -0.9250778758623449 -0.37977746587970684 8.584596756400464e-09
  outer loop
    vertex 557.2906085816442 131.6333313121241 4.050000118196984
    vertex 557.1024244752604 132.0917179989816 1.2584143213880077e-07
    vertex 557.2906085651946 131.63333130196108 1.1819698573604903e-07
  endloop
endfacet
facet normal -0.9250778758623449 -0.37977746587970684 8.584596756400464e-09
  outer loop
    vertex 557.1024244752604 132.0917179989816 1.2584143213880077e-07
    vertex 557.2906085816442 131.6333313121241 4.050000118196984
    vertex 557.10242449171 132.0917180091446 4.050000125841432
  endloop
endfacet
facet normal -0.6957088511028198 -0.7183238785514473 8.4350240527344e-09
  outer loop
    vertex 558.7535679986213 129.6546465185322 4.050000085198755
    vertex 558.3976302620383 129.99937822303448 9.094779456698964e-08
    vertex 558.7535679821716 129.65464650836918 8.5198755309924e-08
  endloop
endfacet
facet normal -0.6957088511028198 -0.7183238785514473 8.4350240527344e-09
  outer loop
    vertex 558.3976302620383 129.99937822303448 9.094779456698964e-08
    vertex 558.7535679986213 129.6546465185322 4.050000085198755
    vertex 558.3976302784879 129.9993782331975 4.050000090947796
  endloop
endfacet
facet normal -0.8040880880217249 -0.5945101737578312 8.671039229989626e-09
  outer loop
    vertex 558.0712616478814 130.37222556477676 4.050000097165715
    vertex 557.776675022018 130.77066042415186 1.0381035250368792e-07
    vertex 558.0712616314316 130.37222555461375 9.716571376314614e-08
  endloop
endfacet
facet normal -0.8040880880217249 -0.5945101737578312 8.671039229989626e-09
  outer loop
    vertex 557.776675022018 130.77066042415186 1.0381035250368792e-07
    vertex 558.0712616478814 130.37222556477676 4.050000097165715
    vertex 557.7766750384677 130.77066043431486 4.050000103810354
  endloop
endfacet
facet normal -0.8906959223169701 -0.4545995754154658 8.672278281278457e-09
  outer loop
    vertex 557.515867884973 131.191981267405 4.050000110836655
    vertex 557.2906085651946 131.63333130196108 1.1819698573604903e-07
    vertex 557.5158678685235 131.191981257242 1.1083665703620369e-07
  endloop
endfacet
facet normal -0.8906959223169701 -0.4545995754154658 8.672278281278457e-09
  outer loop
    vertex 557.2906085651946 131.63333130196108 1.1819698573604903e-07
    vertex 557.515867884973 131.191981267405 4.050000110836655
    vertex 557.2906085816442 131.6333313121241 4.050000118196984
  endloop
endfacet
facet normal -0.9531873695784401 -0.30238028784319654 8.43870765818143e-09
  outer loop
    vertex 557.10242449171 132.0917180091446 4.050000125841432
    vertex 556.9525915746958 132.56403327252056 1.3371816332938273e-07
    vertex 557.1024244752604 132.0917179989816 1.2584143213880077e-07
  endloop
endfacet
facet normal -0.9531873695784401 -0.30238028784319654 8.43870765818143e-09
  outer loop
    vertex 556.9525915746958 132.56403327252056 1.3371816332938273e-07
    vertex 557.10242449171 132.0917180091446 4.050000125841432
    vertex 556.9525915911455 132.56403328268357 4.0500001337181635
  endloop
endfacet
facet normal -0.6358014864767882 -0.7718526218093104 8.236375682804618e-09
  outer loop
    vertex 556.9525915911455 132.56403328268357 4.0500001337181635
    vertex 556.6380544298639 132.8231283103368 1.3456165630310048e-07
    vertex 556.9525915746958 132.56403327252056 1.3371816332938273e-07
  endloop
endfacet
facet normal -0.6358014864767882 -0.7718526218093104 8.236375682804618e-09
  outer loop
    vertex 556.6380544298639 132.8231283103368 1.3456165630310048e-07
    vertex 556.9525915911455 132.56403328268357 4.0500001337181635
    vertex 556.6380544463136 132.82312832049985 4.050000134561654
  endloop
endfacet
facet normal 0.5213768787479467 -0.8533265203350056 4.31607400237555e-11
  outer loop
    vertex 566.1047507246237 129.1444823044694 7.669082316733872e-08
    vertex 565.6819176636183 128.88613409164702 4.05000007238239
    vertex 565.6819176471688 128.88613408148402 7.238238848392654e-08
  endloop
endfacet
facet normal 0.5213768787479467 -0.8533265203350056 4.31607400237555e-11
  outer loop
    vertex 565.6819176636183 128.88613409164702 4.05000007238239
    vertex 566.1047507246237 129.1444823044694 7.669082316733872e-08
    vertex 566.1047507410734 129.14448231463243 4.0500000766908215
  endloop
endfacet
facet normal 0.8792611844500469 -0.47633997262407096 -4.33011416505442e-09
  outer loop
    vertex 566.7430650034589 129.8763733299913 7.921073462121773e-08
    vertex 566.6229109933374 129.65458474841103 4.050000080398338
    vertex 566.6229109768877 129.65458473824796 8.039833699221609e-08
  endloop
endfacet
facet normal 0.8792611844500469 -0.47633997262407096 -4.33011416505442e-09
  outer loop
    vertex 566.6229109933374 129.65458474841103 4.050000080398338
    vertex 566.7430650034589 129.8763733299913 7.921073462121773e-08
    vertex 566.7430650199085 129.87637334015432 4.0500000792107365
  endloop
endfacet
facet normal -0.3500007325307206 -0.9367494260622522 6.8749143794340685e-09
  outer loop
    vertex 560.886256263907 128.4270128063746 4.050000064725693
    vertex 560.4220861634541 128.60044217326802 6.761794725067822e-08
    vertex 560.8862562474573 128.42701279621159 6.472569146274163e-08
  endloop
endfacet
facet normal -0.3500007325307206 -0.9367494260622522 6.8749143794340685e-09
  outer loop
    vertex 560.4220861634541 128.60044217326802 6.761794725067822e-08
    vertex 560.886256263907 128.4270128063746 4.050000064725693
    vertex 560.4220861799037 128.60044218343103 4.050000067617948
  endloop
endfacet
facet normal -0.5684926761272586 -0.8226883232364901 7.970623071078235e-09
  outer loop
    vertex 559.5443128837945 129.05867322178042 4.050000075259797
    vertex 559.1366613679354 129.34036785256575 7.995757716179238e-08
    vertex 559.5443128673448 129.05867321161736 7.525979775704712e-08
  endloop
endfacet
facet normal -0.5684926761272586 -0.8226883232364901 7.970623071078235e-09
  outer loop
    vertex 559.1366613679354 129.34036785256575 7.995757716179238e-08
    vertex 559.5443128837945 129.05867322178042 4.050000075259797
    vertex 559.1366613843852 129.34036786272875 4.050000079957577
  endloop
endfacet
facet normal -0.4258840545715861 -0.9047777473289592 7.2904103560724234e-09
  outer loop
    vertex 560.4220861799037 128.60044218343103 4.050000067617948
    vertex 559.9737584129398 128.81147260668618 7.113727023299927e-08
    vertex 560.4220861634541 128.60044217326802 6.761794725067822e-08
  endloop
endfacet
facet normal -0.4258840545715861 -0.9047777473289592 7.2904103560724234e-09
  outer loop
    vertex 559.9737584129398 128.81147260668618 7.113727023299927e-08
    vertex 560.4220861799037 128.60044218343103 4.050000067617948
    vertex 559.9737584293896 128.8114726168492 4.050000071137272
  endloop
endfacet
facet normal -0.19164519893842047 -0.9814642722605104 5.907210368957024e-09
  outer loop
    vertex 561.8494481946727 128.19739802380002 4.050000060896441
    vertex 561.3631213751031 128.29236040765093 6.248011371355113e-08
    vertex 561.849448178223 128.19739801363698 6.089644006849312e-08
  endloop
endfacet
facet normal -0.19164519893842047 -0.9814642722605104 5.907210368957024e-09
  outer loop
    vertex 561.3631213751031 128.29236040765093 6.248011371355113e-08
    vertex 561.8494481946727 128.19739802380002 4.050000060896441
    vertex 561.3631213915527 128.29236041781394 4.050000062480114
  endloop
endfacet
facet normal -0.02539241497457179 -0.9996775606473115 4.759847123675866e-09
  outer loop
    vertex 556.6380544463136 132.82312832049985 4.050000134561654
    vertex 556.1095058953641 132.8365537629533 1.3905381694082066e-07
    vertex 556.6380544298639 132.8231283103368 1.3456165630310048e-07
  endloop
endfacet
facet normal -0.02539241497457179 -0.9996775606473115 4.759847123675866e-09
  outer loop
    vertex 556.1095058953641 132.8365537629533 1.3905381694082066e-07
    vertex 556.6380544463136 132.82312832049985 4.050000134561654
    vertex 556.1095059118137 132.83655377311632 4.050000139053819
  endloop
endfacet
facet normal 0.7529739203990784 -0.6580503591662588 -2.5642665226398192e-09
  outer loop
    vertex 566.6229109768877 129.65458473824796 8.039833699221609e-08
    vertex 566.3048228873349 129.29061253128089 4.050000079127815
    vertex 566.3048228708853 129.29061252111782 7.912781493924767e-08
  endloop
endfacet
facet normal 0.7529739203990784 -0.6580503591662588 -2.5642665226398192e-09
  outer loop
    vertex 566.3048228873349 129.29061253128089 4.050000079127815
    vertex 566.6229109768877 129.65458473824796 8.039833699221609e-08
    vertex 566.6229109933374 129.65458474841103 4.050000080398338
  endloop
endfacet
facet normal -0.8502746346369794 -0.5263392876205908 8.70115771114671e-09
  outer loop
    vertex 557.7766750384677 130.77066043431486 4.050000103810354
    vertex 557.5158678685235 131.191981257242 1.1083665703620369e-07
    vertex 557.776675022018 130.77066042415186 1.0381035250368792e-07
  endloop
endfacet
facet normal -0.8502746346369794 -0.5263392876205908 8.70115771114671e-09
  outer loop
    vertex 557.5158678685235 131.191981257242 1.1083665703620369e-07
    vertex 557.7766750384677 130.77066043431486 4.050000103810354
    vertex 557.515867884973 131.191981267405 4.050000110836655
  endloop
endfacet
facet normal 0.38218439607569926 -0.9240860822435607 1.3971192590688788e-09
  outer loop
    vertex 556.1095059118137 132.83655377311632 4.050000139053819
    vertex 555.539521667703 132.60081914687464 1.457214077173197e-07
    vertex 556.1095058953641 132.8365537629533 1.3905381694082066e-07
  endloop
endfacet
facet normal 0.38218439607569926 -0.9240860822435607 1.3971192590688788e-09
  outer loop
    vertex 555.539521667703 132.60081914687464 1.457214077173197e-07
    vertex 556.1095059118137 132.83655377311632 4.050000139053819
    vertex 555.5395216841528 132.60081915703762 4.050000145721408
  endloop
endfacet
facet normal 0.5638280639865699 -0.8258921928806182 -3.9654425726309625e-10
  outer loop
    vertex 555.5395216841528 132.60081915703762 4.050000145721408
    vertex 555.329111382937 132.45717422018177 1.4859536246875087e-07
    vertex 555.539521667703 132.60081914687464 1.457214077173197e-07
  endloop
endfacet
facet normal 0.5638280639865699 -0.8258921928806182 -3.9654425726309625e-10
  outer loop
    vertex 555.329111382937 132.45717422018177 1.4859536246875087e-07
    vertex 555.5395216841528 132.60081915703762 4.050000145721408
    vertex 555.3291113993864 132.45717423034483 4.0500001485953625
  endloop
endfacet
facet normal 0.3551945044735955 -0.934792417594279 1.6458714440015028e-09
  outer loop
    vertex 555.3291113993864 132.45717423034483 4.0500001485953625
    vertex 555.0988829062156 132.36969395379793 1.5123215640694414e-07
    vertex 555.329111382937 132.45717422018177 1.4859536246875087e-07
  endloop
endfacet
facet normal 0.3551945044735955 -0.934792417594279 1.6458714440015028e-09
  outer loop
    vertex 555.0988829062156 132.36969395379793 1.5123215640694414e-07
    vertex 555.3291113993864 132.45717423034483 4.0500001485953625
    vertex 555.0988829226652 132.36969396396097 4.050000151232157
  endloop
endfacet
facet normal 0.21724992108646055 -0.9761160134881134 2.8559713653661108e-09
  outer loop
    vertex 564.306607415315 128.3308605615169 6.312217502257011e-08
    vertex 563.8229307522045 128.22321074418622 4.050000061326914
    vertex 563.822930735755 128.2232107340232 6.13269149465475e-08
  endloop
endfacet
facet normal 0.21724992108646055 -0.9761160134881134 2.8559713653661108e-09
  outer loop
    vertex 563.8229307522045 128.22321074418622 4.050000061326914
    vertex 564.306607415315 128.3308605615169 6.312217502257011e-08
    vertex 564.3066074317647 128.33086057167992 4.050000063122176
  endloop
endfacet
facet normal 0.44940290012713113 -0.8933291853271804 7.588829185512395e-10
  outer loop
    vertex 565.6819176471688 128.88613408148402 7.238238848392654e-08
    vertex 565.2392628068772 128.66344980052324 4.050000068668718
    vertex 565.2392627904277 128.66344979036023 6.86687158592725e-08
  endloop
endfacet
facet normal 0.44940290012713113 -0.8933291853271804 7.588829185512395e-10
  outer loop
    vertex 565.2392628068772 128.66344980052324 4.050000068668718
    vertex 565.6819176471688 128.88613408148402 7.238238848392654e-08
    vertex 565.6819176636183 128.88613409164702 4.05000007238239
  endloop
endfacet
facet normal -0.11024671182589256 -0.993904252195139 5.361563820038433e-09
  outer loop
    vertex 562.3419391505219 128.14276951369308 4.0500000599854085
    vertex 561.849448178223 128.19739801363698 6.089644006849312e-08
    vertex 562.341939134072 128.14276950353008 5.998540857414784e-08
  endloop
endfacet
facet normal -0.11024671182589256 -0.993904252195139 5.361563820038433e-09
  outer loop
    vertex 561.849448178223 128.19739801363698 6.089644006849312e-08
    vertex 562.3419391505219 128.14276951369308 4.0500000599854085
    vertex 561.8494481946727 128.19739802380002 4.050000060896441
  endloop
endfacet
facet normal 0.3743817600599778 -0.9272746614323035 1.4694595166402533e-09
  outer loop
    vertex 565.2392627904277 128.66344979036023 6.86687158592725e-08
    vertex 564.7797875774124 128.477939344705 4.050000065574987
    vertex 564.7797875609627 128.47793933454196 6.557498572733262e-08
  endloop
endfacet
facet normal 0.3743817600599778 -0.9272746614323035 1.4694595166402533e-09
  outer loop
    vertex 564.7797875774124 128.477939344705 4.050000065574987
    vertex 565.2392627904277 128.66344979036023 6.86687158592725e-08
    vertex 565.2392628068772 128.66344980052324 4.050000068668718
  endloop
endfacet
facet normal 0.29682213689631404 -0.9549327824764976 2.170072493255736e-09
  outer loop
    vertex 564.7797875609627 128.47793933454196 6.557498572733262e-08
    vertex 564.3066074317647 128.33086057167992 4.050000063122176
    vertex 564.306607415315 128.3308605615169 6.312217502257011e-08
  endloop
endfacet
facet normal 0.29682213689631404 -0.9549327824764976 2.170072493255736e-09
  outer loop
    vertex 564.3066074317647 128.33086057167992 4.050000063122176
    vertex 564.7797875609627 128.47793933454196 6.557498572733262e-08
    vertex 564.7797875774124 128.477939344705 4.050000065574987
  endloop
endfacet
facet normal -0.2717442421412164 -0.9623695064075419 6.4128032740588875e-09
  outer loop
    vertex 561.3631213915527 128.29236041781394 4.050000062480114
    vertex 560.8862562474573 128.42701279621159 6.472569146274163e-08
    vertex 561.3631213751031 128.29236040765093 6.248011371355113e-08
  endloop
endfacet
facet normal -0.2717442421412164 -0.9623695064075419 6.4128032740588875e-09
  outer loop
    vertex 560.8862562474573 128.42701279621159 6.472569146274163e-08
    vertex 561.3631213915527 128.29236041781394 4.050000062480114
    vertex 560.886256263907 128.4270128063746 4.050000064725693
  endloop
endfacet
facet normal -0.49887968391766613 -0.8666712531140106 7.656473947296773e-09
  outer loop
    vertex 559.9737584293896 128.8114726168492 4.050000071137272
    vertex 559.5443128673448 129.05867321161736 7.525979775704712e-08
    vertex 559.9737584129398 128.81147260668618 7.113727023299927e-08
  endloop
endfacet
facet normal -0.49887968391766613 -0.8666712531140106 7.656473947296773e-09
  outer loop
    vertex 559.5443128673448 129.05867321161736 7.525979775704712e-08
    vertex 559.9737584293896 128.8114726168492 4.050000071137272
    vertex 559.5443128837945 129.05867322178042 4.050000075259797
  endloop
endfacet
facet normal -0.7524494488173218 -0.6586500033967271 8.582127055168842e-09
  outer loop
    vertex 558.3976302784879 129.9993782331975 4.050000090947796
    vertex 558.0712616314316 130.37222555461375 9.716571376314614e-08
    vertex 558.3976302620383 129.99937822303448 9.094779456698964e-08
  endloop
endfacet
facet normal -0.7524494488173218 -0.6586500033967271 8.582127055168842e-09
  outer loop
    vertex 558.0712616314316 130.37222555461375 9.716571376314614e-08
    vertex 558.3976302784879 129.9993782331975 4.050000090947796
    vertex 558.0712616478814 130.37222556477676 4.050000097165715
  endloop
endfacet
facet normal 0.13620464939828852 -0.9906807222724632 3.5225054184376998e-09
  outer loop
    vertex 563.822930735755 128.2232107340232 6.13269149465475e-08
    vertex 563.3320370924022 128.15571977830587 4.050000060201378
    vertex 563.3320370759525 128.15571976814283 6.020137820061658e-08
  endloop
endfacet
facet normal 0.13620464939828852 -0.9906807222724632 3.5225054184376998e-09
  outer loop
    vertex 563.3320370924022 128.15571977830587 4.050000060201378
    vertex 563.822930735755 128.2232107340232 6.13269149465475e-08
    vertex 563.8229307522045 128.22321074418622 4.050000061326914
  endloop
endfacet
facet normal 0.5898156787494905 -0.8075379031979103 -6.728540884683691e-10
  outer loop
    vertex 566.3048228708853 129.29061252111782 7.912781493924767e-08
    vertex 566.1047507410734 129.14448231463243 4.0500000766908215
    vertex 566.1047507246237 129.1444823044694 7.669082316733872e-08
  endloop
endfacet
facet normal 0.5898156787494905 -0.8075379031979103 -6.728540884683691e-10
  outer loop
    vertex 566.1047507410734 129.14448231463243 4.0500000766908215
    vertex 566.3048228708853 129.29061252111782 7.912781493924767e-08
    vertex 566.3048228873349 129.29061253128089 4.050000079127815
  endloop
endfacet
facet normal -0.634251022617473 -0.7731271824924342 8.230727649711138e-09
  outer loop
    vertex 559.1366613843852 129.34036786272875 4.050000079957577
    vertex 558.7535679821716 129.65464650836918 8.5198755309924e-08
    vertex 559.1366613679354 129.34036785256575 7.995757716179238e-08
  endloop
endfacet
facet normal -0.634251022617473 -0.7731271824924342 8.230727649711138e-09
  outer loop
    vertex 558.7535679821716 129.65464650836918 8.5198755309924e-08
    vertex 559.1366613843852 129.34036786272875 4.050000079957577
    vertex 558.7535679986213 129.6546465185322 4.050000085198755
  endloop
endfacet
facet normal 0.05423584660618304 -0.9985281533051087 4.165155240449236e-09
  outer loop
    vertex 563.3320370759525 128.15571976814283 6.020137820061658e-08
    vertex 562.8372549405224 128.12884529429257 4.050000059753195
    vertex 562.8372549240728 128.12884528412954 5.975319644932095e-08
  endloop
endfacet
facet normal 0.05423584660618304 -0.9985281533051087 4.165155240449236e-09
  outer loop
    vertex 562.8372549405224 128.12884529429257 4.050000059753195
    vertex 563.3320370759525 128.15571976814283 6.020137820061658e-08
    vertex 563.3320370924022 128.15571977830587 4.050000060201378
  endloop
endfacet
facet normal -0.7308745663315542 0.6825118081686662 2.2888086784295993e-09
  outer loop
    vertex 556.6385560516806 135.74336619265895 4.050000113277909
    vertex 556.8618756970207 135.98251026617385 1.0959595588236337e-07
    vertex 556.6385560352309 135.74336618249592 1.1327790756140986e-07
  endloop
endfacet
facet normal -0.7308745663315542 0.6825118081686662 2.2888086784295993e-09
  outer loop
    vertex 556.8618756970207 135.98251026617385 1.0959595588236337e-07
    vertex 556.6385560516806 135.74336619265895 4.050000113277909
    vertex 556.8618757134702 135.98251027633682 4.050000109595957
  endloop
endfacet
facet normal 0.185040902174448 0.9827308199718101 -5.864115515089383e-09
  outer loop
    vertex 555.6787307888059 135.7652302517569 1.2145384474193669e-07
    vertex 556.2863448776029 135.65082105256568 4.050000117010924
    vertex 556.2863448611532 135.65082104240264 1.1701092335214549e-07
  endloop
endfacet
facet normal 0.185040902174448 0.9827308199718101 -5.864115515089383e-09
  outer loop
    vertex 556.2863448776029 135.65082105256568 4.050000117010924
    vertex 555.6787307888059 135.7652302517569 1.2145384474193669e-07
    vertex 555.6787308052553 135.76523026191992 4.050000121453846
  endloop
endfacet
facet normal -0.5644641669277831 0.8254575726556295 4.0324057975345054e-10
  outer loop
    vertex 552.8859255802383 135.21718982122312 1.4970045899903586e-07
    vertex 553.3647356400868 135.54460958161553 4.05000014315654
    vertex 553.3647356236373 135.5446095714525 1.431565400028534e-07
  endloop
endfacet
facet normal -0.5644641669277831 0.8254575726556295 4.0324057975345054e-10
  outer loop
    vertex 553.3647356400868 135.54460958161553 4.05000014315654
    vertex 552.8859255802383 135.21718982122312 1.4970045899903586e-07
    vertex 552.8859255966879 135.21718983138618 4.050000149700457
  endloop
endfacet
facet normal -0.07592397626425135 -0.9971136092884428 5.122172903425006e-09
  outer loop
    vertex 555.0988829226652 132.36969396396097 4.050000151232157
    vertex 554.5646304168646 132.41037394546868 1.555752506871566e-07
    vertex 555.0988829062156 132.36969395379793 1.5123215640694414e-07
  endloop
endfacet
facet normal -0.07592397626425135 -0.9971136092884428 5.122172903425006e-09
  outer loop
    vertex 554.5646304168646 132.41037394546868 1.555752506871566e-07
    vertex 555.0988829226652 132.36969396396097 4.050000151232157
    vertex 554.5646304333143 132.41037395563166 4.050000155575252
  endloop
endfacet
facet normal -0.7637511339515173 0.6455108096598937 2.701390945695698e-09
  outer loop
    vertex 557.2567808638191 136.70215879466224 4.050000100922561
    vertex 557.7866698682947 137.3291093088652 9.175242099995764e-08
    vertex 557.2567808473693 136.70215878449926 1.0092255907059866e-07
  endloop
endfacet
facet normal -0.7637511339515173 0.6455108096598937 2.701390945695698e-09
  outer loop
    vertex 557.7866698682947 137.3291093088652 9.175242099995764e-08
    vertex 557.2567808638191 136.70215879466224 4.050000100922561
    vertex 557.7866698847445 137.32910931902822 4.05000009175242
  endloop
endfacet
facet normal -0.8503869492325762 0.5261578057721008 3.888542531083397e-09
  outer loop
    vertex 557.7866698847445 137.32910931902822 4.05000009175242
    vertex 557.9063595891778 137.52255427058532 8.930341033944191e-08
    vertex 557.7866698682947 137.3291093088652 9.175242099995764e-08
  endloop
endfacet
facet normal -0.8503869492325762 0.5261578057721008 3.888542531083397e-09
  outer loop
    vertex 557.9063595891778 137.52255427058532 8.930341033944191e-08
    vertex 557.7866698847445 137.32910931902822 4.05000009175242
    vertex 557.9063596056276 137.52255428074835 4.050000089303412
  endloop
endfacet
facet normal -0.45480433310246565 0.8905913869958665 -7.063787577068911e-10
  outer loop
    vertex 553.3647356236373 135.5446095714525 1.431565400028534e-07
    vertex 553.9190639039477 135.82769214904923 4.05000013627989
    vertex 553.9190638874983 135.8276921388862 1.3627988887857105e-07
  endloop
endfacet
facet normal -0.45480433310246565 0.8905913869958665 -7.063787577068911e-10
  outer loop
    vertex 553.9190639039477 135.82769214904923 4.05000013627989
    vertex 553.3647356236373 135.5446095714525 1.431565400028534e-07
    vertex 553.3647356400868 135.54460958161553 4.05000014315654
  endloop
endfacet
facet normal -0.9944985916808388 0.10474994579868876 6.88255471736492e-09
  outer loop
    vertex 556.8746399747619 140.13130327353892 4.050000079253395
    vertex 556.9398391052387 140.75030558650576 7.417660735523082e-08
    vertex 556.8746399583124 140.1313032633759 7.925339508643715e-08
  endloop
endfacet
facet normal -0.9944985916808388 0.10474994579868876 6.88255471736492e-09
  outer loop
    vertex 556.9398391052387 140.75030558650576 7.417660735523082e-08
    vertex 556.8746399747619 140.13130327353892 4.050000079253395
    vertex 556.9398391216882 140.7503055966688 4.050000074176608
  endloop
endfacet
facet normal -0.9730798463842953 0.230468246317613 6.149051082047933e-09
  outer loop
    vertex 556.9398391216882 140.7503055966688 4.050000074176608
    vertex 557.0735259612551 141.31475638350094 6.890257244718258e-08
    vertex 556.9398391052387 140.75030558650576 7.417660735523082e-08
  endloop
endfacet
facet normal -0.9730798463842953 0.230468246317613 6.149051082047933e-09
  outer loop
    vertex 557.0735259612551 141.31475638350094 6.890257244718258e-08
    vertex 556.9398391216882 140.7503055966688 4.050000074176608
    vertex 557.0735259777047 141.31475639366397 4.050000068902573
  endloop
endfacet
facet normal -0.25412857619117823 0.9671704434912414 -2.542071831195992e-09
  outer loop
    vertex 556.2863448611532 135.65082104240264 1.1701092335214549e-07
    vertex 556.6385560516806 135.74336619265895 4.050000113277909
    vertex 556.6385560352309 135.74336618249592 1.1327790756140986e-07
  endloop
endfacet
facet normal -0.25412857619117823 0.9671704434912414 -2.542071831195992e-09
  outer loop
    vertex 556.6385560516806 135.74336619265895 4.050000113277909
    vertex 556.2863448611532 135.65082104240264 1.1701092335214549e-07
    vertex 556.2863448776029 135.65082105256568 4.050000117010924
  endloop
endfacet
facet normal -0.9950201636197646 0.0996738380423699 6.9096304294135135e-09
  outer loop
    vertex 557.9063596056276 137.52255428074835 4.050000089303412
    vertex 557.9326191179905 137.78469688662958 8.716516977058665e-08
    vertex 557.9063595891778 137.52255427058532 8.930341033944191e-08
  endloop
endfacet
facet normal -0.9950201636197646 0.0996738380423699 6.9096304294135135e-09
  outer loop
    vertex 557.9326191179905 137.78469688662958 8.716516977058665e-08
    vertex 557.9063596056276 137.52255428074835 4.050000089303412
    vertex 557.9326191344401 137.7846968967926 4.050000087165171
  endloop
endfacet
facet normal -0.9991625148977826 0.040917830137220425 7.209005800312969e-09
  outer loop
    vertex 552.8428534055009 134.16542049942888 4.050000157738611
    vertex 552.8859255802383 135.21718982122312 1.4970045899903586e-07
    vertex 552.8428533890512 134.1654204892658 1.5773861011450509e-07
  endloop
endfacet
facet normal -0.9991625148977826 0.040917830137220425 7.209005800312969e-09
  outer loop
    vertex 552.8859255802383 135.21718982122312 1.4970045899903586e-07
    vertex 552.8428534055009 134.16542049942888 4.050000157738611
    vertex 552.8859255966879 135.21718983138618 4.050000149700457
  endloop
endfacet
facet normal -0.9717674828808359 -0.23594058407879742 8.27239133275365e-09
  outer loop
    vertex 557.0290292974486 139.03203347065153 4.0500000859228935
    vertex 556.9026125088798 139.55270568360686 8.322664285598248e-08
    vertex 557.029029280999 139.03203346048852 8.592289248104957e-08
  endloop
endfacet
facet normal -0.9717674828808359 -0.23594058407879742 8.27239133275365e-09
  outer loop
    vertex 556.9026125088798 139.55270568360686 8.322664285598248e-08
    vertex 557.0290292974486 139.03203347065153 4.0500000859228935
    vertex 556.9026125253293 139.55270569376987 4.050000083226643
  endloop
endfacet
facet normal -0.2698502144513021 0.9629023116394446 -2.406175268479377e-09
  outer loop
    vertex 558.0397130813114 141.73254692795842 5.746768165842965e-08
    vertex 559.0533077873333 142.01660352521395 4.050000046595598
    vertex 559.0533077708837 142.01660351505092 4.659559887787438e-08
  endloop
endfacet
facet normal -0.2698502144513021 0.9629023116394446 -2.406175268479377e-09
  outer loop
    vertex 559.0533077873333 142.01660352521395 4.050000046595598
    vertex 558.0397130813114 141.73254692795842 5.746768165842965e-08
    vertex 558.0397130977609 141.73254693812143 4.05000005746768
  endloop
endfacet
facet normal -0.27202065762350963 0.9622914121128137 -2.3873150539921958e-09
  outer loop
    vertex 553.9190638874983 135.8276921388862 1.3627988887857105e-07
    vertex 554.7382505110544 136.05925992236254 4.050000127478555
    vertex 554.7382504946047 136.0592599121995 1.2747855249986566e-07
  endloop
endfacet
facet normal -0.27202065762350963 0.9622914121128137 -2.3873150539921958e-09
  outer loop
    vertex 554.7382505110544 136.05925992236254 4.050000127478555
    vertex 553.9190638874983 135.8276921388862 1.3627988887857105e-07
    vertex 553.9190639039477 135.82769214904923 4.05000013627989
  endloop
endfacet
facet normal 0.7316947418094982 0.6816324558061562 -8.533600713414951e-09
  outer loop
    vertex 559.7445905235678 141.44660395062908 4.4745914343835576e-08
    vertex 559.9531954110894 141.22267816914436 4.0500000445660795
    vertex 559.9531953946397 141.22267815898132 4.4566078560071005e-08
  endloop
endfacet
facet normal 0.7316947418094982 0.6816324558061562 -8.533600713414951e-09
  outer loop
    vertex 559.9531954110894 141.22267816914436 4.0500000445660795
    vertex 559.7445905235678 141.44660395062908 4.4745914343835576e-08
    vertex 559.7445905400175 141.44660396079206 4.050000044745913
  endloop
endfacet
facet normal -0.8766792570221743 0.4810753374545906 4.289345346792782e-09
  outer loop
    vertex 556.8618757134702 135.98251027633682 4.050000109595957
    vertex 557.2567808473693 136.70215878449926 1.0092255907059866e-07
    vertex 556.8618756970207 135.98251026617385 1.0959595588236337e-07
  endloop
endfacet
facet normal -0.8766792570221743 0.4810753374545906 4.289345346792782e-09
  outer loop
    vertex 557.2567808473693 136.70215878449926 1.0092255907059866e-07
    vertex 556.8618757134702 135.98251027633682 4.050000109595957
    vertex 557.2567808638191 136.70215879466224 4.050000100922561
  endloop
endfacet
facet normal 0.8311358548217056 0.5560694118811002 -8.695452529815073e-09
  outer loop
    vertex 559.9531953946397 141.22267815898132 4.4566078560071005e-08
    vertex 560.4265658728935 140.51514929772512 4.050000045610934
    vertex 560.426565856444 140.5151492875621 4.561093279145671e-08
  endloop
endfacet
facet normal 0.8311358548217056 0.5560694118811002 -8.695452529815073e-09
  outer loop
    vertex 560.4265658728935 140.51514929772512 4.050000045610934
    vertex 559.9531953946397 141.22267815898132 4.4566078560071005e-08
    vertex 559.9531954110894 141.22267816914436 4.0500000445660795
  endloop
endfacet
facet normal 0.30509026251929305 0.9523234386047151 -6.6136974863666425e-09
  outer loop
    vertex 555.0004742785728 136.0782639439161 1.250628843863233e-07
    vertex 555.2350196561193 136.0031240353404 4.050000123573594
    vertex 555.2350196396698 136.0031240251774 1.2357359436052097e-07
  endloop
endfacet
facet normal 0.30509026251929305 0.9523234386047151 -6.6136974863666425e-09
  outer loop
    vertex 555.2350196561193 136.0031240353404 4.050000123573594
    vertex 555.0004742785728 136.0782639439161 1.250628843863233e-07
    vertex 555.0004742950223 136.07826395407918 4.050000125062883
  endloop
endfacet
facet normal -0.07228299424952367 0.9973841630697388 -4.026332293195106e-09
  outer loop
    vertex 554.7382504946047 136.0592599121995 1.2747855249986566e-07
    vertex 555.0004742950223 136.07826395407918 4.050000125062883
    vertex 555.0004742785728 136.0782639439161 1.250628843863233e-07
  endloop
endfacet
facet normal -0.07228299424952367 0.9973841630697388 -4.026332293195106e-09
  outer loop
    vertex 555.0004742950223 136.07826395407918 4.050000125062883
    vertex 554.7382504946047 136.0592599121995 1.2747855249986566e-07
    vertex 554.7382505110544 136.05925992236254 4.050000127478555
  endloop
endfacet
facet normal 0.47251673645623005 0.8813216970940597 -7.528328257511363e-09
  outer loop
    vertex 555.2350196396698 136.0031240251774 1.2357359436052097e-07
    vertex 555.6787308052553 135.76523026191992 4.050000121453846
    vertex 555.6787307888059 135.7652302517569 1.2145384474193669e-07
  endloop
endfacet
facet normal 0.47251673645623005 0.8813216970940597 -7.528328257511363e-09
  outer loop
    vertex 555.6787308052553 135.76523026191992 4.050000121453846
    vertex 555.2350196396698 136.0031240251774 1.2357359436052097e-07
    vertex 555.2350196561193 136.0031240353404 4.050000123573594
  endloop
endfacet
facet normal -0.39689506241942746 0.9178639928807965 -1.2597701029609e-09
  outer loop
    vertex 557.0735259612551 141.31475638350094 6.890257244718258e-08
    vertex 558.0397130977609 141.73254693812143 4.05000005746768
    vertex 558.0397130813114 141.73254692795842 5.746768165842965e-08
  endloop
endfacet
facet normal -0.39689506241942746 0.9178639928807965 -1.2597701029609e-09
  outer loop
    vertex 558.0397130977609 141.73254693812143 4.05000005746768
    vertex 557.0735259612551 141.31475638350094 6.890257244718258e-08
    vertex 557.0735259777047 141.31475639366397 4.050000068902573
  endloop
endfacet
facet normal -0.9955865421557928 -0.09384794658527014 7.798867460670952e-09
  outer loop
    vertex 552.9416416582069 133.11742468816445 4.0500001645173285
    vertex 552.8428533890512 134.1654204892658 1.5773861011450509e-07
    vertex 552.9416416417572 133.11742467800147 1.6451732789884988e-07
  endloop
endfacet
facet normal -0.9955865421557928 -0.09384794658527014 7.798867460670952e-09
  outer loop
    vertex 552.8428533890512 134.1654204892658 1.5773861011450509e-07
    vertex 552.9416416582069 133.11742468816445 4.0500001645173285
    vertex 552.8428534055009 134.16542049942888 4.050000157738611
  endloop
endfacet
facet normal -0.8907151860090595 -0.4545618301318824 8.672248254905203e-09
  outer loop
    vertex 557.8896192884865 137.98535214578447 4.050000086076438
    vertex 557.719160590367 138.31936640229773 8.512280669092931e-08
    vertex 557.8896192720368 137.98535213562144 8.607643781599618e-08
  endloop
endfacet
facet normal -0.8907151860090595 -0.4545618301318824 8.672248254905203e-09
  outer loop
    vertex 557.719160590367 138.31936640229773 8.512280669092931e-08
    vertex 557.8896192884865 137.98535214578447 4.050000086076438
    vertex 557.7191606068164 138.31936641246077 4.050000085122807
  endloop
endfacet
facet normal -0.7793084918305448 -0.6266404667437313 8.634555656715e-09
  outer loop
    vertex 557.1833646628561 138.8400974766726 4.050000085981235
    vertex 557.029029280999 139.03203346048852 8.592289248104957e-08
    vertex 557.1833646464064 138.84009746650958 8.598123472883246e-08
  endloop
endfacet
facet normal -0.7793084918305448 -0.6266404667437313 8.634555656715e-09
  outer loop
    vertex 557.029029280999 139.03203346048852 8.592289248104957e-08
    vertex 557.1833646628561 138.8400974766726 4.050000085981235
    vertex 557.0290292974486 139.03203347065153 4.0500000859228935
  endloop
endfacet
facet normal 0.6361779204140117 0.7715423861186781 -8.23774335464176e-09
  outer loop
    vertex 559.0533077708837 142.01660351505092 4.659559887787438e-08
    vertex 559.7445905400175 141.44660396079206 4.050000044745913
    vertex 559.7445905235678 141.44660395062908 4.4745914343835576e-08
  endloop
endfacet
facet normal 0.6361779204140117 0.7715423861186781 -8.23774335464176e-09
  outer loop
    vertex 559.7445905400175 141.44660396079206 4.050000044745913
    vertex 559.0533077708837 142.01660351505092 4.659559887787438e-08
    vertex 559.0533077873333 142.01660352521395 4.050000046595598
  endloop
endfacet
facet normal -0.4917091650245571 -0.8707594943673326 7.622092342639243e-09
  outer loop
    vertex 553.7218219124502 132.67686471280487 4.050000160952435
    vertex 552.9416416417572 133.11742467800147 1.6451732789884988e-07
    vertex 553.7218218960005 132.67686470264184 1.6095243551006446e-07
  endloop
endfacet
facet normal -0.4917091650245571 -0.8707594943673326 7.622092342639243e-09
  outer loop
    vertex 552.9416416417572 133.11742467800147 1.6451732789884988e-07
    vertex 553.7218219124502 132.67686471280487 4.050000160952435
    vertex 552.9416416582069 133.11742468816445 4.0500001645173285
  endloop
endfacet
facet normal -0.3014818291874168 -0.9534719223290264 6.592239074451612e-09
  outer loop
    vertex 554.5646304333143 132.41037395563166 4.050000155575252
    vertex 553.7218218960005 132.67686470264184 1.6095243551006446e-07
    vertex 554.5646304168646 132.41037394546868 1.555752506871566e-07
  endloop
endfacet
facet normal -0.3014818291874168 -0.9534719223290264 6.592239074451612e-09
  outer loop
    vertex 553.7218218960005 132.67686470264184 1.6095243551006446e-07
    vertex 554.5646304333143 132.41037395563166 4.050000155575252
    vertex 553.7218219124502 132.67686471280487 4.050000160952435
  endloop
endfacet
facet normal -0.9778001251395115 -0.20953977015630118 8.196306596266434e-09
  outer loop
    vertex 557.9326191344401 137.7846968967926 4.050000087165171
    vertex 557.8896192720368 137.98535213562144 8.607643781599618e-08
    vertex 557.9326191179905 137.78469688662958 8.716516977058665e-08
  endloop
endfacet
facet normal -0.9778001251395115 -0.20953977015630118 8.196306596266434e-09
  outer loop
    vertex 557.8896192720368 137.98535213562144 8.607643781599618e-08
    vertex 557.9326191344401 137.7846968967926 4.050000087165171
    vertex 557.8896192884865 137.98535214578447 4.050000086076438
  endloop
endfacet
facet normal -0.9988334041494139 -0.04828903348891329 7.614544583230095e-09
  outer loop
    vertex 556.9026125253293 139.55270569376987 4.050000083226643
    vertex 556.8746399583124 140.1313032633759 7.925339508643715e-08
    vertex 556.9026125088798 139.55270568360686 8.322664285598248e-08
  endloop
endfacet
facet normal -0.9988334041494139 -0.04828903348891329 7.614544583230095e-09
  outer loop
    vertex 556.8746399583124 140.1313032633759 7.925339508643715e-08
    vertex 556.9026125253293 139.55270569376987 4.050000083226643
    vertex 556.8746399747619 140.13130327353892 4.050000079253395
  endloop
endfacet
facet normal -0.7375991128271671 -0.6752388827345298 8.548066755777582e-09
  outer loop
    vertex 557.7191606068164 138.31936641246077 4.050000085122807
    vertex 557.3849993347 138.68438839973226 8.536484230972642e-08
    vertex 557.719160590367 138.31936640229773 8.512280669092931e-08
  endloop
endfacet
facet normal -0.7375991128271671 -0.6752388827345298 8.548066755777582e-09
  outer loop
    vertex 557.3849993347 138.68438839973226 8.536484230972642e-08
    vertex 557.7191606068164 138.31936641246077 4.050000085122807
    vertex 557.3849993511494 138.6843884098953 4.050000085364843
  endloop
endfacet
facet normal -0.6112027883286395 -0.7914740371858676 8.144023595574704e-09
  outer loop
    vertex 557.3849993511494 138.6843884098953 4.050000085364843
    vertex 557.1833646464064 138.84009746650958 8.598123472883246e-08
    vertex 557.3849993347 138.68438839973226 8.536484230972642e-08
  endloop
endfacet
facet normal -0.6112027883286395 -0.7914740371858676 8.144023595574704e-09
  outer loop
    vertex 557.1833646464064 138.84009746650958 8.598123472883246e-08
    vertex 557.3849993511494 138.6843884098953 4.050000085364843
    vertex 557.1833646628561 138.8400974766726 4.050000085981235
  endloop
endfacet
facet normal -0.524671767035593 0.8513046087480957 -9.523939735867258e-12
  outer loop
    vertex 563.96172333713 139.25513315701164 2.4092699335370727e-08
    vertex 564.4178596999483 139.53625682185609 4.050000018083036
    vertex 564.4178596834987 139.53625681169305 1.8083035235011427e-08
  endloop
endfacet
facet normal -0.524671767035593 0.8513046087480957 -9.523939735867258e-12
  outer loop
    vertex 564.4178596999483 139.53625682185609 4.050000018083036
    vertex 563.96172333713 139.25513315701164 2.4092699335370727e-08
    vertex 563.9617233535797 139.25513316717465 4.050000024092697
  endloop
endfacet
facet normal 0.9793168613467526 0.20233261003097233 -8.174573061586857e-09
  outer loop
    vertex 564.6589963661241 135.29603537483453 4.6886911909321834e-08
    vertex 564.7623506708929 134.79578682285035 4.050000049634614
    vertex 564.7623506544433 134.7957868126873 4.9634614526505876e-08
  endloop
endfacet
facet normal 0.9793168613467526 0.20233261003097233 -8.174573061586857e-09
  outer loop
    vertex 564.7623506708929 134.79578682285035 4.050000049634614
    vertex 564.6589963661241 135.29603537483453 4.6886911909321834e-08
    vertex 564.6589963825737 135.29603538499754 4.050000046886913
  endloop
endfacet
facet normal 0.9996890958413511 -0.024934146384059698 -7.286002846539776e-09
  outer loop
    vertex 560.468148848009 139.77740041374898 5.0625700375894776e-08
    vertex 560.4527690081885 139.16077315414438 4.050000055252544
    vertex 560.4527689917388 139.16077314398137 5.5252543744332983e-08
  endloop
endfacet
facet normal 0.9996890958413511 -0.024934146384059698 -7.286002846539776e-09
  outer loop
    vertex 560.4527690081885 139.16077315414438 4.050000055252544
    vertex 560.468148848009 139.77740041374898 5.0625700375894776e-08
    vertex 560.4681488644585 139.77740042391198 4.050000050625701
  endloop
endfacet
facet normal 0.9504423277722305 0.31090091923135876 -8.457355835827758e-09
  outer loop
    vertex 560.4527689917388 139.16077314398137 5.5252543744332983e-08
    vertex 560.5724989946189 138.79475156987758 4.050000056879943
    vertex 560.5724989781692 138.79475155971457 5.6879943235998985e-08
  endloop
endfacet
facet normal 0.9504423277722305 0.31090091923135876 -8.457355835827758e-09
  outer loop
    vertex 560.5724989946189 138.79475156987758 4.050000056879943
    vertex 560.4527689917388 139.16077314398137 5.5252543744332983e-08
    vertex 560.4527690081885 139.16077315414438 4.050000055252544
  endloop
endfacet
facet normal 0.9732470978330756 -0.22976093349282783 -6.153523928792573e-09
  outer loop
    vertex 560.5266846071145 140.02535273881557 4.831057127246964e-08
    vertex 560.4681488644585 139.77740042391198 4.050000050625701
    vertex 560.468148848009 139.77740041374898 5.0625700375894776e-08
  endloop
endfacet
facet normal 0.9732470978330756 -0.22976093349282783 -6.153523928792573e-09
  outer loop
    vertex 560.4681488644585 139.77740042391198 4.050000050625701
    vertex 560.5266846071145 140.02535273881557 4.831057127246964e-08
    vertex 560.5266846235643 140.0253527489786 4.050000048310571
  endloop
endfacet
facet normal 0.3291159388321863 0.9442895206485183 -6.7548016531184366e-09
  outer loop
    vertex 560.7950007794957 138.54661477202117 5.675584659953214e-08
    vertex 561.0098133737716 138.47174553744694 4.050000055435946
    vertex 561.009813357322 138.4717455272839 5.5435946264004166e-08
  endloop
endfacet
facet normal 0.3291159388321863 0.9442895206485183 -6.7548016531184366e-09
  outer loop
    vertex 561.0098133737716 138.47174553744694 4.050000055435946
    vertex 560.7950007794957 138.54661477202117 5.675584659953214e-08
    vertex 560.7950007959453 138.5466147821842 4.050000056755846
  endloop
endfacet
facet normal -0.9415984833251239 0.33673772613092606 5.430006988664086e-09
  outer loop
    vertex 563.7410972076761 138.8091489936395 4.050000029258477
    vertex 563.8268865106274 139.0490362511184 2.6765442727977322e-08
    vertex 563.7410971912266 138.80914898347646 2.9258476537369354e-08
  endloop
endfacet
facet normal -0.9415984833251239 0.33673772613092606 5.430006988664086e-09
  outer loop
    vertex 563.8268865106274 139.0490362511184 2.6765442727977322e-08
    vertex 563.7410972076761 138.8091489936395 4.050000029258477
    vertex 563.8268865270772 139.0490362612814 4.050000026765444
  endloop
endfacet
facet normal -0.8368186498251917 0.5474801798282226 3.6905905441178326e-09
  outer loop
    vertex 563.8268865270772 139.0490362612814 4.050000026765444
    vertex 563.96172333713 139.25513315701164 2.4092699335370727e-08
    vertex 563.8268865106274 139.0490362511184 2.6765442727977322e-08
  endloop
endfacet
facet normal -0.8368186498251917 0.5474801798282226 3.6905905441178326e-09
  outer loop
    vertex 563.96172333713 139.25513315701164 2.4092699335370727e-08
    vertex 563.8268865270772 139.0490362612814 4.050000026765444
    vertex 563.9617233535797 139.25513316717465 4.050000024092697
  endloop
endfacet
facet normal 0.8323849465620932 0.5541978895095336 -8.696139585069225e-09
  outer loop
    vertex 566.8423928056358 139.12841502011105 -6.274425423669072e-14
    vertex 567.4257645082596 138.25221210887412 4.050000001318631
    vertex 567.42576449181 138.25221209871114 1.318631452834618e-09
  endloop
endfacet
facet normal 0.8323849465620932 0.5541978895095336 -8.696139585069225e-09
  outer loop
    vertex 567.4257645082596 138.25221210887412 4.050000001318631
    vertex 566.8423928056358 139.12841502011105 -6.274425423669072e-14
    vertex 566.8423928220855 139.12841503027406 4.049999999999938
  endloop
endfacet
facet normal 0.9999915937767405 0.004100289728106612 -7.421026924568212e-09
  outer loop
    vertex 560.5256747921823 140.27162959009036 4.652475306790586e-08
    vertex 560.5266846235643 140.0253527489786 4.050000048310571
    vertex 560.5266846071145 140.02535273881557 4.831057127246964e-08
  endloop
endfacet
facet normal 0.9999915937767405 0.004100289728106612 -7.421026924568212e-09
  outer loop
    vertex 560.5266846235643 140.0253527489786 4.050000048310571
    vertex 560.5256747921823 140.27162959009036 4.652475306790586e-08
    vertex 560.5256748086318 140.27162960025336 4.0500000465247545
  endloop
endfacet
facet normal 0.9303714702737561 -0.36661823099874513 -5.2102465918131065e-09
  outer loop
    vertex 567.42576449181 138.25221209871114 1.318631452834618e-09
    vertex 567.0972820799401 137.41861832123828 4.050000010245509
    vertex 567.0972820634906 137.41861831107525 1.0245508636291813e-08
  endloop
endfacet
facet normal 0.9303714702737561 -0.36661823099874513 -5.2102465918131065e-09
  outer loop
    vertex 567.0972820799401 137.41861832123828 4.050000010245509
    vertex 567.42576449181 138.25221209871114 1.318631452834618e-09
    vertex 567.4257645082596 138.25221210887412 4.050000001318631
  endloop
endfacet
facet normal -0.31652817057551697 0.9485831103451696 -1.995162462671743e-09
  outer loop
    vertex 564.4178596834987 139.53625681169305 1.8083035235011427e-08
    vertex 565.2563430868219 139.81604634120401 4.050000008762738
    vertex 565.2563430703724 139.816046331041 8.762737449458104e-09
  endloop
endfacet
facet normal -0.31652817057551697 0.9485831103451696 -1.995162462671743e-09
  outer loop
    vertex 565.2563430868219 139.81604634120401 4.050000008762738
    vertex 564.4178596834987 139.53625681169305 1.8083035235011427e-08
    vertex 564.4178596999483 139.53625682185609 4.050000018083036
  endloop
endfacet
facet normal -0.6283471695482357 0.7779330527241535 1.0934707663450062e-09
  outer loop
    vertex 563.1189425486701 138.04143165206764 4.025561159520797e-08
    vertex 563.4185223136495 138.2834063236536 4.050000035890781
    vertex 563.4185222971997 138.28340631349056 3.5890780650277295e-08
  endloop
endfacet
facet normal -0.6283471695482357 0.7779330527241535 1.0934707663450062e-09
  outer loop
    vertex 563.4185223136495 138.2834063236536 4.050000035890781
    vertex 563.1189425486701 138.04143165206764 4.025561159520797e-08
    vertex 563.1189425651197 138.04143166223065 4.050000040255613
  endloop
endfacet
facet normal 0.6870061873363345 -0.7266515661316592 -1.762213212000363e-09
  outer loop
    vertex 566.6105234854573 136.6807836983062 4.050000019849095
    vertex 566.221177989665 136.3126805066638 2.591254533876321e-08
    vertex 566.6105234690078 136.68078368814318 1.9849094011981094e-08
  endloop
endfacet
facet normal 0.6870061873363345 -0.7266515661316592 -1.762213212000363e-09
  outer loop
    vertex 566.221177989665 136.3126805066638 2.591254533876321e-08
    vertex 566.6105234854573 136.6807836983062 4.050000019849095
    vertex 566.2211780061144 136.31268051682684 4.050000025912546
  endloop
endfacet
facet normal 0.08223430402228285 -0.9966130238171537 3.949142647829769e-09
  outer loop
    vertex 565.9872609342044 136.2356088990359 4.050000028505527
    vertex 565.7333657773537 136.21465904207525 3.0863044960000055e-08
    vertex 565.9872609177547 136.2356088888729 2.8505524844374413e-08
  endloop
endfacet
facet normal 0.08223430402228285 -0.9966130238171537 3.949142647829769e-09
  outer loop
    vertex 565.7333657773537 136.21465904207525 3.0863044960000055e-08
    vertex 565.9872609342044 136.2356088990359 4.050000028505527
    vertex 565.7333657938036 136.21465905223826 4.0500000308630435
  endloop
endfacet
facet normal 0.32164921211765457 -0.9468589041373018 1.94936937391731e-09
  outer loop
    vertex 565.7333657938036 136.21465905223826 4.0500000308630435
    vertex 565.0337043612114 135.97698314097948 3.867091680881396e-08
    vertex 565.7333657773537 136.21465904207525 3.0863044960000055e-08
  endloop
endfacet
facet normal 0.32164921211765457 -0.9468589041373018 1.94936937391731e-09
  outer loop
    vertex 565.0337043612114 135.97698314097948 3.867091680881396e-08
    vertex 565.7333657938036 136.21465905223826 4.0500000308630435
    vertex 565.0337043776609 135.97698315114255 4.050000038670917
  endloop
endfacet
facet normal 0.3129343127903958 -0.9497747711317682 2.027215301361099e-09
  outer loop
    vertex 566.2211780061144 136.31268051682684 4.050000025912546
    vertex 565.9872609177547 136.2356088888729 2.8505524844374413e-08
    vertex 566.221177989665 136.3126805066638 2.591254533876321e-08
  endloop
endfacet
facet normal 0.3129343127903958 -0.9497747711317682 2.027215301361099e-09
  outer loop
    vertex 565.9872609177547 136.2356088888729 2.8505524844374413e-08
    vertex 566.2211780061144 136.31268051682684 4.050000025912546
    vertex 565.9872609342044 136.2356088990359 4.050000028505527
  endloop
endfacet
facet normal 0.18662576649463347 0.9824310781323495 -5.8744763880728495e-09
  outer loop
    vertex 561.009813357322 138.4717455272839 5.5435946264004166e-08
    vertex 561.8162728157573 138.31854790877102 4.05000004954887
    vertex 561.8162727993076 138.318547898608 4.954886972324825e-08
  endloop
endfacet
facet normal 0.18662576649463347 0.9824310781323495 -5.8744763880728495e-09
  outer loop
    vertex 561.8162728157573 138.31854790877102 4.05000004954887
    vertex 561.009813357322 138.4717455272839 5.5435946264004166e-08
    vertex 561.0098133737716 138.47174553744694 4.050000055435946
  endloop
endfacet
facet normal 0.8347197858350297 -0.5506749305493414 -3.6604433049354873e-09
  outer loop
    vertex 567.0972820634906 137.41861831107525 1.0245508636291813e-08
    vertex 566.6105234854573 136.6807836983062 4.050000019849095
    vertex 566.6105234690078 136.68078368814318 1.9849094011981094e-08
  endloop
endfacet
facet normal 0.8347197858350297 -0.5506749305493414 -3.6604433049354873e-09
  outer loop
    vertex 566.6105234854573 136.6807836983062 4.050000019849095
    vertex 567.0972820634906 137.41861831107525 1.0245508636291813e-08
    vertex 567.0972820799401 137.41861832123828 4.050000010245509
  endloop
endfacet
facet normal 0.9262289097637276 0.3769615454100014 -8.580238883371965e-09
  outer loop
    vertex 560.426565856444 140.5151492875621 4.561093279145671e-08
    vertex 560.5256748086318 140.27162960025336 4.0500000465247545
    vertex 560.5256747921823 140.27162959009036 4.652475306790586e-08
  endloop
endfacet
facet normal 0.9262289097637276 0.3769615454100014 -8.580238883371965e-09
  outer loop
    vertex 560.5256748086318 140.27162960025336 4.0500000465247545
    vertex 560.426565856444 140.5151492875621 4.561093279145671e-08
    vertex 560.4265658728935 140.51514929772512 4.050000045610934
  endloop
endfacet
facet normal -0.11402307154498623 0.9934781020009685 -3.699494354595885e-09
  outer loop
    vertex 565.2563430703724 139.816046331041 8.762737449458104e-09
    vertex 566.1464764636287 139.9182083732647 4.050000000288253
    vertex 566.146476447179 139.9182083631017 2.8825202480486927e-10
  endloop
endfacet
facet normal -0.11402307154498623 0.9934781020009685 -3.699494354595885e-09
  outer loop
    vertex 566.1464764636287 139.9182083732647 4.050000000288253
    vertex 565.2563430703724 139.816046331041 8.762737449458104e-09
    vertex 565.2563430868219 139.81604634120401 4.050000008762738
  endloop
endfacet
facet normal 0.6921746112907663 -0.721730079381812 -1.8229793516130196e-09
  outer loop
    vertex 565.0337043776609 135.97698315114255 4.050000038670917
    vertex 564.740097338304 135.69539957842775 4.327250445873568e-08
    vertex 565.0337043612114 135.97698314097948 3.867091680881396e-08
  endloop
endfacet
facet normal 0.6921746112907663 -0.721730079381812 -1.8229793516130196e-09
  outer loop
    vertex 564.740097338304 135.69539957842775 4.327250445873568e-08
    vertex 565.0337043776609 135.97698315114255 4.050000038670917
    vertex 564.7400973547536 135.69539958859076 4.050000043272505
  endloop
endfacet
facet normal 0.7502901800816337 0.6611086489171575 -8.577387687682554e-09
  outer loop
    vertex 566.146476447179 139.9182083631017 2.8825202480486927e-10
    vertex 566.8423928220855 139.12841503027406 4.049999999999938
    vertex 566.8423928056358 139.12841502011105 -6.274425423669072e-14
  endloop
endfacet
facet normal 0.7502901800816337 0.6611086489171575 -8.577387687682554e-09
  outer loop
    vertex 566.8423928220855 139.12841503027406 4.049999999999938
    vertex 566.146476447179 139.9182083631017 2.8825202480486927e-10
    vertex 566.1464764636287 139.9182083732647 4.050000000288253
  endloop
endfacet
facet normal 0.744518231855425 0.6676021288423752 -8.564358793318194e-09
  outer loop
    vertex 560.5724989781692 138.79475155971457 5.6879943235998985e-08
    vertex 560.7950007959453 138.5466147821842 4.050000056755846
    vertex 560.7950007794957 138.54661477202117 5.675584659953214e-08
  endloop
endfacet
facet normal 0.744518231855425 0.6676021288423752 -8.564358793318194e-09
  outer loop
    vertex 560.7950007959453 138.5466147821842 4.050000056755846
    vertex 560.5724989781692 138.79475155971457 5.6879943235998985e-08
    vertex 560.5724989946189 138.79475156987758 4.050000056879943
  endloop
endfacet
facet normal -0.8523515824567732 0.5229691959221255 3.917668064487393e-09
  outer loop
    vertex 563.4185223136495 138.2834063236536 4.050000035890781
    vertex 563.7410971912266 138.80914898347646 2.9258476537369354e-08
    vertex 563.4185222971997 138.28340631349056 3.5890780650277295e-08
  endloop
endfacet
facet normal -0.8523515824567732 0.5229691959221255 3.917668064487393e-09
  outer loop
    vertex 563.7410971912266 138.80914898347646 2.9258476537369354e-08
    vertex 563.4185223136495 138.2834063236536 4.050000035890781
    vertex 563.7410972076761 138.8091489936395 4.050000029258477
  endloop
endfacet
facet normal 0.9799968357409276 -0.199013069766208 -6.344108768986574e-09
  outer loop
    vertex 564.740097338304 135.69539957842775 4.327250445873568e-08
    vertex 564.6589963825737 135.29603538499754 4.050000046886913
    vertex 564.6589963661241 135.29603537483453 4.6886911909321834e-08
  endloop
endfacet
facet normal 0.9799968357409276 -0.199013069766208 -6.344108768986574e-09
  outer loop
    vertex 564.6589963825737 135.29603538499754 4.050000046886913
    vertex 564.740097338304 135.69539957842775 4.327250445873568e-08
    vertex 564.7400973547536 135.69539958859076 4.050000043272505
  endloop
endfacet
facet normal 0.019218983273642565 0.9998152982836016 -4.714770623860542e-09
  outer loop
    vertex 563.1189425651197 138.04143166223065 4.050000040255613
    vertex 563.1189425486701 138.04143165206764 4.025561159520797e-08
    vertex 562.86169142022 138.04637667055587 4.368436823382064e-08
  endloop
endfacet
facet normal -0.26134491058812537 0.9647015223003682 0.03240078056215006
  outer loop
    vertex 562.7972415518975 137.95428043394492 4.050000043684369
    vertex 563.1189425651197 138.04143166223065 4.050000040255613
    vertex 562.86169142022 138.04637667055587 4.368436823382064e-08
  endloop
endfacet
facet normal 0.2556227909790403 0.9656151869963652 0.04737403691960901
  outer loop
    vertex 562.5762706038837 138.00833281348508 4.050000045209438
    vertex 562.6340913437656 138.10205062148222 4.520943859007143e-08
    vertex 561.8162727993076 138.318547898608 4.954886972324825e-08
  endloop
endfacet
facet normal 0.3779094411368803 0.9258425645322269 -7.03164318827127e-09
  outer loop
    vertex 561.8162728157573 138.31854790877102 4.05000004954887
    vertex 562.5762706038837 138.00833281348508 4.050000045209438
    vertex 561.8162727993076 138.318547898608 4.954886972324825e-08
  endloop
endfacet
facet normal 0.23734398903994836 0.9702833930994628 0.04709530700609922
  outer loop
    vertex 562.7972415518975 137.95428043394492 4.050000043684369
    vertex 562.86169142022 138.04637667055587 4.368436823382064e-08
    vertex 562.6340913437656 138.10205062148222 4.520943859007143e-08
  endloop
endfacet
facet normal 0.23734398904513807 0.9702833930982155 0.04709530700563529
  outer loop
    vertex 562.5762706038837 138.00833281348508 4.050000045209438
    vertex 562.7972415518975 137.95428043394492 4.050000043684369
    vertex 562.6340913437656 138.10205062148222 4.520943859007143e-08
  endloop
endfacet
facet normal 4.0616389868358186e-09 2.5093874113087494e-09 1.0
  outer loop
    vertex 556.9026125253293 139.55270569376987 4.050000083226643
    vertex 556.9398391216882 140.7503055966688 4.050000074176608
    vertex 556.8746399747619 140.13130327353892 4.050000079253395
  endloop
endfacet
facet normal 4.0616389868358186e-09 2.5093874113087494e-09 1.0
  outer loop
    vertex 556.9398391216882 140.7503055966688 4.050000074176608
    vertex 556.9026125253293 139.55270569376987 4.050000083226643
    vertex 557.0290292974486 139.03203347065153 4.0500000859228935
  endloop
endfacet
facet normal 4.0616389868358186e-09 2.5093874113087494e-09 1.0
  outer loop
    vertex 556.9398391216882 140.7503055966688 4.050000074176608
    vertex 557.0290292974486 139.03203347065153 4.0500000859228935
    vertex 557.0735259777047 141.31475639366397 4.050000068902573
  endloop
endfacet
facet normal 4.0616389868358186e-09 2.5093874113087494e-09 1.0
  outer loop
    vertex 557.0735259777047 141.31475639366397 4.050000068902573
    vertex 557.0290292974486 139.03203347065153 4.0500000859228935
    vertex 557.1833646628561 138.8400974766726 4.050000085981235
  endloop
endfacet
facet normal 4.0616389868358186e-09 2.5093874113087494e-09 1.0
  outer loop
    vertex 557.0735259777047 141.31475639366397 4.050000068902573
    vertex 557.1833646628561 138.8400974766726 4.050000085981235
    vertex 558.0397130977609 141.73254693812143 4.05000005746768
  endloop
endfacet
facet normal 4.0616389868358186e-09 2.5093874113087494e-09 1.0
  outer loop
    vertex 558.0397130977609 141.73254693812143 4.05000005746768
    vertex 557.1833646628561 138.8400974766726 4.050000085981235
    vertex 557.3849993511494 138.6843884098953 4.050000085364843
  endloop
endfacet
facet normal 4.0616389868358186e-09 2.5093874113087494e-09 1.0
  outer loop
    vertex 558.0397130977609 141.73254693812143 4.05000005746768
    vertex 557.3849993511494 138.6843884098953 4.050000085364843
    vertex 557.7191606068164 138.31936641246077 4.050000085122807
  endloop
endfacet
facet normal 4.0616389868358186e-09 2.5093874113087494e-09 1.0
  outer loop
    vertex 558.0397130977609 141.73254693812143 4.05000005746768
    vertex 557.7191606068164 138.31936641246077 4.050000085122807
    vertex 557.8896192884865 137.98535214578447 4.050000086076438
  endloop
endfacet
facet normal 4.0616389868358186e-09 2.5093874113087494e-09 1.0
  outer loop
    vertex 558.0397130977609 141.73254693812143 4.05000005746768
    vertex 557.8896192884865 137.98535214578447 4.050000086076438
    vertex 557.9326191344401 137.7846968967926 4.050000087165171
  endloop
endfacet
facet normal 4.0616389868358186e-09 2.5093874113087494e-09 1.0
  outer loop
    vertex 558.0397130977609 141.73254693812143 4.05000005746768
    vertex 557.9326191344401 137.7846968967926 4.050000087165171
    vertex 557.9507202500664 134.2422418501003 4.050000088440283
  endloop
endfacet
facet normal 4.0616389868358186e-09 2.5093874113087494e-09 1.0
  outer loop
    vertex 558.0397130977609 141.73254693812143 4.05000005746768
    vertex 557.9507202500664 134.2422418501003 4.050000088440283
    vertex 557.9868854523979 134.82348004742695 4.050000088440283
  endloop
endfacet
facet normal 4.0616389868358186e-09 2.5093874113087494e-09 1.0
  outer loop
    vertex 558.0397130977609 141.73254693812143 4.05000005746768
    vertex 557.9868854523979 134.82348004742695 4.050000088440283
    vertex 558.007546589788 134.91905833760336 4.050000088440283
  endloop
endfacet
facet normal 4.0616389868358186e-09 2.5093874113087494e-09 1.0
  outer loop
    vertex 558.0397130977609 141.73254693812143 4.05000005746768
    vertex 558.007546589788 134.91905833760336 4.050000088440283
    vertex 558.1857940652218 135.47187515317032 4.050000088440283
  endloop
endfacet
facet normal 4.0616389868358186e-09 2.5093874113087494e-09 1.0
  outer loop
    vertex 558.1857940652218 135.47187515317032 4.050000088440283
    vertex 558.007546589788 134.91905833760336 4.050000088440283
    vertex 558.4027852792109 135.09471906491353 4.050000088440283
  endloop
endfacet
facet normal 4.0616389868358186e-09 2.5093874113087494e-09 1.0
  outer loop
    vertex 558.6533467355096 135.63203181553914 4.050000088440283
    vertex 558.5396940560661 136.05051839047505 4.050000088440283
    vertex 558.2271163400019 135.55712287465167 4.050000088440283
  endloop
endfacet
facet normal 4.0616389868358186e-09 2.5093874113087494e-09 1.0
  outer loop
    vertex 559.030519247564 136.0866835928065 4.050000088440283
    vertex 559.0253457513176 136.52583951703136 4.050000088440283
    vertex 558.5991153558098 136.1254273313625 4.050000088440283
  endloop
endfacet
facet normal 4.0616389868358186e-09 2.5093874113087494e-09 1.0
  outer loop
    vertex 552.9416416582069 133.11742468816445 4.0500001645173285
    vertex 552.8859255966879 135.21718983138618 4.050000149700457
    vertex 552.8428534055009 134.16542049942888 4.050000157738611
  endloop
endfacet
facet normal 4.0616389868358186e-09 2.5093874113087494e-09 1.0
  outer loop
    vertex 552.8859255966879 135.21718983138618 4.050000149700457
    vertex 552.9416416582069 133.11742468816445 4.0500001645173285
    vertex 553.3647356400868 135.54460958161553 4.05000014315654
  endloop
endfacet
facet normal 4.0616389868358186e-09 2.5093874113087494e-09 1.0
  outer loop
    vertex 553.3647356400868 135.54460958161553 4.05000014315654
    vertex 552.9416416582069 133.11742468816445 4.0500001645173285
    vertex 553.7218219124502 132.67686471280487 4.050000160952435
  endloop
endfacet
facet normal 4.0616389868358186e-09 2.5093874113087494e-09 1.0
  outer loop
    vertex 553.3647356400868 135.54460958161553 4.05000014315654
    vertex 553.7218219124502 132.67686471280487 4.050000160952435
    vertex 553.9190639039477 135.82769214904923 4.05000013627989
  endloop
endfacet
facet normal 4.0616389868358186e-09 2.5093874113087494e-09 1.0
  outer loop
    vertex 553.9190639039477 135.82769214904923 4.05000013627989
    vertex 553.7218219124502 132.67686471280487 4.050000160952435
    vertex 554.5646304333143 132.41037395563166 4.050000155575252
  endloop
endfacet
facet normal 4.0616389868358186e-09 2.5093874113087494e-09 1.0
  outer loop
    vertex 553.9190639039477 135.82769214904923 4.05000013627989
    vertex 554.5646304333143 132.41037395563166 4.050000155575252
    vertex 554.7382505110544 136.05925992236254 4.050000127478555
  endloop
endfacet
facet normal 4.0616389868358186e-09 2.5093874113087494e-09 1.0
  outer loop
    vertex 554.7382505110544 136.05925992236254 4.050000127478555
    vertex 554.5646304333143 132.41037395563166 4.050000155575252
    vertex 555.0988829226652 132.36969396396097 4.050000151232157
  endloop
endfacet
facet normal 4.0616389868358186e-09 2.5093874113087494e-09 1.0
  outer loop
    vertex 554.7382505110544 136.05925992236254 4.050000127478555
    vertex 555.0988829226652 132.36969396396097 4.050000151232157
    vertex 555.0004742950223 136.07826395407918 4.050000125062883
  endloop
endfacet
facet normal 4.0616389868358186e-09 2.5093874113087494e-09 1.0
  outer loop
    vertex 555.0004742950223 136.07826395407918 4.050000125062883
    vertex 555.0988829226652 132.36969396396097 4.050000151232157
    vertex 555.2350196561193 136.0031240353404 4.050000123573594
  endloop
endfacet
facet normal 4.0616389868358186e-09 2.5093874113087494e-09 1.0
  outer loop
    vertex 555.2350196561193 136.0031240353404 4.050000123573594
    vertex 555.0988829226652 132.36969396396097 4.050000151232157
    vertex 555.3291113993864 132.45717423034483 4.0500001485953625
  endloop
endfacet
facet normal 4.0616389868358186e-09 2.5093874113087494e-09 1.0
  outer loop
    vertex 555.2350196561193 136.0031240353404 4.050000123573594
    vertex 555.3291113993864 132.45717423034483 4.0500001485953625
    vertex 555.6787308052553 135.76523026191992 4.050000121453846
  endloop
endfacet
facet normal 4.0616389868358186e-09 2.5093874113087494e-09 1.0
  outer loop
    vertex 555.6787308052553 135.76523026191992 4.050000121453846
    vertex 555.3291113993864 132.45717423034483 4.0500001485953625
    vertex 555.5395216841528 132.60081915703762 4.050000145721408
  endloop
endfacet
facet normal 4.0616389868358186e-09 2.5093874113087494e-09 1.0
  outer loop
    vertex 555.6787308052553 135.76523026191992 4.050000121453846
    vertex 555.5395216841528 132.60081915703762 4.050000145721408
    vertex 556.1095059118137 132.83655377311632 4.050000139053819
  endloop
endfacet
facet normal 4.0616389868358186e-09 2.5093874113087494e-09 1.0
  outer loop
    vertex 555.6787308052553 135.76523026191992 4.050000121453846
    vertex 556.1095059118137 132.83655377311632 4.050000139053819
    vertex 556.2863448776029 135.65082105256568 4.050000117010924
  endloop
endfacet
facet normal 4.0616389868358186e-09 2.5093874113087494e-09 1.0
  outer loop
    vertex 556.2863448776029 135.65082105256568 4.050000117010924
    vertex 556.1095059118137 132.83655377311632 4.050000139053819
    vertex 556.6380544463136 132.82312832049985 4.050000134561654
  endloop
endfacet
facet normal 4.0616389868358186e-09 2.5093874113087494e-09 1.0
  outer loop
    vertex 556.2863448776029 135.65082105256568 4.050000117010924
    vertex 556.6380544463136 132.82312832049985 4.050000134561654
    vertex 556.6385560516806 135.74336619265895 4.050000113277909
  endloop
endfacet
facet normal 4.0616389868358186e-09 2.5093874113087494e-09 1.0
  outer loop
    vertex 556.6385560516806 135.74336619265895 4.050000113277909
    vertex 556.6380544463136 132.82312832049985 4.050000134561654
    vertex 556.9525915911455 132.56403328268357 4.0500001337181635
  endloop
endfacet
facet normal 4.0616389868358186e-09 2.5093874113087494e-09 1.0
  outer loop
    vertex 556.6385560516806 135.74336619265895 4.050000113277909
    vertex 556.9525915911455 132.56403328268357 4.0500001337181635
    vertex 556.8618757134702 135.98251027633682 4.050000109595957
  endloop
endfacet
facet normal 4.0616389868358186e-09 2.5093874113087494e-09 1.0
  outer loop
    vertex 556.8618757134702 135.98251027633682 4.050000109595957
    vertex 556.9525915911455 132.56403328268357 4.0500001337181635
    vertex 557.2567808638191 136.70215879466224 4.050000100922561
  endloop
endfacet
facet normal 4.0616389868358186e-09 2.5093874113087494e-09 1.0
  outer loop
    vertex 557.2567808638191 136.70215879466224 4.050000100922561
    vertex 556.9525915911455 132.56403328268357 4.0500001337181635
    vertex 557.10242449171 132.0917180091446 4.050000125841432
  endloop
endfacet
facet normal 4.0616389868358186e-09 2.5093874113087494e-09 1.0
  outer loop
    vertex 557.2567808638191 136.70215879466224 4.050000100922561
    vertex 557.10242449171 132.0917180091446 4.050000125841432
    vertex 557.2906085816442 131.6333313121241 4.050000118196984
  endloop
endfacet
facet normal 4.0616389868358186e-09 2.5093874113087494e-09 1.0
  outer loop
    vertex 557.2567808638191 136.70215879466224 4.050000100922561
    vertex 557.2906085816442 131.6333313121241 4.050000118196984
    vertex 557.7866698847445 137.32910931902822 4.05000009175242
  endloop
endfacet
facet normal 4.0616389868358186e-09 2.5093874113087494e-09 1.0
  outer loop
    vertex 557.7866698847445 137.32910931902822 4.05000009175242
    vertex 557.2906085816442 131.6333313121241 4.050000118196984
    vertex 557.515867884973 131.191981267405 4.050000110836655
  endloop
endfacet
facet normal 4.0616389868358186e-09 2.5093874113087494e-09 1.0
  outer loop
    vertex 557.7866698847445 137.32910931902822 4.05000009175242
    vertex 557.515867884973 131.191981267405 4.050000110836655
    vertex 557.7766750384677 130.77066043431486 4.050000103810354
  endloop
endfacet
facet normal 4.0616389868358186e-09 2.5093874113087494e-09 1.0
  outer loop
    vertex 557.7866698847445 137.32910931902822 4.05000009175242
    vertex 557.7766750384677 130.77066043431486 4.050000103810354
    vertex 558.0712616478814 130.37222556477676 4.050000097165715
  endloop
endfacet
facet normal 4.0616389868358186e-09 2.5093874113087494e-09 1.0
  outer loop
    vertex 557.7866698847445 137.32910931902822 4.05000009175242
    vertex 558.0712616478814 130.37222556477676 4.050000097165715
    vertex 557.9507202500664 134.2422418501003 4.050000088440283
  endloop
endfacet
facet normal 4.0616389868358186e-09 2.5093874113087494e-09 1.0
  outer loop
    vertex 557.7866698847445 137.32910931902822 4.05000009175242
    vertex 557.9507202500664 134.2422418501003 4.050000088440283
    vertex 557.9063596056276 137.52255428074835 4.050000089303412
  endloop
endfacet
facet normal 4.0616389868358186e-09 2.5093874113087494e-09 1.0
  outer loop
    vertex 557.9063596056276 137.52255428074835 4.050000089303412
    vertex 557.9507202500664 134.2422418501003 4.050000088440283
    vertex 557.9326191344401 137.7846968967926 4.050000087165171
  endloop
endfacet
facet normal 4.0616389868358186e-09 2.5093874113087494e-09 1.0
  outer loop
    vertex 557.9507202500664 134.2422418501003 4.050000088440283
    vertex 558.0712616478814 130.37222556477676 4.050000097165715
    vertex 557.9558937463127 134.14925030804704 4.050000088440283
  endloop
endfacet
facet normal 4.0616389868358186e-09 2.5093874113087494e-09 1.0
  outer loop
    vertex 557.9558937463127 134.14925030804704 4.050000088440283
    vertex 558.0712616478814 130.37222556477676 4.050000097165715
    vertex 558.0669678895316 133.5757723550899 4.050000088440283
  endloop
endfacet
facet normal 4.0616389868358186e-09 2.5093874113087494e-09 1.0
  outer loop
    vertex 558.0669678895316 133.5757723550899 4.050000088440283
    vertex 558.0712616478814 130.37222556477676 4.050000097165715
    vertex 558.0979595956169 133.48535934926107 4.050000088440283
  endloop
endfacet
facet normal 4.0616389868358186e-09 2.5093874113087494e-09 1.0
  outer loop
    vertex 558.0979595956169 133.48535934926107 4.050000088440283
    vertex 558.0712616478814 130.37222556477676 4.050000097165715
    vertex 558.3976302784879 129.9993782331975 4.050000090947796
  endloop
endfacet
facet normal 4.0616389868358186e-09 2.5093874113087494e-09 1.0
  outer loop
    vertex 558.0979595956169 133.48535934926107 4.050000088440283
    vertex 558.3976302784879 129.9993782331975 4.050000090947796
    vertex 558.345958939489 132.9583771673305 4.050000088440283
  endloop
endfacet
facet normal 4.0616389868358186e-09 2.5093874113087494e-09 1.0
  outer loop
    vertex 558.345958939489 132.9583771673305 4.050000088440283
    vertex 558.3976302784879 129.9993782331975 4.050000090947796
    vertex 558.3950332467399 132.87829473019667 4.050000088440283
  endloop
endfacet
facet normal 4.0616389868358186e-09 2.5093874113087494e-09 1.0
  outer loop
    vertex 558.3950332467399 132.87829473019667 4.050000088440283
    vertex 558.3976302784879 129.9993782331975 4.050000090947796
    vertex 558.8290156747186 132.85763359280648 4.050000088440283
  endloop
endfacet
facet normal 4.0616389868358186e-09 2.5093874113087494e-09 1.0
  outer loop
    vertex 558.8290156747186 132.85763359280648 4.050000088440283
    vertex 558.3976302784879 129.9993782331975 4.050000090947796
    vertex 558.7670158387505 132.43139498539992 4.050000088440283
  endloop
endfacet
facet normal 4.0616389868358186e-09 2.5093874113087494e-09 1.0
  outer loop
    vertex 558.7670158387505 132.43139498539992 4.050000088440283
    vertex 558.3976302784879 129.9993782331975 4.050000090947796
    vertex 558.7535679986213 129.6546465185322 4.050000085198755
  endloop
endfacet
facet normal 4.0616389868358186e-09 2.5093874113087494e-09 1.0
  outer loop
    vertex 558.5112808862052 133.35878114110065 4.050000088440283
    vertex 558.0979595956169 133.48535934926107 4.050000088440283
    vertex 558.345958939489 132.9583771673305 4.050000088440283
  endloop
endfacet
facet normal 4.0616389868358186e-09 2.5093874113087494e-09 1.0
  outer loop
    vertex 558.3278599145254 133.9219203134639 4.050000088440283
    vertex 557.9558937463127 134.14925030804704 4.050000088440283
    vertex 558.0669678895316 133.5757723550899 4.050000088440283
  endloop
endfacet
facet normal 4.0616389868358186e-09 2.5093874113087494e-09 1.0
  outer loop
    vertex 558.2916947121937 134.51348086758685 4.050000088440283
    vertex 557.9868854523979 134.82348004742695 4.050000088440283
    vertex 557.9507202500664 134.2422418501003 4.050000088440283
  endloop
endfacet
facet normal 4.0616389868358186e-09 2.5093874113087494e-09 1.0
  outer loop
    vertex 559.1366613843852 129.34036786272875 4.050000079957577
    vertex 558.7670158387505 132.43139498539992 4.050000088440283
    vertex 558.7535679986213 129.6546465185322 4.050000085198755
  endloop
endfacet
facet normal 4.0616389868358186e-09 2.5093874113087494e-09 1.0
  outer loop
    vertex 558.7670158387505 132.43139498539992 4.050000088440283
    vertex 559.1366613843852 129.34036786272875 4.050000079957577
    vertex 558.8367677071894 132.36681661320756 4.050000088440283
  endloop
endfacet
facet normal 4.0616389868358186e-09 2.5093874113087494e-09 1.0
  outer loop
    vertex 558.8367677071894 132.36681661320756 4.050000088440283
    vertex 559.1366613843852 129.34036786272875 4.050000079957577
    vertex 559.260419566473 132.4520643346889 4.050000088440283
  endloop
endfacet
facet normal 4.0616389868358186e-09 2.5093874113087494e-09 1.0
  outer loop
    vertex 559.260419566473 132.4520643346889 4.050000088440283
    vertex 559.1366613843852 129.34036786272875 4.050000079957577
    vertex 559.5443128837945 129.05867322178042 4.050000075259797
  endloop
endfacet
facet normal 4.0616389868358186e-09 2.5093874113087494e-09 1.0
  outer loop
    vertex 559.260419566473 132.4520643346889 4.050000088440283
    vertex 559.5443128837945 129.05867322178042 4.050000075259797
    vertex 559.3069153374992 132.02324719105783 4.050000088440283
  endloop
endfacet
facet normal 4.0616389868358186e-09 2.5093874113087494e-09 1.0
  outer loop
    vertex 559.3069153374992 132.02324719105783 4.050000088440283
    vertex 559.5443128837945 129.05867322178042 4.050000075259797
    vertex 559.389592734655 131.97674320813252 4.050000088440283
  endloop
endfacet
facet normal 4.0616389868358186e-09 2.5093874113087494e-09 1.0
  outer loop
    vertex 559.389592734655 131.97674320813252 4.050000088440283
    vertex 559.5443128837945 129.05867322178042 4.050000075259797
    vertex 559.7796579278315 132.17049474850722 4.050000088440283
  endloop
endfacet
facet normal 4.0616389868358186e-09 2.5093874113087494e-09 1.0
  outer loop
    vertex 559.7796579278315 132.17049474850722 4.050000088440283
    vertex 559.5443128837945 129.05867322178042 4.050000075259797
    vertex 559.9737584293896 128.8114726168492 4.050000071137272
  endloop
endfacet
facet normal 4.0616389868358186e-09 2.5093874113087494e-09 1.0
  outer loop
    vertex 559.7796579278315 132.17049474850722 4.050000088440283
    vertex 559.9737584293896 128.8114726168492 4.050000071137272
    vertex 559.9294758096063 131.75975199414322 4.050000088440283
  endloop
endfacet
facet normal 4.0616389868358186e-09 2.5093874113087494e-09 1.0
  outer loop
    vertex 559.9294758096063 131.75975199414322 4.050000088440283
    vertex 559.9737584293896 128.8114726168492 4.050000071137272
    vertex 560.0224673516592 131.7390908567531 4.050000088440283
  endloop
endfacet
facet normal 4.0616389868358186e-09 2.5093874113087494e-09 1.0
  outer loop
    vertex 560.0224673516592 131.7390908567531 4.050000088440283
    vertex 559.9737584293896 128.8114726168492 4.050000071137272
    vertex 560.4220861799037 128.60044218343103 4.050000067617948
  endloop
endfacet
facet normal 4.0616389868358186e-09 2.5093874113087494e-09 1.0
  outer loop
    vertex 560.0224673516592 131.7390908567531 4.050000088440283
    vertex 560.4220861799037 128.60044218343103 4.050000067617948
    vertex 560.3531440926872 132.02066044293477 4.050000088440283
  endloop
endfacet
facet normal 4.0616389868358186e-09 2.5093874113087494e-09 1.0
  outer loop
    vertex 560.3531440926872 132.02066044293477 4.050000088440283
    vertex 560.4220861799037 128.60044218343103 4.050000067617948
    vertex 560.6037055489863 131.66676045208996 4.050000088440283
  endloop
endfacet
facet normal 4.0616389868358186e-09 2.5093874113087494e-09 1.0
  outer loop
    vertex 560.6037055489863 131.66676045208996 4.050000088440283
    vertex 560.4220861799037 128.60044218343103 4.050000067617948
    vertex 560.886256263907 128.4270128063746 4.050000064725693
  endloop
endfacet
facet normal 4.0616389868358186e-09 2.5093874113087494e-09 1.0
  outer loop
    vertex 560.6037055489863 131.66676045208996 4.050000088440283
    vertex 560.886256263907 128.4270128063746 4.050000064725693
    vertex 560.6941185548153 131.66676045208996 4.050000088440283
  endloop
endfacet
facet normal 4.0616389868358186e-09 2.5093874113087494e-09 1.0
  outer loop
    vertex 560.6941185548153 131.66676045208996 4.050000088440283
    vertex 560.886256263907 128.4270128063746 4.050000064725693
    vertex 560.9446964349116 132.02066044293477 4.050000088440283
  endloop
endfacet
facet normal 4.0616389868358186e-09 2.5093874113087494e-09 1.0
  outer loop
    vertex 560.9446964349116 132.02066044293477 4.050000088440283
    vertex 560.886256263907 128.4270128063746 4.050000064725693
    vertex 561.3631213915527 128.29236041781394 4.050000062480114
  endloop
endfacet
facet normal 4.0616389868358186e-09 2.5093874113087494e-09 1.0
  outer loop
    vertex 560.9446964349116 132.02066044293477 4.050000088440283
    vertex 561.3631213915527 128.29236041781394 4.050000062480114
    vertex 561.2753403283441 131.7390908567531 4.050000088440283
  endloop
endfacet
facet normal 4.0616389868358186e-09 2.5093874113087494e-09 1.0
  outer loop
    vertex 561.2753403283441 131.7390908567531 4.050000088440283
    vertex 561.3631213915527 128.29236041781394 4.050000062480114
    vertex 561.3657697579702 131.75975199414322 4.050000088440283
  endloop
endfacet
facet normal 4.0616389868358186e-09 2.5093874113087494e-09 1.0
  outer loop
    vertex 561.3657697579702 131.75975199414322 4.050000088440283
    vertex 561.3631213915527 128.29236041781394 4.050000062480114
    vertex 561.8494481946727 128.19739802380002 4.050000060896441
  endloop
endfacet
facet normal 4.0616389868358186e-09 2.5093874113087494e-09 1.0
  outer loop
    vertex 561.3657697579702 131.75975199414322 4.050000088440283
    vertex 561.8494481946727 128.19739802380002 4.050000060896441
    vertex 561.5207447121941 132.17049474850722 4.050000088440283
  endloop
endfacet
facet normal 4.0616389868358186e-09 2.5093874113087494e-09 1.0
  outer loop
    vertex 561.5207447121941 132.17049474850722 4.050000088440283
    vertex 561.8494481946727 128.19739802380002 4.050000060896441
    vertex 561.9082477929438 131.97674320813252 4.050000088440283
  endloop
endfacet
facet normal 4.0616389868358186e-09 2.5093874113087494e-09 1.0
  outer loop
    vertex 561.9082477929438 131.97674320813252 4.050000088440283
    vertex 561.8494481946727 128.19739802380002 4.050000060896441
    vertex 562.3419391505219 128.14276951369308 4.0500000599854085
  endloop
endfacet
facet normal 4.0616389868358186e-09 2.5093874113087494e-09 1.0
  outer loop
    vertex 561.9082477929438 131.97674320813252 4.050000088440283
    vertex 562.3419391505219 128.14276951369308 4.0500000599854085
    vertex 561.9883138062795 132.02324719105783 4.050000088440283
  endloop
endfacet
facet normal 4.0616389868358186e-09 2.5093874113087494e-09 1.0
  outer loop
    vertex 561.9883138062795 132.02324719105783 4.050000088440283
    vertex 562.3419391505219 128.14276951369308 4.0500000599854085
    vertex 562.0374045373285 132.4520643346889 4.050000088440283
  endloop
endfacet
facet normal 4.0616389868358186e-09 2.5093874113087494e-09 1.0
  outer loop
    vertex 562.0374045373285 132.4520643346889 4.050000088440283
    vertex 562.3419391505219 128.14276951369308 4.0500000599854085
    vertex 562.4610399728143 132.36681661320756 4.050000088440283
  endloop
endfacet
facet normal 4.0616389868358186e-09 2.5093874113087494e-09 1.0
  outer loop
    vertex 562.4610399728143 132.36681661320756 4.050000088440283
    vertex 562.3419391505219 128.14276951369308 4.0500000599854085
    vertex 562.8372549405224 128.12884529429257 4.050000059753195
  endloop
endfacet
facet normal 4.0616389868358186e-09 2.5093874113087494e-09 1.0
  outer loop
    vertex 562.4610399728143 132.36681661320756 4.050000088440283
    vertex 562.8372549405224 128.12884529429257 4.050000059753195
    vertex 562.5333703774772 132.43139498539992 4.050000088440283
  endloop
endfacet
facet normal 4.0616389868358186e-09 2.5093874113087494e-09 1.0
  outer loop
    vertex 562.5333703774772 132.43139498539992 4.050000088440283
    vertex 562.9053693932857 132.87829473019667 4.050000088440283
    vertex 562.4688084290826 132.85763359280648 4.050000088440283
  endloop
endfacet
facet normal 4.0616389868358186e-09 2.5093874113087494e-09 1.0
  outer loop
    vertex 562.9053693932857 132.87829473019667 4.050000088440283
    vertex 562.5333703774772 132.43139498539992 4.050000088440283
    vertex 562.8372549405224 128.12884529429257 4.050000059753195
  endloop
endfacet
facet normal 4.0616389868358186e-09 2.5093874113087494e-09 1.0
  outer loop
    vertex 562.9053693932857 132.87829473019667 4.050000088440283
    vertex 562.8372549405224 128.12884529429257 4.050000059753195
    vertex 563.3320370924022 128.15571977830587 4.050000060201378
  endloop
endfacet
facet normal 4.0616389868358186e-09 2.5093874113087494e-09 1.0
  outer loop
    vertex 562.9053693932857 132.87829473019667 4.050000088440283
    vertex 563.3320370924022 128.15571977830587 4.050000060201378
    vertex 562.9570386605587 132.9583771673305 4.050000088440283
  endloop
endfacet
facet normal 4.0616389868358186e-09 2.5093874113087494e-09 1.0
  outer loop
    vertex 562.9570386605587 132.9583771673305 4.050000088440283
    vertex 563.3320370924022 128.15571977830587 4.050000060201378
    vertex 563.2024430444086 133.48535934926107 4.050000088440283
  endloop
endfacet
facet normal 4.0616389868358186e-09 2.5093874113087494e-09 1.0
  outer loop
    vertex 563.2024430444086 133.48535934926107 4.050000088440283
    vertex 563.3320370924022 128.15571977830587 4.050000060201378
    vertex 563.2282776780451 133.5757723550899 4.050000088440283
  endloop
endfacet
facet normal 4.0616389868358186e-09 2.5093874113087494e-09 1.0
  outer loop
    vertex 563.3471038537346 134.2422418501003 4.050000088440283
    vertex 563.3083601151791 134.82348004742695 4.050000088440283
    vertex 563.0087079278314 134.51348086758685 4.050000088440283
  endloop
endfacet
facet normal 4.0616389868358186e-09 2.5093874113087494e-09 1.0
  outer loop
    vertex 564.7797875774124 128.477939344705 4.050000065574987
    vertex 564.3361715578501 132.31762697876297 4.050000071393642
    vertex 564.3066074317647 128.33086057167992 4.050000063122176
  endloop
endfacet
facet normal 4.0616389868358186e-09 2.5093874113087494e-09 1.0
  outer loop
    vertex 564.3361715578501 132.31762697876297 4.050000071393642
    vertex 564.7797875774124 128.477939344705 4.050000065574987
    vertex 566.3401438080824 131.23197449722846 4.050000077989431
  endloop
endfacet
facet normal 4.0616389868358186e-09 2.5093874113087494e-09 1.0
  outer loop
    vertex 566.3401438080824 131.23197449722846 4.050000077989431
    vertex 564.7797875774124 128.477939344705 4.050000065574987
    vertex 565.2392628068772 128.66344980052324 4.050000068668718
  endloop
endfacet
facet normal 4.0616389868358186e-09 2.5093874113087494e-09 1.0
  outer loop
    vertex 566.3401438080824 131.23197449722846 4.050000077989431
    vertex 565.2392628068772 128.66344980052324 4.050000068668718
    vertex 565.6819176636183 128.88613409164702 4.05000007238239
  endloop
endfacet
facet normal 4.0616389868358186e-09 2.5093874113087494e-09 1.0
  outer loop
    vertex 566.3401438080824 131.23197449722846 4.050000077989431
    vertex 565.6819176636183 128.88613409164702 4.05000007238239
    vertex 566.1047507410734 129.14448231463243 4.0500000766908215
  endloop
endfacet
facet normal 4.0616389868358186e-09 2.5093874113087494e-09 1.0
  outer loop
    vertex 566.3401438080824 131.23197449722846 4.050000077989431
    vertex 566.1047507410734 129.14448231463243 4.0500000766908215
    vertex 566.3048228873349 129.29061253128089 4.050000079127815
  endloop
endfacet
facet normal 4.0616389868358186e-09 2.5093874113087494e-09 1.0
  outer loop
    vertex 566.3401438080824 131.23197449722846 4.050000077989431
    vertex 566.3048228873349 129.29061253128089 4.050000079127815
    vertex 566.6229109933374 129.65458474841103 4.050000080398338
  endloop
endfacet
facet normal 4.0616389868358186e-09 2.5093874113087494e-09 1.0
  outer loop
    vertex 566.3401438080824 131.23197449722846 4.050000077989431
    vertex 566.6229109933374 129.65458474841103 4.050000080398338
    vertex 566.4508352679568 131.16227745307805 4.05000007835286
  endloop
endfacet
facet normal 4.0616389868358186e-09 2.5093874113087494e-09 1.0
  outer loop
    vertex 566.4508352679568 131.16227745307805 4.05000007835286
    vertex 566.6229109933374 129.65458474841103 4.050000080398338
    vertex 566.551482457265 131.07872854203347 4.05000007868145
  endloop
endfacet
facet normal 4.0616389868358186e-09 2.5093874113087494e-09 1.0
  outer loop
    vertex 566.551482457265 131.07872854203347 4.05000007868145
    vertex 566.6229109933374 129.65458474841103 4.050000080398338
    vertex 566.6403632746935 130.98275730912695 4.05000007896958
  endloop
endfacet
facet normal 4.0616389868358186e-09 2.5093874113087494e-09 1.0
  outer loop
    vertex 566.6403632746935 130.98275730912695 4.05000007896958
    vertex 566.6229109933374 129.65458474841103 4.050000080398338
    vertex 566.7430650199085 129.87637334015432 4.0500000792107365
  endloop
endfacet
facet normal 4.0616389868358186e-09 2.5093874113087494e-09 1.0
  outer loop
    vertex 566.6403632746935 130.98275730912695 4.05000007896958
    vertex 566.7430650199085 129.87637334015432 4.0500000792107365
    vertex 566.7159569448139 130.8760058487617 4.050000079212319
  endloop
endfacet
facet normal 4.0616389868358186e-09 2.5093874113087494e-09 1.0
  outer loop
    vertex 566.7159569448139 130.8760058487617 4.050000079212319
    vertex 566.7430650199085 129.87637334015432 4.0500000792107365
    vertex 566.7769700389717 130.76030070802165 4.050000079405514
  endloop
endfacet
facet normal 4.0616389868358186e-09 2.5093874113087494e-09 1.0
  outer loop
    vertex 566.7769700389717 130.76030070802165 4.050000079405514
    vertex 566.7430650199085 129.87637334015432 4.0500000792107365
    vertex 566.7977176614158 129.9952151090265 4.0500000794043025
  endloop
endfacet
facet normal 4.0616389868358186e-09 2.5093874113087494e-09 1.0
  outer loop
    vertex 566.7769700389717 130.76030070802165 4.050000079405514
    vertex 566.7977176614158 129.9952151090265 4.0500000794043025
    vertex 566.82235860621 130.63762163394446 4.050000079545863
  endloop
endfacet
facet normal 4.0616389868358186e-09 2.5093874113087494e-09 1.0
  outer loop
    vertex 566.82235860621 130.63762163394446 4.050000079545863
    vertex 566.7977176614158 129.9952151090265 4.0500000794043025
    vertex 566.8363907784311 130.12017377128205 4.050000079545042
  endloop
endfacet
facet normal 4.0616389868358186e-09 2.5093874113087494e-09 1.0
  outer loop
    vertex 566.82235860621 130.63762163394446 4.050000079545863
    vertex 566.8363907784311 130.12017377128205 4.050000079545042
    vertex 566.8513460355589 130.51006769950058 4.050000079630959
  endloop
endfacet
facet normal 4.0616389868358186e-09 2.5093874113087494e-09 1.0
  outer loop
    vertex 566.8513460355589 130.51006769950058 4.050000079630959
    vertex 566.8363907784311 130.12017377128205 4.050000079545042
    vertex 566.8584226632 130.24911124956478 4.050000079630543
  endloop
endfacet
facet normal 4.0616389868358186e-09 2.5093874113087494e-09 1.0
  outer loop
    vertex 566.8513460355589 130.51006769950058 4.050000079630959
    vertex 566.8584226632 130.24911124956478 4.050000079630543
    vertex 566.863436344066 130.379821387873 4.050000079659348
  endloop
endfacet
facet normal 4.0616389868358186e-09 2.5093874113087494e-09 1.0
  outer loop
    vertex 564.6928179865503 133.27286263284833 4.050000061335797
    vertex 564.6589963825737 135.29603538499754 4.050000046886913
    vertex 564.5443086830762 132.7841134951244 4.050000066186924
  endloop
endfacet
facet normal 4.0616389868358186e-09 2.5093874113087494e-09 1.0
  outer loop
    vertex 564.6589963825737 135.29603538499754 4.050000046886913
    vertex 564.6928179865503 133.27286263284833 4.050000061335797
    vertex 564.7623506708929 134.79578682285035 4.050000049634614
  endloop
endfacet
facet normal 4.0616389868358186e-09 2.5093874113087494e-09 1.0
  outer loop
    vertex 564.7623506708929 134.79578682285035 4.050000049634614
    vertex 564.6928179865503 133.27286263284833 4.050000061335797
    vertex 564.7793937749343 133.7762862772176 4.050000056915576
  endloop
endfacet
facet normal 4.0616389868358186e-09 2.5093874113087494e-09 1.0
  outer loop
    vertex 564.7623506708929 134.79578682285035 4.050000049634614
    vertex 564.7793937749343 133.7762862772176 4.050000056915576
    vertex 564.8026919087425 134.28656848326187 4.0500000529948945
  endloop
endfacet
facet normal 4.0616389868358186e-09 2.5093874113087494e-09 1.0
  outer loop
    vertex 563.2282776780451 133.5757723550899 4.050000088440283
    vertex 563.3393518212636 134.14925030804704 4.050000088440283
    vertex 562.9699641892755 133.9219203134639 4.050000088440283
  endloop
endfacet
facet normal 4.0616389868358186e-09 2.5093874113087494e-09 1.0
  outer loop
    vertex 563.3393518212636 134.14925030804704 4.050000088440283
    vertex 563.2282776780451 133.5757723550899 4.050000088440283
    vertex 563.3320370924022 128.15571977830587 4.050000060201378
  endloop
endfacet
facet normal 4.0616389868358186e-09 2.5093874113087494e-09 1.0
  outer loop
    vertex 563.3393518212636 134.14925030804704 4.050000088440283
    vertex 563.3320370924022 128.15571977830587 4.050000060201378
    vertex 563.8229307522045 128.22321074418622 4.050000061326914
  endloop
endfacet
facet normal 4.0616389868358186e-09 2.5093874113087494e-09 1.0
  outer loop
    vertex 563.3393518212636 134.14925030804704 4.050000088440283
    vertex 563.8229307522045 128.22321074418622 4.050000061326914
    vertex 563.3471038537346 134.2422418501003 4.050000088440283
  endloop
endfacet
facet normal 4.0616389868358186e-09 2.5093874113087494e-09 1.0
  outer loop
    vertex 563.3471038537346 134.2422418501003 4.050000088440283
    vertex 563.8229307522045 128.22321074418622 4.050000061326914
    vertex 563.4185223136495 138.2834063236536 4.050000035890781
  endloop
endfacet
facet normal 4.0616389868358186e-09 2.5093874113087494e-09 1.0
  outer loop
    vertex 563.4185223136495 138.2834063236536 4.050000035890781
    vertex 563.8229307522045 128.22321074418622 4.050000061326914
    vertex 563.7410972076761 138.8091489936395 4.050000029258477
  endloop
endfacet
facet normal 4.0616389868358186e-09 2.5093874113087494e-09 1.0
  outer loop
    vertex 563.7410972076761 138.8091489936395 4.050000029258477
    vertex 563.8229307522045 128.22321074418622 4.050000061326914
    vertex 563.8268865270772 139.0490362612814 4.050000026765444
  endloop
endfacet
facet normal 4.0616389868358186e-09 2.5093874113087494e-09 1.0
  outer loop
    vertex 563.8268865270772 139.0490362612814 4.050000026765444
    vertex 563.8229307522045 128.22321074418622 4.050000061326914
    vertex 564.3066074317647 128.33086057167992 4.050000063122176
  endloop
endfacet
facet normal 4.0616389868358186e-09 2.5093874113087494e-09 1.0
  outer loop
    vertex 563.8268865270772 139.0490362612814 4.050000026765444
    vertex 564.3066074317647 128.33086057167992 4.050000063122176
    vertex 563.9617233535797 139.25513316717465 4.050000024092697
  endloop
endfacet
facet normal 4.0616389868358186e-09 2.5093874113087494e-09 1.0
  outer loop
    vertex 563.9617233535797 139.25513316717465 4.050000024092697
    vertex 564.3066074317647 128.33086057167992 4.050000063122176
    vertex 564.3361715578501 132.31762697876297 4.050000071393642
  endloop
endfacet
facet normal 4.0616389868358186e-09 2.5093874113087494e-09 1.0
  outer loop
    vertex 563.9617233535797 139.25513316717465 4.050000024092697
    vertex 564.3361715578501 132.31762697876297 4.050000071393642
    vertex 564.4178596999483 139.53625682185609 4.050000018083036
  endloop
endfacet
facet normal 4.0616389868358186e-09 2.5093874113087494e-09 1.0
  outer loop
    vertex 564.4178596999483 139.53625682185609 4.050000018083036
    vertex 564.3361715578501 132.31762697876297 4.050000071393642
    vertex 564.5443086830762 132.7841134951244 4.050000066186924
  endloop
endfacet
facet normal 4.0616389868358186e-09 2.5093874113087494e-09 1.0
  outer loop
    vertex 564.4178596999483 139.53625682185609 4.050000018083036
    vertex 564.5443086830762 132.7841134951244 4.050000066186924
    vertex 564.6589963825737 135.29603538499754 4.050000046886913
  endloop
endfacet
facet normal 4.0616389868358186e-09 2.5093874113087494e-09 1.0
  outer loop
    vertex 564.4178596999483 139.53625682185609 4.050000018083036
    vertex 564.6589963825737 135.29603538499754 4.050000046886913
    vertex 565.2563430868219 139.81604634120401 4.050000008762738
  endloop
endfacet
facet normal 4.0616389868358186e-09 2.5093874113087494e-09 1.0
  outer loop
    vertex 565.2563430868219 139.81604634120401 4.050000008762738
    vertex 564.6589963825737 135.29603538499754 4.050000046886913
    vertex 564.7400973547536 135.69539958859076 4.050000043272505
  endloop
endfacet
facet normal 4.0616389868358186e-09 2.5093874113087494e-09 1.0
  outer loop
    vertex 565.2563430868219 139.81604634120401 4.050000008762738
    vertex 564.7400973547536 135.69539958859076 4.050000043272505
    vertex 565.0337043776609 135.97698315114255 4.050000038670917
  endloop
endfacet
facet normal 4.0616389868358186e-09 2.5093874113087494e-09 1.0
  outer loop
    vertex 565.2563430868219 139.81604634120401 4.050000008762738
    vertex 565.0337043776609 135.97698315114255 4.050000038670917
    vertex 565.7333657938036 136.21465905223826 4.0500000308630435
  endloop
endfacet
facet normal 4.0616389868358186e-09 2.5093874113087494e-09 1.0
  outer loop
    vertex 565.2563430868219 139.81604634120401 4.050000008762738
    vertex 565.7333657938036 136.21465905223826 4.0500000308630435
    vertex 566.1464764636287 139.9182083732647 4.050000000288253
  endloop
endfacet
facet normal 4.0616389868358186e-09 2.5093874113087494e-09 1.0
  outer loop
    vertex 566.1464764636287 139.9182083732647 4.050000000288253
    vertex 565.7333657938036 136.21465905223826 4.0500000308630435
    vertex 565.9872609342044 136.2356088990359 4.050000028505527
  endloop
endfacet
facet normal 4.0616389868358186e-09 2.5093874113087494e-09 1.0
  outer loop
    vertex 566.1464764636287 139.9182083732647 4.050000000288253
    vertex 565.9872609342044 136.2356088990359 4.050000028505527
    vertex 566.2211780061144 136.31268051682684 4.050000025912546
  endloop
endfacet
facet normal 4.0616389868358186e-09 2.5093874113087494e-09 1.0
  outer loop
    vertex 566.1464764636287 139.9182083732647 4.050000000288253
    vertex 566.2211780061144 136.31268051682684 4.050000025912546
    vertex 566.8423928220855 139.12841503027406 4.049999999999938
  endloop
endfacet
facet normal 4.0616389868358186e-09 2.5093874113087494e-09 1.0
  outer loop
    vertex 566.8423928220855 139.12841503027406 4.049999999999938
    vertex 566.2211780061144 136.31268051682684 4.050000025912546
    vertex 566.6105234854573 136.6807836983062 4.050000019849095
  endloop
endfacet
facet normal 4.0616389868358186e-09 2.5093874113087494e-09 1.0
  outer loop
    vertex 566.8423928220855 139.12841503027406 4.049999999999938
    vertex 566.6105234854573 136.6807836983062 4.050000019849095
    vertex 567.0972820799401 137.41861832123828 4.050000010245509
  endloop
endfacet
facet normal 4.0616389868358186e-09 2.5093874113087494e-09 1.0
  outer loop
    vertex 566.8423928220855 139.12841503027406 4.049999999999938
    vertex 567.0972820799401 137.41861832123828 4.050000010245509
    vertex 567.4257645082596 138.25221210887412 4.050000001318631
  endloop
endfacet
facet normal 4.0616389868358186e-09 2.5093874113087494e-09 1.0
  outer loop
    vertex 563.2928724740349 134.91905833760336 4.050000088440283
    vertex 563.1120464623773 135.47187515317032 4.050000088440283
    vertex 562.8976337846126 135.09471906491353 4.050000088440283
  endloop
endfacet
facet normal 4.0616389868358186e-09 2.5093874113087494e-09 1.0
  outer loop
    vertex 563.1120464623773 135.47187515317032 4.050000088440283
    vertex 563.2928724740349 134.91905833760336 4.050000088440283
    vertex 563.1189425651197 138.04143166223065 4.050000040255613
  endloop
endfacet
facet normal 4.0616389868358186e-09 2.5093874113087494e-09 1.0
  outer loop
    vertex 563.1189425651197 138.04143166223065 4.050000040255613
    vertex 563.2928724740349 134.91905833760336 4.050000088440283
    vertex 563.4185223136495 138.2834063236536 4.050000035890781
  endloop
endfacet
facet normal 4.0616389868358186e-09 2.5093874113087494e-09 1.0
  outer loop
    vertex 563.4185223136495 138.2834063236536 4.050000035890781
    vertex 563.2928724740349 134.91905833760336 4.050000088440283
    vertex 563.3083601151791 134.82348004742695 4.050000088440283
  endloop
endfacet
facet normal 4.0616389868358186e-09 2.5093874113087494e-09 1.0
  outer loop
    vertex 563.4185223136495 138.2834063236536 4.050000035890781
    vertex 563.3083601151791 134.82348004742695 4.050000088440283
    vertex 563.3471038537346 134.2422418501003 4.050000088440283
  endloop
endfacet
facet normal 4.0616389868358186e-09 2.5093874113087494e-09 1.0
  outer loop
    vertex 563.073269876226 135.55712287465167 4.050000088440283
    vertex 562.760708583959 136.05051839047505 4.050000088440283
    vertex 562.647055904516 135.63203181553914 4.050000088440283
  endloop
endfacet
facet normal 4.0616389868358186e-09 2.5093874113087494e-09 1.0
  outer loop
    vertex 562.760708583959 136.05051839047505 4.050000088440283
    vertex 563.073269876226 135.55712287465167 4.050000088440283
    vertex 562.7972415518975 137.95428043394492 4.050000043684369
  endloop
endfacet
facet normal 4.0616389868358186e-09 2.5093874113087494e-09 1.0
  outer loop
    vertex 562.7972415518975 137.95428043394492 4.050000043684369
    vertex 563.073269876226 135.55712287465167 4.050000088440283
    vertex 563.1189425651197 138.04143166223065 4.050000040255613
  endloop
endfacet
facet normal 4.0616389868358186e-09 2.5093874113087494e-09 1.0
  outer loop
    vertex 563.1189425651197 138.04143166223065 4.050000040255613
    vertex 563.073269876226 135.55712287465167 4.050000088440283
    vertex 563.1120464623773 135.47187515317032 4.050000088440283
  endloop
endfacet
facet normal 4.0616389868358186e-09 2.5093874113087494e-09 1.0
  outer loop
    vertex 563.2024430444086 133.48535934926107 4.050000088440283
    vertex 562.7865267937976 133.35878114110065 4.050000088440283
    vertex 562.9570386605587 132.9583771673305 4.050000088440283
  endloop
endfacet
facet normal 4.0616389868358186e-09 2.5093874113087494e-09 1.0
  outer loop
    vertex 562.7012872842155 136.1254273313625 4.050000088440283
    vertex 562.2724783524833 136.52583951703136 4.050000088440283
    vertex 562.2647263200125 136.0866835928065 4.050000088440283
  endloop
endfacet
facet normal 4.0616389868358186e-09 2.5093874113087494e-09 1.0
  outer loop
    vertex 562.2724783524833 136.52583951703136 4.050000088440283
    vertex 562.7012872842155 136.1254273313625 4.050000088440283
    vertex 562.5762706038837 138.00833281348508 4.050000045209438
  endloop
endfacet
facet normal 4.0616389868358186e-09 2.5093874113087494e-09 1.0
  outer loop
    vertex 562.5762706038837 138.00833281348508 4.050000045209438
    vertex 562.7012872842155 136.1254273313625 4.050000088440283
    vertex 562.7972415518975 137.95428043394492 4.050000043684369
  endloop
endfacet
facet normal 4.0616389868358186e-09 2.5093874113087494e-09 1.0
  outer loop
    vertex 562.7972415518975 137.95428043394492 4.050000043684369
    vertex 562.7012872842155 136.1254273313625 4.050000088440283
    vertex 562.760708583959 136.05051839047505 4.050000088440283
  endloop
endfacet
facet normal 4.0616389868358186e-09 2.5093874113087494e-09 1.0
  outer loop
    vertex 558.1857940652218 135.47187515317032 4.050000088440283
    vertex 559.0533077873333 142.01660352521395 4.050000046595598
    vertex 558.0397130977609 141.73254693812143 4.05000005746768
  endloop
endfacet
facet normal 4.0616389868358186e-09 2.5093874113087494e-09 1.0
  outer loop
    vertex 559.0533077873333 142.01660352521395 4.050000046595598
    vertex 558.1857940652218 135.47187515317032 4.050000088440283
    vertex 558.2271163400019 135.55712287465167 4.050000088440283
  endloop
endfacet
facet normal 4.0616389868358186e-09 2.5093874113087494e-09 1.0
  outer loop
    vertex 559.0533077873333 142.01660352521395 4.050000046595598
    vertex 558.2271163400019 135.55712287465167 4.050000088440283
    vertex 558.5396940560661 136.05051839047505 4.050000088440283
  endloop
endfacet
facet normal 4.0616389868358186e-09 2.5093874113087494e-09 1.0
  outer loop
    vertex 559.0533077873333 142.01660352521395 4.050000046595598
    vertex 558.5396940560661 136.05051839047505 4.050000088440283
    vertex 558.5991153558098 136.1254273313625 4.050000088440283
  endloop
endfacet
facet normal 4.0616389868358186e-09 2.5093874113087494e-09 1.0
  outer loop
    vertex 559.0533077873333 142.01660352521395 4.050000046595598
    vertex 558.5991153558098 136.1254273313625 4.050000088440283
    vertex 559.0253457513176 136.52583951703136 4.050000088440283
  endloop
endfacet
facet normal 4.0616389868358186e-09 2.5093874113087494e-09 1.0
  outer loop
    vertex 559.0533077873333 142.01660352521395 4.050000046595598
    vertex 559.0253457513176 136.52583951703136 4.050000088440283
    vertex 559.1028496522267 136.57750057240557 4.050000088440283
  endloop
endfacet
facet normal 4.0616389868358186e-09 2.5093874113087494e-09 1.0
  outer loop
    vertex 559.0533077873333 142.01660352521395 4.050000046595598
    vertex 559.1028496522267 136.57750057240557 4.050000088440283
    vertex 559.7445905400175 141.44660396079206 4.050000044745913
  endloop
endfacet
facet normal 4.0616389868358186e-09 2.5093874113087494e-09 1.0
  outer loop
    vertex 559.7445905400175 141.44660396079206 4.050000044745913
    vertex 559.1028496522267 136.57750057240557 4.050000088440283
    vertex 559.5109974465693 136.43800504742694 4.050000088440283
  endloop
endfacet
facet normal 4.0616389868358186e-09 2.5093874113087494e-09 1.0
  outer loop
    vertex 559.7445905400175 141.44660396079206 4.050000044745913
    vertex 559.5109974465693 136.43800504742694 4.050000088440283
    vertex 559.6117410210934 136.85907015858717 4.050000088440283
  endloop
endfacet
facet normal 4.0616389868358186e-09 2.5093874113087494e-09 1.0
  outer loop
    vertex 559.7445905400175 141.44660396079206 4.050000044745913
    vertex 559.6117410210934 136.85907015858717 4.050000088440283
    vertex 559.6995590668997 136.8926486127956 4.050000088440283
  endloop
endfacet
facet normal 4.0616389868358186e-09 2.5093874113087494e-09 1.0
  outer loop
    vertex 559.7445905400175 141.44660396079206 4.050000044745913
    vertex 559.6995590668997 136.8926486127956 4.050000088440283
    vertex 560.0612110902154 136.65241772519184 4.050000088440283
  endloop
endfacet
facet normal 4.0616389868358186e-09 2.5093874113087494e-09 1.0
  outer loop
    vertex 559.7445905400175 141.44660396079206 4.050000044745913
    vertex 560.0612110902154 136.65241772519184 4.050000088440283
    vertex 559.9531954110894 141.22267816914436 4.0500000445660795
  endloop
endfacet
facet normal 4.0616389868358186e-09 2.5093874113087494e-09 1.0
  outer loop
    vertex 559.9531954110894 141.22267816914436 4.0500000445660795
    vertex 560.0612110902154 136.65241772519184 4.050000088440283
    vertex 560.4265658728935 140.51514929772512 4.050000045610934
  endloop
endfacet
facet normal 4.0616389868358186e-09 2.5093874113087494e-09 1.0
  outer loop
    vertex 560.4265658728935 140.51514929772512 4.050000045610934
    vertex 560.0612110902154 136.65241772519184 4.050000088440283
    vertex 560.262714663061 137.0398961702449 4.050000088440283
  endloop
endfacet
facet normal 4.0616389868358186e-09 2.5093874113087494e-09 1.0
  outer loop
    vertex 560.4265658728935 140.51514929772512 4.050000045610934
    vertex 560.262714663061 137.0398961702449 4.050000088440283
    vertex 560.358301165136 137.0476482027156 4.050000088440283
  endloop
endfacet
facet normal 4.0616389868358186e-09 2.5093874113087494e-09 1.0
  outer loop
    vertex 560.4265658728935 140.51514929772512 4.050000045610934
    vertex 560.358301165136 137.0476482027156 4.050000088440283
    vertex 560.4527690081885 139.16077315414438 4.050000055252544
  endloop
endfacet
facet normal 4.0616389868358186e-09 2.5093874113087494e-09 1.0
  outer loop
    vertex 560.4527690081885 139.16077315414438 4.050000055252544
    vertex 560.358301165136 137.0476482027156 4.050000088440283
    vertex 560.6502013200127 136.72990520230366 4.050000088440283
  endloop
endfacet
facet normal 4.0616389868358186e-09 2.5093874113087494e-09 1.0
  outer loop
    vertex 560.4527690081885 139.16077315414438 4.050000055252544
    vertex 560.6502013200127 136.72990520230366 4.050000088440283
    vertex 560.5724989946189 138.79475156987758 4.050000056879943
  endloop
endfacet
facet normal 4.0616389868358186e-09 2.5093874113087494e-09 1.0
  outer loop
    vertex 560.5724989946189 138.79475156987758 4.050000056879943
    vertex 560.6502013200127 136.72990520230366 4.050000088440283
    vertex 560.7950007959453 138.5466147821842 4.050000056755846
  endloop
endfacet
facet normal 4.0616389868358186e-09 2.5093874113087494e-09 1.0
  outer loop
    vertex 560.7950007959453 138.5466147821842 4.050000056755846
    vertex 560.6502013200127 136.72990520230366 4.050000088440283
    vertex 560.9395229386652 137.0476482027156 4.050000088440283
  endloop
endfacet
facet normal 4.0616389868358186e-09 2.5093874113087494e-09 1.0
  outer loop
    vertex 560.7950007959453 138.5466147821842 4.050000056755846
    vertex 560.9395229386652 137.0476482027156 4.050000088440283
    vertex 561.0098133737716 138.47174553744694 4.050000055435946
  endloop
endfacet
facet normal 4.0616389868358186e-09 2.5093874113087494e-09 1.0
  outer loop
    vertex 561.0098133737716 138.47174553744694 4.050000055435946
    vertex 560.9395229386652 137.0476482027156 4.050000088440283
    vertex 561.0325309045159 137.0398961702449 4.050000088440283
  endloop
endfacet
facet normal 4.0616389868358186e-09 2.5093874113087494e-09 1.0
  outer loop
    vertex 561.0098133737716 138.47174553744694 4.050000055435946
    vertex 561.0325309045159 137.0398961702449 4.050000088440283
    vertex 561.8162728157573 138.31854790877102 4.05000004954887
  endloop
endfacet
facet normal 4.0616389868358186e-09 2.5093874113087494e-09 1.0
  outer loop
    vertex 561.8162728157573 138.31854790877102 4.05000004954887
    vertex 561.0325309045159 137.0398961702449 4.050000088440283
    vertex 561.2365965897881 136.65241772519184 4.050000088440283
  endloop
endfacet
facet normal 4.0616389868358186e-09 2.5093874113087494e-09 1.0
  outer loop
    vertex 561.8162728157573 138.31854790877102 4.05000004954887
    vertex 561.2365965897881 136.65241772519184 4.050000088440283
    vertex 561.5982486131038 136.8926486127956 4.050000088440283
  endloop
endfacet
facet normal 4.0616389868358186e-09 2.5093874113087494e-09 1.0
  outer loop
    vertex 561.8162728157573 138.31854790877102 4.05000004954887
    vertex 561.5982486131038 136.8926486127956 4.050000088440283
    vertex 561.6860830827078 136.85907015858717 4.050000088440283
  endloop
endfacet
facet normal 4.0616389868358186e-09 2.5093874113087494e-09 1.0
  outer loop
    vertex 561.8162728157573 138.31854790877102 4.05000004954887
    vertex 561.6860830827078 136.85907015858717 4.050000088440283
    vertex 561.7868430810296 136.43800504742694 4.050000088440283
  endloop
endfacet
facet normal 4.0616389868358186e-09 2.5093874113087494e-09 1.0
  outer loop
    vertex 561.8162728157573 138.31854790877102 4.05000004954887
    vertex 561.7868430810296 136.43800504742694 4.050000088440283
    vertex 562.1975694115961 136.57750057240557 4.050000088440283
  endloop
endfacet
facet normal 4.0616389868358186e-09 2.5093874113087494e-09 1.0
  outer loop
    vertex 561.8162728157573 138.31854790877102 4.05000004954887
    vertex 562.1975694115961 136.57750057240557 4.050000088440283
    vertex 562.5762706038837 138.00833281348508 4.050000045209438
  endloop
endfacet
facet normal 4.0616389868358186e-09 2.5093874113087494e-09 1.0
  outer loop
    vertex 562.5762706038837 138.00833281348508 4.050000045209438
    vertex 562.1975694115961 136.57750057240557 4.050000088440283
    vertex 562.2724783524833 136.52583951703136 4.050000088440283
  endloop
endfacet
facet normal 4.0616389868358186e-09 2.5093874113087494e-09 1.0
  outer loop
    vertex 560.4265658728935 140.51514929772512 4.050000045610934
    vertex 560.4681488644585 139.77740042391198 4.050000050625701
    vertex 560.5256748086318 140.27162960025336 4.0500000465247545
  endloop
endfacet
facet normal 4.0616389868358186e-09 2.5093874113087494e-09 1.0
  outer loop
    vertex 560.4681488644585 139.77740042391198 4.050000050625701
    vertex 560.4265658728935 140.51514929772512 4.050000045610934
    vertex 560.4527690081885 139.16077315414438 4.050000055252544
  endloop
endfacet
facet normal 4.0616389868358186e-09 2.5093874113087494e-09 1.0
  outer loop
    vertex 560.5256748086318 140.27162960025336 4.0500000465247545
    vertex 560.4681488644585 139.77740042391198 4.050000050625701
    vertex 560.5266846235643 140.0253527489786 4.050000048310571
  endloop
endfacet
facet normal -4.0606452242567184e-09 -2.5076050433153924e-09 -1.0
  outer loop
    vertex 558.3278598968201 133.92192030252494 8.84402828300393e-08
    vertex 558.0669678718263 133.57577234415095 8.84402828300393e-08
    vertex 557.9558937286072 134.1492502971081 8.84402828300393e-08
  endloop
endfacet
facet normal -4.0606452242567184e-09 -2.5076050433153924e-09 -1.0
  outer loop
    vertex 558.5112808685 133.3587811301617 8.84402828300393e-08
    vertex 558.3459589217834 132.95837715639155 8.84402828300393e-08
    vertex 558.0979595779115 133.48535933832207 8.84402828300393e-08
  endloop
endfacet
facet normal -4.0606452242567184e-09 -2.5076050433153924e-09 -1.0
  outer loop
    vertex 556.9398391052387 140.75030558650576 7.417660735523082e-08
    vertex 556.9026125088798 139.55270568360686 8.322664285598248e-08
    vertex 556.8746399583124 140.1313032633759 7.925339508643715e-08
  endloop
endfacet
facet normal -4.0606452242567184e-09 -2.5076050433153924e-09 -1.0
  outer loop
    vertex 556.9026125088798 139.55270568360686 8.322664285598248e-08
    vertex 556.9398391052387 140.75030558650576 7.417660735523082e-08
    vertex 557.029029280999 139.03203346048852 8.592289248104957e-08
  endloop
endfacet
facet normal -4.0606452242567184e-09 -2.5076050433153924e-09 -1.0
  outer loop
    vertex 557.029029280999 139.03203346048852 8.592289248104957e-08
    vertex 556.9398391052387 140.75030558650576 7.417660735523082e-08
    vertex 557.0735259612551 141.31475638350094 6.890257244718258e-08
  endloop
endfacet
facet normal -4.0606452242567184e-09 -2.5076050433153924e-09 -1.0
  outer loop
    vertex 557.029029280999 139.03203346048852 8.592289248104957e-08
    vertex 557.0735259612551 141.31475638350094 6.890257244718258e-08
    vertex 557.1833646464064 138.84009746650958 8.598123472883246e-08
  endloop
endfacet
facet normal -4.0606452242567184e-09 -2.5076050433153924e-09 -1.0
  outer loop
    vertex 557.1833646464064 138.84009746650958 8.598123472883246e-08
    vertex 557.0735259612551 141.31475638350094 6.890257244718258e-08
    vertex 558.0397130813114 141.73254692795842 5.746768165842965e-08
  endloop
endfacet
facet normal -4.0606452242567184e-09 -2.5076050433153924e-09 -1.0
  outer loop
    vertex 557.1833646464064 138.84009746650958 8.598123472883246e-08
    vertex 558.0397130813114 141.73254692795842 5.746768165842965e-08
    vertex 557.3849993347 138.68438839973226 8.536484230972642e-08
  endloop
endfacet
facet normal -4.0606452242567184e-09 -2.5076050433153924e-09 -1.0
  outer loop
    vertex 557.3849993347 138.68438839973226 8.536484230972642e-08
    vertex 558.0397130813114 141.73254692795842 5.746768165842965e-08
    vertex 557.719160590367 138.31936640229773 8.512280669092931e-08
  endloop
endfacet
facet normal -4.0606452242567184e-09 -2.5076050433153924e-09 -1.0
  outer loop
    vertex 557.719160590367 138.31936640229773 8.512280669092931e-08
    vertex 558.0397130813114 141.73254692795842 5.746768165842965e-08
    vertex 557.8896192720368 137.98535213562144 8.607643781599618e-08
  endloop
endfacet
facet normal -4.0606452242567184e-09 -2.5076050433153924e-09 -1.0
  outer loop
    vertex 557.8896192720368 137.98535213562144 8.607643781599618e-08
    vertex 558.0397130813114 141.73254692795842 5.746768165842965e-08
    vertex 557.9326191179905 137.78469688662958 8.716516977058665e-08
  endloop
endfacet
facet normal -4.0606452242567184e-09 -2.5076050433153924e-09 -1.0
  outer loop
    vertex 557.9326191179905 137.78469688662958 8.716516977058665e-08
    vertex 558.0397130813114 141.73254692795842 5.746768165842965e-08
    vertex 557.9507202323608 134.2422418391613 8.84402828300393e-08
  endloop
endfacet
facet normal -4.0606452242567184e-09 -2.5076050433153924e-09 -1.0
  outer loop
    vertex 557.9507202323608 134.2422418391613 8.84402828300393e-08
    vertex 558.0397130813114 141.73254692795842 5.746768165842965e-08
    vertex 557.9868854346927 134.82348003648792 8.84402828300393e-08
  endloop
endfacet
facet normal -4.0606452242567184e-09 -2.5076050433153924e-09 -1.0
  outer loop
    vertex 557.9868854346927 134.82348003648792 8.84402828300393e-08
    vertex 558.0397130813114 141.73254692795842 5.746768165842965e-08
    vertex 558.0075465720826 134.9190583266643 8.84402828300393e-08
  endloop
endfacet
facet normal -4.0606452242567184e-09 -2.5076050433153924e-09 -1.0
  outer loop
    vertex 558.0075465720826 134.9190583266643 8.84402828300393e-08
    vertex 558.0397130813114 141.73254692795842 5.746768165842965e-08
    vertex 558.1857940475163 135.47187514223143 8.84402828300393e-08
  endloop
endfacet
facet normal -4.0606452242567184e-09 -2.5076050433153924e-09 -1.0
  outer loop
    vertex 558.0075465720826 134.9190583266643 8.84402828300393e-08
    vertex 558.1857940475163 135.47187514223143 8.84402828300393e-08
    vertex 558.4027852615052 135.0947190539746 8.84402828300393e-08
  endloop
endfacet
facet normal -4.0606452242567184e-09 -2.5076050433153924e-09 -1.0
  outer loop
    vertex 552.8859255802383 135.21718982122312 1.4970045899903586e-07
    vertex 552.9416416417572 133.11742467800147 1.6451732789884988e-07
    vertex 552.8428533890512 134.1654204892658 1.5773861011450509e-07
  endloop
endfacet
facet normal -4.0606452242567184e-09 -2.5076050433153924e-09 -1.0
  outer loop
    vertex 552.9416416417572 133.11742467800147 1.6451732789884988e-07
    vertex 552.8859255802383 135.21718982122312 1.4970045899903586e-07
    vertex 553.3647356236373 135.5446095714525 1.431565400028534e-07
  endloop
endfacet
facet normal -4.0606452242567184e-09 -2.5076050433153924e-09 -1.0
  outer loop
    vertex 552.9416416417572 133.11742467800147 1.6451732789884988e-07
    vertex 553.3647356236373 135.5446095714525 1.431565400028534e-07
    vertex 553.7218218960005 132.67686470264184 1.6095243551006446e-07
  endloop
endfacet
facet normal -4.0606452242567184e-09 -2.5076050433153924e-09 -1.0
  outer loop
    vertex 553.7218218960005 132.67686470264184 1.6095243551006446e-07
    vertex 553.3647356236373 135.5446095714525 1.431565400028534e-07
    vertex 553.9190638874983 135.8276921388862 1.3627988887857105e-07
  endloop
endfacet
facet normal -4.0606452242567184e-09 -2.5076050433153924e-09 -1.0
  outer loop
    vertex 553.7218218960005 132.67686470264184 1.6095243551006446e-07
    vertex 553.9190638874983 135.8276921388862 1.3627988887857105e-07
    vertex 554.5646304168646 132.41037394546868 1.555752506871566e-07
  endloop
endfacet
facet normal -4.0606452242567184e-09 -2.5076050433153924e-09 -1.0
  outer loop
    vertex 554.5646304168646 132.41037394546868 1.555752506871566e-07
    vertex 553.9190638874983 135.8276921388862 1.3627988887857105e-07
    vertex 554.7382504946047 136.0592599121995 1.2747855249986566e-07
  endloop
endfacet
facet normal -4.0606452242567184e-09 -2.5076050433153924e-09 -1.0
  outer loop
    vertex 554.5646304168646 132.41037394546868 1.555752506871566e-07
    vertex 554.7382504946047 136.0592599121995 1.2747855249986566e-07
    vertex 555.0988829062156 132.36969395379793 1.5123215640694414e-07
  endloop
endfacet
facet normal -4.0606452242567184e-09 -2.5076050433153924e-09 -1.0
  outer loop
    vertex 555.0988829062156 132.36969395379793 1.5123215640694414e-07
    vertex 554.7382504946047 136.0592599121995 1.2747855249986566e-07
    vertex 555.0004742785728 136.0782639439161 1.250628843863233e-07
  endloop
endfacet
facet normal -4.0606452242567184e-09 -2.5076050433153924e-09 -1.0
  outer loop
    vertex 555.0988829062156 132.36969395379793 1.5123215640694414e-07
    vertex 555.0004742785728 136.0782639439161 1.250628843863233e-07
    vertex 555.2350196396698 136.0031240251774 1.2357359436052097e-07
  endloop
endfacet
facet normal -4.0606452242567184e-09 -2.5076050433153924e-09 -1.0
  outer loop
    vertex 555.0988829062156 132.36969395379793 1.5123215640694414e-07
    vertex 555.2350196396698 136.0031240251774 1.2357359436052097e-07
    vertex 555.329111382937 132.45717422018177 1.4859536246875087e-07
  endloop
endfacet
facet normal -4.0606452242567184e-09 -2.5076050433153924e-09 -1.0
  outer loop
    vertex 555.329111382937 132.45717422018177 1.4859536246875087e-07
    vertex 555.2350196396698 136.0031240251774 1.2357359436052097e-07
    vertex 555.6787307888059 135.7652302517569 1.2145384474193669e-07
  endloop
endfacet
facet normal -4.0606452242567184e-09 -2.5076050433153924e-09 -1.0
  outer loop
    vertex 555.329111382937 132.45717422018177 1.4859536246875087e-07
    vertex 555.6787307888059 135.7652302517569 1.2145384474193669e-07
    vertex 555.539521667703 132.60081914687464 1.457214077173197e-07
  endloop
endfacet
facet normal -4.0606452242567184e-09 -2.5076050433153924e-09 -1.0
  outer loop
    vertex 555.539521667703 132.60081914687464 1.457214077173197e-07
    vertex 555.6787307888059 135.7652302517569 1.2145384474193669e-07
    vertex 556.1095058953641 132.8365537629533 1.3905381694082066e-07
  endloop
endfacet
facet normal -4.0606452242567184e-09 -2.5076050433153924e-09 -1.0
  outer loop
    vertex 556.1095058953641 132.8365537629533 1.3905381694082066e-07
    vertex 555.6787307888059 135.7652302517569 1.2145384474193669e-07
    vertex 556.2863448611532 135.65082104240264 1.1701092335214549e-07
  endloop
endfacet
facet normal -4.0606452242567184e-09 -2.5076050433153924e-09 -1.0
  outer loop
    vertex 556.1095058953641 132.8365537629533 1.3905381694082066e-07
    vertex 556.2863448611532 135.65082104240264 1.1701092335214549e-07
    vertex 556.6380544298639 132.8231283103368 1.3456165630310048e-07
  endloop
endfacet
facet normal -4.0606452242567184e-09 -2.5076050433153924e-09 -1.0
  outer loop
    vertex 556.6380544298639 132.8231283103368 1.3456165630310048e-07
    vertex 556.2863448611532 135.65082104240264 1.1701092335214549e-07
    vertex 556.6385560352309 135.74336618249592 1.1327790756140986e-07
  endloop
endfacet
facet normal -4.0606452242567184e-09 -2.5076050433153924e-09 -1.0
  outer loop
    vertex 556.6380544298639 132.8231283103368 1.3456165630310048e-07
    vertex 556.6385560352309 135.74336618249592 1.1327790756140986e-07
    vertex 556.9525915746958 132.56403327252056 1.3371816332938273e-07
  endloop
endfacet
facet normal -4.0606452242567184e-09 -2.5076050433153924e-09 -1.0
  outer loop
    vertex 556.9525915746958 132.56403327252056 1.3371816332938273e-07
    vertex 556.6385560352309 135.74336618249592 1.1327790756140986e-07
    vertex 556.8618756970207 135.98251026617385 1.0959595588236337e-07
  endloop
endfacet
facet normal -4.0606452242567184e-09 -2.5076050433153924e-09 -1.0
  outer loop
    vertex 556.9525915746958 132.56403327252056 1.3371816332938273e-07
    vertex 556.8618756970207 135.98251026617385 1.0959595588236337e-07
    vertex 557.2567808473693 136.70215878449926 1.0092255907059866e-07
  endloop
endfacet
facet normal -4.0606452242567184e-09 -2.5076050433153924e-09 -1.0
  outer loop
    vertex 556.9525915746958 132.56403327252056 1.3371816332938273e-07
    vertex 557.2567808473693 136.70215878449926 1.0092255907059866e-07
    vertex 557.1024244752604 132.0917179989816 1.2584143213880077e-07
  endloop
endfacet
facet normal -4.0606452242567184e-09 -2.5076050433153924e-09 -1.0
  outer loop
    vertex 557.1024244752604 132.0917179989816 1.2584143213880077e-07
    vertex 557.2567808473693 136.70215878449926 1.0092255907059866e-07
    vertex 557.2906085651946 131.63333130196108 1.1819698573604903e-07
  endloop
endfacet
facet normal -4.0606452242567184e-09 -2.5076050433153924e-09 -1.0
  outer loop
    vertex 557.2906085651946 131.63333130196108 1.1819698573604903e-07
    vertex 557.2567808473693 136.70215878449926 1.0092255907059866e-07
    vertex 557.7866698682947 137.3291093088652 9.175242099995764e-08
  endloop
endfacet
facet normal -4.0606452242567184e-09 -2.5076050433153924e-09 -1.0
  outer loop
    vertex 557.2906085651946 131.63333130196108 1.1819698573604903e-07
    vertex 557.7866698682947 137.3291093088652 9.175242099995764e-08
    vertex 557.5158678685235 131.191981257242 1.1083665703620369e-07
  endloop
endfacet
facet normal -4.0606452242567184e-09 -2.5076050433153924e-09 -1.0
  outer loop
    vertex 557.5158678685235 131.191981257242 1.1083665703620369e-07
    vertex 557.7866698682947 137.3291093088652 9.175242099995764e-08
    vertex 557.776675022018 130.77066042415186 1.0381035250368792e-07
  endloop
endfacet
facet normal -4.0606452242567184e-09 -2.5076050433153924e-09 -1.0
  outer loop
    vertex 557.776675022018 130.77066042415186 1.0381035250368792e-07
    vertex 557.7866698682947 137.3291093088652 9.175242099995764e-08
    vertex 558.0712616314316 130.37222555461375 9.716571376314614e-08
  endloop
endfacet
facet normal -4.0606452242567184e-09 -2.5076050433153924e-09 -1.0
  outer loop
    vertex 558.0712616314316 130.37222555461375 9.716571376314614e-08
    vertex 557.7866698682947 137.3291093088652 9.175242099995764e-08
    vertex 557.9507202323608 134.2422418391613 8.84402828300393e-08
  endloop
endfacet
facet normal -4.0606452242567184e-09 -2.5076050433153924e-09 -1.0
  outer loop
    vertex 557.9507202323608 134.2422418391613 8.84402828300393e-08
    vertex 557.7866698682947 137.3291093088652 9.175242099995764e-08
    vertex 557.9063595891778 137.52255427058532 8.930341033944191e-08
  endloop
endfacet
facet normal -4.0606452242567184e-09 -2.5076050433153924e-09 -1.0
  outer loop
    vertex 557.9507202323608 134.2422418391613 8.84402828300393e-08
    vertex 557.9063595891778 137.52255427058532 8.930341033944191e-08
    vertex 557.9326191179905 137.78469688662958 8.716516977058665e-08
  endloop
endfacet
facet normal -4.0606452242567184e-09 -2.5076050433153924e-09 -1.0
  outer loop
    vertex 558.0712616314316 130.37222555461375 9.716571376314614e-08
    vertex 557.9507202323608 134.2422418391613 8.84402828300393e-08
    vertex 557.9558937286072 134.1492502971081 8.84402828300393e-08
  endloop
endfacet
facet normal -4.0606452242567184e-09 -2.5076050433153924e-09 -1.0
  outer loop
    vertex 558.0712616314316 130.37222555461375 9.716571376314614e-08
    vertex 557.9558937286072 134.1492502971081 8.84402828300393e-08
    vertex 558.0669678718263 133.57577234415095 8.84402828300393e-08
  endloop
endfacet
facet normal -4.0606452242567184e-09 -2.5076050433153924e-09 -1.0
  outer loop
    vertex 558.0712616314316 130.37222555461375 9.716571376314614e-08
    vertex 558.0669678718263 133.57577234415095 8.84402828300393e-08
    vertex 558.0979595779115 133.48535933832207 8.84402828300393e-08
  endloop
endfacet
facet normal -4.0606452242567184e-09 -2.5076050433153924e-09 -1.0
  outer loop
    vertex 558.0712616314316 130.37222555461375 9.716571376314614e-08
    vertex 558.0979595779115 133.48535933832207 8.84402828300393e-08
    vertex 558.3976302620383 129.99937822303448 9.094779456698964e-08
  endloop
endfacet
facet normal -4.0606452242567184e-09 -2.5076050433153924e-09 -1.0
  outer loop
    vertex 558.3976302620383 129.99937822303448 9.094779456698964e-08
    vertex 558.0979595779115 133.48535933832207 8.84402828300393e-08
    vertex 558.3459589217834 132.95837715639155 8.84402828300393e-08
  endloop
endfacet
facet normal -4.0606452242567184e-09 -2.5076050433153924e-09 -1.0
  outer loop
    vertex 558.3976302620383 129.99937822303448 9.094779456698964e-08
    vertex 558.3459589217834 132.95837715639155 8.84402828300393e-08
    vertex 558.3950332290343 132.87829471925775 8.84402828300393e-08
  endloop
endfacet
facet normal -4.0606452242567184e-09 -2.5076050433153924e-09 -1.0
  outer loop
    vertex 558.3976302620383 129.99937822303448 9.094779456698964e-08
    vertex 558.3950332290343 132.87829471925775 8.84402828300393e-08
    vertex 558.8290156570133 132.85763358186765 8.84402828300393e-08
  endloop
endfacet
facet normal -4.0606452242567184e-09 -2.5076050433153924e-09 -1.0
  outer loop
    vertex 558.3976302620383 129.99937822303448 9.094779456698964e-08
    vertex 558.8290156570133 132.85763358186765 8.84402828300393e-08
    vertex 558.7670158210452 132.431394974461 8.84402828300393e-08
  endloop
endfacet
facet normal -4.0606452242567184e-09 -2.5076050433153924e-09 -1.0
  outer loop
    vertex 558.3976302620383 129.99937822303448 9.094779456698964e-08
    vertex 558.7670158210452 132.431394974461 8.84402828300393e-08
    vertex 558.7535679821716 129.65464650836918 8.5198755309924e-08
  endloop
endfacet
facet normal -4.0606452242567184e-09 -2.5076050433153924e-09 -1.0
  outer loop
    vertex 560.426565856444 140.5151492875621 4.561093279145671e-08
    vertex 560.468148848009 139.77740041374898 5.0625700375894776e-08
    vertex 560.4527689917388 139.16077314398137 5.5252543744332983e-08
  endloop
endfacet
facet normal -4.0606452242567184e-09 -2.5076050433153924e-09 -1.0
  outer loop
    vertex 560.468148848009 139.77740041374898 5.0625700375894776e-08
    vertex 560.426565856444 140.5151492875621 4.561093279145671e-08
    vertex 560.5256747921823 140.27162959009036 4.652475306790586e-08
  endloop
endfacet
facet normal -4.0606452242567184e-09 -2.5076050433153924e-09 -1.0
  outer loop
    vertex 560.468148848009 139.77740041374898 5.0625700375894776e-08
    vertex 560.5256747921823 140.27162959009036 4.652475306790586e-08
    vertex 560.5266846071145 140.02535273881557 4.831057127246964e-08
  endloop
endfacet
facet normal -4.0606452242567184e-09 -2.5076050433153924e-09 -1.0
  outer loop
    vertex 559.0533077708837 142.01660351505092 4.659559887787438e-08
    vertex 558.1857940475163 135.47187514223143 8.84402828300393e-08
    vertex 558.0397130813114 141.73254692795842 5.746768165842965e-08
  endloop
endfacet
facet normal -4.0606452242567184e-09 -2.5076050433153924e-09 -1.0
  outer loop
    vertex 558.1857940475163 135.47187514223143 8.84402828300393e-08
    vertex 559.0533077708837 142.01660351505092 4.659559887787438e-08
    vertex 558.2271163222962 135.5571228637127 8.84402828300393e-08
  endloop
endfacet
facet normal -4.0606452242567184e-09 -2.5076050433153924e-09 -1.0
  outer loop
    vertex 558.2271163222962 135.5571228637127 8.84402828300393e-08
    vertex 559.0533077708837 142.01660351505092 4.659559887787438e-08
    vertex 558.5396940383608 136.05051837953607 8.84402828300393e-08
  endloop
endfacet
facet normal -4.0606452242567184e-09 -2.5076050433153924e-09 -1.0
  outer loop
    vertex 558.5396940383608 136.05051837953607 8.84402828300393e-08
    vertex 559.0533077708837 142.01660351505092 4.659559887787438e-08
    vertex 558.5991153381042 136.1254273204235 8.84402828300393e-08
  endloop
endfacet
facet normal -4.0606452242567184e-09 -2.5076050433153924e-09 -1.0
  outer loop
    vertex 558.5991153381042 136.1254273204235 8.84402828300393e-08
    vertex 559.0533077708837 142.01660351505092 4.659559887787438e-08
    vertex 559.0253457336124 136.52583950609244 8.84402828300393e-08
  endloop
endfacet
facet normal -4.0606452242567184e-09 -2.5076050433153924e-09 -1.0
  outer loop
    vertex 559.0253457336124 136.52583950609244 8.84402828300393e-08
    vertex 559.0533077708837 142.01660351505092 4.659559887787438e-08
    vertex 559.1028496345215 136.5775005614666 8.84402828300393e-08
  endloop
endfacet
facet normal -4.0606452242567184e-09 -2.5076050433153924e-09 -1.0
  outer loop
    vertex 559.1028496345215 136.5775005614666 8.84402828300393e-08
    vertex 559.0533077708837 142.01660351505092 4.659559887787438e-08
    vertex 559.7445905235678 141.44660395062908 4.4745914343835576e-08
  endloop
endfacet
facet normal -4.0606452242567184e-09 -2.5076050433153924e-09 -1.0
  outer loop
    vertex 559.1028496345215 136.5775005614666 8.84402828300393e-08
    vertex 559.7445905235678 141.44660395062908 4.4745914343835576e-08
    vertex 559.5109974288637 136.43800503648794 8.84402828300393e-08
  endloop
endfacet
facet normal -4.0606452242567184e-09 -2.5076050433153924e-09 -1.0
  outer loop
    vertex 559.5109974288637 136.43800503648794 8.84402828300393e-08
    vertex 559.7445905235678 141.44660395062908 4.4745914343835576e-08
    vertex 559.6117410033877 136.8590701476483 8.84402828300393e-08
  endloop
endfacet
facet normal -4.0606452242567184e-09 -2.5076050433153924e-09 -1.0
  outer loop
    vertex 559.6117410033877 136.8590701476483 8.84402828300393e-08
    vertex 559.7445905235678 141.44660395062908 4.4745914343835576e-08
    vertex 559.699559049194 136.8926486018566 8.84402828300393e-08
  endloop
endfacet
facet normal -4.0606452242567184e-09 -2.5076050433153924e-09 -1.0
  outer loop
    vertex 559.699559049194 136.8926486018566 8.84402828300393e-08
    vertex 559.7445905235678 141.44660395062908 4.4745914343835576e-08
    vertex 560.0612110725098 136.65241771425283 8.84402828300393e-08
  endloop
endfacet
facet normal -4.0606452242567184e-09 -2.5076050433153924e-09 -1.0
  outer loop
    vertex 560.0612110725098 136.65241771425283 8.84402828300393e-08
    vertex 559.7445905235678 141.44660395062908 4.4745914343835576e-08
    vertex 559.9531953946397 141.22267815898132 4.4566078560071005e-08
  endloop
endfacet
facet normal -4.0606452242567184e-09 -2.5076050433153924e-09 -1.0
  outer loop
    vertex 560.0612110725098 136.65241771425283 8.84402828300393e-08
    vertex 559.9531953946397 141.22267815898132 4.4566078560071005e-08
    vertex 560.426565856444 140.5151492875621 4.561093279145671e-08
  endloop
endfacet
facet normal -4.0606452242567184e-09 -2.5076050433153924e-09 -1.0
  outer loop
    vertex 560.0612110725098 136.65241771425283 8.84402828300393e-08
    vertex 560.426565856444 140.5151492875621 4.561093279145671e-08
    vertex 560.2627146453553 137.03989615930595 8.84402828300393e-08
  endloop
endfacet
facet normal -4.0606452242567184e-09 -2.5076050433153924e-09 -1.0
  outer loop
    vertex 560.2627146453553 137.03989615930595 8.84402828300393e-08
    vertex 560.426565856444 140.5151492875621 4.561093279145671e-08
    vertex 560.3583011474306 137.04764819177672 8.84402828300393e-08
  endloop
endfacet
facet normal -4.0606452242567184e-09 -2.5076050433153924e-09 -1.0
  outer loop
    vertex 560.3583011474306 137.04764819177672 8.84402828300393e-08
    vertex 560.426565856444 140.5151492875621 4.561093279145671e-08
    vertex 560.4527689917388 139.16077314398137 5.5252543744332983e-08
  endloop
endfacet
facet normal -4.0606452242567184e-09 -2.5076050433153924e-09 -1.0
  outer loop
    vertex 560.3583011474306 137.04764819177672 8.84402828300393e-08
    vertex 560.4527689917388 139.16077314398137 5.5252543744332983e-08
    vertex 560.6502013023073 136.72990519136462 8.84402828300393e-08
  endloop
endfacet
facet normal -4.0606452242567184e-09 -2.5076050433153924e-09 -1.0
  outer loop
    vertex 560.6502013023073 136.72990519136462 8.84402828300393e-08
    vertex 560.4527689917388 139.16077314398137 5.5252543744332983e-08
    vertex 560.5724989781692 138.79475155971457 5.6879943235998985e-08
  endloop
endfacet
facet normal -4.0606452242567184e-09 -2.5076050433153924e-09 -1.0
  outer loop
    vertex 560.6502013023073 136.72990519136462 8.84402828300393e-08
    vertex 560.5724989781692 138.79475155971457 5.6879943235998985e-08
    vertex 560.7950007794957 138.54661477202117 5.675584659953214e-08
  endloop
endfacet
facet normal -4.0606452242567184e-09 -2.5076050433153924e-09 -1.0
  outer loop
    vertex 560.6502013023073 136.72990519136462 8.84402828300393e-08
    vertex 560.7950007794957 138.54661477202117 5.675584659953214e-08
    vertex 560.9395229209596 137.04764819177672 8.84402828300393e-08
  endloop
endfacet
facet normal -4.0606452242567184e-09 -2.5076050433153924e-09 -1.0
  outer loop
    vertex 560.9395229209596 137.04764819177672 8.84402828300393e-08
    vertex 560.7950007794957 138.54661477202117 5.675584659953214e-08
    vertex 561.009813357322 138.4717455272839 5.5435946264004166e-08
  endloop
endfacet
facet normal -4.0606452242567184e-09 -2.5076050433153924e-09 -1.0
  outer loop
    vertex 560.9395229209596 137.04764819177672 8.84402828300393e-08
    vertex 561.009813357322 138.4717455272839 5.5435946264004166e-08
    vertex 561.0325308868104 137.03989615930595 8.84402828300393e-08
  endloop
endfacet
facet normal -4.0606452242567184e-09 -2.5076050433153924e-09 -1.0
  outer loop
    vertex 561.0325308868104 137.03989615930595 8.84402828300393e-08
    vertex 561.009813357322 138.4717455272839 5.5435946264004166e-08
    vertex 561.8162727993076 138.318547898608 4.954886972324825e-08
  endloop
endfacet
facet normal -4.0606452242567184e-09 -2.5076050433153924e-09 -1.0
  outer loop
    vertex 561.0325308868104 137.03989615930595 8.84402828300393e-08
    vertex 561.8162727993076 138.318547898608 4.954886972324825e-08
    vertex 561.2365965720825 136.65241771425283 8.84402828300393e-08
  endloop
endfacet
facet normal -4.0606452242567184e-09 -2.5076050433153924e-09 -1.0
  outer loop
    vertex 561.2365965720825 136.65241771425283 8.84402828300393e-08
    vertex 561.8162727993076 138.318547898608 4.954886972324825e-08
    vertex 561.5982485953979 136.8926486018566 8.84402828300393e-08
  endloop
endfacet
facet normal -4.0606452242567184e-09 -2.5076050433153924e-09 -1.0
  outer loop
    vertex 561.5982485953979 136.8926486018566 8.84402828300393e-08
    vertex 561.8162727993076 138.318547898608 4.954886972324825e-08
    vertex 561.6860830650022 136.8590701476483 8.84402828300393e-08
  endloop
endfacet
facet normal -4.0606452242567184e-09 -2.5076050433153924e-09 -1.0
  outer loop
    vertex 561.6860830650022 136.8590701476483 8.84402828300393e-08
    vertex 561.8162727993076 138.318547898608 4.954886972324825e-08
    vertex 561.7868430633242 136.43800503648794 8.84402828300393e-08
  endloop
endfacet
facet normal -4.0606452242567184e-09 -2.5076050433153924e-09 -1.0
  outer loop
    vertex 561.7868430633242 136.43800503648794 8.84402828300393e-08
    vertex 561.8162727993076 138.318547898608 4.954886972324825e-08
    vertex 562.1975693938905 136.5775005614666 8.84402828300393e-08
  endloop
endfacet
facet normal -4.0606452242567184e-09 -2.5076050433153924e-09 -1.0
  outer loop
    vertex 562.1975693938905 136.5775005614666 8.84402828300393e-08
    vertex 561.8162727993076 138.318547898608 4.954886972324825e-08
    vertex 562.6340913437656 138.10205062148222 4.520943859007143e-08
  endloop
endfacet
facet normal -4.0606452242567184e-09 -2.5076050433153924e-09 -1.0
  outer loop
    vertex 562.1975693938905 136.5775005614666 8.84402828300393e-08
    vertex 562.6340913437656 138.10205062148222 4.520943859007143e-08
    vertex 562.2724783347775 136.52583950609244 8.84402828300393e-08
  endloop
endfacet
facet normal -4.0606452242567184e-09 -2.5076050433153924e-09 -1.0
  outer loop
    vertex 562.2724783347775 136.52583950609244 8.84402828300393e-08
    vertex 562.70128726651 136.1254273204235 8.84402828300393e-08
    vertex 562.2647263023069 136.08668358186756 8.84402828300393e-08
  endloop
endfacet
facet normal -4.0606452242567184e-09 -2.5076050433153924e-09 -1.0
  outer loop
    vertex 562.70128726651 136.1254273204235 8.84402828300393e-08
    vertex 562.2724783347775 136.52583950609244 8.84402828300393e-08
    vertex 562.6340913437656 138.10205062148222 4.520943859007143e-08
  endloop
endfacet
facet normal -4.0606452242567184e-09 -2.5076050433153924e-09 -1.0
  outer loop
    vertex 562.70128726651 136.1254273204235 8.84402828300393e-08
    vertex 562.6340913437656 138.10205062148222 4.520943859007143e-08
    vertex 562.86169142022 138.04637667055587 4.368436823382064e-08
  endloop
endfacet
facet normal -4.0606452242567184e-09 -2.5076050433153924e-09 -1.0
  outer loop
    vertex 562.70128726651 136.1254273204235 8.84402828300393e-08
    vertex 562.86169142022 138.04637667055587 4.368436823382064e-08
    vertex 562.7607085662538 136.05051837953607 8.84402828300393e-08
  endloop
endfacet
facet normal -4.0606452242567184e-09 -2.5076050433153924e-09 -1.0
  outer loop
    vertex 563.202443026703 133.48535933832207 8.84402828300393e-08
    vertex 562.9570386428528 132.95837715639155 8.84402828300393e-08
    vertex 562.7865267760924 133.3587811301617 8.84402828300393e-08
  endloop
endfacet
facet normal -4.0606452242567184e-09 -2.5076050433153924e-09 -1.0
  outer loop
    vertex 562.7607085662538 136.05051837953607 8.84402828300393e-08
    vertex 563.0732698585205 135.5571228637127 8.84402828300393e-08
    vertex 562.6470558868103 135.6320318046001 8.84402828300393e-08
  endloop
endfacet
facet normal -4.0606452242567184e-09 -2.5076050433153924e-09 -1.0
  outer loop
    vertex 563.0732698585205 135.5571228637127 8.84402828300393e-08
    vertex 562.7607085662538 136.05051837953607 8.84402828300393e-08
    vertex 562.86169142022 138.04637667055587 4.368436823382064e-08
  endloop
endfacet
facet normal -4.0606452242567184e-09 -2.5076050433153924e-09 -1.0
  outer loop
    vertex 563.0732698585205 135.5571228637127 8.84402828300393e-08
    vertex 562.86169142022 138.04637667055587 4.368436823382064e-08
    vertex 563.1189425486701 138.04143165206764 4.025561159520797e-08
  endloop
endfacet
facet normal -4.0606452242567184e-09 -2.5076050433153924e-09 -1.0
  outer loop
    vertex 563.0732698585205 135.5571228637127 8.84402828300393e-08
    vertex 563.1189425486701 138.04143165206764 4.025561159520797e-08
    vertex 563.1120464446716 135.47187514223143 8.84402828300393e-08
  endloop
endfacet
facet normal -4.0606452242567184e-09 -2.5076050433153924e-09 -1.0
  outer loop
    vertex 563.1120464446716 135.47187514223143 8.84402828300393e-08
    vertex 563.2928724563294 134.9190583266643 8.84402828300393e-08
    vertex 562.8976337669067 135.0947190539746 8.84402828300393e-08
  endloop
endfacet
facet normal -4.0606452242567184e-09 -2.5076050433153924e-09 -1.0
  outer loop
    vertex 563.2928724563294 134.9190583266643 8.84402828300393e-08
    vertex 563.1120464446716 135.47187514223143 8.84402828300393e-08
    vertex 563.1189425486701 138.04143165206764 4.025561159520797e-08
  endloop
endfacet
facet normal -4.0606452242567184e-09 -2.5076050433153924e-09 -1.0
  outer loop
    vertex 563.2928724563294 134.9190583266643 8.84402828300393e-08
    vertex 563.1189425486701 138.04143165206764 4.025561159520797e-08
    vertex 563.4185222971997 138.28340631349056 3.5890780650277295e-08
  endloop
endfacet
facet normal -4.0606452242567184e-09 -2.5076050433153924e-09 -1.0
  outer loop
    vertex 563.2928724563294 134.9190583266643 8.84402828300393e-08
    vertex 563.4185222971997 138.28340631349056 3.5890780650277295e-08
    vertex 563.3083600974732 134.82348003648792 8.84402828300393e-08
  endloop
endfacet
facet normal -4.0606452242567184e-09 -2.5076050433153924e-09 -1.0
  outer loop
    vertex 563.3083600974732 134.82348003648792 8.84402828300393e-08
    vertex 563.4185222971997 138.28340631349056 3.5890780650277295e-08
    vertex 563.3471038360291 134.2422418391613 8.84402828300393e-08
  endloop
endfacet
facet normal -4.0606452242567184e-09 -2.5076050433153924e-09 -1.0
  outer loop
    vertex 563.3471038360291 134.2422418391613 8.84402828300393e-08
    vertex 563.0087079101258 134.51348085664785 8.84402828300393e-08
    vertex 563.3083600974732 134.82348003648792 8.84402828300393e-08
  endloop
endfacet
facet normal -4.0606452242567184e-09 -2.5076050433153924e-09 -1.0
  outer loop
    vertex 562.9053693755798 132.87829471925775 8.84402828300393e-08
    vertex 562.5333703597714 132.431394974461 8.84402828300393e-08
    vertex 562.4688084113773 132.85763358186765 8.84402828300393e-08
  endloop
endfacet
facet normal -4.0606452242567184e-09 -2.5076050433153924e-09 -1.0
  outer loop
    vertex 562.5333703597714 132.431394974461 8.84402828300393e-08
    vertex 562.9053693755798 132.87829471925775 8.84402828300393e-08
    vertex 562.8372549240728 128.12884528412954 5.975319644932095e-08
  endloop
endfacet
facet normal -4.0606452242567184e-09 -2.5076050433153924e-09 -1.0
  outer loop
    vertex 562.8372549240728 128.12884528412954 5.975319644932095e-08
    vertex 562.9053693755798 132.87829471925775 8.84402828300393e-08
    vertex 563.3320370759525 128.15571976814283 6.020137820061658e-08
  endloop
endfacet
facet normal -4.0606452242567184e-09 -2.5076050433153924e-09 -1.0
  outer loop
    vertex 563.3320370759525 128.15571976814283 6.020137820061658e-08
    vertex 562.9053693755798 132.87829471925775 8.84402828300393e-08
    vertex 562.9570386428528 132.95837715639155 8.84402828300393e-08
  endloop
endfacet
facet normal -4.0606452242567184e-09 -2.5076050433153924e-09 -1.0
  outer loop
    vertex 563.3320370759525 128.15571976814283 6.020137820061658e-08
    vertex 562.9570386428528 132.95837715639155 8.84402828300393e-08
    vertex 563.202443026703 133.48535933832207 8.84402828300393e-08
  endloop
endfacet
facet normal -4.0606452242567184e-09 -2.5076050433153924e-09 -1.0
  outer loop
    vertex 563.3320370759525 128.15571976814283 6.020137820061658e-08
    vertex 563.202443026703 133.48535933832207 8.84402828300393e-08
    vertex 563.2282776603398 133.57577234415095 8.84402828300393e-08
  endloop
endfacet
facet normal -4.0606452242567184e-09 -2.5076050433153924e-09 -1.0
  outer loop
    vertex 558.7670158210452 132.431394974461 8.84402828300393e-08
    vertex 559.1366613679354 129.34036785256575 7.995757716179238e-08
    vertex 558.7535679821716 129.65464650836918 8.5198755309924e-08
  endloop
endfacet
facet normal -4.0606452242567184e-09 -2.5076050433153924e-09 -1.0
  outer loop
    vertex 559.1366613679354 129.34036785256575 7.995757716179238e-08
    vertex 558.7670158210452 132.431394974461 8.84402828300393e-08
    vertex 558.8367676894838 132.3668166022686 8.84402828300393e-08
  endloop
endfacet
facet normal -4.0606452242567184e-09 -2.5076050433153924e-09 -1.0
  outer loop
    vertex 559.1366613679354 129.34036785256575 7.995757716179238e-08
    vertex 558.8367676894838 132.3668166022686 8.84402828300393e-08
    vertex 559.2604195487669 132.45206432374994 8.84402828300393e-08
  endloop
endfacet
facet normal -4.0606452242567184e-09 -2.5076050433153924e-09 -1.0
  outer loop
    vertex 559.1366613679354 129.34036785256575 7.995757716179238e-08
    vertex 559.2604195487669 132.45206432374994 8.84402828300393e-08
    vertex 559.5443128673448 129.05867321161736 7.525979775704712e-08
  endloop
endfacet
facet normal -4.0606452242567184e-09 -2.5076050433153924e-09 -1.0
  outer loop
    vertex 559.5443128673448 129.05867321161736 7.525979775704712e-08
    vertex 559.2604195487669 132.45206432374994 8.84402828300393e-08
    vertex 559.3069153197936 132.02324718011894 8.84402828300393e-08
  endloop
endfacet
facet normal -4.0606452242567184e-09 -2.5076050433153924e-09 -1.0
  outer loop
    vertex 559.5443128673448 129.05867321161736 7.525979775704712e-08
    vertex 559.3069153197936 132.02324718011894 8.84402828300393e-08
    vertex 559.3895927169496 131.9767431971935 8.84402828300393e-08
  endloop
endfacet
facet normal -4.0606452242567184e-09 -2.5076050433153924e-09 -1.0
  outer loop
    vertex 559.5443128673448 129.05867321161736 7.525979775704712e-08
    vertex 559.3895927169496 131.9767431971935 8.84402828300393e-08
    vertex 559.7796579101257 132.17049473756833 8.84402828300393e-08
  endloop
endfacet
facet normal -4.0606452242567184e-09 -2.5076050433153924e-09 -1.0
  outer loop
    vertex 559.5443128673448 129.05867321161736 7.525979775704712e-08
    vertex 559.7796579101257 132.17049473756833 8.84402828300393e-08
    vertex 559.9737584129398 128.81147260668618 7.113727023299927e-08
  endloop
endfacet
facet normal -4.0606452242567184e-09 -2.5076050433153924e-09 -1.0
  outer loop
    vertex 559.9737584129398 128.81147260668618 7.113727023299927e-08
    vertex 559.7796579101257 132.17049473756833 8.84402828300393e-08
    vertex 559.9294757919007 131.7597519832043 8.84402828300393e-08
  endloop
endfacet
facet normal -4.0606452242567184e-09 -2.5076050433153924e-09 -1.0
  outer loop
    vertex 559.9737584129398 128.81147260668618 7.113727023299927e-08
    vertex 559.9294757919007 131.7597519832043 8.84402828300393e-08
    vertex 560.0224673339537 131.73909084581405 8.84402828300393e-08
  endloop
endfacet
facet normal -4.0606452242567184e-09 -2.5076050433153924e-09 -1.0
  outer loop
    vertex 559.9737584129398 128.81147260668618 7.113727023299927e-08
    vertex 560.0224673339537 131.73909084581405 8.84402828300393e-08
    vertex 560.4220861634541 128.60044217326802 6.761794725067822e-08
  endloop
endfacet
facet normal -4.0606452242567184e-09 -2.5076050433153924e-09 -1.0
  outer loop
    vertex 560.4220861634541 128.60044217326802 6.761794725067822e-08
    vertex 560.0224673339537 131.73909084581405 8.84402828300393e-08
    vertex 560.3531440749819 132.02066043199576 8.84402828300393e-08
  endloop
endfacet
facet normal -4.0606452242567184e-09 -2.5076050433153924e-09 -1.0
  outer loop
    vertex 560.4220861634541 128.60044217326802 6.761794725067822e-08
    vertex 560.3531440749819 132.02066043199576 8.84402828300393e-08
    vertex 560.6037055312805 131.666760441151 8.84402828300393e-08
  endloop
endfacet
facet normal -4.0606452242567184e-09 -2.5076050433153924e-09 -1.0
  outer loop
    vertex 560.4220861634541 128.60044217326802 6.761794725067822e-08
    vertex 560.6037055312805 131.666760441151 8.84402828300393e-08
    vertex 560.8862562474573 128.42701279621159 6.472569146274163e-08
  endloop
endfacet
facet normal -4.0606452242567184e-09 -2.5076050433153924e-09 -1.0
  outer loop
    vertex 560.8862562474573 128.42701279621159 6.472569146274163e-08
    vertex 560.6037055312805 131.666760441151 8.84402828300393e-08
    vertex 560.6941185371096 131.666760441151 8.84402828300393e-08
  endloop
endfacet
facet normal -4.0606452242567184e-09 -2.5076050433153924e-09 -1.0
  outer loop
    vertex 560.8862562474573 128.42701279621159 6.472569146274163e-08
    vertex 560.6941185371096 131.666760441151 8.84402828300393e-08
    vertex 560.9446964172058 132.02066043199576 8.84402828300393e-08
  endloop
endfacet
facet normal -4.0606452242567184e-09 -2.5076050433153924e-09 -1.0
  outer loop
    vertex 560.8862562474573 128.42701279621159 6.472569146274163e-08
    vertex 560.9446964172058 132.02066043199576 8.84402828300393e-08
    vertex 561.3631213751031 128.29236040765093 6.248011371355113e-08
  endloop
endfacet
facet normal -4.0606452242567184e-09 -2.5076050433153924e-09 -1.0
  outer loop
    vertex 561.3631213751031 128.29236040765093 6.248011371355113e-08
    vertex 560.9446964172058 132.02066043199576 8.84402828300393e-08
    vertex 561.2753403106384 131.73909084581405 8.84402828300393e-08
  endloop
endfacet
facet normal -4.0606452242567184e-09 -2.5076050433153924e-09 -1.0
  outer loop
    vertex 561.3631213751031 128.29236040765093 6.248011371355113e-08
    vertex 561.2753403106384 131.73909084581405 8.84402828300393e-08
    vertex 561.3657697402649 131.7597519832043 8.84402828300393e-08
  endloop
endfacet
facet normal -4.0606452242567184e-09 -2.5076050433153924e-09 -1.0
  outer loop
    vertex 561.3631213751031 128.29236040765093 6.248011371355113e-08
    vertex 561.3657697402649 131.7597519832043 8.84402828300393e-08
    vertex 561.849448178223 128.19739801363698 6.089644006849312e-08
  endloop
endfacet
facet normal -4.0606452242567184e-09 -2.5076050433153924e-09 -1.0
  outer loop
    vertex 561.849448178223 128.19739801363698 6.089644006849312e-08
    vertex 561.3657697402649 131.7597519832043 8.84402828300393e-08
    vertex 561.5207446944888 132.17049473756833 8.84402828300393e-08
  endloop
endfacet
facet normal -4.0606452242567184e-09 -2.5076050433153924e-09 -1.0
  outer loop
    vertex 561.849448178223 128.19739801363698 6.089644006849312e-08
    vertex 561.5207446944888 132.17049473756833 8.84402828300393e-08
    vertex 561.9082477752382 131.9767431971935 8.84402828300393e-08
  endloop
endfacet
facet normal -4.0606452242567184e-09 -2.5076050433153924e-09 -1.0
  outer loop
    vertex 561.849448178223 128.19739801363698 6.089644006849312e-08
    vertex 561.9082477752382 131.9767431971935 8.84402828300393e-08
    vertex 562.341939134072 128.14276950353008 5.998540857414784e-08
  endloop
endfacet
facet normal -4.0606452242567184e-09 -2.5076050433153924e-09 -1.0
  outer loop
    vertex 562.341939134072 128.14276950353008 5.998540857414784e-08
    vertex 561.9082477752382 131.9767431971935 8.84402828300393e-08
    vertex 561.9883137885743 132.02324718011894 8.84402828300393e-08
  endloop
endfacet
facet normal -4.0606452242567184e-09 -2.5076050433153924e-09 -1.0
  outer loop
    vertex 562.341939134072 128.14276950353008 5.998540857414784e-08
    vertex 561.9883137885743 132.02324718011894 8.84402828300393e-08
    vertex 562.037404519623 132.45206432374994 8.84402828300393e-08
  endloop
endfacet
facet normal -4.0606452242567184e-09 -2.5076050433153924e-09 -1.0
  outer loop
    vertex 562.341939134072 128.14276950353008 5.998540857414784e-08
    vertex 562.037404519623 132.45206432374994 8.84402828300393e-08
    vertex 562.4610399551087 132.3668166022686 8.84402828300393e-08
  endloop
endfacet
facet normal -4.0606452242567184e-09 -2.5076050433153924e-09 -1.0
  outer loop
    vertex 562.341939134072 128.14276950353008 5.998540857414784e-08
    vertex 562.4610399551087 132.3668166022686 8.84402828300393e-08
    vertex 562.8372549240728 128.12884528412954 5.975319644932095e-08
  endloop
endfacet
facet normal -4.0606452242567184e-09 -2.5076050433153924e-09 -1.0
  outer loop
    vertex 562.8372549240728 128.12884528412954 5.975319644932095e-08
    vertex 562.4610399551087 132.3668166022686 8.84402828300393e-08
    vertex 562.5333703597714 132.431394974461 8.84402828300393e-08
  endloop
endfacet
facet normal -4.0606452242567184e-09 -2.5076050433153924e-09 -1.0
  outer loop
    vertex 559.0305192298584 136.08668358186756 8.84402828300393e-08
    vertex 558.5991153381042 136.1254273204235 8.84402828300393e-08
    vertex 559.0253457336124 136.52583950609244 8.84402828300393e-08
  endloop
endfacet
facet normal -4.0606452242567184e-09 -2.5076050433153924e-09 -1.0
  outer loop
    vertex 558.653346717804 135.6320318046001 8.84402828300393e-08
    vertex 558.2271163222962 135.5571228637127 8.84402828300393e-08
    vertex 558.5396940383608 136.05051837953607 8.84402828300393e-08
  endloop
endfacet
facet normal -4.0606452242567184e-09 -2.5076050433153924e-09 -1.0
  outer loop
    vertex 558.2916946944886 134.51348085664785 8.84402828300393e-08
    vertex 557.9507202323608 134.2422418391613 8.84402828300393e-08
    vertex 557.9868854346927 134.82348003648792 8.84402828300393e-08
  endloop
endfacet
facet normal -4.0606452242567184e-09 -2.5076050433153924e-09 -1.0
  outer loop
    vertex 563.3393518035583 134.1492502971081 8.84402828300393e-08
    vertex 563.2282776603398 133.57577234415095 8.84402828300393e-08
    vertex 562.9699641715699 133.92192030252494 8.84402828300393e-08
  endloop
endfacet
facet normal -4.0606452242567184e-09 -2.5076050433153924e-09 -1.0
  outer loop
    vertex 563.2282776603398 133.57577234415095 8.84402828300393e-08
    vertex 563.3393518035583 134.1492502971081 8.84402828300393e-08
    vertex 563.3320370759525 128.15571976814283 6.020137820061658e-08
  endloop
endfacet
facet normal -4.0606452242567184e-09 -2.5076050433153924e-09 -1.0
  outer loop
    vertex 563.3320370759525 128.15571976814283 6.020137820061658e-08
    vertex 563.3393518035583 134.1492502971081 8.84402828300393e-08
    vertex 563.822930735755 128.2232107340232 6.13269149465475e-08
  endloop
endfacet
facet normal -4.0606452242567184e-09 -2.5076050433153924e-09 -1.0
  outer loop
    vertex 563.822930735755 128.2232107340232 6.13269149465475e-08
    vertex 563.3393518035583 134.1492502971081 8.84402828300393e-08
    vertex 563.3471038360291 134.2422418391613 8.84402828300393e-08
  endloop
endfacet
facet normal -4.0606452242567184e-09 -2.5076050433153924e-09 -1.0
  outer loop
    vertex 563.822930735755 128.2232107340232 6.13269149465475e-08
    vertex 563.3471038360291 134.2422418391613 8.84402828300393e-08
    vertex 563.4185222971997 138.28340631349056 3.5890780650277295e-08
  endloop
endfacet
facet normal -4.0606452242567184e-09 -2.5076050433153924e-09 -1.0
  outer loop
    vertex 563.822930735755 128.2232107340232 6.13269149465475e-08
    vertex 563.4185222971997 138.28340631349056 3.5890780650277295e-08
    vertex 563.7410971912266 138.80914898347646 2.9258476537369354e-08
  endloop
endfacet
facet normal -4.0606452242567184e-09 -2.5076050433153924e-09 -1.0
  outer loop
    vertex 563.822930735755 128.2232107340232 6.13269149465475e-08
    vertex 563.7410971912266 138.80914898347646 2.9258476537369354e-08
    vertex 563.8268865106274 139.0490362511184 2.6765442727977322e-08
  endloop
endfacet
facet normal -4.0606452242567184e-09 -2.5076050433153924e-09 -1.0
  outer loop
    vertex 563.822930735755 128.2232107340232 6.13269149465475e-08
    vertex 563.8268865106274 139.0490362511184 2.6765442727977322e-08
    vertex 564.306607415315 128.3308605615169 6.312217502257011e-08
  endloop
endfacet
facet normal -4.0606452242567184e-09 -2.5076050433153924e-09 -1.0
  outer loop
    vertex 564.306607415315 128.3308605615169 6.312217502257011e-08
    vertex 563.8268865106274 139.0490362511184 2.6765442727977322e-08
    vertex 563.96172333713 139.25513315701164 2.4092699335370727e-08
  endloop
endfacet
facet normal -4.0606452242567184e-09 -2.5076050433153924e-09 -1.0
  outer loop
    vertex 564.306607415315 128.3308605615169 6.312217502257011e-08
    vertex 563.96172333713 139.25513315701164 2.4092699335370727e-08
    vertex 564.3361715414004 132.31762696859997 7.139364196309673e-08
  endloop
endfacet
facet normal -4.0606452242567184e-09 -2.5076050433153924e-09 -1.0
  outer loop
    vertex 564.3361715414004 132.31762696859997 7.139364196309673e-08
    vertex 563.96172333713 139.25513315701164 2.4092699335370727e-08
    vertex 564.4178596834987 139.53625681169305 1.8083035235011427e-08
  endloop
endfacet
facet normal -4.0606452242567184e-09 -2.5076050433153924e-09 -1.0
  outer loop
    vertex 564.3361715414004 132.31762696859997 7.139364196309673e-08
    vertex 564.4178596834987 139.53625681169305 1.8083035235011427e-08
    vertex 564.5443086666264 132.78411348496135 6.618692324691922e-08
  endloop
endfacet
facet normal -4.0606452242567184e-09 -2.5076050433153924e-09 -1.0
  outer loop
    vertex 564.5443086666264 132.78411348496135 6.618692324691922e-08
    vertex 564.4178596834987 139.53625681169305 1.8083035235011427e-08
    vertex 564.6589963661241 135.29603537483453 4.6886911909321834e-08
  endloop
endfacet
facet normal -4.0606452242567184e-09 -2.5076050433153924e-09 -1.0
  outer loop
    vertex 564.6589963661241 135.29603537483453 4.6886911909321834e-08
    vertex 564.4178596834987 139.53625681169305 1.8083035235011427e-08
    vertex 565.2563430703724 139.816046331041 8.762737449458104e-09
  endloop
endfacet
facet normal -4.0606452242567184e-09 -2.5076050433153924e-09 -1.0
  outer loop
    vertex 564.6589963661241 135.29603537483453 4.6886911909321834e-08
    vertex 565.2563430703724 139.816046331041 8.762737449458104e-09
    vertex 564.740097338304 135.69539957842775 4.327250445873568e-08
  endloop
endfacet
facet normal -4.0606452242567184e-09 -2.5076050433153924e-09 -1.0
  outer loop
    vertex 564.740097338304 135.69539957842775 4.327250445873568e-08
    vertex 565.2563430703724 139.816046331041 8.762737449458104e-09
    vertex 565.0337043612114 135.97698314097948 3.867091680881396e-08
  endloop
endfacet
facet normal -4.0606452242567184e-09 -2.5076050433153924e-09 -1.0
  outer loop
    vertex 565.0337043612114 135.97698314097948 3.867091680881396e-08
    vertex 565.2563430703724 139.816046331041 8.762737449458104e-09
    vertex 565.7333657773537 136.21465904207525 3.0863044960000055e-08
  endloop
endfacet
facet normal -4.0606452242567184e-09 -2.5076050433153924e-09 -1.0
  outer loop
    vertex 565.7333657773537 136.21465904207525 3.0863044960000055e-08
    vertex 565.2563430703724 139.816046331041 8.762737449458104e-09
    vertex 566.146476447179 139.9182083631017 2.8825202480486927e-10
  endloop
endfacet
facet normal -4.0606452242567184e-09 -2.5076050433153924e-09 -1.0
  outer loop
    vertex 565.7333657773537 136.21465904207525 3.0863044960000055e-08
    vertex 566.146476447179 139.9182083631017 2.8825202480486927e-10
    vertex 565.9872609177547 136.2356088888729 2.8505524844374413e-08
  endloop
endfacet
facet normal -4.0606452242567184e-09 -2.5076050433153924e-09 -1.0
  outer loop
    vertex 565.9872609177547 136.2356088888729 2.8505524844374413e-08
    vertex 566.146476447179 139.9182083631017 2.8825202480486927e-10
    vertex 566.221177989665 136.3126805066638 2.591254533876321e-08
  endloop
endfacet
facet normal -4.0606452242567184e-09 -2.5076050433153924e-09 -1.0
  outer loop
    vertex 566.221177989665 136.3126805066638 2.591254533876321e-08
    vertex 566.146476447179 139.9182083631017 2.8825202480486927e-10
    vertex 566.8423928056358 139.12841502011105 -6.274425423669072e-14
  endloop
endfacet
facet normal -4.0606452242567184e-09 -2.5076050433153924e-09 -1.0
  outer loop
    vertex 566.221177989665 136.3126805066638 2.591254533876321e-08
    vertex 566.8423928056358 139.12841502011105 -6.274425423669072e-14
    vertex 566.6105234690078 136.68078368814318 1.9849094011981094e-08
  endloop
endfacet
facet normal -4.0606452242567184e-09 -2.5076050433153924e-09 -1.0
  outer loop
    vertex 566.6105234690078 136.68078368814318 1.9849094011981094e-08
    vertex 566.8423928056358 139.12841502011105 -6.274425423669072e-14
    vertex 567.0972820634906 137.41861831107525 1.0245508636291813e-08
  endloop
endfacet
facet normal -4.0606452242567184e-09 -2.5076050433153924e-09 -1.0
  outer loop
    vertex 567.0972820634906 137.41861831107525 1.0245508636291813e-08
    vertex 566.8423928056358 139.12841502011105 -6.274425423669072e-14
    vertex 567.42576449181 138.25221209871114 1.318631452834618e-09
  endloop
endfacet
facet normal -4.0606452242567184e-09 -2.5076050433153924e-09 -1.0
  outer loop
    vertex 564.6589963661241 135.29603537483453 4.6886911909321834e-08
    vertex 564.6928179701007 133.27286262268532 6.133579618486374e-08
    vertex 564.5443086666264 132.78411348496135 6.618692324691922e-08
  endloop
endfacet
facet normal -4.0606452242567184e-09 -2.5076050433153924e-09 -1.0
  outer loop
    vertex 564.6928179701007 133.27286262268532 6.133579618486374e-08
    vertex 564.6589963661241 135.29603537483453 4.6886911909321834e-08
    vertex 564.7623506544433 134.7957868126873 4.9634614526505876e-08
  endloop
endfacet
facet normal -4.0606452242567184e-09 -2.5076050433153924e-09 -1.0
  outer loop
    vertex 564.6928179701007 133.27286262268532 6.133579618486374e-08
    vertex 564.7623506544433 134.7957868126873 4.9634614526505876e-08
    vertex 564.7793937584847 133.7762862670546 5.691557747455889e-08
  endloop
endfacet
facet normal -4.0606452242567184e-09 -2.5076050433153924e-09 -1.0
  outer loop
    vertex 564.7793937584847 133.7762862670546 5.691557747455889e-08
    vertex 564.7623506544433 134.7957868126873 4.9634614526505876e-08
    vertex 564.8026918922931 134.28656847309884 5.299489328100536e-08
  endloop
endfacet
facet normal -4.0606452242567184e-09 -2.5076050433153924e-09 -1.0
  outer loop
    vertex 564.3361715414004 132.31762696859997 7.139364196309673e-08
    vertex 564.7797875609627 128.47793933454196 6.557498572733262e-08
    vertex 564.306607415315 128.3308605615169 6.312217502257011e-08
  endloop
endfacet
facet normal -4.0606452242567184e-09 -2.5076050433153924e-09 -1.0
  outer loop
    vertex 564.7797875609627 128.47793933454196 6.557498572733262e-08
    vertex 564.3361715414004 132.31762696859997 7.139364196309673e-08
    vertex 566.340143791633 131.23197448706543 7.798943119507797e-08
  endloop
endfacet
facet normal -4.0606452242567184e-09 -2.5076050433153924e-09 -1.0
  outer loop
    vertex 564.7797875609627 128.47793933454196 6.557498572733262e-08
    vertex 566.340143791633 131.23197448706543 7.798943119507797e-08
    vertex 565.2392627904277 128.66344979036023 6.86687158592725e-08
  endloop
endfacet
facet normal -4.0606452242567184e-09 -2.5076050433153924e-09 -1.0
  outer loop
    vertex 565.2392627904277 128.66344979036023 6.86687158592725e-08
    vertex 566.340143791633 131.23197448706543 7.798943119507797e-08
    vertex 565.6819176471688 128.88613408148402 7.238238848392654e-08
  endloop
endfacet
facet normal -4.0606452242567184e-09 -2.5076050433153924e-09 -1.0
  outer loop
    vertex 565.6819176471688 128.88613408148402 7.238238848392654e-08
    vertex 566.340143791633 131.23197448706543 7.798943119507797e-08
    vertex 566.1047507246237 129.1444823044694 7.669082316733872e-08
  endloop
endfacet
facet normal -4.0606452242567184e-09 -2.5076050433153924e-09 -1.0
  outer loop
    vertex 566.1047507246237 129.1444823044694 7.669082316733872e-08
    vertex 566.340143791633 131.23197448706543 7.798943119507797e-08
    vertex 566.3048228708853 129.29061252111782 7.912781493924767e-08
  endloop
endfacet
facet normal -4.0606452242567184e-09 -2.5076050433153924e-09 -1.0
  outer loop
    vertex 566.3048228708853 129.29061252111782 7.912781493924767e-08
    vertex 566.340143791633 131.23197448706543 7.798943119507797e-08
    vertex 566.6229109768877 129.65458473824796 8.039833699221609e-08
  endloop
endfacet
facet normal -4.0606452242567184e-09 -2.5076050433153924e-09 -1.0
  outer loop
    vertex 566.6229109768877 129.65458473824796 8.039833699221609e-08
    vertex 566.340143791633 131.23197448706543 7.798943119507797e-08
    vertex 566.4508352515069 131.162277442915 7.835285932572241e-08
  endloop
endfacet
facet normal -4.0606452242567184e-09 -2.5076050433153924e-09 -1.0
  outer loop
    vertex 566.6229109768877 129.65458473824796 8.039833699221609e-08
    vertex 566.4508352515069 131.162277442915 7.835285932572241e-08
    vertex 566.5514824408153 131.07872853187047 7.868144943202417e-08
  endloop
endfacet
facet normal -4.0606452242567184e-09 -2.5076050433153924e-09 -1.0
  outer loop
    vertex 566.6229109768877 129.65458473824796 8.039833699221609e-08
    vertex 566.5514824408153 131.07872853187047 7.868144943202417e-08
    vertex 566.640363258244 130.98275729896392 7.8969579246162e-08
  endloop
endfacet
facet normal -4.0606452242567184e-09 -2.5076050433153924e-09 -1.0
  outer loop
    vertex 566.6229109768877 129.65458473824796 8.039833699221609e-08
    vertex 566.640363258244 130.98275729896392 7.8969579246162e-08
    vertex 566.7430650034589 129.8763733299913 7.921073462121773e-08
  endloop
endfacet
facet normal -4.0606452242567184e-09 -2.5076050433153924e-09 -1.0
  outer loop
    vertex 566.7430650034589 129.8763733299913 7.921073462121773e-08
    vertex 566.640363258244 130.98275729896392 7.8969579246162e-08
    vertex 566.7159569283642 130.8760058385987 7.921231878713133e-08
  endloop
endfacet
facet normal -4.0606452242567184e-09 -2.5076050433153924e-09 -1.0
  outer loop
    vertex 566.7430650034589 129.8763733299913 7.921073462121773e-08
    vertex 566.7159569283642 130.8760058385987 7.921231878713133e-08
    vertex 566.7769700225219 130.76030069785867 7.94055147140861e-08
  endloop
endfacet
facet normal -4.0606452242567184e-09 -2.5076050433153924e-09 -1.0
  outer loop
    vertex 566.7430650034589 129.8763733299913 7.921073462121773e-08
    vertex 566.7769700225219 130.76030069785867 7.94055147140861e-08
    vertex 566.7977176449662 129.99521509886347 7.940430224598758e-08
  endloop
endfacet
facet normal -4.0606452242567184e-09 -2.5076050433153924e-09 -1.0
  outer loop
    vertex 566.7977176449662 129.99521509886347 7.940430224598758e-08
    vertex 566.7769700225219 130.76030069785867 7.94055147140861e-08
    vertex 566.8223585897603 130.63762162378146 7.954586139115203e-08
  endloop
endfacet
facet normal -4.0606452242567184e-09 -2.5076050433153924e-09 -1.0
  outer loop
    vertex 566.7977176449662 129.99521509886347 7.940430224598758e-08
    vertex 566.8223585897603 130.63762162378146 7.954586139115203e-08
    vertex 566.8363907619813 130.12017376111905 7.954504136653393e-08
  endloop
endfacet
facet normal -4.0606452242567184e-09 -2.5076050433153924e-09 -1.0
  outer loop
    vertex 566.8363907619813 130.12017376111905 7.954504136653393e-08
    vertex 566.8223585897603 130.63762162378146 7.954586139115203e-08
    vertex 566.8513460191093 130.51006768933755 7.963095744777311e-08
  endloop
endfacet
facet normal -4.0606452242567184e-09 -2.5076050433153924e-09 -1.0
  outer loop
    vertex 566.8363907619813 130.12017376111905 7.954504136653393e-08
    vertex 566.8513460191093 130.51006768933755 7.963095744777311e-08
    vertex 566.8584226467503 130.24911123940177 7.963054389748402e-08
  endloop
endfacet
facet normal -4.0606452242567184e-09 -2.5076050433153924e-09 -1.0
  outer loop
    vertex 566.8584226467503 130.24911123940177 7.963054389748402e-08
    vertex 566.8513460191093 130.51006768933755 7.963095744777311e-08
    vertex 566.8634363276162 130.37982137771 7.965934686682747e-08
  endloop
endfacet
endsolid changer.v.2.5
