solid changer.v.3.0
facet normal -0.9762960071318932 0.2164396138282288 4.920314136707142e-06
  outer loop
    vertex 1079.4513218446446 141.0939988189793 17.70029015573089
    vertex 1079.6212359642839 141.8605341792737 13.200413144284614
    vertex 1079.4512986237755 141.0939963723534 13.200413171942634
  endloop
endfacet
facet normal -0.9762960071318932 0.2164396138282288 4.920314136707142e-06
  outer loop
    vertex 1079.6212359642839 141.8605341792737 13.200413144284614
    vertex 1079.4513218446446 141.0939988189793 17.70029015573089
    vertex 1079.6212591849815 141.8605366259163 17.700290566506073
  endloop
endfacet
facet normal -0.9238795324857172 -0.382683432394476 4.975445156390018e-06
  outer loop
    vertex 1079.2152229945789 146.50155151455726 17.70029942568042
    vertex 1078.9147362705037 147.22693213394234 13.200413004364611
    vertex 1079.215199774247 146.5015490682071 13.200413017472258
  endloop
endfacet
facet normal -0.9238795324857172 -0.382683432394476 4.975445156390018e-06
  outer loop
    vertex 1078.9147362705037 147.22693213394234 13.200413004364611
    vertex 1079.2152229945789 146.50155151455726 17.70029942568042
    vertex 1078.91475949082 147.2269345802102 17.700301862814037
  endloop
endfacet
facet normal -0.7933533402629309 -0.6087614290295268 4.4247797872167354e-06
  outer loop
    vertex 1078.1303578061072 148.58555815161554 17.700307411754007
    vertex 1077.6523661752447 149.2084562654549 13.200412981066558
    vertex 1078.1303345857748 148.58555570543547 13.200412986092227
  endloop
endfacet
facet normal -0.7933533402629309 -0.6087614290295268 4.4247797872167354e-06
  outer loop
    vertex 1077.6523661752447 149.2084562654549 13.200412981066558
    vertex 1078.1303578061072 148.58555815161554 17.700307411754007
    vertex 1077.6523893955937 149.20845871154873 17.7003104813296
  endloop
endfacet
facet normal -0.9537169507373789 0.30070579950103626 4.75800153569456e-06
  outer loop
    vertex 1079.2152229951153 140.3451889349711 17.70029006571498
    vertex 1079.4512986237755 141.0939963723534 13.200413171942634
    vertex 1079.215199774247 140.34518648834506 13.200413200946304
  endloop
endfacet
facet normal -0.9537169507373789 0.30070579950103626 4.75800153569456e-06
  outer loop
    vertex 1079.4512986237755 141.0939963723534 13.200413171942634
    vertex 1079.2152229951153 140.3451889349711 17.70029006571498
    vertex 1079.4513218446446 141.0939988189793 17.70029015573089
  endloop
endfacet
facet normal 7.617698757979216e-06 -1.4447262376547833e-06 0.9999999999699417
  outer loop
    vertex 1056.907989478038 154.1733156421873 17.70030915197709
    vertex 1054.5819415277022 181.88233922425545 17.700142833511897
    vertex 1054.5819415277022 154.17331594618753 17.700142833511897
  endloop
endfacet
facet normal 7.617698757979216e-06 -1.4447262376547833e-06 0.9999999999699417
  outer loop
    vertex 1056.9079886296643 123.9191382440217 17.700257076120316
    vertex 1056.971950440701 137.05940919373845 17.70065531277814
    vertex 1056.9079877930815 136.98960833117226 17.70026604559857
  endloop
endfacet
facet normal 7.617698757979216e-06 -1.4447262376547833e-06 0.9999999999699417
  outer loop
    vertex 1056.971950440701 137.05940919373845 17.70065531277814
    vertex 1056.9079886296643 123.9191382440217 17.700257076120316
    vertex 1060.8826461240078 123.9191382440217 17.700308780438505
  endloop
endfacet
facet normal 7.617698757979216e-06 -1.4447262376547833e-06 0.9999999999699417
  outer loop
    vertex 1056.971950440701 137.05940919373845 17.70065531277814
    vertex 1060.8826461240078 123.9191382440217 17.700308780438505
    vertex 1057.5023893967546 137.63828173790708 17.700265018808306
  endloop
endfacet
facet normal 7.617698757979216e-06 -1.4447262376547833e-06 0.9999999999699417
  outer loop
    vertex 1057.5023893967546 137.63828173790708 17.700265018808306
    vertex 1060.8826461240078 123.9191382440217 17.700308780438505
    vertex 1057.980357807225 138.26118229801722 17.700264447244262
  endloop
endfacet
facet normal 7.617698757979216e-06 -1.4447262376547833e-06 0.9999999999699417
  outer loop
    vertex 1057.980357807225 138.26118229801722 17.700264447244262
    vertex 1060.8826461240078 123.9191382440217 17.700308780438505
    vertex 1058.4022180426832 138.923370225177 17.700264224760257
  endloop
endfacet
facet normal 7.617698757979216e-06 -1.4447262376547833e-06 0.9999999999699417
  outer loop
    vertex 1058.4022180426832 138.923370225177 17.700264224760257
    vertex 1060.8826461240078 123.9191382440217 17.700308780438505
    vertex 1058.7647594917964 139.61980586965285 17.700264353049555
  endloop
endfacet
facet normal 7.617698757979216e-06 -1.4447262376547833e-06 0.9999999999699417
  outer loop
    vertex 1058.7647594917964 139.61980586965285 17.700264353049555
    vertex 1060.8826461240078 123.9191382440217 17.700308780438505
    vertex 1059.0652229955422 140.34518893538694 17.70026483113579
  endloop
endfacet
facet normal 7.617698757979216e-06 -1.4447262376547833e-06 0.9999999999699417
  outer loop
    vertex 1059.0652229955422 140.34518893538694 17.70026483113579
    vertex 1060.8826461240078 123.9191382440217 17.700308780438505
    vertex 1059.3013218449785 141.09399881944213 17.70026565538044
  endloop
endfacet
facet normal 7.617698757979216e-06 -1.4447262376547833e-06 0.9999999999699417
  outer loop
    vertex 1059.3013218449785 141.09399881944213 17.70026565538044
    vertex 1060.8826461240078 123.9191382440217 17.700308780438505
    vertex 1059.4712591852863 141.86053662640367 17.700266819510496
  endloop
endfacet
facet normal 7.617698757979216e-06 -1.4447262376547833e-06 0.9999999999699417
  outer loop
    vertex 1059.4712591852863 141.86053662640367 17.700266819510496
    vertex 1060.8826461240078 123.9191382440217 17.700308780438505
    vertex 1059.5737416910097 142.63896854067323 17.70026831466625
  endloop
endfacet
facet normal 7.617698757979216e-06 -1.4447262376547833e-06 0.9999999999699417
  outer loop
    vertex 1059.5737416910097 142.63896854067323 17.70026831466625
    vertex 1060.8826461240078 123.9191382440217 17.700308780438505
    vertex 1059.607989407985 143.42337022536898 17.700270129468638
  endloop
endfacet
facet normal 7.617698757979216e-06 -1.4447262376547833e-06 0.9999999999699417
  outer loop
    vertex 1059.607989407985 143.42337022536898 17.700270129468638
    vertex 1060.8826461240078 123.9191382440217 17.700308780438505
    vertex 1060.8826461240076 202.97916056673967 17.70049631335415
  endloop
endfacet
facet normal 7.617698757979216e-06 -1.4447262376547833e-06 0.9999999999699417
  outer loop
    vertex 1043.7326461242915 195.07149894273135 17.70054419384687
    vertex 1060.8826461240076 202.97916056673967 17.70049631335415
    vertex 1043.7326461239775 202.97916056662444 17.700522195455406
  endloop
endfacet
facet normal 7.617698757979216e-06 -1.4447262376547833e-06 0.9999999999699417
  outer loop
    vertex 1060.8826461240076 202.97916056673967 17.70049631335415
    vertex 1043.7326461242915 195.07149894273135 17.70054419384687
    vertex 1054.5819415277022 181.88233922425545 17.700142833511897
  endloop
endfacet
facet normal 7.617698757979216e-06 -1.4447262376547833e-06 0.9999999999699417
  outer loop
    vertex 1060.8826461240076 202.97916056673967 17.70049631335415
    vertex 1054.5819415277022 181.88233922425545 17.700142833511897
    vertex 1056.907989478038 154.1733156421873 17.70030915197709
  endloop
endfacet
facet normal 7.617698757979216e-06 -1.4447262376547833e-06 0.9999999999699417
  outer loop
    vertex 1060.8826461240076 202.97916056673967 17.70049631335415
    vertex 1056.907989478038 154.1733156421873 17.70030915197709
    vertex 1056.9079895358668 149.8571323320392 17.700298324565686
  endloop
endfacet
facet normal 7.617698757979216e-06 -1.4447262376547833e-06 0.9999999999699417
  outer loop
    vertex 1060.8826461240076 202.97916056673967 17.70049631335415
    vertex 1056.9079895358668 149.8571323320392 17.700298324565686
    vertex 1056.971950440701 149.78733125509623 17.700654933456192
  endloop
endfacet
facet normal 7.617698757979216e-06 -1.4447262376547833e-06 0.9999999999699417
  outer loop
    vertex 1060.8826461240076 202.97916056673967 17.70049631335415
    vertex 1056.971950440701 149.78733125509623 17.700654933456192
    vertex 1057.502389395798 149.2084587118753 17.700294043308443
  endloop
endfacet
facet normal 7.617698757979216e-06 -1.4447262376547833e-06 0.9999999999699417
  outer loop
    vertex 1060.8826461240076 202.97916056673967 17.70049631335415
    vertex 1057.502389395798 149.2084587118753 17.700294043308443
    vertex 1057.9803578062981 148.58555815195666 17.70029034657572
  endloop
endfacet
facet normal 7.617698757979216e-06 -1.4447262376547833e-06 0.9999999999699417
  outer loop
    vertex 1060.8826461240076 202.97916056673967 17.70049631335415
    vertex 1057.9803578062981 148.58555815195666 17.70029034657572
    vertex 1058.4022180417771 147.9233702249967 17.70028680181348
  endloop
endfacet
facet normal 7.617698757979216e-06 -1.4447262376547833e-06 0.9999999999699417
  outer loop
    vertex 1060.8826461240076 202.97916056673967 17.70049631335415
    vertex 1058.4022180417771 147.9233702249967 17.70028680181348
    vertex 1058.764759491026 147.22693458066834 17.700283435999527
  endloop
endfacet
facet normal 7.617698757979216e-06 -1.4447262376547833e-06 0.9999999999699417
  outer loop
    vertex 1060.8826461240076 202.97916056673967 17.70049631335415
    vertex 1058.764759491026 147.22693458066834 17.700283435999527
    vertex 1059.065222994857 146.5015515151102 17.700280274749748
  endloop
endfacet
facet normal 7.617698757979216e-06 -1.4447262376547833e-06 0.9999999999699417
  outer loop
    vertex 1060.8826461240076 202.97916056673967 17.70049631335415
    vertex 1059.065222994857 146.5015515151102 17.700280274749748
    vertex 1059.3013218444428 145.75274163117774 17.70027734212315
  endloop
endfacet
facet normal 7.617698757979216e-06 -1.4447262376547833e-06 0.9999999999699417
  outer loop
    vertex 1060.8826461240076 202.97916056673967 17.70049631335415
    vertex 1059.3013218444428 145.75274163117774 17.70027734212315
    vertex 1059.471259185022 144.98620382431966 17.700274660438797
  endloop
endfacet
facet normal 7.617698757979216e-06 -1.4447262376547833e-06 0.9999999999699417
  outer loop
    vertex 1060.8826461240076 202.97916056673967 17.70049631335415
    vertex 1059.471259185022 144.98620382431966 17.700274660438797
    vertex 1059.5737416907245 144.207771910052 17.700272250105936
  endloop
endfacet
facet normal 7.617698757979216e-06 -1.4447262376547833e-06 0.9999999999699417
  outer loop
    vertex 1060.8826461240076 202.97916056673967 17.70049631335415
    vertex 1059.5737416907245 144.207771910052 17.700272250105936
    vertex 1059.607989407985 143.42337022536898 17.700270129468638
  endloop
endfacet
facet normal -0.9990482215733577 0.04361938725816008 5.131649028092451e-06
  outer loop
    vertex 1079.723741690701 142.6389685401885 17.700291294914273
    vertex 1079.757966187174 143.4233677782761 13.200413093835676
    vertex 1079.7237184699995 142.63896609354714 13.20041311818274
  endloop
endfacet
facet normal -0.9990482215733577 0.04361938725816008 5.131649028092451e-06
  outer loop
    vertex 1079.757966187174 143.4233677782761 13.200413093835676
    vertex 1079.723741690701 142.6389685401885 17.700291294914273
    vertex 1079.7579894077107 143.42337022487294 17.70029233541187
  endloop
endfacet
facet normal -0.8433914458344847 0.5372996082975804 4.060114283966891e-06
  outer loop
    vertex 1078.1303578069305 138.26118229753857 17.700291714855087
    vertex 1078.5521948212338 138.92336777827612 13.200413262099127
    vertex 1078.1303345857746 138.2611798511167 13.200413293782859
  endloop
endfacet
facet normal -0.8433914458344847 0.5372996082975804 4.060114283966891e-06
  outer loop
    vertex 1078.5521948212338 138.92336777827612 13.200413262099127
    vertex 1078.1303578069305 138.26118229753857 17.700291714855087
    vertex 1078.5522180423304 138.92337022476732 17.700290848254877
  endloop
endfacet
facet normal -0.9537169507096872 -0.30070579958351373 5.08486713324404e-06
  outer loop
    vertex 1079.4513218441948 145.75274163069093 17.70029723875616
    vertex 1079.215199774247 146.5015490682071 13.200413017472258
    vertex 1079.4512986237753 145.7527391841988 13.200413033101167
  endloop
endfacet
facet normal -0.9537169507096872 -0.30070579958351373 5.08486713324404e-06
  outer loop
    vertex 1079.215199774247 146.5015490682071 13.200413017472258
    vertex 1079.4513218441948 145.75274163069093 17.70029723875616
    vertex 1079.2152229945789 146.50155151455726 17.70029942568042
  endloop
endfacet
facet normal -0.9238795325443727 0.38268343225805135 4.559478006851287e-06
  outer loop
    vertex 1078.9147594915314 139.61980586915905 17.700290297143415
    vertex 1079.215199774247 140.34518648834506 13.200413200946304
    vertex 1078.9147362705035 139.6198034226098 13.200413231074902
  endloop
endfacet
facet normal -0.9238795325443727 0.38268343225805135 4.559478006851287e-06
  outer loop
    vertex 1079.215199774247 140.34518648834506 13.200413200946304
    vertex 1078.9147594915314 139.61980586915905 17.700290297143415
    vertex 1079.2152229951153 140.3451889349711 17.70029006571498
  endloop
endfacet
facet normal 3.5848822115064233e-06 4.326711377783108e-06 0.9999999999842142
  outer loop
    vertex 1077.0579861580732 120.67331468385005 5.400494820457067
    vertex 1064.4579962958871 125.72562814439422 5.400518130034455
    vertex 1064.4579863426081 120.67331450586002 5.400495191160064
  endloop
endfacet
facet normal 3.5848822115064233e-06 4.326711377783108e-06 0.9999999999842142
  outer loop
    vertex 1064.4579962958871 125.72562814439422 5.400518130034455
    vertex 1077.0579861580732 120.67331468385005 5.400494820457067
    vertex 1070.512510836799 124.22564403492275 5.400422134239799
  endloop
endfacet
facet normal 3.5848822115064233e-06 4.326711377783108e-06 0.9999999999842142
  outer loop
    vertex 1064.4579962958871 125.72562814439422 5.400518130034455
    vertex 1070.512510836799 124.22564403492275 5.400422134239799
    vertex 1070.4089574452084 124.30510334462925 5.400422199006211
  endloop
endfacet
facet normal 3.5848822115064233e-06 4.326711377783108e-06 0.9999999999842142
  outer loop
    vertex 1064.4579962958871 125.72562814439422 5.400518130034455
    vertex 1070.4089574452084 124.30510334462925 5.400422199006211
    vertex 1070.329498132534 124.4086567339421 5.400422086007921
  endloop
endfacet
facet normal 3.5848822115064233e-06 4.326711377783108e-06 0.9999999999842142
  outer loop
    vertex 1064.4579962958871 125.72562814439422 5.400518130034455
    vertex 1070.329498132534 124.4086567339421 5.400422086007921
    vertex 1070.279547919621 124.5292472105097 5.400421802945576
  endloop
endfacet
facet normal 3.5848822115064233e-06 4.326711377783108e-06 0.9999999999842142
  outer loop
    vertex 1064.4579962958871 125.72562814439422 5.400518130034455
    vertex 1070.279547919621 124.5292472105097 5.400421802945576
    vertex 1070.2625108309337 124.65865673263916 5.400421369109409
  endloop
endfacet
facet normal 3.5848822115064233e-06 4.326711377783108e-06 0.9999999999842142
  outer loop
    vertex 1070.512510836799 124.22564403492275 5.400422134239799
    vertex 1077.0579861580732 120.67331468385005 5.400494820457067
    vertex 1070.6331013147983 124.17569382546642 5.40042189612241
  endloop
endfacet
facet normal 3.5848822115064233e-06 4.326711377783108e-06 0.9999999999842142
  outer loop
    vertex 1070.6331013147983 124.17569382546642 5.40042189612241
    vertex 1077.0579861580732 120.67331468385005 5.400494820457067
    vertex 1070.7625108374164 124.15865674048806 5.4004215008813485
  endloop
endfacet
facet normal 3.5848822115064233e-06 4.326711377783108e-06 0.9999999999842142
  outer loop
    vertex 1070.7625108374164 124.15865674048806 5.4004215008813485
    vertex 1077.0579861580732 120.67331468385005 5.400494820457067
    vertex 1070.8919203595458 124.17569382917381 5.400420975451643
  endloop
endfacet
facet normal 3.5848822115064233e-06 4.326711377783108e-06 0.9999999999842142
  outer loop
    vertex 1070.8919203595458 124.17569382917381 5.400420975451643
    vertex 1077.0579861580732 120.67331468385005 5.400494820457067
    vertex 1071.0125108361126 124.22564404208485 5.400420355640456
  endloop
endfacet
facet normal 3.5848822115064233e-06 4.326711377783108e-06 0.9999999999842142
  outer loop
    vertex 1071.0125108361126 124.22564404208485 5.400420355640456
    vertex 1077.0579861580732 120.67331468385005 5.400494820457067
    vertex 1071.1160642254245 124.305103354758 5.400419683686898
  endloop
endfacet
facet normal 3.5848822115064233e-06 4.326711377783108e-06 0.9999999999842142
  outer loop
    vertex 1071.1160642254245 124.305103354758 5.400419683686898
    vertex 1077.0579861580732 120.67331468385005 5.400494820457067
    vertex 1071.1955235351297 124.4086567463472 5.400419005383493
  endloop
endfacet
facet normal 3.5848822115064233e-06 4.326711377783108e-06 0.9999999999842142
  outer loop
    vertex 1071.1955235351297 124.4086567463472 5.400419005383493
    vertex 1077.0579861580732 120.67331468385005 5.400494820457067
    vertex 1071.2454737445846 124.52924722434582 5.4004183669554955
  endloop
endfacet
facet normal 3.5848822115064233e-06 4.326711377783108e-06 0.9999999999842142
  outer loop
    vertex 1071.2454737445846 124.52924722434582 5.4004183669554955
    vertex 1077.0579861580732 120.67331468385005 5.400494820457067
    vertex 1071.262510829561 124.65865674696337 5.400417811910723
  endloop
endfacet
facet normal 3.5848822115064233e-06 4.326711377783108e-06 0.9999999999842142
  outer loop
    vertex 1064.4579962958871 125.72562814439422 5.400518130034455
    vertex 1070.7625108230784 125.15865673911448 5.400417680138782
    vertex 1077.0579961113363 125.72562832235101 5.400428161705504
  endloop
endfacet
facet normal 3.5848822115064233e-06 4.326711377783108e-06 0.9999999999842142
  outer loop
    vertex 1070.7625108230784 125.15865673911448 5.400417680138782
    vertex 1064.4579962958871 125.72562814439422 5.400518130034455
    vertex 1070.633101300949 125.14161965042874 5.400418205568488
  endloop
endfacet
facet normal 3.5848822115064233e-06 4.326711377783108e-06 0.9999999999842142
  outer loop
    vertex 1070.633101300949 125.14161965042874 5.400418205568488
    vertex 1064.4579962958871 125.72562814439422 5.400518130034455
    vertex 1070.5125108243822 125.09166943751768 5.400418825379675
  endloop
endfacet
facet normal 3.5848822115064233e-06 4.326711377783108e-06 0.9999999999842142
  outer loop
    vertex 1070.5125108243822 125.09166943751768 5.400418825379675
    vertex 1064.4579962958871 125.72562814439422 5.400518130034455
    vertex 1070.40895743507 125.01221012484453 5.400419497333233
  endloop
endfacet
facet normal 3.5848822115064233e-06 4.326711377783108e-06 0.9999999999842142
  outer loop
    vertex 1070.40895743507 125.01221012484453 5.400419497333233
    vertex 1064.4579962958871 125.72562814439422 5.400518130034455
    vertex 1070.329498125365 124.90865673325533 5.400420175636638
  endloop
endfacet
facet normal 3.5848822115064233e-06 4.326711377783108e-06 0.9999999999842142
  outer loop
    vertex 1070.329498125365 124.90865673325533 5.400420175636638
    vertex 1064.4579962958871 125.72562814439422 5.400518130034455
    vertex 1070.2795479159101 124.78806625525671 5.400420814064633
  endloop
endfacet
facet normal 3.5848822115064233e-06 4.326711377783108e-06 0.9999999999842142
  outer loop
    vertex 1070.2795479159101 124.78806625525671 5.400420814064633
    vertex 1064.4579962958871 125.72562814439422 5.400518130034455
    vertex 1070.2625108309337 124.65865673263916 5.400421369109409
  endloop
endfacet
facet normal 3.5848822115064233e-06 4.326711377783108e-06 0.9999999999842142
  outer loop
    vertex 1077.0579961113363 125.72562832235101 5.400428161705504
    vertex 1070.7625108230784 125.15865673911448 5.400417680138782
    vertex 1070.8919203456965 125.14161965413611 5.4004172848977205
  endloop
endfacet
facet normal 3.5848822115064233e-06 4.326711377783108e-06 0.9999999999842142
  outer loop
    vertex 1077.0579961113363 125.72562832235101 5.400428161705504
    vertex 1070.8919203456965 125.14161965413611 5.4004172848977205
    vertex 1071.0125108236957 125.09166944467978 5.40041704678033
  endloop
endfacet
facet normal 3.5848822115064233e-06 4.326711377783108e-06 0.9999999999842142
  outer loop
    vertex 1077.0579961113363 125.72562832235101 5.400428161705504
    vertex 1071.0125108236957 125.09166944467978 5.40041704678033
    vertex 1071.116064215286 125.01221013497329 5.400416982013919
  endloop
endfacet
facet normal 3.5848822115064233e-06 4.326711377783108e-06 0.9999999999842142
  outer loop
    vertex 1077.0579961113363 125.72562832235101 5.400428161705504
    vertex 1071.116064215286 125.01221013497329 5.400416982013919
    vertex 1071.1955235279609 124.90865674566045 5.400417095012208
  endloop
endfacet
facet normal 3.5848822115064233e-06 4.326711377783108e-06 0.9999999999842142
  outer loop
    vertex 1077.0579961113363 125.72562832235101 5.400428161705504
    vertex 1071.1955235279609 124.90865674566045 5.400417095012208
    vertex 1071.2454737408734 124.78806626909284 5.400417378074552
  endloop
endfacet
facet normal 3.5848822115064233e-06 4.326711377783108e-06 0.9999999999842142
  outer loop
    vertex 1077.0579961113363 125.72562832235101 5.400428161705504
    vertex 1071.2454737408734 124.78806626909284 5.400417378074552
    vertex 1071.262510829561 124.65865674696337 5.400417811910723
  endloop
endfacet
facet normal 3.5848822115064233e-06 4.326711377783108e-06 0.9999999999842142
  outer loop
    vertex 1077.0579961113363 125.72562832235101 5.400428161705504
    vertex 1071.262510829561 124.65865674696337 5.400417811910723
    vertex 1077.0579861580732 120.67331468385005 5.400494820457067
  endloop
endfacet
facet normal -0.737276891859733 -0.675590693181454 4.0316262700899645e-06
  outer loop
    vertex 1077.6523893955937 149.20845871154873 17.7003104813296
    vertex 1077.1219272178528 149.78732880895498 13.200412978839216
    vertex 1077.6523661752447 149.2084562654549 13.200412981066558
  endloop
endfacet
facet normal -0.737276891859733 -0.675590693181454 4.0316262700899645e-06
  outer loop
    vertex 1077.1219272178528 149.78732880895498 13.200412978839216
    vertex 1077.6523893955937 149.20845871154873 17.7003104813296
    vertex 1077.1219504408045 149.78733125486846 17.700752359868744
  endloop
endfacet
facet normal -0.737276891859733 -0.675590693181454 4.0316262700899645e-06
  outer loop
    vertex 1077.1219272178528 149.78732880895498 13.200412978839216
    vertex 1077.1219504408045 149.78733125486846 17.700752359868744
    vertex 1077.0579663153833 149.85712988559737 13.20043021415873
  endloop
endfacet
facet normal -0.737276891859733 -0.675590693181454 4.0316262700899645e-06
  outer loop
    vertex 1077.0579663153833 149.85712988559737 13.20043021415873
    vertex 1077.1219504408045 149.78733125486846 17.700752359868744
    vertex 1077.0579869695187 149.85713233220324 17.7003141071433
  endloop
endfacet
facet normal -0.9914448613611861 0.13052619221843792 5.045179751274349e-06
  outer loop
    vertex 1079.6212591849815 141.8605366259163 17.700290566506073
    vertex 1079.7237184699995 142.63896609354714 13.20041311818274
    vertex 1079.6212359642839 141.8605341792737 13.200413144284614
  endloop
endfacet
facet normal -0.9914448613611861 0.13052619221843792 5.045179751274349e-06
  outer loop
    vertex 1079.7237184699995 142.63896609354714 13.20041311818274
    vertex 1079.6212591849815 141.8605366259163 17.700290566506073
    vertex 1079.723741690701 142.6389685401885 17.700291294914273
  endloop
endfacet
facet normal -0.887010833195017 0.46174861318250365 4.3262637858948384e-06
  outer loop
    vertex 1078.5522180423304 138.92337022476732 17.700290848254877
    vertex 1078.9147362705035 139.6198034226098 13.200413231074902
    vertex 1078.5521948212338 138.92336777827612 13.200413262099127
  endloop
endfacet
facet normal -0.887010833195017 0.46174861318250365 4.3262637858948384e-06
  outer loop
    vertex 1078.9147362705035 139.6198034226098 13.200413231074902
    vertex 1078.5522180423304 138.92337022476732 17.700290848254877
    vertex 1078.9147594915314 139.61980586915905 17.700290297143415
  endloop
endfacet
facet normal 7.1746467333769615e-09 -0.9999999999999891 1.481614707087173e-07
  outer loop
    vertex 1074.7319415281202 154.17331443224893 17.70023691615375
    vertex 1064.4579695067337 154.17331802320592 22.800657747041928
    vertex 1064.4579883372828 154.17331684155013 5.4004857258169165
  endloop
endfacet
facet normal 7.1746467333769615e-09 -0.9999999999999891 1.481614707087173e-07
  outer loop
    vertex 1064.4579695067337 154.17331802320592 22.800657747041928
    vertex 1074.7319415281202 154.17331443224893 17.70023691615375
    vertex 1074.7326218464748 154.17332709518377 22.800558970537594
  endloop
endfacet
facet normal 7.1746467333769615e-09 -0.9999999999999891 1.481614707087173e-07
  outer loop
    vertex 1077.0579866932635 154.17331446326062 17.700320669349903
    vertex 1064.4579883372828 154.17331684155013 5.4004857258169165
    vertex 1077.0579881527483 154.17331701954012 5.400485355113918
  endloop
endfacet
facet normal 7.1746467333769615e-09 -0.9999999999999891 1.481614707087173e-07
  outer loop
    vertex 1064.4579883372828 154.17331684155013 5.4004857258169165
    vertex 1077.0579866932635 154.17331446326062 17.700320669349903
    vertex 1074.7319415281202 154.17331443224893 17.70023691615375
  endloop
endfacet
facet normal 0.4471924781589087 4.819381117710028e-07 -0.8944377493587028
  outer loop
    vertex 1015.2819852200591 178.88559274622602 21.500428000661067
    vertex 1014.281991832892 175.8855855192512 21.000459202281846
    vertex 1014.2819804726289 178.88558551915904 21.000451946589987
  endloop
endfacet
facet normal 0.4471924781589087 4.819381117710028e-07 -0.8944377493587028
  outer loop
    vertex 1014.281991832892 175.8855855192512 21.000459202281846
    vertex 1015.2819852200591 178.88559274622602 21.500428000661067
    vertex 1015.2819995586727 175.88559274637902 21.50043036074815
  endloop
endfacet
facet normal -8.154661065223748e-06 0.9999999999663074 -9.417403818773489e-07
  outer loop
    vertex 1034.4338211691322 163.17334569769346 22.8001318737621
    vertex 1035.4338423341878 163.17335278626072 21.500052917044183
    vertex 1034.433763652781 163.17334383635708 21.000193644903142
  endloop
endfacet
facet normal -8.154661065223748e-06 0.9999999999663074 -9.417403818773489e-07
  outer loop
    vertex 1035.4338423341878 163.17335278626072 21.500052917044183
    vertex 1034.4338211691322 163.17334569769346 22.8001318737621
    vertex 1035.433842334004 163.17335352857458 22.800052917043967
  endloop
endfacet
facet normal -6.009404313851902e-06 0.9999999999819433 2.5128340477555876e-08
  outer loop
    vertex 1034.433659277861 178.88560867485697 22.800133119213495
    vertex 1035.4336622563721 178.88561476631745 21.500126120318885
    vertex 1034.4336575089403 178.88560753925046 21.000150066249738
  endloop
endfacet
facet normal -6.009404313851902e-06 0.9999999999819433 2.5128340477555876e-08
  outer loop
    vertex 1035.4336622563721 178.88561476631745 21.500126120318885
    vertex 1034.433659277861 178.88560867485697 22.800133119213495
    vertex 1035.4337818580057 178.88561345497516 22.800126120329086
  endloop
endfacet
facet normal 6.009427811541746e-06 -0.9999999999819431 -2.5113785358615605e-08
  outer loop
    vertex 1035.4336765949859 175.8856147664705 21.50012848040597
    vertex 1034.4336765948503 175.88560867502238 22.800133188585015
    vertex 1034.4336688692033 175.88560753934266 21.000157321941607
  endloop
endfacet
facet normal 6.009427811541746e-06 -0.9999999999819431 -2.5113785358615605e-08
  outer loop
    vertex 1034.4336765948503 175.88560867502238 22.800133188585015
    vertex 1035.4336765949859 175.8856147664705 21.50012848040597
    vertex 1035.4337961966191 175.8856134551282 22.80012848041617
  endloop
endfacet
facet normal -8.154661087785558e-06 0.9999999999663074 -9.417403818828955e-07
  outer loop
    vertex 1014.2821441328191 163.173323677602 22.80043375410235
    vertex 1015.2821652978747 163.1733307661693 21.50035479738636
    vertex 1014.2820866164697 163.17332181626563 21.000495525243387
  endloop
endfacet
facet normal -8.154661087785558e-06 0.9999999999663074 -9.417403818828955e-07
  outer loop
    vertex 1015.2821652978747 163.1733307661693 21.50035479738636
    vertex 1014.2821441328191 163.173323677602 22.80043375410235
    vertex 1015.2821652976912 163.17333150848316 22.800354797386145
  endloop
endfacet
facet normal 0.44707849380757086 1.2595770859095223e-06 -0.8944947290918865
  outer loop
    vertex 1035.4338423341878 163.17335278626072 21.500052917044183
    vertex 1034.4337691466958 160.17334383640775 21.000200901548936
    vertex 1034.433763652781 163.17334383635708 21.000193644903142
  endloop
endfacet
facet normal 0.44707849380757086 1.2595770859095223e-06 -0.8944947290918865
  outer loop
    vertex 1034.4337691466958 160.17334383640775 21.000200901548936
    vertex 1035.4338423341878 163.17335278626072 21.500052917044183
    vertex 1035.4338689981682 160.17335278649884 21.500053284413045
  endloop
endfacet
facet normal -6.009409700678572e-06 0.9999999999819433 2.5127263256276097e-08
  outer loop
    vertex 1014.281982241548 178.8855866547655 22.800434999553733
    vertex 1015.2819852200591 178.88559274622602 21.500428000661067
    vertex 1014.2819804726289 178.88558551915904 21.000451946589987
  endloop
endfacet
facet normal -6.009409700678572e-06 0.9999999999819433 2.5127263256276097e-08
  outer loop
    vertex 1015.2819852200591 178.88559274622602 21.500428000661067
    vertex 1014.281982241548 178.8855866547655 22.800434999553733
    vertex 1015.2821006491974 178.88559143486376 22.800428000670937
  endloop
endfacet
facet normal 0.4470784938095342 1.2595770850780731e-06 -0.8944947290909053
  outer loop
    vertex 1015.2821652978747 163.1733307661693 21.50035479738636
    vertex 1014.2820921103845 160.1733218163163 21.000502781889185
    vertex 1014.2820866164697 163.17332181626563 21.000495525243387
  endloop
endfacet
facet normal 0.4470784938095342 1.2595770850780731e-06 -0.8944947290909053
  outer loop
    vertex 1014.2820921103845 160.1733218163163 21.000502781889185
    vertex 1015.2821652978747 163.1733307661693 21.50035479738636
    vertex 1015.2821919618553 160.1733307664074 21.500355164755224
  endloop
endfacet
facet normal 3.1273063620795215e-07 -0.999999999999801 5.479303403278687e-07
  outer loop
    vertex 1036.7579894779003 154.17331564213785 17.700316632217227
    vertex 1024.1579883372015 154.17331684172777 5.4004096906570425
    vertex 1036.757988152667 154.17331701971776 5.400409319954045
  endloop
endfacet
facet normal 3.1273063620795215e-07 -0.999999999999801 5.479303403278687e-07
  outer loop
    vertex 1024.1579883372015 154.17331684172777 5.4004096906570425
    vertex 1036.7579894779003 154.17331564213785 17.700316632217227
    vertex 1034.4319415559607 154.17331583975303 17.700372704816
  endloop
endfacet
facet normal 3.1273063620795215e-07 -0.999999999999801 5.479303403278687e-07
  outer loop
    vertex 1024.1579883372015 154.17331684172777 5.4004096906570425
    vertex 1034.4319415559607 154.17331583975303 17.700372704816
    vertex 1024.1579886950358 154.17331758597197 22.800662202575086
  endloop
endfacet
facet normal 3.1273063620795215e-07 -0.999999999999801 5.479303403278687e-07
  outer loop
    vertex 1024.1579886950358 154.17331758597197 22.800662202575086
    vertex 1034.4319415559607 154.17331583975303 17.700372704816
    vertex 1034.4340390640969 154.17334569772117 22.800133689694928
  endloop
endfacet
facet normal 0.9999999992257622 8.184672838666178e-06 -3.84900899607333e-05
  outer loop
    vertex 1014.2819460858028 154.1733144319111 17.700511736237775
    vertex 1014.2820921103845 160.1733218163163 21.000502781889185
    vertex 1014.282362027784 154.17332367762972 22.800435570035162
  endloop
endfacet
facet normal 0.9999999992257622 8.184672838666178e-06 -3.84900899607333e-05
  outer loop
    vertex 1014.2820921103845 160.1733218163163 21.000502781889185
    vertex 1014.2819460858028 154.1733144319111 17.700511736237775
    vertex 1014.2819460869081 181.88558292306783 17.700444690891974
  endloop
endfacet
facet normal 0.9999999992257622 8.184672838666178e-06 -3.84900899607333e-05
  outer loop
    vertex 1014.2820921103845 160.1733218163163 21.000502781889185
    vertex 1014.2819460869081 181.88558292306783 17.700444690891974
    vertex 1014.2820866164697 163.17332181626563 21.000495525243387
  endloop
endfacet
facet normal 0.9999999992257622 8.184672838666178e-06 -3.84900899607333e-05
  outer loop
    vertex 1014.2820866164697 163.17332181626563 21.000495525243387
    vertex 1014.2819460869081 181.88558292306783 17.700444690891974
    vertex 1014.2821441328191 163.173323677602 22.80043375410235
  endloop
endfacet
facet normal 0.9999999992257622 8.184672838666178e-06 -3.84900899607333e-05
  outer loop
    vertex 1014.2821441328191 163.173323677602 22.80043375410235
    vertex 1014.2819460869081 181.88558292306783 17.700444690891974
    vertex 1014.281991832892 175.8855855192512 21.000459202281846
  endloop
endfacet
facet normal 0.9999999992257622 8.184672838666178e-06 -3.84900899607333e-05
  outer loop
    vertex 1014.281991832892 175.8855855192512 21.000459202281846
    vertex 1014.2819460869081 181.88558292306783 17.700444690891974
    vertex 1014.2819804726289 178.88558551915904 21.000451946589987
  endloop
endfacet
facet normal 0.9999999992257622 8.184672838666178e-06 -3.84900899607333e-05
  outer loop
    vertex 1014.2819804726289 178.88558551915904 21.000451946589987
    vertex 1014.2819460869081 181.88558292306783 17.700444690891974
    vertex 1014.281982241548 178.8855866547655 22.800434999553733
  endloop
endfacet
facet normal 0.9999999992257622 8.184672838666178e-06 -3.84900899607333e-05
  outer loop
    vertex 1014.281982241548 178.8855866547655 22.800434999553733
    vertex 1014.2819460869081 181.88558292306783 17.700444690891974
    vertex 1014.2819451554685 181.88558665449554 22.800434930179783
  endloop
endfacet
facet normal 0.9999999992257622 8.184672838666178e-06 -3.84900899607333e-05
  outer loop
    vertex 1014.2819995585373 175.88558665493085 22.800435068925268
    vertex 1014.2821441328191 163.173323677602 22.80043375410235
    vertex 1014.281991832892 175.8855855192512 21.000459202281846
  endloop
endfacet
facet normal 0.9999999992257622 8.184672838666178e-06 -3.84900899607333e-05
  outer loop
    vertex 1014.2821919679046 160.1733226207374 22.80043382254968
    vertex 1014.282362027784 154.17332367762972 22.800435570035162
    vertex 1014.2820921103845 160.1733218163163 21.000502781889185
  endloop
endfacet
facet normal 6.0094331897693876e-06 -0.9999999999819431 -2.5112718529110728e-08
  outer loop
    vertex 1015.2819995586727 175.88559274637902 21.50043036074815
    vertex 1014.2819995585373 175.88558665493085 22.800435068925268
    vertex 1014.281991832892 175.8855855192512 21.000459202281846
  endloop
endfacet
facet normal 6.0094331897693876e-06 -0.9999999999819431 -2.5112718529110728e-08
  outer loop
    vertex 1014.2819995585373 175.88558665493085 22.800435068925268
    vertex 1015.2819995586727 175.88559274637902 21.50043036074815
    vertex 1015.282114987811 175.88559143501675 22.80043036075802
  endloop
endfacet
facet normal 8.8052110240167e-06 -0.9999999999611313 4.5373956656063125e-07
  outer loop
    vertex 1015.2821919618553 160.1733307664074 21.500355164755224
    vertex 1014.2821919679046 160.1733226207374 22.80043382254968
    vertex 1014.2820921103845 160.1733218163163 21.000502781889185
  endloop
endfacet
facet normal 8.8052110240167e-06 -0.9999999999611313 4.5373956656063125e-07
  outer loop
    vertex 1014.2821919679046 160.1733226207374 22.80043382254968
    vertex 1015.2821919618553 160.1733307664074 21.500355164755224
    vertex 1015.2821919616717 160.17333150872125 22.800355164755004
  endloop
endfacet
facet normal 0.4471924781569424 4.81938110511733e-07 -0.894437749359686
  outer loop
    vertex 1035.4336622563721 178.88561476631745 21.500126120318885
    vertex 1034.4336688692033 175.88560753934266 21.000157321941607
    vertex 1034.4336575089403 178.88560753925046 21.000150066249738
  endloop
endfacet
facet normal 0.4471924781569424 4.81938110511733e-07 -0.894437749359686
  outer loop
    vertex 1034.4336688692033 175.88560753934266 21.000157321941607
    vertex 1035.4336622563721 178.88561476631745 21.500126120318885
    vertex 1035.4336765949859 175.8856147664705 21.50012848040597
  endloop
endfacet
facet normal -6.997821511266705e-08 -0.999999999999997 -3.576260802310393e-08
  outer loop
    vertex 1054.5819415277022 154.17331594618753 17.700142833511897
    vertex 1044.3079695067045 154.17331802344128 22.800655104305463
    vertex 1044.3079883371788 154.17331684177785 5.400388299404349
  endloop
endfacet
facet normal -6.997821511266705e-08 -0.999999999999997 -3.576260802310393e-08
  outer loop
    vertex 1044.3079695067045 154.17331802344128 22.800655104305463
    vertex 1054.5819415277022 154.17331594618753 17.700142833511897
    vertex 1054.5821795151824 154.17331672489112 22.80061827367337
  endloop
endfacet
facet normal -6.997821511266705e-08 -0.999999999999997 -3.576260802310393e-08
  outer loop
    vertex 1056.907989478038 154.1733156421873 17.70030915197709
    vertex 1044.3079883371788 154.17331684177785 5.400388299404349
    vertex 1056.9079881526445 154.1733170197678 5.400387928701353
  endloop
endfacet
facet normal -6.997821511266705e-08 -0.999999999999997 -3.576260802310393e-08
  outer loop
    vertex 1044.3079883371788 154.17331684177785 5.400388299404349
    vertex 1056.907989478038 154.1733156421873 17.70030915197709
    vertex 1054.5819415277022 154.17331594618753 17.700142833511897
  endloop
endfacet
facet normal -6.009558228887899e-06 0.9999999999819424 2.5096690497595242e-08
  outer loop
    vertex 1074.7322420602388 178.8855900723195 22.80055840005617
    vertex 1075.73224503875 178.88559616378004 21.500551401161555
    vertex 1074.732240291318 178.88558893671308 21.00057534709242
  endloop
endfacet
facet normal -6.009558228887899e-06 0.9999999999819424 2.5096690497595242e-08
  outer loop
    vertex 1075.73224503875 178.88559616378004 21.500551401161555
    vertex 1074.7322420602388 178.8855900723195 22.80055840005617
    vertex 1075.7322450385807 178.8855948518661 22.800551401162316
  endloop
endfacet
facet normal -8.154661087781963e-06 0.9999999999663074 -9.417403818760669e-07
  outer loop
    vertex 1074.7324039515102 163.17332709515603 22.800557154604768
    vertex 1075.7324251165658 163.1733341837233 21.500478197886846
    vertex 1074.7323464351587 163.17332523381964 21.000618925745812
  endloop
endfacet
facet normal -8.154661087781963e-06 0.9999999999663074 -9.417403818760669e-07
  outer loop
    vertex 1075.7324251165658 163.1733341837233 21.500478197886846
    vertex 1074.7324039515102 163.17332709515603 22.800557154604768
    vertex 1075.732425116382 163.17333492603717 22.800478197886633
  endloop
endfacet
facet normal 0.44707849380750636 1.25957708422029e-06 -0.8944947290919187
  outer loop
    vertex 1075.7324251165658 163.1733341837233 21.500478197886846
    vertex 1074.7323519290735 160.17332523387032 21.000626182391606
    vertex 1074.7323464351587 163.17332523381964 21.000618925745812
  endloop
endfacet
facet normal 0.44707849380750636 1.25957708422029e-06 -0.8944947290919187
  outer loop
    vertex 1074.7323519290735 160.17332523387032 21.000626182391606
    vertex 1075.7324251165658 163.1733341837233 21.500478197886846
    vertex 1075.7324517805462 160.1733341839614 21.500478565255715
  endloop
endfacet
facet normal -6.009558242770926e-06 0.9999999999819424 2.5096700909320216e-08
  outer loop
    vertex 1054.5817997289464 178.88557970202686 22.800617703191936
    vertex 1055.5818027074577 178.88558579348742 21.500610704297323
    vertex 1054.5817979600258 178.88557856642043 21.000634650228186
  endloop
endfacet
facet normal -6.009558242770926e-06 0.9999999999819424 2.5096700909320216e-08
  outer loop
    vertex 1055.5818027074577 178.88558579348742 21.500610704297323
    vertex 1054.5817997289464 178.88557970202686 22.800617703191936
    vertex 1055.5818027072883 178.88558448157346 22.800610704298084
  endloop
endfacet
facet normal 6.00958166978081e-06 -0.9999999999819422 -2.5082124382344878e-08
  outer loop
    vertex 1055.5818170460714 175.8855857936404 21.500613064384407
    vertex 1054.5818170459358 175.8855797021923 22.800617772563466
    vertex 1054.5818093202888 175.88557856651263 21.000641905920048
  endloop
endfacet
facet normal 6.00958166978081e-06 -0.9999999999819422 -2.5082124382344878e-08
  outer loop
    vertex 1054.5818170459358 175.8855797021923 22.800617772563466
    vertex 1055.5818170460714 175.8855857936404 21.500613064384407
    vertex 1055.5818170459017 175.88558448172645 22.800613064385168
  endloop
endfacet
facet normal 8.80521104136798e-06 -0.9999999999611313 4.537395873778692e-07
  outer loop
    vertex 1055.5820094492537 160.17332381366884 21.50053786839148
    vertex 1054.582009455303 160.17331566799885 22.800616526187877
    vertex 1054.5819095977813 160.1733148635777 21.000685485527384
  endloop
endfacet
facet normal 8.80521104136798e-06 -0.9999999999611313 4.537395873778692e-07
  outer loop
    vertex 1054.582009455303 160.17331566799885 22.800616526187877
    vertex 1055.5820094492537 160.17332381366884 21.50053786839148
    vertex 1055.5820094490703 160.1733245559827 22.800537868391267
  endloop
endfacet
facet normal 0.4470784938075639 1.2595770846453022e-06 -0.8944947290918901
  outer loop
    vertex 1055.5819827852733 163.1733238134307 21.500537501022617
    vertex 1054.5819095977813 160.1733148635777 21.000685485527384
    vertex 1054.5819041038665 163.173314863527 21.000678228881586
  endloop
endfacet
facet normal 0.4470784938075639 1.2595770846453022e-06 -0.8944947290918901
  outer loop
    vertex 1054.5819095977813 160.1733148635777 21.000685485527384
    vertex 1055.5819827852733 163.1733238134307 21.500537501022617
    vertex 1055.5820094492537 160.17332381366884 21.50053786839148
  endloop
endfacet
facet normal 0.9999999957877099 1.064200400088677e-05 -9.116648504185033e-05
  outer loop
    vertex 1074.7322593772283 175.88559007248486 22.8005584694277
    vertex 1074.7324039515102 163.17332709515603 22.800557154604768
    vertex 1074.732251651581 175.88558893680522 21.00058260278428
  endloop
endfacet
facet normal 0.9999999957877099 1.064200400088677e-05 -9.116648504185033e-05
  outer loop
    vertex 1074.7319415281202 154.17331443224893 17.70023691615375
    vertex 1074.7323519290735 160.17332523387032 21.000626182391606
    vertex 1074.7326218464748 154.17332709518377 22.800558970537594
  endloop
endfacet
facet normal 0.9999999957877099 1.064200400088677e-05 -9.116648504185033e-05
  outer loop
    vertex 1074.7323519290735 160.17332523387032 21.000626182391606
    vertex 1074.7319415281202 154.17331443224893 17.70023691615375
    vertex 1074.7319415277025 181.88233922425545 17.700142833590228
  endloop
endfacet
facet normal 0.9999999957877099 1.064200400088677e-05 -9.116648504185033e-05
  outer loop
    vertex 1074.7323519290735 160.17332523387032 21.000626182391606
    vertex 1074.7319415277025 181.88233922425545 17.700142833590228
    vertex 1074.7323464351587 163.17332523381964 21.000618925745812
  endloop
endfacet
facet normal 0.9999999957877099 1.064200400088677e-05 -9.116648504185033e-05
  outer loop
    vertex 1074.7323464351587 163.17332523381964 21.000618925745812
    vertex 1074.7319415277025 181.88233922425545 17.700142833590228
    vertex 1074.7324039515102 163.17332709515603 22.800557154604768
  endloop
endfacet
facet normal 0.9999999957877099 1.064200400088677e-05 -9.116648504185033e-05
  outer loop
    vertex 1074.7324039515102 163.17332709515603 22.800557154604768
    vertex 1074.7319415277025 181.88233922425545 17.700142833590228
    vertex 1074.732251651581 175.88558893680522 21.00058260278428
  endloop
endfacet
facet normal 0.9999999957877099 1.064200400088677e-05 -9.116648504185033e-05
  outer loop
    vertex 1074.732251651581 175.88558893680522 21.00058260278428
    vertex 1074.7319415277025 181.88233922425545 17.700142833590228
    vertex 1074.732240291318 178.88558893671308 21.00057534709242
  endloop
endfacet
facet normal 0.9999999957877099 1.064200400088677e-05 -9.116648504185033e-05
  outer loop
    vertex 1074.732240291318 178.88558893671308 21.00057534709242
    vertex 1074.7319415277025 181.88233922425545 17.700142833590228
    vertex 1074.7322420602388 178.8855900723195 22.80055840005617
  endloop
endfacet
facet normal 0.9999999957877099 1.064200400088677e-05 -9.116648504185033e-05
  outer loop
    vertex 1074.7322420602388 178.8855900723195 22.80055840005617
    vertex 1074.7319415277025 181.88233922425545 17.700142833590228
    vertex 1074.7319451554688 181.8823317773654 22.800434930414774
  endloop
endfacet
facet normal 0.9999999957877099 1.064200400088677e-05 -9.116648504185033e-05
  outer loop
    vertex 1074.7324517865954 160.1733260382914 22.80055722305211
    vertex 1074.7326218464748 154.17332709518377 22.800558970537594
    vertex 1074.7323519290735 160.17332523387032 21.000626182391606
  endloop
endfacet
facet normal 8.80521101533404e-06 -0.9999999999611313 4.537395561421236e-07
  outer loop
    vertex 1035.4338689981682 160.17335278649884 21.500053284413045
    vertex 1034.4338690042175 160.17334464082884 22.800131942209433
    vertex 1034.4337691466958 160.17334383640775 21.000200901548936
  endloop
endfacet
facet normal 8.80521101533404e-06 -0.9999999999611313 4.537395561421236e-07
  outer loop
    vertex 1034.4338690042175 160.17334464082884 22.800131942209433
    vertex 1035.4338689981682 160.17335278649884 21.500053284413045
    vertex 1035.4338689979847 160.17335352881267 22.800053284412826
  endloop
endfacet
facet normal 0.9999999302651061 2.4053651284211445e-05 -0.00037268110337053986
  outer loop
    vertex 1034.4336765948503 175.88560867502238 22.800133188585015
    vertex 1034.4338211691322 163.17334569769346 22.8001318737621
    vertex 1034.4336688692033 175.88560753934266 21.000157321941607
  endloop
endfacet
facet normal 0.9999999302651061 2.4053651284211445e-05 -0.00037268110337053986
  outer loop
    vertex 1034.4319415559607 154.17331583975303 17.700372704816
    vertex 1034.4337691466958 160.17334383640775 21.000200901548936
    vertex 1034.4340390640969 154.17334569772117 22.800133689694928
  endloop
endfacet
facet normal 0.9999999302651061 2.4053651284211445e-05 -0.00037268110337053986
  outer loop
    vertex 1034.4337691466958 160.17334383640775 21.000200901548936
    vertex 1034.4319415559607 154.17331583975303 17.700372704816
    vertex 1034.4319415277023 181.8855941013856 17.7001428332706
  endloop
endfacet
facet normal 0.9999999302651061 2.4053651284211445e-05 -0.00037268110337053986
  outer loop
    vertex 1034.4337691466958 160.17334383640775 21.000200901548936
    vertex 1034.4319415277023 181.8855941013856 17.7001428332706
    vertex 1034.433763652781 163.17334383635708 21.000193644903142
  endloop
endfacet
facet normal 0.9999999302651061 2.4053651284211445e-05 -0.00037268110337053986
  outer loop
    vertex 1034.433763652781 163.17334383635708 21.000193644903142
    vertex 1034.4319415277023 181.8855941013856 17.7001428332706
    vertex 1034.4338211691322 163.17334569769346 22.8001318737621
  endloop
endfacet
facet normal 0.9999999302651061 2.4053651284211445e-05 -0.00037268110337053986
  outer loop
    vertex 1034.4338211691322 163.17334569769346 22.8001318737621
    vertex 1034.4319415277023 181.8855941013856 17.7001428332706
    vertex 1034.4336688692033 175.88560753934266 21.000157321941607
  endloop
endfacet
facet normal 0.9999999302651061 2.4053651284211445e-05 -0.00037268110337053986
  outer loop
    vertex 1034.4336688692033 175.88560753934266 21.000157321941607
    vertex 1034.4319415277023 181.8855941013856 17.7001428332706
    vertex 1034.4336575089403 178.88560753925046 21.000150066249738
  endloop
endfacet
facet normal 0.9999999302651061 2.4053651284211445e-05 -0.00037268110337053986
  outer loop
    vertex 1034.4336575089403 178.88560753925046 21.000150066249738
    vertex 1034.4319415277023 181.8855941013856 17.7001428332706
    vertex 1034.433659277861 178.88560867485697 22.800133119213495
  endloop
endfacet
facet normal 0.9999999302651061 2.4053651284211445e-05 -0.00037268110337053986
  outer loop
    vertex 1034.433659277861 178.88560867485697 22.800133119213495
    vertex 1034.4319415277023 181.8855941013856 17.7001428332706
    vertex 1034.4319451554686 181.88558665449554 22.800434930095136
  endloop
endfacet
facet normal 0.9999999302651061 2.4053651284211445e-05 -0.00037268110337053986
  outer loop
    vertex 1034.4338690042175 160.17334464082884 22.800131942209433
    vertex 1034.4340390640969 154.17334569772117 22.800133689694928
    vertex 1034.4337691466958 160.17334383640775 21.000200901548936
  endloop
endfacet
facet normal 6.009581683663169e-06 -0.9999999999819422 -2.508213479515291e-08
  outer loop
    vertex 1075.7322593773638 175.885596163933 21.500553761248632
    vertex 1074.7322593772283 175.88559007248486 22.8005584694277
    vertex 1074.732251651581 175.88558893680522 21.00058260278428
  endloop
endfacet
facet normal 6.009581683663169e-06 -0.9999999999819422 -2.508213479515291e-08
  outer loop
    vertex 1074.7322593772283 175.88559007248486 22.8005584694277
    vertex 1075.7322593773638 175.885596163933 21.500553761248632
    vertex 1075.7322593771942 175.88559485201907 22.800553761249393
  endloop
endfacet
facet normal 0.4471924781568696 4.819381121935708e-07 -0.8944377493597224
  outer loop
    vertex 1075.73224503875 178.88559616378004 21.500551401161555
    vertex 1074.732251651581 175.88558893680522 21.00058260278428
    vertex 1074.732240291318 178.88558893671308 21.00057534709242
  endloop
endfacet
facet normal 0.4471924781568696 4.819381121935708e-07 -0.8944377493597224
  outer loop
    vertex 1074.732251651581 175.88558893680522 21.00058260278428
    vertex 1075.73224503875 178.88559616378004 21.500551401161555
    vertex 1075.7322593773638 175.885596163933 21.500553761248632
  endloop
endfacet
facet normal -8.154661096460268e-06 0.9999999999663074 -9.417403922888356e-07
  outer loop
    vertex 1054.5819616202177 163.1733167248634 22.80061645774055
    vertex 1055.5819827852733 163.1733238134307 21.500537501022617
    vertex 1054.5819041038665 163.173314863527 21.000678228881586
  endloop
endfacet
facet normal -8.154661096460268e-06 0.9999999999663074 -9.417403922888356e-07
  outer loop
    vertex 1055.5819827852733 163.1733238134307 21.500537501022617
    vertex 1054.5819616202177 163.1733167248634 22.80061645774055
    vertex 1055.5819827850896 163.17332455574456 22.800537501022404
  endloop
endfacet
facet normal 0.44719247815693636 4.819381113388031e-07 -0.894437749359689
  outer loop
    vertex 1055.5818027074577 178.88558579348742 21.500610704297323
    vertex 1054.5818093202888 175.88557856651263 21.000641905920048
    vertex 1054.5817979600258 178.88557856642043 21.000634650228186
  endloop
endfacet
facet normal 0.44719247815693636 4.819381113388031e-07 -0.894437749359689
  outer loop
    vertex 1054.5818093202888 175.88557856651263 21.000641905920048
    vertex 1055.5818027074577 178.88558579348742 21.500610704297323
    vertex 1055.5818170460714 175.8855857936404 21.500613064384407
  endloop
endfacet
facet normal 0.9999999999737044 6.456920113748138e-06 -3.3014340196205636e-06
  outer loop
    vertex 1054.5818170459358 175.8855797021923 22.800617772563466
    vertex 1054.5819616202177 163.1733167248634 22.80061645774055
    vertex 1054.5818093202888 175.88557856651263 21.000641905920048
  endloop
endfacet
facet normal 0.9999999999737044 6.456920113748138e-06 -3.3014340196205636e-06
  outer loop
    vertex 1054.5819415277022 154.17331594618753 17.700142833511897
    vertex 1054.5819095977813 160.1733148635777 21.000685485527384
    vertex 1054.5821795151824 154.17331672489112 22.80061827367337
  endloop
endfacet
facet normal 0.9999999999737044 6.456920113748138e-06 -3.3014340196205636e-06
  outer loop
    vertex 1054.5819095977813 160.1733148635777 21.000685485527384
    vertex 1054.5819415277022 154.17331594618753 17.700142833511897
    vertex 1054.5819415277022 181.88233922425545 17.700142833511897
  endloop
endfacet
facet normal 0.9999999999737044 6.456920113748138e-06 -3.3014340196205636e-06
  outer loop
    vertex 1054.5819095977813 160.1733148635777 21.000685485527384
    vertex 1054.5819415277022 181.88233922425545 17.700142833511897
    vertex 1054.5819041038665 163.173314863527 21.000678228881586
  endloop
endfacet
facet normal 0.9999999999737044 6.456920113748138e-06 -3.3014340196205636e-06
  outer loop
    vertex 1054.5819041038665 163.173314863527 21.000678228881586
    vertex 1054.5819415277022 181.88233922425545 17.700142833511897
    vertex 1054.5819616202177 163.1733167248634 22.80061645774055
  endloop
endfacet
facet normal 0.9999999999737044 6.456920113748138e-06 -3.3014340196205636e-06
  outer loop
    vertex 1054.5819616202177 163.1733167248634 22.80061645774055
    vertex 1054.5819415277022 181.88233922425545 17.700142833511897
    vertex 1054.5818093202888 175.88557856651263 21.000641905920048
  endloop
endfacet
facet normal 0.9999999999737044 6.456920113748138e-06 -3.3014340196205636e-06
  outer loop
    vertex 1054.5818093202888 175.88557856651263 21.000641905920048
    vertex 1054.5819415277022 181.88233922425545 17.700142833511897
    vertex 1054.5817979600258 178.88557856642043 21.000634650228186
  endloop
endfacet
facet normal 0.9999999999737044 6.456920113748138e-06 -3.3014340196205636e-06
  outer loop
    vertex 1054.5817979600258 178.88557856642043 21.000634650228186
    vertex 1054.5819415277022 181.88233922425545 17.700142833511897
    vertex 1054.5817997289464 178.88557970202686 22.800617703191936
  endloop
endfacet
facet normal 0.9999999999737044 6.456920113748138e-06 -3.3014340196205636e-06
  outer loop
    vertex 1054.5817997289464 178.88557970202686 22.800617703191936
    vertex 1054.5819415277022 181.88233922425545 17.700142833511897
    vertex 1054.5819451554685 181.8823317773654 22.800434930336458
  endloop
endfacet
facet normal 0.9999999999737044 6.456920113748138e-06 -3.3014340196205636e-06
  outer loop
    vertex 1054.582009455303 160.17331566799885 22.800616526187877
    vertex 1054.5821795151824 154.17331672489112 22.80061827367337
    vertex 1054.5819095977813 160.1733148635777 21.000685485527384
  endloop
endfacet
facet normal 8.8052110240114e-06 -0.9999999999611313 4.5373956655330405e-07
  outer loop
    vertex 1075.7324517805462 160.1733341839614 21.500478565255715
    vertex 1074.7324517865954 160.1733260382914 22.80055722305211
    vertex 1074.7323519290735 160.17332523387032 21.000626182391606
  endloop
endfacet
facet normal 8.8052110240114e-06 -0.9999999999611313 4.5373956655330405e-07
  outer loop
    vertex 1074.7324517865954 160.1733260382914 22.80055722305211
    vertex 1075.7324517805462 160.1733341839614 21.500478565255715
    vertex 1075.7324517803627 160.17333492627526 22.800478565255503
  endloop
endfacet
facet normal -5.037177529573233e-06 0.9999999999872837 -2.439330247691016e-07
  outer loop
    vertex 1019.5825741554781 163.17332393248887 21.500357445934824
    vertex 1020.5825741552607 163.1733294543369 22.80036223304585
    vertex 1020.5825818812781 163.1733291053888 21.00038636640243
  endloop
endfacet
facet normal -5.037177529573233e-06 0.9999999999872837 -2.439330247691016e-07
  outer loop
    vertex 1020.5825741552607 163.1733294543369 22.80036223304585
    vertex 1019.5825741554781 163.17332393248887 21.500357445934824
    vertex 1019.5825741552947 163.17332467480273 22.800357445934605
  endloop
endfacet
facet normal -0.4470349493935675 -1.2593160898737011e-06 -0.8945164917535646
  outer loop
    vertex 1040.732478417701 178.885614828415 21.00067101128218
    vertex 1039.732283638186 175.88560793220893 21.5005229478378
    vertex 1039.732256974205 178.8856079319706 21.500523315206664
  endloop
endfacet
facet normal -0.4470349493935675 -1.2593160898737011e-06 -0.8945164917535646
  outer loop
    vertex 1039.732283638186 175.88560793220893 21.5005229478378
    vertex 1040.732478417701 178.885614828415 21.00067101128218
    vertex 1040.7324839116163 175.8856148284655 21.000663754636385
  endloop
endfacet
facet normal 5.037126362844066e-06 -0.999999999987284 2.43951621915022e-07
  outer loop
    vertex 1040.7325882861674 160.17335147459366 22.800599872625828
    vertex 1039.7324637160016 160.17334595215206 21.5005927947916
    vertex 1040.7325900554576 160.17335112557228 21.000616819662078
  endloop
endfacet
facet normal 5.037126362844066e-06 -0.999999999987284 2.43951621915022e-07
  outer loop
    vertex 1039.7324637160016 160.17334595215206 21.5005927947916
    vertex 1040.7325882861674 160.17335147459366 22.800599872625828
    vertex 1039.7324637158179 160.1733466944659 22.800592794791385
  endloop
endfacet
facet normal 7.182036602105574e-06 -0.999999999973948 -7.230170893059318e-07
  outer loop
    vertex 1040.7324263948958 175.88561445175708 22.800601983495344
    vertex 1039.732283638186 175.88560793220893 21.5005229478378
    vertex 1040.7324839116163 175.8856148284655 21.000663754636385
  endloop
endfacet
facet normal 7.182036602105574e-06 -0.999999999973948 -7.230170893059318e-07
  outer loop
    vertex 1039.732283638186 175.88560793220893 21.5005229478378
    vertex 1040.7324263948958 175.88561445175708 22.800601983495344
    vertex 1039.732405230024 175.885606620876 22.800522947848158
  endloop
endfacet
facet normal -0.9999999996565319 -6.617959193101717e-07 -2.620111200209348e-05
  outer loop
    vertex 1020.5825914722498 160.17332945450224 22.80036216367432
    vertex 1020.5825932415419 160.17332910548083 21.00037911071057
    vertex 1020.5826501198432 123.91913079739305 22.80043594598973
  endloop
endfacet
facet normal -0.9999999996565319 -6.617959193101717e-07 -2.620111200209348e-05
  outer loop
    vertex 1020.5826501198432 123.91913079739305 22.80043594598973
    vertex 1020.5826461237612 202.97916056653744 17.700541736103766
    vertex 1020.5826504491973 123.91913006222606 17.70061784283343
  endloop
endfacet
facet normal -0.9999999996565319 -6.617959193101717e-07 -2.620111200209348e-05
  outer loop
    vertex 1020.5826461237612 202.97916056653744 17.700541736103766
    vertex 1020.5826501198432 123.91913079739305 22.80043594598973
    vertex 1020.5825932415419 160.17332910548083 21.00037911071057
  endloop
endfacet
facet normal -0.9999999996565319 -6.617959193101717e-07 -2.620111200209348e-05
  outer loop
    vertex 1020.5826461237612 202.97916056653744 17.700541736103766
    vertex 1020.5825932415419 160.17332910548083 21.00037911071057
    vertex 1020.5825818812781 163.1733291053888 21.00038636640243
  endloop
endfacet
facet normal -0.9999999996565319 -6.617959193101717e-07 -2.620111200209348e-05
  outer loop
    vertex 1020.5826461237612 202.97916056653744 17.700541736103766
    vertex 1020.5825818812781 163.1733291053888 21.00038636640243
    vertex 1020.5824870977008 175.88559280837416 21.000426045684872
  endloop
endfacet
facet normal -0.9999999996565319 -6.617959193101717e-07 -2.620111200209348e-05
  outer loop
    vertex 1020.5824870977008 175.88559280837416 21.000426045684872
    vertex 1020.5825818812781 163.1733291053888 21.00038636640243
    vertex 1020.5825741552607 163.1733294543369 22.80036223304585
  endloop
endfacet
facet normal -0.9999999996565319 -6.617959193101717e-07 -2.620111200209348e-05
  outer loop
    vertex 1020.5824870977008 175.88559280837416 21.000426045684872
    vertex 1020.5825741552607 163.1733294543369 22.80036223304585
    vertex 1020.5824295809782 175.88559243166577 22.800364274543835
  endloop
endfacet
facet normal -0.9999999996565319 -6.617959193101717e-07 -2.620111200209348e-05
  outer loop
    vertex 1020.5826461237612 202.97916056653744 17.700541736103766
    vertex 1020.5824870977008 175.88559280837416 21.000426045684872
    vertex 1020.5824816037856 178.88559280832368 21.00043330233067
  endloop
endfacet
facet normal -0.9999999996565319 -6.617959193101717e-07 -2.620111200209348e-05
  outer loop
    vertex 1020.5826461237612 202.97916056653744 17.700541736103766
    vertex 1020.5824816037856 178.88559280832368 21.00043330233067
    vertex 1020.5823817458928 178.88559348853022 22.800364342991166
  endloop
endfacet
facet normal -0.9999999996565319 -6.617959193101717e-07 -2.620111200209348e-05
  outer loop
    vertex 1020.5826461237612 202.97916056653744 17.700541736103766
    vertex 1020.5823817458928 178.88559348853022 22.800364342991166
    vertex 1020.582649751515 206.96543006048609 22.800919039634262
  endloop
endfacet
facet normal -0.9999999996565319 -6.617959193101717e-07 -2.620111200209348e-05
  outer loop
    vertex 1020.5826461237612 202.97916056653744 17.700541736103766
    vertex 1020.582649751515 206.96543006048609 22.800919039634262
    vertex 1020.5826461237489 206.9654375073761 17.700626942809716
  endloop
endfacet
facet normal -0.44714892459021344 -4.817166960152689e-07 -0.8944595235322748
  outer loop
    vertex 1040.7325786951938 163.17335112548017 21.000624075353944
    vertex 1039.7324637160016 160.17334595215206 21.5005927947916
    vertex 1039.732449377388 163.1733459519992 21.50059515487868
  endloop
endfacet
facet normal -0.44714892459021344 -4.817166960152689e-07 -0.8944595235322748
  outer loop
    vertex 1039.7324637160016 160.17334595215206 21.5005927947916
    vertex 1040.7325786951938 163.17335112548017 21.000624075353944
    vertex 1040.7325900554576 160.17335112557228 21.000616819662078
  endloop
endfacet
facet normal -0.9999999996527367 -6.337214211069527e-07 -2.634625616906568e-05
  outer loop
    vertex 1040.7325882861674 160.17335147459366 22.800599872625828
    vertex 1040.7326461240077 123.9191382440217 17.700308780360132
    vertex 1040.7326497516929 123.91913079730914 22.800524845499915
  endloop
endfacet
facet normal -0.9999999996527367 -6.337214211069527e-07 -2.634625616906568e-05
  outer loop
    vertex 1040.7326461240077 123.9191382440217 17.700308780360132
    vertex 1040.7325882861674 160.17335147459366 22.800599872625828
    vertex 1040.7325900554576 160.17335112557228 21.000616819662078
  endloop
endfacet
facet normal -0.9999999996527367 -6.337214211069527e-07 -2.634625616906568e-05
  outer loop
    vertex 1040.7325900554576 160.17335112557228 21.000616819662078
    vertex 1040.7326461237847 202.9791605666257 17.70052466409171
    vertex 1040.7326461240077 123.9191382440217 17.700308780360132
  endloop
endfacet
facet normal -0.9999999996527367 -6.337214211069527e-07 -2.634625616906568e-05
  outer loop
    vertex 1040.7326461237847 202.9791605666257 17.70052466409171
    vertex 1040.7325900554576 160.17335112557228 21.000616819662078
    vertex 1040.7325786951938 163.17335112548017 21.000624075353944
  endloop
endfacet
facet normal -0.9999999996527367 -6.337214211069527e-07 -2.634625616906568e-05
  outer loop
    vertex 1040.7326461237847 202.9791605666257 17.70052466409171
    vertex 1040.7325786951938 163.17335112548017 21.000624075353944
    vertex 1040.7324839116163 175.8856148284655 21.000663754636385
  endloop
endfacet
facet normal -0.9999999996527367 -6.337214211069527e-07 -2.634625616906568e-05
  outer loop
    vertex 1040.7324839116163 175.8856148284655 21.000663754636385
    vertex 1040.7325786951938 163.17335112548017 21.000624075353944
    vertex 1040.7325709691781 163.1733514744283 22.80059994199736
  endloop
endfacet
facet normal -0.9999999996527367 -6.337214211069527e-07 -2.634625616906568e-05
  outer loop
    vertex 1040.7324839116163 175.8856148284655 21.000663754636385
    vertex 1040.7325709691781 163.1733514744283 22.80059994199736
    vertex 1040.7324263948958 175.88561445175708 22.800601983495344
  endloop
endfacet
facet normal -0.9999999996527367 -6.337214211069527e-07 -2.634625616906568e-05
  outer loop
    vertex 1040.7326461237847 202.9791605666257 17.70052466409171
    vertex 1040.7324839116163 175.8856148284655 21.000663754636385
    vertex 1040.732478417701 178.885614828415 21.00067101128218
  endloop
endfacet
facet normal -0.9999999996527367 -6.337214211069527e-07 -2.634625616906568e-05
  outer loop
    vertex 1040.7326461237847 202.9791605666257 17.70052466409171
    vertex 1040.732478417701 178.885614828415 21.00067101128218
    vertex 1040.7323785598103 178.88561550862156 22.800602051942676
  endloop
endfacet
facet normal -0.9999999996527367 -6.337214211069527e-07 -2.634625616906568e-05
  outer loop
    vertex 1040.7326461237847 202.9791605666257 17.70052466409171
    vertex 1040.7323785598103 178.88561550862156 22.800602051942676
    vertex 1040.7326497515396 206.962175183356 22.800883162514296
  endloop
endfacet
facet normal -0.9999999996527367 -6.337214211069527e-07 -2.634625616906568e-05
  outer loop
    vertex 1040.7326461237847 202.9791605666257 17.70052466409171
    vertex 1040.7326497515396 206.962175183356 22.800883162514296
    vertex 1040.7326461237733 206.96218263024593 17.700591065689753
  endloop
endfacet
facet normal -5.037177413308041e-06 0.9999999999872837 -2.439330108812274e-07
  outer loop
    vertex 1080.0326076475337 163.17332735004297 21.500592757465068
    vertex 1081.0326076473161 163.17333287189086 22.800597544574146
    vertex 1081.0326153733317 163.17333252294276 21.00062167793073
  endloop
endfacet
facet normal -5.037177413308041e-06 0.9999999999872837 -2.439330108812274e-07
  outer loop
    vertex 1081.0326076473161 163.17333287189086 22.800597544574146
    vertex 1080.0326076475337 163.17332735004297 21.500592757465068
    vertex 1080.0326076473502 163.1733280923568 22.80059275746485
  endloop
endfacet
facet normal -0.44707843731627656 -1.2595767863286454e-06 -0.8944947573268666
  outer loop
    vertex 1020.5824816037856 178.88559280832368 21.00043330233067
    vertex 1019.5824084162758 175.8855859126987 21.500285238893944
    vertex 1019.5823817522951 178.8855859124604 21.500285606262807
  endloop
endfacet
facet normal -0.44707843731627656 -1.2595767863286454e-06 -0.8944947573268666
  outer loop
    vertex 1019.5824084162758 175.8855859126987 21.500285238893944
    vertex 1020.5824816037856 178.88559280832368 21.00043330233067
    vertex 1020.5824870977008 175.88559280837416 21.000426045684872
  endloop
endfacet
facet normal -7.832725358144092e-06 0.9999999999692968 2.349301972047328e-07
  outer loop
    vertex 1019.5823817522951 178.8855859124604 21.500285606262807
    vertex 1020.5823817458928 178.88559348853022 22.800364342991166
    vertex 1020.5824816037856 178.88559280832368 21.00043330233067
  endloop
endfacet
facet normal -7.832725358144092e-06 0.9999999999692968 2.349301972047328e-07
  outer loop
    vertex 1020.5823817458928 178.88559348853022 22.800364342991166
    vertex 1019.5823817522951 178.8855859124604 21.500285606262807
    vertex 1019.5824326283231 178.88558460099858 22.800285606267582
  endloop
endfacet
facet normal 7.182197008816011e-06 -0.9999999999739468 -7.228962459605503e-07
  outer loop
    vertex 1020.5824295809782 175.88559243166577 22.800364274543835
    vertex 1019.5824084162758 175.8855859126987 21.500285238893944
    vertex 1020.5824870977008 175.88559280837416 21.000426045684872
  endloop
endfacet
facet normal 7.182197008816011e-06 -0.9999999999739468 -7.228962459605503e-07
  outer loop
    vertex 1019.5824084162758 175.8855859126987 21.500285238893944
    vertex 1020.5824295809782 175.88559243166577 22.800364274543835
    vertex 1019.5824592923038 175.88558460123687 22.800285238898716
  endloop
endfacet
facet normal -0.4471924216705069 -4.819378518887862e-07 -0.8944377776012346
  outer loop
    vertex 1020.5825818812781 163.1733291053888 21.00038636640243
    vertex 1019.5825884940914 160.17332393264175 21.500355085847747
    vertex 1019.5825741554781 163.17332393248887 21.500357445934824
  endloop
endfacet
facet normal -0.4471924216705069 -4.819378518887862e-07 -0.8944377776012346
  outer loop
    vertex 1019.5825884940914 160.17332393264175 21.500355085847747
    vertex 1020.5825818812781 163.1733291053888 21.00038636640243
    vertex 1020.5825932415419 160.17332910548083 21.00037911071057
  endloop
endfacet
facet normal -5.03714612040166e-06 0.999999999987284 -2.439330107544079e-07
  outer loop
    vertex 1039.732449377388 163.1733459519992 21.50059515487868
    vertex 1040.7325709691781 163.1733514744283 22.80059994199736
    vertex 1040.7325786951938 163.17335112548017 21.000624075353944
  endloop
endfacet
facet normal -5.03714612040166e-06 0.999999999987284 -2.439330107544079e-07
  outer loop
    vertex 1040.7325709691781 163.1733514744283 22.80059994199736
    vertex 1039.732449377388 163.1733459519992 21.50059515487868
    vertex 1039.7324493772046 163.17334669431304 22.800595154878465
  endloop
endfacet
facet normal 5.037157679275525e-06 -0.999999999987284 2.4395163583170373e-07
  outer loop
    vertex 1020.5825914722498 160.17332945450224 22.80036216367432
    vertex 1019.5825884940914 160.17332393264175 21.500355085847747
    vertex 1020.5825932415419 160.17332910548083 21.00037911071057
  endloop
endfacet
facet normal 5.037157679275525e-06 -0.999999999987284 2.4395163583170373e-07
  outer loop
    vertex 1019.5825884940914 160.17332393264175 21.500355085847747
    vertex 1020.5825914722498 160.17332945450224 22.80036216367432
    vertex 1019.5825884939079 160.17332467495564 22.800355085847528
  endloop
endfacet
facet normal 5.037157653249081e-06 -0.999999999987284 2.4395162194432407e-07
  outer loop
    vertex 1081.0326249643053 160.17333287205625 22.80059747520262
    vertex 1080.032621986147 160.17332735019582 21.500590397377987
    vertex 1081.0326267335956 160.17333252303484 21.00061442223886
  endloop
endfacet
facet normal 5.037157653249081e-06 -0.999999999987284 2.4395162194432407e-07
  outer loop
    vertex 1080.032621986147 160.17332735019582 21.500590397377987
    vertex 1081.0326249643053 160.17333287205625 22.80059747520262
    vertex 1080.0326219859635 160.17332809250965 22.80059039737777
  endloop
endfacet
facet normal -7.832487441390957e-06 0.9999999999692986 2.350678440149802e-07
  outer loop
    vertex 1039.732256974205 178.8856079319706 21.500523315206664
    vertex 1040.7323785598103 178.88561550862156 22.800602051942676
    vertex 1040.732478417701 178.885614828415 21.00067101128218
  endloop
endfacet
facet normal -7.832487441390957e-06 0.9999999999692986 2.350678440149802e-07
  outer loop
    vertex 1040.7323785598103 178.88561550862156 22.800602051942676
    vertex 1039.732256974205 178.8856079319706 21.500523315206664
    vertex 1039.732378566043 178.8856066206377 22.800523315217017
  endloop
endfacet
facet normal -0.999999999798872 -6.17799444063111e-07 -2.0046804994581296e-05
  outer loop
    vertex 1081.0326249643053 160.17333287205625 22.80059747520262
    vertex 1081.032646124008 123.91913824402158 17.700308783835233
    vertex 1081.032649751774 123.91913079713147 22.800600880659783
  endloop
endfacet
facet normal -0.999999999798872 -6.17799444063111e-07 -2.0046804994581296e-05
  outer loop
    vertex 1081.032646124008 123.91913824402158 17.700308783835233
    vertex 1081.0326249643053 160.17333287205625 22.80059747520262
    vertex 1081.0326267335956 160.17333252303484 21.00061442223886
  endloop
endfacet
facet normal -0.999999999798872 -6.17799444063111e-07 -2.0046804994581296e-05
  outer loop
    vertex 1081.0326267335956 160.17333252303484 21.00061442223886
    vertex 1081.0326461240072 202.97916056681268 17.700468077846477
    vertex 1081.032646124008 123.91913824402158 17.700308783835233
  endloop
endfacet
facet normal -0.999999999798872 -6.17799444063111e-07 -2.0046804994581296e-05
  outer loop
    vertex 1081.0326461240072 202.97916056681268 17.700468077846477
    vertex 1081.0326267335956 160.17333252303484 21.00061442223886
    vertex 1081.0326153733317 163.17333252294276 21.00062167793073
  endloop
endfacet
facet normal -0.999999999798872 -6.17799444063111e-07 -2.0046804994581296e-05
  outer loop
    vertex 1081.0326461240072 202.97916056681268 17.700468077846477
    vertex 1081.0326153733317 163.17333252294276 21.00062167793073
    vertex 1081.032520589754 175.88559622592805 21.000661357213172
  endloop
endfacet
facet normal -0.999999999798872 -6.17799444063111e-07 -2.0046804994581296e-05
  outer loop
    vertex 1081.032520589754 175.88559622592805 21.000661357213172
    vertex 1081.0326153733317 163.17333252294276 21.00062167793073
    vertex 1081.0326076473161 163.17333287189086 22.800597544574146
  endloop
endfacet
facet normal -0.999999999798872 -6.17799444063111e-07 -2.0046804994581296e-05
  outer loop
    vertex 1081.032520589754 175.88559622592805 21.000661357213172
    vertex 1081.0326076473161 163.17333287189086 22.800597544574146
    vertex 1081.0324630730338 175.88559584921967 22.800599586072135
  endloop
endfacet
facet normal -0.999999999798872 -6.17799444063111e-07 -2.0046804994581296e-05
  outer loop
    vertex 1081.0326461240072 202.97916056681268 17.700468077846477
    vertex 1081.032520589754 175.88559622592805 21.000661357213172
    vertex 1081.0325150958392 178.88559622587758 21.00066861385897
  endloop
endfacet
facet normal -0.999999999798872 -6.17799444063111e-07 -2.0046804994581296e-05
  outer loop
    vertex 1081.0326461240072 202.97916056681268 17.700468077846477
    vertex 1081.0325150958392 178.88559622587758 21.00066861385897
    vertex 1081.0324152379483 178.88559690608415 22.800599654519463
  endloop
endfacet
facet normal -0.999999999798872 -6.17799444063111e-07 -2.0046804994581296e-05
  outer loop
    vertex 1081.0326461240072 202.97916056681268 17.700468077846477
    vertex 1081.0324152379483 178.88559690608415 22.800599654519463
    vertex 1081.0326497517733 206.83917880538306 22.800764046060095
  endloop
endfacet
facet normal -0.999999999798872 -6.17799444063111e-07 -2.0046804994581296e-05
  outer loop
    vertex 1081.0326461240072 202.97916056681268 17.700468077846477
    vertex 1081.0326497517733 206.83917880538306 22.800764046060095
    vertex 1081.0326461240072 206.839186252273 17.700471949235546
  endloop
endfacet
facet normal -0.44719242167254575 -4.819378506391817e-07 -0.894437777600215
  outer loop
    vertex 1081.0326153733317 163.17333252294276 21.00062167793073
    vertex 1080.032621986147 160.17332735019582 21.500590397377987
    vertex 1080.0326076475337 163.17332735004297 21.500592757465068
  endloop
endfacet
facet normal -0.44719242167254575 -4.819378506391817e-07 -0.894437777600215
  outer loop
    vertex 1080.032621986147 160.17332735019582 21.500590397377987
    vertex 1081.0326153733317 163.17333252294276 21.00062167793073
    vertex 1081.0326267335956 160.17333252303484 21.00061442223886
  endloop
endfacet
facet normal -7.832781514484394e-06 0.9999999999692963 2.3494177237549937e-07
  outer loop
    vertex 1080.0324152443507 178.88558933001437 21.500520917793043
    vertex 1081.0324152379483 178.88559690608415 22.800599654519463
    vertex 1081.0325150958392 178.88559622587758 21.00066861385897
  endloop
endfacet
facet normal -7.832781514484394e-06 0.9999999999692963 2.3494177237549937e-07
  outer loop
    vertex 1081.0324152379483 178.88559690608415 22.800599654519463
    vertex 1080.0324152443507 178.88558933001437 21.500520917793043
    vertex 1080.032415244181 178.88558801810026 22.800520917793804
  endloop
endfacet
facet normal 7.182254240298849e-06 -0.9999999999739464 -7.22919925725938e-07
  outer loop
    vertex 1081.0324630730338 175.88559584921967 22.800599586072135
    vertex 1080.0324419083313 175.88558933025269 21.500520550424184
    vertex 1081.032520589754 175.88559622592805 21.000661357213172
  endloop
endfacet
facet normal 7.182254240298849e-06 -0.9999999999739464 -7.22919925725938e-07
  outer loop
    vertex 1080.0324419083313 175.88558933025269 21.500520550424184
    vertex 1081.0324630730338 175.88559584921967 22.800599586072135
    vertex 1080.032441908162 175.88558801833858 22.80052055042494
  endloop
endfacet
facet normal -0.44707843731840824 -1.2595767733013668e-06 -0.894494757325801
  outer loop
    vertex 1081.0325150958392 178.88559622587758 21.00066861385897
    vertex 1080.0324419083313 175.88558933025269 21.500520550424184
    vertex 1080.0324152443507 178.88558933001437 21.500520917793043
  endloop
endfacet
facet normal -0.44707843731840824 -1.2595767733013668e-06 -0.894494757325801
  outer loop
    vertex 1080.0324419083313 175.88558933025269 21.500520550424184
    vertex 1081.0325150958392 178.88559622587758 21.00066861385897
    vertex 1081.032520589754 175.88559622592805 21.000661357213172
  endloop
endfacet
facet normal 1.1295311609633448e-05 -1.2415786852343821e-07 0.9999999999362003
  outer loop
    vertex 1061.7921467651204 142.63896953272015 13.200513703072984
    vertex 1061.7921467651204 144.20777290217802 13.200513656318961
    vertex 1061.757899047946 143.42337121744907 13.20051368066602
  endloop
endfacet
facet normal 1.1295311609633448e-05 -1.2415786852343821e-07 0.9999999999362003
  outer loop
    vertex 1061.7921467651204 144.20777290217802 13.200513656318961
    vertex 1061.7921467651204 142.63896953272015 13.200513703072984
    vertex 1061.894629270836 141.8605376184467 13.200513723369312
  endloop
endfacet
facet normal 1.1295311609633448e-05 -1.2415786852343821e-07 0.9999999999362003
  outer loop
    vertex 1061.7921467651204 144.20777290217802 13.200513656318961
    vertex 1061.894629270836 141.8605376184467 13.200513723369312
    vertex 1061.8946292708363 144.98620481645142 13.200513630217097
  endloop
endfacet
facet normal 1.1295311609633448e-05 -1.2415786852343821e-07 0.9999999999362003
  outer loop
    vertex 1061.8946292708363 144.98620481645142 13.200513630217097
    vertex 1061.894629270836 141.8605376184467 13.200513723369312
    vertex 1062.0645666113444 141.0939998115264 13.200513741400563
  endloop
endfacet
facet normal 1.1295311609633448e-05 -1.2415786852343821e-07 0.9999999999362003
  outer loop
    vertex 1061.8946292708363 144.98620481645142 13.200513630217097
    vertex 1062.0645666113444 141.0939998115264 13.200513741400563
    vertex 1062.0645666113444 145.75274262337174 13.200513602559097
  endloop
endfacet
facet normal 1.1295311609633448e-05 -1.2415786852343821e-07 0.9999999999362003
  outer loop
    vertex 1062.0645666113444 145.75274262337174 13.200513602559097
    vertex 1062.0645666113444 141.0939998115264 13.200513741400563
    vertex 1062.3006654608728 140.34518992751805 13.20051375702947
  endloop
endfacet
facet normal 1.1295311609633448e-05 -1.2415786852343821e-07 0.9999999999362003
  outer loop
    vertex 1062.0645666113444 145.75274262337174 13.200513602559097
    vertex 1062.3006654608728 140.34518992751805 13.20051375702947
    vertex 1062.300665460873 146.50155250738013 13.200513573555412
  endloop
endfacet
facet normal 1.1295311609633448e-05 -1.2415786852343821e-07 0.9999999999362003
  outer loop
    vertex 1062.300665460873 146.50155250738013 13.200513573555412
    vertex 1062.3006654608728 140.34518992751805 13.20051375702947
    vertex 1062.6011289646165 139.61980686178282 13.200513770137102
  endloop
endfacet
facet normal 1.1295311609633448e-05 -1.2415786852343821e-07 0.9999999999362003
  outer loop
    vertex 1062.300665460873 146.50155250738013 13.200513573555412
    vertex 1062.6011289646165 139.61980686178282 13.200513770137102
    vertex 1062.601128964616 147.22693557311536 13.200513543426815
  endloop
endfacet
facet normal 1.1295311609633448e-05 -1.2415786852343821e-07 0.9999999999362003
  outer loop
    vertex 1062.601128964616 147.22693557311536 13.200513543426815
    vertex 1062.6011289646165 139.61980686178282 13.200513770137102
    vertex 1062.9636704138863 147.92337121744904 13.200513512402583
  endloop
endfacet
facet normal 1.1295311609633448e-05 -1.2415786852343821e-07 0.9999999999362003
  outer loop
    vertex 1062.9636704138863 147.92337121744904 13.200513512402583
    vertex 1062.6011289646165 139.61980686178282 13.200513770137102
    vertex 1062.963670413886 138.92337121744913 13.200513780623705
  endloop
endfacet
facet normal 1.1295311609633448e-05 -1.2415786852343821e-07 0.9999999999362003
  outer loop
    vertex 1062.9636704138863 147.92337121744904 13.200513512402583
    vertex 1062.963670413886 138.92337121744913 13.200513780623705
    vertex 1063.3855306493454 138.2611832902897 13.200513788409467
  endloop
endfacet
facet normal 1.1295311609633448e-05 -1.2415786852343821e-07 0.9999999999362003
  outer loop
    vertex 1062.9636704138863 147.92337121744904 13.200513512402583
    vertex 1063.3855306493454 138.2611832902897 13.200513788409467
    vertex 1063.385530649345 148.58555914460848 13.200513480718842
  endloop
endfacet
facet normal 1.1295311609633448e-05 -1.2415786852343821e-07 0.9999999999362003
  outer loop
    vertex 1063.385530649345 148.58555914460848 13.200513480718842
    vertex 1063.3855306493454 138.2611832902897 13.200513788409467
    vertex 1063.8634990598753 149.20845970462793 13.200513448616725
  endloop
endfacet
facet normal 1.1295311609633448e-05 -1.2415786852343821e-07 0.9999999999362003
  outer loop
    vertex 1063.8634990598753 149.20845970462793 13.200513448616725
    vertex 1063.3855306493454 138.2611832902897 13.200513788409467
    vertex 1063.8634990598753 137.63828273027025 13.200513793435155
  endloop
endfacet
facet normal 1.1295311609633448e-05 -1.2415786852343821e-07 0.9999999999362003
  outer loop
    vertex 1063.8634990598753 149.20845970462793 13.200513448616725
    vertex 1063.8634990598753 137.63828273027025 13.200513793435155
    vertex 1064.3939380172671 137.05941018677018 13.200513795662495
  endloop
endfacet
facet normal 1.1295311609633448e-05 -1.2415786852343821e-07 0.9999999999362003
  outer loop
    vertex 1063.8634990598753 149.20845970462793 13.200513448616725
    vertex 1064.3939380172671 137.05941018677018 13.200513795662495
    vertex 1064.3939380172671 149.787332248128 13.200513416340545
  endloop
endfacet
facet normal 1.1295311609633448e-05 -1.2415786852343821e-07 0.9999999999362003
  outer loop
    vertex 1064.3939380172671 149.787332248128 13.200513416340545
    vertex 1064.3939380172671 137.05941018677018 13.200513795662495
    vertex 1064.457898733655 136.98960931322907 13.20043717014568
  endloop
endfacet
facet normal 1.1295311609633448e-05 -1.2415786852343821e-07 0.9999999999362003
  outer loop
    vertex 1064.3939380172671 149.787332248128 13.200513416340545
    vertex 1064.457898733655 136.98960931322907 13.20043717014568
    vertex 1064.4578985000883 149.8571328660989 13.200446104293194
  endloop
endfacet
facet normal 0.8433914456820412 -0.5372996084665704 -9.59308151378686e-06
  outer loop
    vertex 1062.9636704138863 147.92337121744904 13.200513512402583
    vertex 1063.3856209203288 148.58555888794746 22.800658477145806
    vertex 1062.963760684408 147.923370960561 22.80065863413607
  endloop
endfacet
facet normal 0.8433914456820412 -0.5372996084665704 -9.59308151378686e-06
  outer loop
    vertex 1063.3856209203288 148.58555888794746 22.800658477145806
    vertex 1062.9636704138863 147.92337121744904 13.200513512402583
    vertex 1063.385530649345 148.58555914460848 13.200513480718842
  endloop
endfacet
facet normal 0.9762960070502924 -0.21643961396993566 -1.1054444821036026e-05
  outer loop
    vertex 1061.8946292708363 144.98620481645142 13.200513630217097
    vertex 1062.0646568815118 145.7527423661115 22.80065903310525
    vertex 1061.8947195408803 144.98620455896477 22.800659138719883
  endloop
endfacet
facet normal 0.9762960070502924 -0.21643961396993566 -1.1054444821036026e-05
  outer loop
    vertex 1062.0646568815118 145.7527423661115 22.80065903310525
    vertex 1061.8946292708363 144.98620481645142 13.200513630217097
    vertex 1062.0645666113444 145.75274262337174 13.200513602559097
  endloop
endfacet
facet normal 0.9238795324146688 -0.38268343245476294 -1.0483022905960433e-05
  outer loop
    vertex 1062.300665460873 146.50155250738013 13.200513573555412
    vertex 1062.6012192351388 147.22693531622676 22.800658779849655
    vertex 1062.3007557310393 146.5015522501201 22.80065891317763
  endloop
endfacet
facet normal 0.9238795324146688 -0.38268343245476294 -1.0483022905960433e-05
  outer loop
    vertex 1062.6012192351388 147.22693531622676 22.800658779849655
    vertex 1062.300665460873 146.50155250738013 13.200513573555412
    vertex 1062.601128964616 147.22693557311536 13.200513543426815
  endloop
endfacet
facet normal -0.9914448613604736 -0.13052619221828932 5.187060182467411e-06
  outer loop
    vertex 1079.7237416904663 144.20777190955704 17.700293680080048
    vertex 1079.6212359642836 144.98620137727843 13.20041305113239
    vertex 1079.7237184699995 144.207769463005 13.200413071428722
  endloop
endfacet
facet normal -0.9914448613604736 -0.13052619221828932 5.187060182467411e-06
  outer loop
    vertex 1079.6212359642836 144.98620137727843 13.20041305113239
    vertex 1079.7237416904663 144.20777190955704 17.700293680080048
    vertex 1079.6212591847595 144.98620382382816 17.700295318685072
  endloop
endfacet
facet normal -0.9762960070962857 -0.21643961398336803 5.155590265243379e-06
  outer loop
    vertex 1079.6212591847595 144.98620382382816 17.700295318685072
    vertex 1079.4512986237753 145.7527391841988 13.200413033101167
    vertex 1079.6212359642836 144.98620137727843 13.20041305113239
  endloop
endfacet
facet normal -0.9762960070962857 -0.21643961398336803 5.155590265243379e-06
  outer loop
    vertex 1079.4512986237753 145.7527391841988 13.200413033101167
    vertex 1079.6212591847595 144.98620382382816 17.700295318685072
    vertex 1079.4513218441948 145.75274163069093 17.70029723875616
  endloop
endfacet
facet normal 0.9238795324413823 0.3826834323928624 -1.0387988831801521e-05
  outer loop
    vertex 1062.6011289646165 139.61980686178282 13.200513770137102
    vertex 1062.300755731075 140.34518966855882 22.80065943514224
    vertex 1062.6012192349879 139.61980660262887 22.800659424816857
  endloop
endfacet
facet normal 0.9238795324413823 0.3826834323928624 -1.0387988831801521e-05
  outer loop
    vertex 1062.300755731075 140.34518966855882 22.80065943514224
    vertex 1062.6011289646165 139.61980686178282 13.200513770137102
    vertex 1062.3006654608728 140.34518992751805 13.20051375702947
  endloop
endfacet
facet normal 0.9990482215183247 0.043619387362197545 -1.1279145204966903e-05
  outer loop
    vertex 1061.7921467651204 142.63896953272015 13.200513703072984
    vertex 1061.757989317872 143.4233709592049 22.800659303909825
    vertex 1061.7922370350466 142.63896927447607 22.80065936222798
  endloop
endfacet
facet normal 0.9990482215183247 0.043619387362197545 -1.1279145204966903e-05
  outer loop
    vertex 1061.757989317872 143.4233709592049 22.800659303909825
    vertex 1061.7921467651204 142.63896953272015 13.200513703072984
    vertex 1061.757899047946 143.42337121744907 13.20051368066602
  endloop
endfacet
facet normal 0.9914448613105615 0.13052619222146203 -1.1182471705947862e-05
  outer loop
    vertex 1061.894629270836 141.8605376184467 13.200513723369312
    vertex 1061.7922370350466 142.63896927447607 22.80065936222798
    vertex 1061.894719540812 141.8605373599493 22.80065940372825
  endloop
endfacet
facet normal 0.9914448613105615 0.13052619222146203 -1.1182471705947862e-05
  outer loop
    vertex 1061.7922370350466 142.63896927447607 22.80065936222798
    vertex 1061.894629270836 141.8605376184467 13.200513723369312
    vertex 1061.7921467651204 142.63896953272015 13.200513703072984
  endloop
endfacet
facet normal 0.8433914457202182 0.5372996084090095 -9.45966923113703e-06
  outer loop
    vertex 1063.3855306493454 138.2611832902897 13.200513788409467
    vertex 1062.9637606846845 138.92337095800838 22.800659397197265
    vertex 1063.3856209203868 138.26118303076456 22.800659352493653
  endloop
endfacet
facet normal 0.8433914457202182 0.5372996084090095 -9.45966923113703e-06
  outer loop
    vertex 1062.9637606846845 138.92337095800838 22.800659397197265
    vertex 1063.3855306493454 138.2611832902897 13.200513788409467
    vertex 1062.963670413886 138.92337121744913 13.200513780623705
  endloop
endfacet
facet normal -0.999048221566267 -0.04361938741496036 5.179053552101516e-06
  outer loop
    vertex 1079.7579894077107 143.42337022487294 17.70029233541187
    vertex 1079.7237184699995 144.207769463005 13.200413071428722
    vertex 1079.757966187174 143.4233677782761 13.200413093835676
  endloop
endfacet
facet normal -0.999048221566267 -0.04361938741496036 5.179053552101516e-06
  outer loop
    vertex 1079.7237184699995 144.207769463005 13.200413071428722
    vertex 1079.7579894077107 143.42337022487294 17.70029233541187
    vertex 1079.7237416904663 144.20777190955704 17.700293680080048
  endloop
endfacet
facet normal -1.4250102310683314e-08 0.9999999998429485 -1.77229486283339e-05
  outer loop
    vertex 1064.4579451334253 125.72551471728856 -0.9994950563033683
    vertex 1077.0579961113363 125.72562832235101 5.400428161705504
    vertex 1077.057944948862 125.72551489521607 -0.9995866772854676
  endloop
endfacet
facet normal -1.4250102310683314e-08 0.9999999998429485 -1.77229486283339e-05
  outer loop
    vertex 1077.0579961113363 125.72562832235101 5.400428161705504
    vertex 1064.4579451334253 125.72551471728856 -0.9994950563033683
    vertex 1064.4579962958871 125.72562814439422 5.400518130034455
  endloop
endfacet
facet normal 0.7933533402037012 0.6087614290579495 -8.885599670366412e-06
  outer loop
    vertex 1063.8634990598753 137.63828273027025 13.200513793435155
    vertex 1063.3856209203868 138.26118303076456 22.800659352493653
    vertex 1063.8635893311473 137.63828247068258 22.800659291046255
  endloop
endfacet
facet normal 0.7933533402037012 0.6087614290579495 -8.885599670366412e-06
  outer loop
    vertex 1063.3856209203868 138.26118303076456 22.800659352493653
    vertex 1063.8634990598753 137.63828273027025 13.200513793435155
    vertex 1063.3855306493454 138.2611832902897 13.200513788409467
  endloop
endfacet
facet normal 0.9762960070442196 0.21643961400006753 -1.1000697588913705e-05
  outer loop
    vertex 1062.0645666113444 141.0939998115264 13.200513741400563
    vertex 1061.894719540812 141.8605373599493 22.80065940372825
    vertex 1062.0646568815466 141.09399955256717 22.800659428094797
  endloop
endfacet
facet normal 0.9762960070442196 0.21643961400006753 -1.1000697588913705e-05
  outer loop
    vertex 1061.894719540812 141.8605373599493 22.80065940372825
    vertex 1062.0645666113444 141.0939998115264 13.200513741400563
    vertex 1061.894629270836 141.8605376184467 13.200513723369312
  endloop
endfacet
facet normal -0.7372769969989311 0.6755905784460969 3.3326149554711005e-06
  outer loop
    vertex 1077.057987793099 136.98960833061687 17.700294543707777
    vertex 1077.1219272178528 137.05940674759717 13.200413358161166
    vertex 1077.0579664899162 136.98960588393345 13.200461686196743
  endloop
endfacet
facet normal -0.7372769969989311 0.6755905784460969 3.3326149554711005e-06
  outer loop
    vertex 1077.1219272178528 137.05940674759717 13.200413358161166
    vertex 1077.057987793099 136.98960833061687 17.700294543707777
    vertex 1077.1219504408045 137.05940919351067 17.70075273919069
  endloop
endfacet
facet normal -0.7372769969989311 0.6755905784460969 3.3326149554711005e-06
  outer loop
    vertex 1077.1219272178528 137.05940674759717 13.200413358161166
    vertex 1077.1219504408045 137.05940919351067 17.70075273919069
    vertex 1077.6523661752447 137.63827929109726 13.200413325884988
  endloop
endfacet
facet normal -0.7372769969989311 0.6755905784460969 3.3326149554711005e-06
  outer loop
    vertex 1077.6523661752447 137.63827929109726 13.200413325884988
    vertex 1077.1219504408045 137.05940919351067 17.70075273919069
    vertex 1077.6523893964047 137.63828173751787 17.700292890348692
  endloop
endfacet
facet normal -0.843391445783754 -0.5372996083724806 4.644151358900858e-06
  outer loop
    vertex 1078.5522180415655 147.92337022454177 17.700304531608946
    vertex 1078.1303345857748 148.58555570543547 13.200412986092227
    vertex 1078.5521948212336 147.92336777827606 13.200412993878011
  endloop
endfacet
facet normal -0.843391445783754 -0.5372996083724806 4.644151358900858e-06
  outer loop
    vertex 1078.1303345857748 148.58555570543547 13.200412986092227
    vertex 1078.5522180415655 147.92337022454177 17.700304531608946
    vertex 1078.1303578061072 148.58555815161554 17.700307411754007
  endloop
endfacet
facet normal 0.9990482215186193 -0.043619387352648725 -1.1289977598168729e-05
  outer loop
    vertex 1061.757899047946 143.42337121744907 13.20051368066602
    vertex 1061.792237035041 144.207772644192 22.800659229217647
    vertex 1061.757989317872 143.4233709592049 22.800659303909825
  endloop
endfacet
facet normal 0.9990482215186193 -0.043619387352648725 -1.1289977598168729e-05
  outer loop
    vertex 1061.792237035041 144.207772644192 22.800659229217647
    vertex 1061.757899047946 143.42337121744907 13.20051368066602
    vertex 1061.7921467651204 144.20777290217802 13.200513656318961
  endloop
endfacet
facet normal 0.737279611740206 0.6755877249112302 -7.840867693991842e-06
  outer loop
    vertex 1064.457898733655 136.98960931322907 13.20043717014568
    vertex 1063.8635893311473 137.63828247068258 22.800659291046255
    vertex 1064.4579758841742 136.9896090551154 22.80065920395395
  endloop
endfacet
facet normal 0.737279611740206 0.6755877249112302 -7.840867693991842e-06
  outer loop
    vertex 1063.8635893311473 137.63828247068258 22.800659291046255
    vertex 1064.457898733655 136.98960931322907 13.20043717014568
    vertex 1064.3939380172671 137.05941018677018 13.200513795662495
  endloop
endfacet
facet normal 0.737279611740206 0.6755877249112302 -7.840867693991842e-06
  outer loop
    vertex 1063.8635893311473 137.63828247068258 22.800659291046255
    vertex 1064.3939380172671 137.05941018677018 13.200513795662495
    vertex 1063.8634990598753 137.63828273027025 13.200513793435155
  endloop
endfacet
facet normal 0.9914448613065621 -0.1305261922490584 -1.121488726754488e-05
  outer loop
    vertex 1061.7921467651204 144.20777290217802 13.200513656318961
    vertex 1061.8947195408803 144.98620455896477 22.800659138719883
    vertex 1061.792237035041 144.207772644192 22.800659229217647
  endloop
endfacet
facet normal 0.9914448613065621 -0.1305261922490584 -1.121488726754488e-05
  outer loop
    vertex 1061.8947195408803 144.98620455896477 22.800659138719883
    vertex 1061.7921467651204 144.20777290217802 13.200513656318961
    vertex 1061.8946292708363 144.98620481645142 13.200513630217097
  endloop
endfacet
facet normal 0.9537169506933211 0.3007057994867895 -1.0735195075593113e-05
  outer loop
    vertex 1062.3006654608728 140.34518992751805 13.20051375702947
    vertex 1062.0646568815466 141.09399955256717 22.800659428094797
    vertex 1062.300755731075 140.34518966855882 22.80065943514224
  endloop
endfacet
facet normal 0.9537169506933211 0.3007057994867895 -1.0735195075593113e-05
  outer loop
    vertex 1062.0646568815466 141.09399955256717 22.800659428094797
    vertex 1062.3006654608728 140.34518992751805 13.20051375702947
    vertex 1062.0645666113444 141.0939998115264 13.200513741400563
  endloop
endfacet
facet normal 0.8870108330618852 0.4617486133510575 -9.961736469376525e-06
  outer loop
    vertex 1062.963670413886 138.92337121744913 13.200513780623705
    vertex 1062.6012192349879 139.61980660262887 22.800659424816857
    vertex 1062.9637606846845 138.92337095800838 22.800659397197265
  endloop
endfacet
facet normal 0.8870108330618852 0.4617486133510575 -9.961736469376525e-06
  outer loop
    vertex 1062.6012192349879 139.61980660262887 22.800659424816857
    vertex 1062.963670413886 138.92337121744913 13.200513780623705
    vertex 1062.6011289646165 139.61980686178282 13.200513770137102
  endloop
endfacet
facet normal -0.8870108331677955 -0.4617486132298206 4.828170979096777e-06
  outer loop
    vertex 1078.91475949082 147.2269345802102 17.700301862814037
    vertex 1078.5521948212336 147.92336777827606 13.200412993878011
    vertex 1078.9147362705037 147.22693213394234 13.200413004364611
  endloop
endfacet
facet normal -0.8870108331677955 -0.4617486132298206 4.828170979096777e-06
  outer loop
    vertex 1078.5521948212336 147.92336777827606 13.200412993878011
    vertex 1078.91475949082 147.2269345802102 17.700301862814037
    vertex 1078.5522180415655 147.92337022454177 17.700304531608946
  endloop
endfacet
facet normal -0.7933533402855478 0.6087614290045019 3.76305592967189e-06
  outer loop
    vertex 1077.6523893964047 137.63828173751787 17.700292890348692
    vertex 1078.1303345857746 138.2611798511167 13.200413293782859
    vertex 1077.6523661752447 137.63827929109726 13.200413325884988
  endloop
endfacet
facet normal -0.7933533402855478 0.6087614290045019 3.76305592967189e-06
  outer loop
    vertex 1078.1303345857746 138.2611798511167 13.200413293782859
    vertex 1077.6523893964047 137.63828173751787 17.700292890348692
    vertex 1078.1303578069305 138.26118229753857 17.700291714855087
  endloop
endfacet
facet normal 5.160266802116318e-06 5.434953426912445e-07 0.9999999999865383
  outer loop
    vertex 1077.0579664899162 136.98960588393345 13.200461686196743
    vertex 1077.1219272178528 149.78732880895498 13.200412978839216
    vertex 1077.0579663153833 149.85712988559737 13.20043021415873
  endloop
endfacet
facet normal 5.160266802116318e-06 5.434953426912445e-07 0.9999999999865383
  outer loop
    vertex 1077.1219272178528 149.78732880895498 13.200412978839216
    vertex 1077.0579664899162 136.98960588393345 13.200461686196743
    vertex 1077.1219272178528 137.05940674759717 13.200413358161166
  endloop
endfacet
facet normal 5.160266802116318e-06 5.434953426912445e-07 0.9999999999865383
  outer loop
    vertex 1077.1219272178528 149.78732880895498 13.200412978839216
    vertex 1077.1219272178528 137.05940674759717 13.200413358161166
    vertex 1077.6523661752447 137.63827929109726 13.200413325884988
  endloop
endfacet
facet normal 5.160266802116318e-06 5.434953426912445e-07 0.9999999999865383
  outer loop
    vertex 1077.1219272178528 149.78732880895498 13.200412978839216
    vertex 1077.6523661752447 137.63827929109726 13.200413325884988
    vertex 1077.6523661752447 149.2084562654549 13.200412981066558
  endloop
endfacet
facet normal 5.160266802116318e-06 5.434953426912445e-07 0.9999999999865383
  outer loop
    vertex 1077.6523661752447 149.2084562654549 13.200412981066558
    vertex 1077.6523661752447 137.63827929109726 13.200413325884988
    vertex 1078.1303345857746 138.2611798511167 13.200413293782859
  endloop
endfacet
facet normal 5.160266802116318e-06 5.434953426912445e-07 0.9999999999865383
  outer loop
    vertex 1077.6523661752447 149.2084562654549 13.200412981066558
    vertex 1078.1303345857746 138.2611798511167 13.200413293782859
    vertex 1078.1303345857748 148.58555570543547 13.200412986092227
  endloop
endfacet
facet normal 5.160266802116318e-06 5.434953426912445e-07 0.9999999999865383
  outer loop
    vertex 1078.1303345857748 148.58555570543547 13.200412986092227
    vertex 1078.1303345857746 138.2611798511167 13.200413293782859
    vertex 1078.5521948212338 138.92336777827612 13.200413262099127
  endloop
endfacet
facet normal 5.160266802116318e-06 5.434953426912445e-07 0.9999999999865383
  outer loop
    vertex 1078.1303345857748 148.58555570543547 13.200412986092227
    vertex 1078.5521948212338 138.92336777827612 13.200413262099127
    vertex 1078.5521948212336 147.92336777827606 13.200412993878011
  endloop
endfacet
facet normal 5.160266802116318e-06 5.434953426912445e-07 0.9999999999865383
  outer loop
    vertex 1078.5521948212336 147.92336777827606 13.200412993878011
    vertex 1078.5521948212338 138.92336777827612 13.200413262099127
    vertex 1078.9147362705037 147.22693213394234 13.200413004364611
  endloop
endfacet
facet normal 5.160266802116318e-06 5.434953426912445e-07 0.9999999999865383
  outer loop
    vertex 1078.9147362705037 147.22693213394234 13.200413004364611
    vertex 1078.5521948212338 138.92336777827612 13.200413262099127
    vertex 1078.9147362705035 139.6198034226098 13.200413231074902
  endloop
endfacet
facet normal 5.160266802116318e-06 5.434953426912445e-07 0.9999999999865383
  outer loop
    vertex 1078.9147362705037 147.22693213394234 13.200413004364611
    vertex 1078.9147362705035 139.6198034226098 13.200413231074902
    vertex 1079.215199774247 140.34518648834506 13.200413200946304
  endloop
endfacet
facet normal 5.160266802116318e-06 5.434953426912445e-07 0.9999999999865383
  outer loop
    vertex 1078.9147362705037 147.22693213394234 13.200413004364611
    vertex 1079.215199774247 140.34518648834506 13.200413200946304
    vertex 1079.215199774247 146.5015490682071 13.200413017472258
  endloop
endfacet
facet normal 5.160266802116318e-06 5.434953426912445e-07 0.9999999999865383
  outer loop
    vertex 1079.215199774247 146.5015490682071 13.200413017472258
    vertex 1079.215199774247 140.34518648834506 13.200413200946304
    vertex 1079.4512986237755 141.0939963723534 13.200413171942634
  endloop
endfacet
facet normal 5.160266802116318e-06 5.434953426912445e-07 0.9999999999865383
  outer loop
    vertex 1079.215199774247 146.5015490682071 13.200413017472258
    vertex 1079.4512986237755 141.0939963723534 13.200413171942634
    vertex 1079.4512986237753 145.7527391841988 13.200413033101167
  endloop
endfacet
facet normal 5.160266802116318e-06 5.434953426912445e-07 0.9999999999865383
  outer loop
    vertex 1079.4512986237753 145.7527391841988 13.200413033101167
    vertex 1079.4512986237755 141.0939963723534 13.200413171942634
    vertex 1079.6212359642836 144.98620137727843 13.20041305113239
  endloop
endfacet
facet normal 5.160266802116318e-06 5.434953426912445e-07 0.9999999999865383
  outer loop
    vertex 1079.6212359642836 144.98620137727843 13.20041305113239
    vertex 1079.4512986237755 141.0939963723534 13.200413171942634
    vertex 1079.6212359642839 141.8605341792737 13.200413144284614
  endloop
endfacet
facet normal 5.160266802116318e-06 5.434953426912445e-07 0.9999999999865383
  outer loop
    vertex 1079.6212359642836 144.98620137727843 13.20041305113239
    vertex 1079.6212359642839 141.8605341792737 13.200413144284614
    vertex 1079.7237184699995 144.207769463005 13.200413071428722
  endloop
endfacet
facet normal 5.160266802116318e-06 5.434953426912445e-07 0.9999999999865383
  outer loop
    vertex 1079.7237184699995 144.207769463005 13.200413071428722
    vertex 1079.6212359642839 141.8605341792737 13.200413144284614
    vertex 1079.7237184699995 142.63896609354714 13.20041311818274
  endloop
endfacet
facet normal 5.160266802116318e-06 5.434953426912445e-07 0.9999999999865383
  outer loop
    vertex 1079.7237184699995 144.207769463005 13.200413071428722
    vertex 1079.7237184699995 142.63896609354714 13.20041311818274
    vertex 1079.757966187174 143.4233677782761 13.200413093835676
  endloop
endfacet
facet normal 4.5028584880358854e-07 -0.9999999999970832 2.3729644644723147e-06
  outer loop
    vertex 1086.7505571384734 118.27653079639288 22.800407936838276
    vertex 989.5504761564187 118.27634403320381 -0.9984697963213225
    vertex 1086.750464980455 118.27634402135818 -0.9998842003244901
  endloop
endfacet
facet normal 4.5028584880358854e-07 -0.9999999999970832 2.3729644644723147e-06
  outer loop
    vertex 989.5504761564187 118.27634403320381 -0.9984697963213225
    vertex 1086.7505571384734 118.27653079639288 22.800407936838276
    vertex 989.5505636108084 118.2764468707523 22.80076212772979
  endloop
endfacet
facet normal 3.5571986371143457e-06 3.82074262403235e-06 0.9999999999863741
  outer loop
    vertex 1016.6079865261422 120.67331468411162 5.4003298857870075
    vertex 1004.0079966639562 125.7256281446558 5.4003531953643975
    vertex 1004.007986710677 120.6733145061216 5.400330256490006
  endloop
endfacet
facet normal 3.5571986371143457e-06 3.82074262403235e-06 0.9999999999863741
  outer loop
    vertex 1004.0079966639562 125.7256281446558 5.4003531953643975
    vertex 1016.6079865261422 120.67331468411162 5.4003298857870075
    vertex 1010.0579890936601 124.22564318789334 5.400368712374211
  endloop
endfacet
facet normal 3.5571986371143457e-06 3.82074262403235e-06 0.9999999999863741
  outer loop
    vertex 1004.0079966639562 125.7256281446558 5.4003531953643975
    vertex 1010.0579890936601 124.22564318789334 5.400368712374211
    vertex 1009.9544357020698 124.30510249759985 5.4003687771406215
  endloop
endfacet
facet normal 3.5571986371143457e-06 3.82074262403235e-06 0.9999999999863741
  outer loop
    vertex 1004.0079966639562 125.7256281446558 5.4003531953643975
    vertex 1009.9544357020698 124.30510249759985 5.4003687771406215
    vertex 1009.8749763893951 124.40865588691268 5.4003686641423325
  endloop
endfacet
facet normal 3.5571986371143457e-06 3.82074262403235e-06 0.9999999999863741
  outer loop
    vertex 1004.0079966639562 125.7256281446558 5.4003531953643975
    vertex 1009.8749763893951 124.40865588691268 5.4003686641423325
    vertex 1009.8250261764823 124.52924636348028 5.400368381079988
  endloop
endfacet
facet normal 3.5571986371143457e-06 3.82074262403235e-06 0.9999999999863741
  outer loop
    vertex 1004.0079966639562 125.7256281446558 5.4003531953643975
    vertex 1009.8250261764823 124.52924636348028 5.400368381079988
    vertex 1009.8079890877948 124.65865588560976 5.4003679472438195
  endloop
endfacet
facet normal 3.5571986371143457e-06 3.82074262403235e-06 0.9999999999863741
  outer loop
    vertex 1010.0579890936601 124.22564318789334 5.400368712374211
    vertex 1016.6079865261422 120.67331468411162 5.4003298857870075
    vertex 1010.1785795716595 124.17569297843703 5.40036847425682
  endloop
endfacet
facet normal 3.5571986371143457e-06 3.82074262403235e-06 0.9999999999863741
  outer loop
    vertex 1010.1785795716595 124.17569297843703 5.40036847425682
    vertex 1016.6079865261422 120.67331468411162 5.4003298857870075
    vertex 1010.3079890942774 124.15865589345864 5.40036807901576
  endloop
endfacet
facet normal 3.5571986371143457e-06 3.82074262403235e-06 0.9999999999863741
  outer loop
    vertex 1010.3079890942774 124.15865589345864 5.40036807901576
    vertex 1016.6079865261422 120.67331468411162 5.4003298857870075
    vertex 1010.4373986164069 124.1756929821444 5.400367553586053
  endloop
endfacet
facet normal 3.5571986371143457e-06 3.82074262403235e-06 0.9999999999863741
  outer loop
    vertex 1010.4373986164069 124.1756929821444 5.400367553586053
    vertex 1016.6079865261422 120.67331468411162 5.4003298857870075
    vertex 1010.5579890929738 124.22564319505545 5.400366933774866
  endloop
endfacet
facet normal 3.5571986371143457e-06 3.82074262403235e-06 0.9999999999863741
  outer loop
    vertex 1010.5579890929738 124.22564319505545 5.400366933774866
    vertex 1016.6079865261422 120.67331468411162 5.4003298857870075
    vertex 1010.6615424822857 124.30510250772859 5.400366261821308
  endloop
endfacet
facet normal 3.5571986371143457e-06 3.82074262403235e-06 0.9999999999863741
  outer loop
    vertex 1010.6615424822857 124.30510250772859 5.400366261821308
    vertex 1016.6079865261422 120.67331468411162 5.4003298857870075
    vertex 1010.7410017919909 124.40865589931781 5.400365583517903
  endloop
endfacet
facet normal 3.5571986371143457e-06 3.82074262403235e-06 0.9999999999863741
  outer loop
    vertex 1010.7410017919909 124.40865589931781 5.400365583517903
    vertex 1016.6079865261422 120.67331468411162 5.4003298857870075
    vertex 1010.7909520014457 124.52924637731643 5.4003649450899065
  endloop
endfacet
facet normal 3.5571986371143457e-06 3.82074262403235e-06 0.9999999999863741
  outer loop
    vertex 1010.7909520014457 124.52924637731643 5.4003649450899065
    vertex 1016.6079865261422 120.67331468411162 5.4003298857870075
    vertex 1010.8079890864223 124.65865589993396 5.400364390045133
  endloop
endfacet
facet normal 3.5571986371143457e-06 3.82074262403235e-06 0.9999999999863741
  outer loop
    vertex 1004.0079966639562 125.7256281446558 5.4003531953643975
    vertex 1010.3079890799396 125.15865589208508 5.400364258273192
    vertex 1016.6079964794051 125.7256283226126 5.400263227035444
  endloop
endfacet
facet normal 3.5571986371143457e-06 3.82074262403235e-06 0.9999999999863741
  outer loop
    vertex 1010.3079890799396 125.15865589208508 5.400364258273192
    vertex 1004.0079966639562 125.7256281446558 5.4003531953643975
    vertex 1010.1785795578102 125.14161880339933 5.4003647837029
  endloop
endfacet
facet normal 3.5571986371143457e-06 3.82074262403235e-06 0.9999999999863741
  outer loop
    vertex 1010.1785795578102 125.14161880339933 5.4003647837029
    vertex 1004.0079966639562 125.7256281446558 5.4003531953643975
    vertex 1010.0579890812432 125.09166859048827 5.400365403514085
  endloop
endfacet
facet normal 3.5571986371143457e-06 3.82074262403235e-06 0.9999999999863741
  outer loop
    vertex 1010.0579890812432 125.09166859048827 5.400365403514085
    vertex 1004.0079966639562 125.7256281446558 5.4003531953643975
    vertex 1009.9544356919314 125.01220927781513 5.400366075467644
  endloop
endfacet
facet normal 3.5571986371143457e-06 3.82074262403235e-06 0.9999999999863741
  outer loop
    vertex 1009.9544356919314 125.01220927781513 5.400366075467644
    vertex 1004.0079966639562 125.7256281446558 5.4003531953643975
    vertex 1009.8749763822261 124.90865588622592 5.400366753771048
  endloop
endfacet
facet normal 3.5571986371143457e-06 3.82074262403235e-06 0.9999999999863741
  outer loop
    vertex 1009.8749763822261 124.90865588622592 5.400366753771048
    vertex 1004.0079966639562 125.7256281446558 5.4003531953643975
    vertex 1009.8250261727713 124.7880654082273 5.400367392199045
  endloop
endfacet
facet normal 3.5571986371143457e-06 3.82074262403235e-06 0.9999999999863741
  outer loop
    vertex 1009.8250261727713 124.7880654082273 5.400367392199045
    vertex 1004.0079966639562 125.7256281446558 5.4003531953643975
    vertex 1009.8079890877948 124.65865588560976 5.4003679472438195
  endloop
endfacet
facet normal 3.5571986371143457e-06 3.82074262403235e-06 0.9999999999863741
  outer loop
    vertex 1016.6079964794051 125.7256283226126 5.400263227035444
    vertex 1010.3079890799396 125.15865589208508 5.400364258273192
    vertex 1010.4373986025576 125.1416188071067 5.400363863032132
  endloop
endfacet
facet normal 3.5571986371143457e-06 3.82074262403235e-06 0.9999999999863741
  outer loop
    vertex 1016.6079964794051 125.7256283226126 5.400263227035444
    vertex 1010.4373986025576 125.1416188071067 5.400363863032132
    vertex 1010.5579890805569 125.09166859765038 5.400363624914742
  endloop
endfacet
facet normal 3.5571986371143457e-06 3.82074262403235e-06 0.9999999999863741
  outer loop
    vertex 1016.6079964794051 125.7256283226126 5.400263227035444
    vertex 1010.5579890805569 125.09166859765038 5.400363624914742
    vertex 1010.6615424721473 125.01220928794388 5.40036356014833
  endloop
endfacet
facet normal 3.5571986371143457e-06 3.82074262403235e-06 0.9999999999863741
  outer loop
    vertex 1016.6079964794051 125.7256283226126 5.400263227035444
    vertex 1010.6615424721473 125.01220928794388 5.40036356014833
    vertex 1010.741001784822 124.90865589863104 5.400363673146619
  endloop
endfacet
facet normal 3.5571986371143457e-06 3.82074262403235e-06 0.9999999999863741
  outer loop
    vertex 1016.6079964794051 125.7256283226126 5.400263227035444
    vertex 1010.741001784822 124.90865589863104 5.400363673146619
    vertex 1010.7909519977347 124.78806542206344 5.400363956208964
  endloop
endfacet
facet normal 3.5571986371143457e-06 3.82074262403235e-06 0.9999999999863741
  outer loop
    vertex 1016.6079964794051 125.7256283226126 5.400263227035444
    vertex 1010.7909519977347 124.78806542206344 5.400363956208964
    vertex 1010.8079890864223 124.65865589993396 5.400364390045133
  endloop
endfacet
facet normal 3.5571986371143457e-06 3.82074262403235e-06 0.9999999999863741
  outer loop
    vertex 1016.6079964794051 125.7256283226126 5.400263227035444
    vertex 1010.8079890864223 124.65865589993396 5.400364390045133
    vertex 1016.6079865261422 120.67331468411162 5.4003298857870075
  endloop
endfacet
facet normal -0.9238795325015128 0.3826834323615247 4.559478212380377e-06
  outer loop
    vertex 1018.4647598615245 139.61980586878488 17.70058767743434
    vertex 1018.765200142316 140.34518648860666 13.200248266276239
    vertex 1018.4647366385724 139.61980342287137 13.200248296404858
  endloop
endfacet
facet normal -0.9238795325015128 0.3826834323615247 4.559478212380377e-06
  outer loop
    vertex 1018.765200142316 140.34518648860666 13.200248266276239
    vertex 1018.4647598615245 139.61980586878488 17.70058767743434
    vertex 1018.7652233652682 140.34518893452014 17.700587647305785
  endloop
endfacet
facet normal -0.8433914458039413 -0.537299608340793 4.6441447085251936e-06
  outer loop
    vertex 1018.1022184122545 147.9233702244511 17.700587440237488
    vertex 1017.6803349538437 148.58555570569703 13.200248051422166
    vertex 1018.1021951893025 147.9233677785376 13.200248059207942
  endloop
endfacet
facet normal -0.8433914458039413 -0.537299608340793 4.6441447085251936e-06
  outer loop
    vertex 1017.6803349538437 148.58555570569703 13.200248051422166
    vertex 1018.1022184122545 147.9233702244511 17.700587440237488
    vertex 1017.6803581767956 148.5855581516105 17.700587432451716
  endloop
endfacet
facet normal -0.9914448613611663 0.130526192218589 5.045179703500365e-06
  outer loop
    vertex 1059.4712591852863 141.86053662640367 17.700266819510496
    vertex 1059.5737184698958 142.6389660937749 13.200315691770173
    vertex 1059.4712359641799 141.86053417950146 13.20031571787206
  endloop
endfacet
facet normal -0.9914448613611663 0.130526192218589 5.045179703500365e-06
  outer loop
    vertex 1059.5737184698958 142.6389660937749 13.200315691770173
    vertex 1059.4712591852863 141.86053662640367 17.700266819510496
    vertex 1059.5737416910097 142.63896854067323 17.70026831466625
  endloop
endfacet
facet normal -0.8870108331677831 -0.461748613229844 4.828170898015776e-06
  outer loop
    vertex 1058.764759491026 147.22693458066834 17.700283435999527
    vertex 1058.4021948211296 147.9233677785038 13.200315567465447
    vertex 1058.7647362704 147.2269321341701 13.200315577952045
  endloop
endfacet
facet normal -0.8870108331677831 -0.461748613229844 4.828170898015776e-06
  outer loop
    vertex 1058.4021948211296 147.9233677785038 13.200315567465447
    vertex 1058.764759491026 147.22693458066834 17.700283435999527
    vertex 1058.4022180417771 147.9233702249967 17.70028680181348
  endloop
endfacet
facet normal -0.7933533403245727 0.6087614289536438 3.7630447293395808e-06
  outer loop
    vertex 1057.5023893967546 137.63828173790708 17.700265018808306
    vertex 1057.9803345856706 138.26117985134445 13.200315867370307
    vertex 1057.5023661751407 137.638279291325 13.200315899472425
  endloop
endfacet
facet normal -0.7933533403245727 0.6087614289536438 3.7630447293395808e-06
  outer loop
    vertex 1057.9803345856706 138.26117985134445 13.200315867370307
    vertex 1057.5023893967546 137.63828173790708 17.700265018808306
    vertex 1057.980357807225 138.26118229801722 17.700264447244262
  endloop
endfacet
facet normal -0.999999999999436 1.1101197077401859e-23 1.0620460692857814e-06
  outer loop
    vertex 1001.361069221576 170.12915311991534 22.800764045913343
    vertex 1001.3610655938096 165.7291605668054 17.700471949088794
    vertex 1001.361069221576 165.72915311991534 22.800764045913343
  endloop
endfacet
facet normal -0.999999999999436 1.1101197077401859e-23 1.0620460692857814e-06
  outer loop
    vertex 1001.3610655938096 165.7291605668054 17.700471949088794
    vertex 1001.361069221576 170.12915311991534 22.800764045913343
    vertex 1001.3610655938096 170.1291605668054 17.700471949088794
  endloop
endfacet
facet normal 0.7933533402601398 0.6087614289843971 -8.885590580728373e-06
  outer loop
    vertex 1043.7134990597713 137.638282730498 13.200416367022589
    vertex 1043.2356209209552 138.2611830315058 22.800657123312515
    vertex 1043.7135893314846 137.6382824714859 22.800657036510252
  endloop
endfacet
facet normal 0.7933533402601398 0.6087614289843971 -8.885590580728373e-06
  outer loop
    vertex 1043.2356209209552 138.2611830315058 22.800657123312515
    vertex 1043.7134990597713 137.638282730498 13.200416367022589
    vertex 1043.2355306492414 138.26118329051744 13.200416361996908
  endloop
endfacet
facet normal -0.9990482215657135 -0.04361938742764376 5.1790513092216715e-06
  outer loop
    vertex 1059.607989407985 143.42337022536898 17.700270129468638
    vertex 1059.5737184698958 144.20776946323272 13.200315645016156
    vertex 1059.6079661870697 143.4233677785038 13.200315667423125
  endloop
endfacet
facet normal -0.9990482215657135 -0.04361938742764376 5.1790513092216715e-06
  outer loop
    vertex 1059.5737184698958 144.20776946323272 13.200315645016156
    vertex 1059.607989407985 143.42337022536898 17.700270129468638
    vertex 1059.5737416907245 144.207771910052 17.700272250105936
  endloop
endfacet
facet normal -0.9238795325014799 0.38268343236160385 4.559478208635765e-06
  outer loop
    vertex 1058.7647594917964 139.61980586965285 17.700264353049555
    vertex 1059.0651997741431 140.3451864885728 13.200315774533731
    vertex 1058.7647362703995 139.61980342283758 13.200315804662337
  endloop
endfacet
facet normal -0.9238795325014799 0.38268343236160385 4.559478208635765e-06
  outer loop
    vertex 1059.0651997741431 140.3451864885728 13.200315774533731
    vertex 1058.7647594917964 139.61980586965285 17.700264353049555
    vertex 1059.0652229955422 140.34518893538694 17.70026483113579
  endloop
endfacet
facet normal 0.9914448613113863 -0.13052619221241676 -1.1214884528013681e-05
  outer loop
    vertex 1041.6421467650164 144.20777290240574 13.200416229906395
    vertex 1041.7447195417521 144.98620455881448 22.800656890091524
    vertex 1041.642237036037 144.20777264454088 22.800657004817506
  endloop
endfacet
facet normal 0.9914448613113863 -0.13052619221241676 -1.1214884528013681e-05
  outer loop
    vertex 1041.7447195417521 144.98620455881448 22.800656890091524
    vertex 1041.6421467650164 144.20777290240574 13.200416229906395
    vertex 1041.7446292707323 144.98620481667916 13.200416203804545
  endloop
endfacet
facet normal 0.06540312924867729 0.9978589232348218 2.2633635432410793e-06
  outer loop
    vertex 1000.4326497516985 217.97915368362564 22.800612875277622
    vertex 1000.8242247010286 217.95349571459954 17.700321501453686
    vertex 1000.4326461239325 217.97916113051565 17.700320778453072
  endloop
endfacet
facet normal 0.06540312924867729 0.9978589232348218 2.2633635432410793e-06
  outer loop
    vertex 1000.8242247010286 217.95349571459954 17.700321501453686
    vertex 1000.4326497516985 217.97915368362564 22.800612875277622
    vertex 1000.8242283287947 217.95348826770953 22.800613598278236
  endloop
endfacet
facet normal 0.7518398074702298 0.6593458150926579 -4.78818616863492e-06
  outer loop
    vertex 992.6718659313543 217.1004584887782 13.200010272210518
    vertex 992.9306141100338 216.80544541741025 17.70001027214478
    vertex 992.9306056086685 216.80542243224463 13.200010272211566
  endloop
endfacet
facet normal 0.7518398074702298 0.6593458150926579 -4.78818616863492e-06
  outer loop
    vertex 992.9306141100338 216.80544541741025 17.70001027214478
    vertex 992.6718659313543 217.1004584887782 13.200010272210518
    vertex 992.6718744327197 217.10048147394392 17.70001027214379
  endloop
endfacet
facet normal -0.7933533402855869 0.6087614290044507 3.7630558982996374e-06
  outer loop
    vertex 1017.2023897662654 137.63828173727234 17.700587772244464
    vertex 1017.6803349538435 138.26117985137827 13.2002483591128
    vertex 1017.2023665433135 137.63827929135883 13.200248391214918
  endloop
endfacet
facet normal -0.7933533402855869 0.6087614290044507 3.7630558982996374e-06
  outer loop
    vertex 1017.6803349538435 138.26117985137827 13.2002483591128
    vertex 1017.2023897662654 137.63828173727234 17.700587772244464
    vertex 1017.6803581767956 138.26118229729178 17.700587740142343
  endloop
endfacet
facet normal -0.8433914457559052 -0.5372996084161945 4.644146248119167e-06
  outer loop
    vertex 1058.4022180417771 147.9233702249967 17.70028680181348
    vertex 1057.9803345856708 148.58555570566324 13.200315559679678
    vertex 1058.4021948211296 147.9233677785038 13.200315567465447
  endloop
endfacet
facet normal -0.8433914457559052 -0.5372996084161945 4.644146248119167e-06
  outer loop
    vertex 1057.9803345856708 148.58555570566324 13.200315559679678
    vertex 1058.4022180417771 147.9233702249967 17.70028680181348
    vertex 1057.9803578062981 148.58555815195666 17.70029034657572
  endloop
endfacet
facet normal 0.9914448613118957 0.13052619221132805 -1.1182472701072669e-05
  outer loop
    vertex 1041.744629270732 141.86053761867444 13.20041629695676
    vertex 1041.6422370360476 142.63896927459274 22.80065717015348
    vertex 1041.7447195417637 141.86053736031934 22.800657219505165
  endloop
endfacet
facet normal 0.9914448613118957 0.13052619221132805 -1.1182472701072669e-05
  outer loop
    vertex 1041.6422370360476 142.63896927459274 22.80065717015348
    vertex 1041.744629270732 141.86053761867444 13.20041629695676
    vertex 1041.6421467650164 142.63896953294793 13.200416276660418
  endloop
endfacet
facet normal -0.9537169507576624 0.3007057994367055 4.758013283974225e-06
  outer loop
    vertex 1059.0652229955422 140.34518893538694 17.70026483113579
    vertex 1059.3012986236715 141.09399637258113 13.20031574553006
    vertex 1059.0651997741431 140.3451864885728 13.200315774533731
  endloop
endfacet
facet normal -0.9537169507576624 0.3007057994367055 4.758013283974225e-06
  outer loop
    vertex 1059.3012986236715 141.09399637258113 13.20031574553006
    vertex 1059.0652229955422 140.34518893538694 17.70026483113579
    vertex 1059.3013218449785 141.09399881944213 17.70026565538044
  endloop
endfacet
facet normal -0.9807852804025096 0.19509032201663104 1.1035994005614141e-06
  outer loop
    vertex 978.5762228608032 215.37073226015573 22.800525542713434
    vertex 978.6527681089275 215.7555952805261 13.200010272156055
    vertex 978.5762110036733 215.37071672187867 13.200010272155726
  endloop
endfacet
facet normal -0.9807852804025096 0.19509032201663104 1.1035994005614141e-06
  outer loop
    vertex 978.6527681089275 215.7555952805261 13.200010272156055
    vertex 978.5762228608032 215.37073226015573 22.800525542713434
    vertex 978.6527799660577 215.75561081880306 22.800525542713736
  endloop
endfacet
facet normal -0.9238795324999446 -0.3826834323601287 4.975451538439673e-06
  outer loop
    vertex 1018.7652233652677 146.50155151438213 17.700587463831738
    vertex 1018.4647366385726 147.22693213420393 13.200248069694567
    vertex 1018.7652001423156 146.50154906846865 13.200248082802188
  endloop
endfacet
facet normal -0.9238795324999446 -0.3826834323601287 4.975451538439673e-06
  outer loop
    vertex 1018.4647366385726 147.22693213420393 13.200248069694567
    vertex 1018.7652233652677 146.50155151438213 17.700587463831738
    vertex 1018.4647598615245 147.22693458011744 17.700587450724047
  endloop
endfacet
facet normal -0.9238795324596997 -0.38268343245728786 4.975452846430495e-06
  outer loop
    vertex 1059.065222994857 146.5015515151102 17.700280274749748
    vertex 1058.7647362704 147.2269321341701 13.200315577952045
    vertex 1059.065199774143 146.5015490684348 13.200315591059685
  endloop
endfacet
facet normal -0.9238795324596997 -0.38268343245728786 4.975452846430495e-06
  outer loop
    vertex 1058.7647362704 147.2269321341701 13.200315577952045
    vertex 1059.065222994857 146.5015515151102 17.700280274749748
    vertex 1058.764759491026 147.22693458066834 17.700283435999527
  endloop
endfacet
facet normal 0.44228869039146945 0.8968727414461608 1.6270051896638093e-06
  outer loop
    vertex 1001.5806964222752 217.75079972772156 17.700317201919322
    vertex 1001.9326497532808 217.57722989441044 22.80060434977509
    vertex 1001.9326461255148 217.57723734130036 17.700312252950553
  endloop
endfacet
facet normal 0.44228869039146945 0.8968727414461608 1.6270051896638093e-06
  outer loop
    vertex 1001.9326497532808 217.57722989441044 22.80060434977509
    vertex 1001.5806964222752 217.75079972772156 17.700317201919322
    vertex 1001.5807000500413 217.7507922808316 22.80060929874387
  endloop
endfacet
facet normal -0.19509032201547977 0.9807852804021762 -1.5234923432809259e-06
  outer loop
    vertex 980.7741003096172 217.87693116236278 22.80052554272197
    vertex 981.1589670111347 217.9534727293399 13.200010272165764
    vertex 980.7740884524869 217.87691562408588 13.200010272164267
  endloop
endfacet
facet normal -0.19509032201547977 0.9807852804021762 -1.5234923432809259e-06
  outer loop
    vertex 981.1589670111347 217.9534727293399 13.200010272165764
    vertex 980.7741003096172 217.87693116236278 22.80052554272197
    vertex 981.1589788682646 217.95348826761693 22.800525542723488
  endloop
endfacet
facet normal -0.8870108331699106 0.46174861323073246 4.326254329802803e-06
  outer loop
    vertex 1018.1022184122545 138.92337022445116 17.700587708458606
    vertex 1018.4647366385724 139.61980342287137 13.200248296404858
    vertex 1018.1021951893026 138.92336777853765 13.200248327429058
  endloop
endfacet
facet normal -0.8870108331699106 0.46174861323073246 4.326254329802803e-06
  outer loop
    vertex 1018.4647366385724 139.61980342287137 13.200248296404858
    vertex 1018.1022184122545 138.92337022445116 17.700587708458606
    vertex 1018.4647598615245 139.61980586878488 17.70058767743434
  endloop
endfacet
facet normal -0.6593458151001199 0.751839807478823 -4.0659379852954033e-07
  outer loop
    vertex 979.4292371013651 217.10047402705524 22.80052554271675
    vertex 979.7242613007685 217.3591981660921 13.200010272160187
    vertex 979.429225244235 217.10045848877803 13.200010272159039
  endloop
endfacet
facet normal -0.6593458151001199 0.751839807478823 -4.0659379852954033e-07
  outer loop
    vertex 979.7242613007685 217.3591981660921 13.200010272160187
    vertex 979.4292371013651 217.10047402705524 22.80052554271675
    vertex 979.7242731578984 217.35921370436927 22.800525542717903
  endloop
endfacet
facet normal -1.0915811966977085e-05 -2.5563022658097487e-05 -0.9999999996136886
  outer loop
    vertex 1086.7504403511173 159.7259242514083 -1.0005903893676962
    vertex 1004.007945125995 150.1732147279736 -0.9994563446917805
    vertex 989.5504763248338 159.72592426325392 -0.9998827601291029
  endloop
endfacet
facet normal -1.0915811966977085e-05 -2.5563022658097487e-05 -0.9999999996136886
  outer loop
    vertex 1004.007945125995 150.1732147279736 -0.9994563446917805
    vertex 1086.7504403511173 159.7259242514083 -1.0005903893676962
    vertex 1016.6079449414572 150.17321490596095 -0.9995443578970501
  endloop
endfacet
facet normal -1.0915811966977085e-05 -2.5563022658097487e-05 -0.9999999996136886
  outer loop
    vertex 1016.6079449414572 150.17321490596095 -0.9995443578970501
    vertex 1086.7504403511173 159.7259242514083 -1.0005903893676962
    vertex 1024.1579447560223 150.17321472424015 -0.9996180426589009
  endloop
endfacet
facet normal -1.0915811966977085e-05 -2.5563022658097487e-05 -0.9999999996136886
  outer loop
    vertex 1016.6079449414572 150.17321490596095 -0.9995443578970501
    vertex 1024.1579447560223 150.17321472424015 -0.9996180426589009
    vertex 1016.6079453212757 125.72551490606686 -0.999154125326769
  endloop
endfacet
facet normal -1.0915811966977085e-05 -2.5563022658097487e-05 -0.9999999996136886
  outer loop
    vertex 1024.1579447560223 150.17321472424015 -0.9996180426589009
    vertex 1086.7504403511173 159.7259242514083 -1.0005903893676962
    vertex 1036.7579636477005 150.17321490155243 -0.9997096637797029
  endloop
endfacet
facet normal -1.0915811966977085e-05 -2.5563022658097487e-05 -0.9999999996136886
  outer loop
    vertex 1036.7579636477005 150.17321490155243 -0.9997096637797029
    vertex 1086.7504403511173 159.7259242514083 -1.0005903893676962
    vertex 1044.3079535467914 150.17321472154921 -0.999764563576373
  endloop
endfacet
facet normal -1.0915811966977085e-05 -2.5563022658097487e-05 -0.9999999996136886
  outer loop
    vertex 1036.7579636477005 150.17321490155243 -0.9997096637797029
    vertex 1044.3079535467914 150.17321472154921 -0.999764563576373
    vertex 1036.7579652130296 125.72551490209739 -0.9992936357257435
  endloop
endfacet
facet normal -1.0915811966977085e-05 -2.5563022658097487e-05 -0.9999999996136886
  outer loop
    vertex 1044.3079535467914 150.17321472154921 -0.999764563576373
    vertex 1086.7504403511173 159.7259242514083 -1.0005903893676962
    vertex 1056.907963647522 150.17321489947312 -0.999856184633262
  endloop
endfacet
facet normal -1.0915811966977085e-05 -2.5563022658097487e-05 -0.9999999996136886
  outer loop
    vertex 1056.907963647522 150.17321489947312 -0.999856184633262
    vertex 1086.7504403511173 159.7259242514083 -1.0005903893676962
    vertex 1064.45794475342 150.17321471817357 -0.9999110843659731
  endloop
endfacet
facet normal -1.0915811966977085e-05 -2.5563022658097487e-05 -0.9999999996136886
  outer loop
    vertex 1056.907963647522 150.17321489947312 -0.999856184633262
    vertex 1064.45794475342 150.17321471817357 -0.9999110843659731
    vertex 1056.9079652128503 125.72551490001813 -0.9994401565793025
  endloop
endfacet
facet normal -1.0915811966977085e-05 -2.5563022658097487e-05 -0.9999999996136886
  outer loop
    vertex 1064.45794475342 150.17321471817357 -0.9999110843659731
    vertex 1086.7504403511173 159.7259242514083 -1.0005903893676962
    vertex 1077.057944568856 150.17321489540547 -1.0000027053480596
  endloop
endfacet
facet normal -1.0915811966977085e-05 -2.5563022658097487e-05 -0.9999999996136886
  outer loop
    vertex 1077.057944568856 150.17321489540547 -1.0000027053480596
    vertex 1086.7504403511173 159.7259242514083 -1.0005903893676962
    vertex 1077.057944948862 125.72551489521607 -0.9995866772854676
  endloop
endfacet
facet normal -1.0915811966977085e-05 -2.5563022658097487e-05 -0.9999999996136886
  outer loop
    vertex 989.5504761564187 118.27634403320381 -0.9984697963213225
    vertex 1004.0079455058265 125.72551472811008 -0.999064156997817
    vertex 1086.750464980455 118.27634402135818 -0.9998842003244901
  endloop
endfacet
facet normal -1.0915811966977085e-05 -2.5563022658097487e-05 -0.9999999996136886
  outer loop
    vertex 1004.0079455058265 125.72551472811008 -0.999064156997817
    vertex 989.5504761564187 118.27634403320381 -0.9984697963213225
    vertex 989.5504763248338 159.72592426325392 -0.9998827601291029
  endloop
endfacet
facet normal -1.0915811966977085e-05 -2.5563022658097487e-05 -0.9999999996136886
  outer loop
    vertex 1004.0079455058265 125.72551472811008 -0.999064156997817
    vertex 989.5504763248338 159.72592426325392 -0.9998827601291029
    vertex 1004.007945125995 150.1732147279736 -0.9994563446917805
  endloop
endfacet
facet normal -1.0915811966977085e-05 -2.5563022658097487e-05 -0.9999999996136886
  outer loop
    vertex 1086.750464980455 118.27634402135818 -0.9998842003244901
    vertex 1004.0079455058265 125.72551472811008 -0.999064156997817
    vertex 1016.6079453212757 125.72551490606686 -0.999154125326769
  endloop
endfacet
facet normal -1.0915811966977085e-05 -2.5563022658097487e-05 -0.9999999996136886
  outer loop
    vertex 1086.750464980455 118.27634402135818 -0.9998842003244901
    vertex 1016.6079453212757 125.72551490606686 -0.999154125326769
    vertex 1024.1579626205864 125.72551472417395 -0.9992020147234512
  endloop
endfacet
facet normal -1.0915811966977085e-05 -2.5563022658097487e-05 -0.9999999996136886
  outer loop
    vertex 1024.1579626205864 125.72551472417395 -0.9992020147234512
    vertex 1016.6079453212757 125.72551490606686 -0.999154125326769
    vertex 1024.1579447560223 150.17321472424015 -0.9996180426589009
  endloop
endfacet
facet normal -1.0915811966977085e-05 -2.5563022658097487e-05 -0.9999999996136886
  outer loop
    vertex 1086.750464980455 118.27634402135818 -0.9998842003244901
    vertex 1024.1579626205864 125.72551472417395 -0.9992020147234512
    vertex 1036.7579652130296 125.72551490209739 -0.9992936357257435
  endloop
endfacet
facet normal -1.0915811966977085e-05 -2.5563022658097487e-05 -0.9999999996136886
  outer loop
    vertex 1086.750464980455 118.27634402135818 -0.9998842003244901
    vertex 1036.7579652130296 125.72551490209739 -0.9992936357257435
    vertex 1044.307962620465 125.72551472209467 -0.9993485355770095
  endloop
endfacet
facet normal -1.0915811966977085e-05 -2.5563022658097487e-05 -0.9999999996136886
  outer loop
    vertex 1044.307962620465 125.72551472209467 -0.9993485355770095
    vertex 1036.7579652130296 125.72551490209739 -0.9992936357257435
    vertex 1044.3079535467914 150.17321472154921 -0.999764563576373
  endloop
endfacet
facet normal -1.0915811966977085e-05 -2.5563022658097487e-05 -0.9999999996136886
  outer loop
    vertex 1086.750464980455 118.27634402135818 -0.9998842003244901
    vertex 1044.307962620465 125.72551472209467 -0.9993485355770095
    vertex 1056.9079652128503 125.72551490001813 -0.9994401565793025
  endloop
endfacet
facet normal -1.0915811966977085e-05 -2.5563022658097487e-05 -0.9999999996136886
  outer loop
    vertex 1086.750464980455 118.27634402135818 -0.9998842003244901
    vertex 1056.9079652128503 125.72551490001813 -0.9994401565793025
    vertex 1064.4579451334253 125.72551471728856 -0.9994950563033683
  endloop
endfacet
facet normal -1.0915811966977085e-05 -2.5563022658097487e-05 -0.9999999996136886
  outer loop
    vertex 1064.4579451334253 125.72551471728856 -0.9994950563033683
    vertex 1056.9079652128503 125.72551490001813 -0.9994401565793025
    vertex 1064.45794475342 150.17321471817357 -0.9999110843659731
  endloop
endfacet
facet normal -1.0915811966977085e-05 -2.5563022658097487e-05 -0.9999999996136886
  outer loop
    vertex 1086.750464980455 118.27634402135818 -0.9998842003244901
    vertex 1064.4579451334253 125.72551471728856 -0.9994950563033683
    vertex 1077.057944948862 125.72551489521607 -0.9995866772854676
  endloop
endfacet
facet normal -1.0915811966977085e-05 -2.5563022658097487e-05 -0.9999999996136886
  outer loop
    vertex 1086.750464980455 118.27634402135818 -0.9998842003244901
    vertex 1077.057944948862 125.72551489521607 -0.9995866772854676
    vertex 1086.7504403511173 159.7259242514083 -1.0005903893676962
  endloop
endfacet
facet normal -0.976296007106981 -0.21643961393512487 5.1555817910738654e-06
  outer loop
    vertex 1019.1712595553046 144.9862038234535 17.70058749749187
    vertex 1019.0012989918442 145.7527391844603 13.200248098431095
    vertex 1019.1712363323525 144.98620137754 13.200248116462346
  endloop
endfacet
facet normal -0.976296007106981 -0.21643961393512487 5.1555817910738654e-06
  outer loop
    vertex 1019.0012989918442 145.7527391844603 13.200248098431095
    vertex 1019.1712595553046 144.9862038234535 17.70058749749187
    vertex 1019.0013222147961 145.7527416303738 17.700587479460637
  endloop
endfacet
facet normal 0.9469301294893108 0.3214394653019245 -3.430786319675535e-06
  outer loop
    vertex 993.3221841853286 216.12718844231378 13.200010272213033
    vertex 993.4483315680276 215.75561826569174 17.700010272146805
    vertex 993.4483230666623 215.7555952805261 13.200010272213524
  endloop
endfacet
facet normal 0.9469301294893108 0.3214394653019245 -3.430786319675535e-06
  outer loop
    vertex 993.4483315680276 215.75561826569174 17.700010272146805
    vertex 993.3221841853286 216.12718844231378 13.200010272213033
    vertex 993.3221926866939 216.1272114274794 17.700010272146304
  endloop
endfacet
facet normal -0.8870108331677902 -0.4617486132298305 4.828170770930747e-06
  outer loop
    vertex 1018.4647598615245 147.22693458011744 17.700587450724047
    vertex 1018.1021951893025 147.9233677785376 13.200248059207942
    vertex 1018.4647366385726 147.22693213420393 13.200248069694567
  endloop
endfacet
facet normal -0.8870108331677902 -0.4617486132298305 4.828170770930747e-06
  outer loop
    vertex 1018.1021951893025 147.9233677785376 13.200248059207942
    vertex 1018.4647598615245 147.22693458011744 17.700587450724047
    vertex 1018.1022184122545 147.9233702244511 17.700587440237488
  endloop
endfacet
facet normal -0.9914448613604703 -0.1305261922183146 5.187060376198859e-06
  outer loop
    vertex 1019.2737420610204 144.2077719091801 17.70058751778821
    vertex 1019.1712363323525 144.98620137754 13.200248116462346
    vertex 1019.2737188380682 144.2077694632666 13.200248136758663
  endloop
endfacet
facet normal -0.9914448613604703 -0.1305261922183146 5.187060376198859e-06
  outer loop
    vertex 1019.1712363323525 144.98620137754 13.200248116462346
    vertex 1019.2737420610204 144.2077719091801 17.70058751778821
    vertex 1019.1712595553046 144.9862038234535 17.70058749749187
  endloop
endfacet
facet normal 5.160266802116318e-06 5.434953426912445e-07 0.9999999999865383
  outer loop
    vertex 1016.607966857985 136.989605884195 13.200296751526698
    vertex 1016.6719275859216 149.78732880921655 13.200248044169152
    vertex 1016.6079666834521 149.857129885859 13.200265279488683
  endloop
endfacet
facet normal 5.160266802116318e-06 5.434953426912445e-07 0.9999999999865383
  outer loop
    vertex 1016.6719275859216 149.78732880921655 13.200248044169152
    vertex 1016.607966857985 136.989605884195 13.200296751526698
    vertex 1016.6719275859216 137.0594067478588 13.200248423491102
  endloop
endfacet
facet normal 5.160266802116318e-06 5.434953426912445e-07 0.9999999999865383
  outer loop
    vertex 1016.6719275859216 149.78732880921655 13.200248044169152
    vertex 1016.6719275859216 137.0594067478588 13.200248423491102
    vertex 1017.2023665433135 137.63827929135883 13.200248391214918
  endloop
endfacet
facet normal 5.160266802116318e-06 5.434953426912445e-07 0.9999999999865383
  outer loop
    vertex 1016.6719275859216 149.78732880921655 13.200248044169152
    vertex 1017.2023665433135 137.63827929135883 13.200248391214918
    vertex 1017.2023665433135 149.20845626571645 13.200248046396489
  endloop
endfacet
facet normal 5.160266802116318e-06 5.434953426912445e-07 0.9999999999865383
  outer loop
    vertex 1017.2023665433135 149.20845626571645 13.200248046396489
    vertex 1017.2023665433135 137.63827929135883 13.200248391214918
    vertex 1017.6803349538435 138.26117985137827 13.2002483591128
  endloop
endfacet
facet normal 5.160266802116318e-06 5.434953426912445e-07 0.9999999999865383
  outer loop
    vertex 1017.2023665433135 149.20845626571645 13.200248046396489
    vertex 1017.6803349538435 138.26117985137827 13.2002483591128
    vertex 1017.6803349538437 148.58555570569703 13.200248051422166
  endloop
endfacet
facet normal 5.160266802116318e-06 5.434953426912445e-07 0.9999999999865383
  outer loop
    vertex 1017.6803349538437 148.58555570569703 13.200248051422166
    vertex 1017.6803349538435 138.26117985137827 13.2002483591128
    vertex 1018.1021951893026 138.92336777853765 13.200248327429058
  endloop
endfacet
facet normal 5.160266802116318e-06 5.434953426912445e-07 0.9999999999865383
  outer loop
    vertex 1017.6803349538437 148.58555570569703 13.200248051422166
    vertex 1018.1021951893026 138.92336777853765 13.200248327429058
    vertex 1018.1021951893025 147.9233677785376 13.200248059207942
  endloop
endfacet
facet normal 5.160266802116318e-06 5.434953426912445e-07 0.9999999999865383
  outer loop
    vertex 1018.1021951893025 147.9233677785376 13.200248059207942
    vertex 1018.1021951893026 138.92336777853765 13.200248327429058
    vertex 1018.4647366385726 147.22693213420393 13.200248069694567
  endloop
endfacet
facet normal 5.160266802116318e-06 5.434953426912445e-07 0.9999999999865383
  outer loop
    vertex 1018.4647366385726 147.22693213420393 13.200248069694567
    vertex 1018.1021951893026 138.92336777853765 13.200248327429058
    vertex 1018.4647366385724 139.61980342287137 13.200248296404858
  endloop
endfacet
facet normal 5.160266802116318e-06 5.434953426912445e-07 0.9999999999865383
  outer loop
    vertex 1018.4647366385726 147.22693213420393 13.200248069694567
    vertex 1018.4647366385724 139.61980342287137 13.200248296404858
    vertex 1018.765200142316 140.34518648860666 13.200248266276239
  endloop
endfacet
facet normal 5.160266802116318e-06 5.434953426912445e-07 0.9999999999865383
  outer loop
    vertex 1018.4647366385726 147.22693213420393 13.200248069694567
    vertex 1018.765200142316 140.34518648860666 13.200248266276239
    vertex 1018.7652001423156 146.50154906846865 13.200248082802188
  endloop
endfacet
facet normal 5.160266802116318e-06 5.434953426912445e-07 0.9999999999865383
  outer loop
    vertex 1018.7652001423156 146.50154906846865 13.200248082802188
    vertex 1018.765200142316 140.34518648860666 13.200248266276239
    vertex 1019.0012989918442 145.7527391844603 13.200248098431095
  endloop
endfacet
facet normal 5.160266802116318e-06 5.434953426912445e-07 0.9999999999865383
  outer loop
    vertex 1019.0012989918442 145.7527391844603 13.200248098431095
    vertex 1018.765200142316 140.34518648860666 13.200248266276239
    vertex 1019.0012989918442 141.09399637261495 13.200248237272568
  endloop
endfacet
facet normal 5.160266802116318e-06 5.434953426912445e-07 0.9999999999865383
  outer loop
    vertex 1019.0012989918442 145.7527391844603 13.200248098431095
    vertex 1019.0012989918442 141.09399637261495 13.200248237272568
    vertex 1019.1712363323527 141.86053417953528 13.20024820961457
  endloop
endfacet
facet normal 5.160266802116318e-06 5.434953426912445e-07 0.9999999999865383
  outer loop
    vertex 1019.0012989918442 145.7527391844603 13.200248098431095
    vertex 1019.1712363323527 141.86053417953528 13.20024820961457
    vertex 1019.1712363323525 144.98620137754 13.200248116462346
  endloop
endfacet
facet normal 5.160266802116318e-06 5.434953426912445e-07 0.9999999999865383
  outer loop
    vertex 1019.1712363323525 144.98620137754 13.200248116462346
    vertex 1019.1712363323527 141.86053417953528 13.20024820961457
    vertex 1019.2737188380682 144.2077694632666 13.200248136758663
  endloop
endfacet
facet normal 5.160266802116318e-06 5.434953426912445e-07 0.9999999999865383
  outer loop
    vertex 1019.2737188380682 144.2077694632666 13.200248136758663
    vertex 1019.1712363323527 141.86053417953528 13.20024820961457
    vertex 1019.2737188380682 142.63896609380876 13.20024818351268
  endloop
endfacet
facet normal 5.160266802116318e-06 5.434953426912445e-07 0.9999999999865383
  outer loop
    vertex 1019.2737188380682 144.2077694632666 13.200248136758663
    vertex 1019.2737188380682 142.63896609380876 13.20024818351268
    vertex 1019.3079665552427 143.42336777853768 13.200248159165621
  endloop
endfacet
facet normal 2.9420873029905367e-08 2.980234566141568e-08 0.9999999999999991
  outer loop
    vertex 1064.4579884015252 150.17331684155008 5.4004858450262985
    vertex 1070.2795474949826 151.02924721087163 5.400418818831888
    vertex 1070.2625104063575 151.15865673273814 5.400418815467248
  endloop
endfacet
facet normal 2.9420873029905367e-08 2.980234566141568e-08 0.9999999999999991
  outer loop
    vertex 1070.2795474949826 151.02924721087163 5.400418818831888
    vertex 1064.4579884015252 150.17331684155008 5.4004858450262985
    vertex 1070.329497707767 150.90865673454235 5.4004188209641315
  endloop
endfacet
facet normal 2.9420873029905367e-08 2.980234566141568e-08 0.9999999999999991
  outer loop
    vertex 1070.329497707767 150.90865673454235 5.4004188209641315
    vertex 1064.4579884015252 150.17331684155008 5.4004858450262985
    vertex 1070.4089570202561 150.80510334542691 5.400418821718676
  endloop
endfacet
facet normal 2.9420873029905367e-08 2.980234566141568e-08 0.9999999999999991
  outer loop
    vertex 1070.4089570202561 150.80510334542691 5.400418821718676
    vertex 1064.4579884015252 150.17331684155008 5.4004858450262985
    vertex 1070.5125104116164 150.7256440358635 5.400418821044095
  endloop
endfacet
facet normal 2.9420873029905367e-08 2.980234566141568e-08 0.9999999999999991
  outer loop
    vertex 1070.5125104116164 150.7256440358635 5.400418821044095
    vertex 1064.4579884015252 150.17331684155008 5.4004858450262985
    vertex 1070.633100889357 150.67569382648608 5.4004188189863624
  endloop
endfacet
facet normal 2.9420873029905367e-08 2.980234566141568e-08 0.9999999999999991
  outer loop
    vertex 1070.633100889357 150.67569382648608 5.4004188189863624
    vertex 1064.4579884015252 150.17331684155008 5.4004858450262985
    vertex 1070.7625104117049 150.65865674151715 5.40041881568571
  endloop
endfacet
facet normal 2.9420873029905367e-08 2.980234566141568e-08 0.9999999999999991
  outer loop
    vertex 1070.7625104117049 150.65865674151715 5.40041881568571
    vertex 1064.4579884015252 150.17331684155008 5.4004858450262985
    vertex 1077.0579882169902 150.17331701954012 5.400485474323297
  endloop
endfacet
facet normal 2.9420873029905367e-08 2.980234566141568e-08 0.9999999999999991
  outer loop
    vertex 1070.7625104117049 150.65865674151715 5.40041881568571
    vertex 1077.0579882169902 150.17331701954012 5.400485474323297
    vertex 1070.8919199335712 150.6756938301422 5.40041881136707
  endloop
endfacet
facet normal 2.9420873029905367e-08 2.980234566141568e-08 0.9999999999999991
  outer loop
    vertex 1070.8919199335712 150.6756938301422 5.40041881136707
    vertex 1077.0579882169902 150.17331701954012 5.400485474323297
    vertex 1071.0125104099004 150.72564404292658 5.400418806324749
  endloop
endfacet
facet normal 2.9420873029905367e-08 2.980234566141568e-08 0.9999999999999991
  outer loop
    vertex 1071.0125104099004 150.72564404292658 5.400418806324749
    vertex 1077.0579882169902 150.17331701954012 5.400485474323297
    vertex 1071.1160637990158 150.80510335541564 5.4004188009023775
  endloop
endfacet
facet normal 2.9420873029905367e-08 2.980234566141568e-08 0.9999999999999991
  outer loop
    vertex 1071.1160637990158 150.80510335541564 5.4004188009023775
    vertex 1077.0579882169902 150.17331701954012 5.400485474323297
    vertex 1071.1955231085792 150.908656746776 5.400418795469478
  endloop
endfacet
facet normal 2.9420873029905367e-08 2.980234566141568e-08 0.9999999999999991
  outer loop
    vertex 1071.1955231085792 150.908656746776 5.400418795469478
    vertex 1077.0579882169902 150.17331701954012 5.400485474323297
    vertex 1071.2454733179568 151.0292472245165 5.400418790396294
  endloop
endfacet
facet normal 2.9420873029905367e-08 2.980234566141568e-08 0.9999999999999991
  outer loop
    vertex 1071.2454733179568 151.0292472245165 5.400418790396294
    vertex 1077.0579882169902 150.17331701954012 5.400485474323297
    vertex 1071.2625104029257 151.15865674686432 5.400418786028555
  endloop
endfacet
facet normal 2.9420873029905367e-08 2.980234566141568e-08 0.9999999999999991
  outer loop
    vertex 1071.2625104029257 151.15865674686432 5.400418786028555
    vertex 1077.0579882169902 150.17331701954012 5.400485474323297
    vertex 1077.0579881527483 154.17331701954012 5.400485355113918
  endloop
endfacet
facet normal 2.9420873029905367e-08 2.980234566141568e-08 0.9999999999999991
  outer loop
    vertex 1064.4579884015252 150.17331684155008 5.4004858450262985
    vertex 1077.0579881527483 154.17331701954012 5.400485355113918
    vertex 1064.4579883372828 154.17331684155013 5.4004857258169165
  endloop
endfacet
facet normal 2.9420873029905367e-08 2.980234566141568e-08 0.9999999999999991
  outer loop
    vertex 1077.0579881527483 154.17331701954012 5.400485355113918
    vertex 1064.4579884015252 150.17331684155008 5.4004858450262985
    vertex 1070.633100875712 151.64161964946024 5.400418790128735
  endloop
endfacet
facet normal 2.9420873029905367e-08 2.980234566141568e-08 0.9999999999999991
  outer loop
    vertex 1070.633100875712 151.64161964946024 5.400418790128735
    vertex 1064.4579884015252 150.17331684155008 5.4004858450262985
    vertex 1070.5125103993828 151.59166943667586 5.400418795171054
  endloop
endfacet
facet normal 2.9420873029905367e-08 2.980234566141568e-08 0.9999999999999991
  outer loop
    vertex 1070.5125103993828 151.59166943667586 5.400418795171054
    vertex 1064.4579884015252 150.17331684155008 5.4004858450262985
    vertex 1070.4089570102674 151.5122101241868 5.4004188005934255
  endloop
endfacet
facet normal 2.9420873029905367e-08 2.980234566141568e-08 0.9999999999999991
  outer loop
    vertex 1070.4089570102674 151.5122101241868 5.4004188005934255
    vertex 1064.4579884015252 150.17331684155008 5.4004858450262985
    vertex 1070.3294977007038 151.40865673282644 5.400418806026325
  endloop
endfacet
facet normal 2.9420873029905367e-08 2.980234566141568e-08 0.9999999999999991
  outer loop
    vertex 1070.3294977007038 151.40865673282644 5.400418806026325
    vertex 1064.4579884015252 150.17331684155008 5.4004858450262985
    vertex 1070.2795474913264 151.28806625508597 5.400418811099509
  endloop
endfacet
facet normal 2.9420873029905367e-08 2.980234566141568e-08 0.9999999999999991
  outer loop
    vertex 1070.2795474913264 151.28806625508597 5.400418811099509
    vertex 1064.4579884015252 150.17331684155008 5.4004858450262985
    vertex 1070.2625104063575 151.15865673273814 5.400418815467248
  endloop
endfacet
facet normal 2.9420873029905367e-08 2.980234566141568e-08 0.9999999999999991
  outer loop
    vertex 1077.0579881527483 154.17331701954012 5.400485355113918
    vertex 1070.633100875712 151.64161964946024 5.400418790128735
    vertex 1070.7625103975784 151.6586567380853 5.4004187858100945
  endloop
endfacet
facet normal 2.9420873029905367e-08 2.980234566141568e-08 0.9999999999999991
  outer loop
    vertex 1077.0579881527483 154.17331701954012 5.400485355113918
    vertex 1070.7625103975784 151.6586567380853 5.4004187858100945
    vertex 1070.8919199199263 151.64161965311635 5.400418782509439
  endloop
endfacet
facet normal 2.9420873029905367e-08 2.980234566141568e-08 0.9999999999999991
  outer loop
    vertex 1077.0579881527483 154.17331701954012 5.400485355113918
    vertex 1070.8919199199263 151.64161965311635 5.400418782509439
    vertex 1071.0125103976668 151.59166944373894 5.400418780451707
  endloop
endfacet
facet normal 2.9420873029905367e-08 2.980234566141568e-08 0.9999999999999991
  outer loop
    vertex 1077.0579881527483 154.17331701954012 5.400485355113918
    vertex 1071.0125103976668 151.59166944373894 5.400418780451707
    vertex 1071.116063789027 151.51221013417552 5.400418779777127
  endloop
endfacet
facet normal 2.9420873029905367e-08 2.980234566141568e-08 0.9999999999999991
  outer loop
    vertex 1077.0579881527483 154.17331701954012 5.400485355113918
    vertex 1071.116063789027 151.51221013417552 5.400418779777127
    vertex 1071.1955231015163 151.40865674506009 5.40041878053167
  endloop
endfacet
facet normal 2.9420873029905367e-08 2.980234566141568e-08 0.9999999999999991
  outer loop
    vertex 1077.0579881527483 154.17331701954012 5.400485355113918
    vertex 1071.1955231015163 151.40865674506009 5.40041878053167
    vertex 1071.2454733143006 151.2880662687308 5.400418782663917
  endloop
endfacet
facet normal 2.9420873029905367e-08 2.980234566141568e-08 0.9999999999999991
  outer loop
    vertex 1077.0579881527483 154.17331701954012 5.400485355113918
    vertex 1071.2454733143006 151.2880662687308 5.400418782663917
    vertex 1071.2625104029257 151.15865674686432 5.400418786028555
  endloop
endfacet
facet normal -0.9990482215684663 -0.04361938736458864 5.179062299858525e-06
  outer loop
    vertex 1019.3079897781948 143.42337022445116 17.700587540195166
    vertex 1019.2737188380682 144.2077694632666 13.200248136758663
    vertex 1019.3079665552427 143.42336777853768 13.200248159165621
  endloop
endfacet
facet normal -0.9990482215684663 -0.04361938736458864 5.179062299858525e-06
  outer loop
    vertex 1019.2737188380682 144.2077694632666 13.200248136758663
    vertex 1019.3079897781948 143.42337022445116 17.700587540195166
    vertex 1019.2737420610204 144.2077719091801 17.70058751778821
  endloop
endfacet
facet normal -0.8433914458057619 0.537299608342666 4.060105039503682e-06
  outer loop
    vertex 1017.6803581767956 138.26118229729178 17.700587740142343
    vertex 1018.1021951893026 138.92336777853765 13.200248327429058
    vertex 1017.6803349538435 138.26117985137827 13.2002483591128
  endloop
endfacet
facet normal -0.8433914458057619 0.537299608342666 4.060105039503682e-06
  outer loop
    vertex 1018.1021951893026 138.92336777853765 13.200248327429058
    vertex 1017.6803581767956 138.26118229729178 17.700587740142343
    vertex 1018.1022184122545 138.92337022445116 17.700587708458606
  endloop
endfacet
facet normal -1.4325816520054904e-08 0.9999999995987997 -2.8326671418342022e-05
  outer loop
    vertex 1004.0079455058265 125.72551472811008 -0.999064156997817
    vertex 1016.6079964794051 125.7256283226126 5.400263227035444
    vertex 1016.6079453212757 125.72551490606686 -0.999154125326769
  endloop
endfacet
facet normal -1.4325816520054904e-08 0.9999999995987997 -2.8326671418342022e-05
  outer loop
    vertex 1016.6079964794051 125.7256283226126 5.400263227035444
    vertex 1004.0079455058265 125.72551472811008 -0.999064156997817
    vertex 1004.0079966639562 125.7256281446558 5.4003531953643975
  endloop
endfacet
facet normal 2.177179773942384e-05 -0.9999999997626681 8.079630486795483e-07
  outer loop
    vertex 989.5505579462299 192.14301006339608 17.435769078670116
    vertex 981.5505538171584 192.14268130746942 17.700471801611844
    vertex 981.5505453157931 192.14265832230376 13.20047180167858
  endloop
endfacet
facet normal 2.177179773942384e-05 -0.9999999997626681 8.079630486795483e-07
  outer loop
    vertex 981.5505538171584 192.14268130746942 17.700471801611844
    vertex 989.5505579462299 192.14301006339608 17.435769078670116
    vertex 989.5505601514577 192.1426813375879 17.700472008827866
  endloop
endfacet
facet normal -0.7933533402834403 -0.6087614290027984 4.424773900671811e-06
  outer loop
    vertex 1017.6803581767956 148.5855581516105 17.700587432451716
    vertex 1017.2023665433135 149.20845626571645 13.200248046396489
    vertex 1017.6803349538437 148.58555570569703 13.200248051422166
  endloop
endfacet
facet normal -0.7933533402834403 -0.6087614290027984 4.424773900671811e-06
  outer loop
    vertex 1017.2023665433135 149.20845626571645 13.200248046396489
    vertex 1017.6803581767956 148.5855581516105 17.700587432451716
    vertex 1017.2023897662654 149.20845871162996 17.700587427426036
  endloop
endfacet
facet normal -0.9537169507359283 -0.30070579950028753 5.084866115490084e-06
  outer loop
    vertex 1019.0013222147961 145.7527416303738 17.700587479460637
    vertex 1018.7652001423156 146.50154906846865 13.200248082802188
    vertex 1019.0012989918442 145.7527391844603 13.200248098431095
  endloop
endfacet
facet normal -0.9537169507359283 -0.30070579950028753 5.084866115490084e-06
  outer loop
    vertex 1018.7652001423156 146.50154906846865 13.200248082802188
    vertex 1019.0013222147961 145.7527416303738 17.700587479460637
    vertex 1018.7652233652677 146.50155151438213 17.700587463831738
  endloop
endfacet
facet normal 0.0014030365683715984 -0.9999957206495564 -0.0025671328291226193
  outer loop
    vertex 989.5505579462299 192.14301006339608 17.435769078670116
    vertex 981.5505453157931 192.14265832230376 13.20047180167858
    vertex 989.5505311769153 192.15388264507638 13.200471010838356
  endloop
endfacet
facet normal -0.9537169507373795 0.3007057995010345 4.758001712679834e-06
  outer loop
    vertex 1018.7652233652682 140.34518893452014 17.700587647305785
    vertex 1019.0012989918442 141.09399637261495 13.200248237272568
    vertex 1018.765200142316 140.34518648860666 13.200248266276239
  endloop
endfacet
facet normal -0.9537169507373795 0.3007057995010345 4.758001712679834e-06
  outer loop
    vertex 1019.0012989918442 141.09399637261495 13.200248237272568
    vertex 1018.7652233652682 140.34518893452014 17.700587647305785
    vertex 1019.0013222147963 141.09399881852846 17.700587618302112
  endloop
endfacet
facet normal -0.9914448613611804 0.1305261922184821 5.045179621184375e-06
  outer loop
    vertex 1019.1712595553046 141.86053662544876 17.700587590644094
    vertex 1019.2737188380682 142.63896609380876 13.20024818351268
    vertex 1019.1712363323527 141.86053417953528 13.20024820961457
  endloop
endfacet
facet normal -0.9914448613611804 0.1305261922184821 5.045179621184375e-06
  outer loop
    vertex 1019.2737188380682 142.63896609380876 13.20024818351268
    vertex 1019.1712595553046 141.86053662544876 17.700587590644094
    vertex 1019.2737420610204 142.63896853972224 17.70058756454223
  endloop
endfacet
facet normal -0.9469301294949578 0.32143946530255374 8.192512599584017e-07
  outer loop
    vertex 978.6527799660577 215.75561081880306 22.800525542713736
    vertex 978.7789069902608 216.1271884423137 13.200010272156545
    vertex 978.6527681089275 215.7555952805261 13.200010272156055
  endloop
endfacet
facet normal -0.9469301294949578 0.32143946530255374 8.192512599584017e-07
  outer loop
    vertex 978.7789069902608 216.1271884423137 13.200010272156545
    vertex 978.6527799660577 215.75561081880306 22.800525542713736
    vertex 978.7789188473909 216.12720398059082 22.800525542714222
  endloop
endfacet
facet normal -0.9762960071080751 0.21643961393566577 4.920313946982271e-06
  outer loop
    vertex 1019.0013222147963 141.09399881852846 17.700587618302112
    vertex 1019.1712363323527 141.86053417953528 13.20024820961457
    vertex 1019.0012989918442 141.09399637261495 13.200248237272568
  endloop
endfacet
facet normal -0.9762960071080751 0.21643961393566577 4.920313946982271e-06
  outer loop
    vertex 1019.1712363323527 141.86053417953528 13.20024820961457
    vertex 1019.0013222147963 141.09399881852846 17.700587618302112
    vertex 1019.1712595553046 141.86053662544876 17.700587590644094
  endloop
endfacet
facet normal -0.9990482215686971 0.04361938736490625 5.131648432105561e-06
  outer loop
    vertex 1019.2737420610204 142.63896853972224 17.70058756454223
    vertex 1019.3079665552427 143.42336777853768 13.200248159165621
    vertex 1019.2737188380682 142.63896609380876 13.20024818351268
  endloop
endfacet
facet normal -0.9990482215686971 0.04361938736490625 5.131648432105561e-06
  outer loop
    vertex 1019.3079665552427 143.42336777853768 13.200248159165621
    vertex 1019.2737420610204 142.63896853972224 17.70058756454223
    vertex 1019.3079897781948 143.42337022445116 17.700587540195166
  endloop
endfacet
facet normal -0.737277336783117 -0.6755902076322532 4.171727891853991e-06
  outer loop
    vertex 1017.2023897662654 149.20845871162996 17.700587427426036
    vertex 1016.6719275859216 149.78732880921655 13.200248044169152
    vertex 1017.2023665433135 149.20845626571645 13.200248046396489
  endloop
endfacet
facet normal -0.737277336783117 -0.6755902076322532 4.171727891853991e-06
  outer loop
    vertex 1016.6719275859216 149.78732880921655 13.200248044169152
    vertex 1017.2023897662654 149.20845871162996 17.700587427426036
    vertex 1016.6719508088735 149.78733125513003 17.700587425198698
  endloop
endfacet
facet normal -0.737277336783117 -0.6755902076322532 4.171727891853991e-06
  outer loop
    vertex 1016.6719275859216 149.78732880921655 13.200248044169152
    vertex 1016.6719508088735 149.78733125513003 17.700587425198698
    vertex 1016.6079666834521 149.857129885859 13.200265279488683
  endloop
endfacet
facet normal -0.737277336783117 -0.6755902076322532 4.171727891853991e-06
  outer loop
    vertex 1016.6079666834521 149.857129885859 13.200265279488683
    vertex 1016.6719508088735 149.78733125513003 17.700587425198698
    vertex 1016.6079899064042 149.85713233177248 17.700604660518206
  endloop
endfacet
facet normal -3.69019299747287e-08 -0.999999999999997 6.956491775623277e-08
  outer loop
    vertex 1016.6079898478873 154.17331446282088 17.700617120742294
    vertex 1004.0079887053519 154.17331684181167 5.400320791146858
    vertex 1016.607988520817 154.17331701980166 5.400320420443861
  endloop
endfacet
facet normal -3.69019299747287e-08 -0.999999999999997 6.956491775623277e-08
  outer loop
    vertex 1004.0079887053519 154.17331684181167 5.400320791146858
    vertex 1016.6079898478873 154.17331446282088 17.700617120742294
    vertex 1014.2819460858028 154.1733144319111 17.700511736237775
  endloop
endfacet
facet normal -3.69019299747287e-08 -0.999999999999997 6.956491775623277e-08
  outer loop
    vertex 1014.2819460858028 154.1733144319111 17.700511736237775
    vertex 1004.0079890631936 154.1733180234843 22.80060773855297
    vertex 1004.0079887053519 154.17331684181167 5.400320791146858
  endloop
endfacet
facet normal -3.69019299747287e-08 -0.999999999999997 6.956491775623277e-08
  outer loop
    vertex 1004.0079890631936 154.1733180234843 22.80060773855297
    vertex 1014.2819460858028 154.1733144319111 17.700511736237775
    vertex 1014.282362027784 154.17332367762972 22.800435570035162
  endloop
endfacet
facet normal 2.3771762283688482e-07 0.9999999999945365 -3.297071774781891e-06
  outer loop
    vertex 1064.4579863426081 120.67331450586002 5.400495191160064
    vertex 1077.057989114257 120.67336433859995 22.800657575249915
    vertex 1077.0579861580732 120.67331468385005 5.400494820457067
  endloop
endfacet
facet normal 2.3771762283688482e-07 0.9999999999945365 -3.297071774781891e-06
  outer loop
    vertex 1077.057989114257 120.67336433859995 22.800657575249915
    vertex 1064.4579863426081 120.67331450586002 5.400495191160064
    vertex 1064.4579819396674 120.67337050708502 22.80066058731789
  endloop
endfacet
facet normal 0.9537169506923123 -0.3007057994873133 -1.0809865042973517e-05
  outer loop
    vertex 1062.0645666113444 145.75274262337174 13.200513602559097
    vertex 1062.3007557310393 146.5015522501201 22.80065891317763
    vertex 1062.0646568815118 145.7527423661115 22.80065903310525
  endloop
endfacet
facet normal 0.9537169506923123 -0.3007057994873133 -1.0809865042973517e-05
  outer loop
    vertex 1062.3007557310393 146.5015522501201 22.80065891317763
    vertex 1062.0645666113444 145.75274262337174 13.200513602559097
    vertex 1062.300665460873 146.50155250738013 13.200513573555412
  endloop
endfacet
facet normal -0.999999999999263 -1.118084243041909e-07 1.2090281574968229e-06
  outer loop
    vertex 1077.057989114257 120.67336433859995 22.800657575249915
    vertex 1077.0579961113363 125.72562832235101 5.400428161705504
    vertex 1077.0579861580732 120.67331468385005 5.400494820457067
  endloop
endfacet
facet normal -0.999999999999263 -1.118084243041909e-07 1.2090281574968229e-06
  outer loop
    vertex 1077.0579961113363 125.72562832235101 5.400428161705504
    vertex 1077.057989114257 120.67336433859995 22.800657575249915
    vertex 1077.0579886296684 123.9191382436643 17.7002746717185
  endloop
endfacet
facet normal -0.999999999999263 -1.118084243041909e-07 1.2090281574968229e-06
  outer loop
    vertex 1077.0579886296684 123.9191382436643 17.7002746717185
    vertex 1077.057989114257 120.67336433859995 22.800657575249915
    vertex 1077.0579929015364 123.91913079673368 22.800593394097962
  endloop
endfacet
facet normal -0.999999999999263 -1.118084243041909e-07 1.2090281574968229e-06
  outer loop
    vertex 1077.0579961113363 125.72562832235101 5.400428161705504
    vertex 1077.0579886296684 123.9191382436643 17.7002746717185
    vertex 1077.057987793099 136.98960833061687 17.700294543707777
  endloop
endfacet
facet normal -0.999999999999263 -1.118084243041909e-07 1.2090281574968229e-06
  outer loop
    vertex 1077.0579961113363 125.72562832235101 5.400428161705504
    vertex 1077.057987793099 136.98960833061687 17.700294543707777
    vertex 1077.0579664899162 136.98960588393345 13.200461686196743
  endloop
endfacet
facet normal -0.999999999999263 -1.118084243041909e-07 1.2090281574968229e-06
  outer loop
    vertex 1077.0579961113363 125.72562832235101 5.400428161705504
    vertex 1077.057944568856 150.17321489540547 -1.0000027053480596
    vertex 1077.057944948862 125.72551489521607 -0.9995866772854676
  endloop
endfacet
facet normal -0.999999999999263 -1.118084243041909e-07 1.2090281574968229e-06
  outer loop
    vertex 1077.057944568856 150.17321489540547 -1.0000027053480596
    vertex 1077.0579961113363 125.72562832235101 5.400428161705504
    vertex 1077.0579664899162 136.98960588393345 13.200461686196743
  endloop
endfacet
facet normal -0.999999999999263 -1.118084243041909e-07 1.2090281574968229e-06
  outer loop
    vertex 1077.057944568856 150.17321489540547 -1.0000027053480596
    vertex 1077.0579664899162 136.98960588393345 13.200461686196743
    vertex 1077.0579663153833 149.85712988559737 13.20043021415873
  endloop
endfacet
facet normal -0.999999999999263 -1.118084243041909e-07 1.2090281574968229e-06
  outer loop
    vertex 1077.057944568856 150.17321489540547 -1.0000027053480596
    vertex 1077.0579663153833 149.85712988559737 13.20043021415873
    vertex 1077.0579869695187 149.85713233220324 17.7003141071433
  endloop
endfacet
facet normal -0.999999999999263 -1.118084243041909e-07 1.2090281574968229e-06
  outer loop
    vertex 1077.057944568856 150.17321489540547 -1.0000027053480596
    vertex 1077.0579869695187 149.85713233220324 17.7003141071433
    vertex 1077.0579882169902 150.17331701954012 5.400485474323297
  endloop
endfacet
facet normal -0.999999999999263 -1.118084243041909e-07 1.2090281574968229e-06
  outer loop
    vertex 1077.0579882169902 150.17331701954012 5.400485474323297
    vertex 1077.0579869695187 149.85713233220324 17.7003141071433
    vertex 1077.0579866932635 154.17331446326062 17.700320669349903
  endloop
endfacet
facet normal -0.999999999999263 -1.118084243041909e-07 1.2090281574968229e-06
  outer loop
    vertex 1077.0579882169902 150.17331701954012 5.400485474323297
    vertex 1077.0579866932635 154.17331446326062 17.700320669349903
    vertex 1077.0579881527483 154.17331701954012 5.400485355113918
  endloop
endfacet
facet normal 0.7372803991626289 -0.6755868655833029 -7.869110537459716e-06
  outer loop
    vertex 1063.8634990598753 149.20845970462793 13.200513448616725
    vertex 1064.4579711086124 149.85713260798278 22.800658112987534
    vertex 1063.8635893310723 149.2084594480539 22.800658310073686
  endloop
endfacet
facet normal 0.7372803991626289 -0.6755868655833029 -7.869110537459716e-06
  outer loop
    vertex 1064.4579711086124 149.85713260798278 22.800658112987534
    vertex 1063.8634990598753 149.20845970462793 13.200513448616725
    vertex 1064.3939380172671 149.787332248128 13.200513416340545
  endloop
endfacet
facet normal 0.7372803991626289 -0.6755868655833029 -7.869110537459716e-06
  outer loop
    vertex 1064.4579711086124 149.85713260798278 22.800658112987534
    vertex 1064.3939380172671 149.787332248128 13.200513416340545
    vertex 1064.4578985000883 149.8571328660989 13.200446104293194
  endloop
endfacet
facet normal 1.4154354678594436e-08 -0.9999999998727065 1.5955776478444966e-05
  outer loop
    vertex 1077.0579882169902 150.17331701954012 5.400485474323297
    vertex 1064.45794475342 150.17321471817357 -0.9999110843659731
    vertex 1077.057944568856 150.17321489540547 -1.0000027053480596
  endloop
endfacet
facet normal 1.4154354678594436e-08 -0.9999999998727065 1.5955776478444966e-05
  outer loop
    vertex 1064.45794475342 150.17321471817357 -0.9999110843659731
    vertex 1077.0579882169902 150.17331701954012 5.400485474323297
    vertex 1064.4579884015252 150.17331684155008 5.4004858450262985
  endloop
endfacet
facet normal 0.8870108331328043 -0.46174861321233523 -1.0076393402907748e-05
  outer loop
    vertex 1062.601128964616 147.22693557311536 13.200513543426815
    vertex 1062.963760684408 147.923370960561 22.80065863413607
    vertex 1062.6012192351388 147.22693531622676 22.800658779849655
  endloop
endfacet
facet normal 0.8870108331328043 -0.46174861321233523 -1.0076393402907748e-05
  outer loop
    vertex 1062.963760684408 147.923370960561 22.80065863413607
    vertex 1062.601128964616 147.22693557311536 13.200513543426815
    vertex 1062.9636704138863 147.92337121744904 13.200513512402583
  endloop
endfacet
facet normal -1.0722070491991582e-10 0.9999999999972673 2.3378270427408103e-06
  outer loop
    vertex 1077.0579929015364 123.91913079673368 22.800593394097962
    vertex 1081.032646124008 123.91913824402158 17.700308783835233
    vertex 1077.0579886296684 123.9191382436643 17.7002746717185
  endloop
endfacet
facet normal -1.0722070491991582e-10 0.9999999999972673 2.3378270427408103e-06
  outer loop
    vertex 1081.032646124008 123.91913824402158 17.700308783835233
    vertex 1077.0579929015364 123.91913079673368 22.800593394097962
    vertex 1081.032649751774 123.91913079713147 22.800600880659783
  endloop
endfacet
facet normal 0.7933533402130873 -0.6087614290434917 -9.036763018626112e-06
  outer loop
    vertex 1063.385530649345 148.58555914460848 13.200513480718842
    vertex 1063.8635893310723 149.2084594480539 22.800658310073686
    vertex 1063.3856209203288 148.58555888794746 22.800658477145806
  endloop
endfacet
facet normal 0.7933533402130873 -0.6087614290434917 -9.036763018626112e-06
  outer loop
    vertex 1063.8635893310723 149.2084594480539 22.800658310073686
    vertex 1063.385530649345 148.58555914460848 13.200513480718842
    vertex 1063.8634990598753 149.20845970462793 13.200513448616725
  endloop
endfacet
facet normal 0.999999999999883 4.7243813282090057e-07 -1.0461887932161353e-07
  outer loop
    vertex 1064.45794475342 150.17321471817357 -0.9999110843659731
    vertex 1064.4579962958871 125.72562814439422 5.400518130034455
    vertex 1064.4579451334253 125.72551471728856 -0.9994950563033683
  endloop
endfacet
facet normal 0.999999999999883 4.7243813282090057e-07 -1.0461887932161353e-07
  outer loop
    vertex 1064.4579962958871 125.72562814439422 5.400518130034455
    vertex 1064.45794475342 150.17321471817357 -0.9999110843659731
    vertex 1064.457898733655 136.98960931322907 13.20043717014568
  endloop
endfacet
facet normal 0.999999999999883 4.7243813282090057e-07 -1.0461887932161353e-07
  outer loop
    vertex 1064.4579962958871 125.72562814439422 5.400518130034455
    vertex 1064.457898733655 136.98960931322907 13.20043717014568
    vertex 1064.4579758841742 136.9896090551154 22.80065920395395
  endloop
endfacet
facet normal 0.999999999999883 4.7243813282090057e-07 -1.0461887932161353e-07
  outer loop
    vertex 1064.457898733655 136.98960931322907 13.20043717014568
    vertex 1064.45794475342 150.17321471817357 -0.9999110843659731
    vertex 1064.4578985000883 149.8571328660989 13.200446104293194
  endloop
endfacet
facet normal 0.999999999999883 4.7243813282090057e-07 -1.0461887932161353e-07
  outer loop
    vertex 1064.4578985000883 149.8571328660989 13.200446104293194
    vertex 1064.4579695067337 154.17331802320592 22.800657747041928
    vertex 1064.4579711086124 149.85713260798278 22.800658112987534
  endloop
endfacet
facet normal 0.999999999999883 4.7243813282090057e-07 -1.0461887932161353e-07
  outer loop
    vertex 1064.4579695067337 154.17331802320592 22.800657747041928
    vertex 1064.4578985000883 149.8571328660989 13.200446104293194
    vertex 1064.4579884015252 150.17331684155008 5.4004858450262985
  endloop
endfacet
facet normal 0.999999999999883 4.7243813282090057e-07 -1.0461887932161353e-07
  outer loop
    vertex 1064.4579884015252 150.17331684155008 5.4004858450262985
    vertex 1064.4578985000883 149.8571328660989 13.200446104293194
    vertex 1064.45794475342 150.17321471817357 -0.9999110843659731
  endloop
endfacet
facet normal 0.999999999999883 4.7243813282090057e-07 -1.0461887932161353e-07
  outer loop
    vertex 1064.4579695067337 154.17331802320592 22.800657747041928
    vertex 1064.4579884015252 150.17331684155008 5.4004858450262985
    vertex 1064.4579883372828 154.17331684155013 5.4004857258169165
  endloop
endfacet
facet normal 0.999999999999883 4.7243813282090057e-07 -1.0461887932161353e-07
  outer loop
    vertex 1064.4579962958871 125.72562814439422 5.400518130034455
    vertex 1064.4579819396674 120.67337050708502 22.80066058731789
    vertex 1064.4579863426081 120.67331450586002 5.400495191160064
  endloop
endfacet
facet normal 0.999999999999883 4.7243813282090057e-07 -1.0461887932161353e-07
  outer loop
    vertex 1064.4579819396674 120.67337050708502 22.80066058731789
    vertex 1064.4579962958871 125.72562814439422 5.400518130034455
    vertex 1064.4579758841742 136.9896090551154 22.80065920395395
  endloop
endfacet
facet normal 0.9238795324263119 0.3826834324292453 -1.0387995801649783e-05
  outer loop
    vertex 1022.301128964535 139.61980686196046 13.200437734977218
    vertex 1022.0007557318089 140.34518966900137 22.800663255054904
    vertex 1022.301219235812 139.61980660301452 22.800663218287287
  endloop
endfacet
facet normal 0.9238795324263119 0.3826834324292453 -1.0387995801649783e-05
  outer loop
    vertex 1022.0007557318089 140.34518966900137 22.800663255054904
    vertex 1022.301128964535 139.61980686196046 13.200437734977218
    vertex 1022.0006654607917 140.34518992769574 13.200437721869607
  endloop
endfacet
facet normal -0.19273726519736437 -0.9812482642895252 0.00204705472209763
  outer loop
    vertex 980.8297030080229 192.23928124254056 20.700559770363647
    vertex 981.1589752404983 192.16834672334798 17.700471801610334
    vertex 981.1592802027454 192.17454552674582 20.700558999078652
  endloop
endfacet
facet normal -0.9990482215684662 -0.04361938736459375 5.179062304683825e-06
  outer loop
    vertex 1039.4579894079081 143.4233702254857 17.700273756649242
    vertex 1039.4237184699182 144.2077694631827 13.200337036268847
    vertex 1039.4579661870923 143.42336777845375 13.200337058675816
  endloop
endfacet
facet normal -0.9990482215684662 -0.04361938736459375 5.179062304683825e-06
  outer loop
    vertex 1039.4237184699182 144.2077694631827 13.200337036268847
    vertex 1039.4579894079081 143.4233702254857 17.700273756649242
    vertex 1039.4237416907465 144.207771910208 17.700276117111304
  endloop
endfacet
facet normal 0.7933533401859597 0.6087614290810704 -8.885590169203186e-06
  outer loop
    vertex 1023.5634990597939 137.6382827304479 13.200437758275292
    vertex 1023.0856209206985 138.26118303143252 22.800663100136276
    vertex 1023.5635893315539 137.63828247130172 22.800663019652095
  endloop
endfacet
facet normal 0.7933533401859597 0.6087614290810704 -8.885590169203186e-06
  outer loop
    vertex 1023.0856209206985 138.26118303143252 22.800663100136276
    vertex 1023.5634990597939 137.6382827304479 13.200437758275292
    vertex 1023.0855306492639 138.26118329046733 13.200437753249599
  endloop
endfacet
facet normal 0.8433914457741003 -0.5372996083220666 -9.59307916365753e-06
  outer loop
    vertex 1002.5136707819553 147.9233712177106 13.200348577732541
    vertex 1002.9356212903571 148.5855588867776 22.800762003672745
    vertex 1002.5137610548983 147.92337095961815 22.800762035356442
  endloop
endfacet
facet normal 0.8433914457741003 -0.5372996083220666 -9.59307916365753e-06
  outer loop
    vertex 1002.9356212903571 148.5855588867776 22.800762003672745
    vertex 1002.5136707819553 147.9233712177106 13.200348577732541
    vertex 1002.9355310174138 148.58555914487005 13.200348546048788
  endloop
endfacet
facet normal 0.737277336306302 -0.6755902081131195 -8.41165704147099e-06
  outer loop
    vertex 1003.4134994279441 149.20845970488946 13.200348513946668
    vertex 1003.9440286582792 149.7873319902971 22.800761939294464
    vertex 1003.4135897008873 149.20845944679704 22.800761971570644
  endloop
endfacet
facet normal 0.737277336306302 -0.6755902081131195 -8.41165704147099e-06
  outer loop
    vertex 1003.9440286582792 149.7873319902971 22.800761939294464
    vertex 1003.4134994279441 149.20845970488946 13.200348513946668
    vertex 1003.943938385336 149.78733224838953 13.200348481670488
  endloop
endfacet
facet normal 0.737277336306302 -0.6755902081131195 -8.41165704147099e-06
  outer loop
    vertex 1003.9440286582792 149.7873319902971 22.800761939294464
    vertex 1003.943938385336 149.78733224838953 13.200348481670488
    vertex 1004.0079891411003 149.85713260826802 22.800694627247076
  endloop
endfacet
facet normal 0.737277336306302 -0.6755902081131195 -8.41165704147099e-06
  outer loop
    vertex 1004.0079891411003 149.85713260826802 22.800694627247076
    vertex 1003.943938385336 149.78733224838953 13.200348481670488
    vertex 1004.0078988681572 149.85713286636047 13.200281169623121
  endloop
endfacet
facet normal 5.160266802116318e-06 5.434953426912445e-07 0.9999999999865383
  outer loop
    vertex 1036.757966489835 136.98960588411109 13.200385651036868
    vertex 1036.8219272177714 149.78732880913262 13.200336943679337
    vertex 1036.7579663153022 149.85712988577507 13.200354178998856
  endloop
endfacet
facet normal 5.160266802116318e-06 5.434953426912445e-07 0.9999999999865383
  outer loop
    vertex 1036.8219272177714 149.78732880913262 13.200336943679337
    vertex 1036.757966489835 136.98960588411109 13.200385651036868
    vertex 1036.8219272177714 137.05940674777486 13.200337323001285
  endloop
endfacet
facet normal 5.160266802116318e-06 5.434953426912445e-07 0.9999999999865383
  outer loop
    vertex 1036.8219272177714 149.78732880913262 13.200336943679337
    vertex 1036.8219272177714 137.05940674777486 13.200337323001285
    vertex 1037.3523661751633 137.6382792912749 13.200337290725116
  endloop
endfacet
facet normal 5.160266802116318e-06 5.434953426912445e-07 0.9999999999865383
  outer loop
    vertex 1036.8219272177714 149.78732880913262 13.200336943679337
    vertex 1037.3523661751633 137.6382792912749 13.200337290725116
    vertex 1037.3523661751633 149.20845626563255 13.200336945906688
  endloop
endfacet
facet normal 5.160266802116318e-06 5.434953426912445e-07 0.9999999999865383
  outer loop
    vertex 1037.3523661751633 149.20845626563255 13.200336945906688
    vertex 1037.3523661751633 137.6382792912749 13.200337290725116
    vertex 1037.8303345856932 138.26117985129437 13.200337258622985
  endloop
endfacet
facet normal 5.160266802116318e-06 5.434953426912445e-07 0.9999999999865383
  outer loop
    vertex 1037.3523661751633 149.20845626563255 13.200336945906688
    vertex 1037.8303345856932 138.26117985129437 13.200337258622985
    vertex 1037.8303345856934 148.5855557056131 13.20033695093235
  endloop
endfacet
facet normal 5.160266802116318e-06 5.434953426912445e-07 0.9999999999865383
  outer loop
    vertex 1037.8303345856934 148.5855557056131 13.20033695093235
    vertex 1037.8303345856932 138.26117985129437 13.200337258622985
    vertex 1038.2521948211524 138.92336777845375 13.200337226939244
  endloop
endfacet
facet normal 5.160266802116318e-06 5.434953426912445e-07 0.9999999999865383
  outer loop
    vertex 1037.8303345856934 148.5855557056131 13.20033695093235
    vertex 1038.2521948211524 138.92336777845375 13.200337226939244
    vertex 1038.2521948211522 147.92336777845372 13.200336958718129
  endloop
endfacet
facet normal 5.160266802116318e-06 5.434953426912445e-07 0.9999999999865383
  outer loop
    vertex 1038.2521948211522 147.92336777845372 13.200336958718129
    vertex 1038.2521948211524 138.92336777845375 13.200337226939244
    vertex 1038.6147362704226 147.22693213412 13.200336969204752
  endloop
endfacet
facet normal 5.160266802116318e-06 5.434953426912445e-07 0.9999999999865383
  outer loop
    vertex 1038.6147362704226 147.22693213412 13.200336969204752
    vertex 1038.2521948211524 138.92336777845375 13.200337226939244
    vertex 1038.614736270422 139.61980342278744 13.200337195915044
  endloop
endfacet
facet normal 5.160266802116318e-06 5.434953426912445e-07 0.9999999999865383
  outer loop
    vertex 1038.6147362704226 147.22693213412 13.200336969204752
    vertex 1038.614736270422 139.61980342278744 13.200337195915044
    vertex 1038.9151997741658 140.34518648852273 13.200337165786422
  endloop
endfacet
facet normal 5.160266802116318e-06 5.434953426912445e-07 0.9999999999865383
  outer loop
    vertex 1038.6147362704226 147.22693213412 13.200336969204752
    vertex 1038.9151997741658 140.34518648852273 13.200337165786422
    vertex 1038.9151997741656 146.50154906838472 13.200336982312376
  endloop
endfacet
facet normal 5.160266802116318e-06 5.434953426912445e-07 0.9999999999865383
  outer loop
    vertex 1038.9151997741656 146.50154906838472 13.200336982312376
    vertex 1038.9151997741658 140.34518648852273 13.200337165786422
    vertex 1039.1512986236942 145.7527391843764 13.200336997941278
  endloop
endfacet
facet normal 5.160266802116318e-06 5.434953426912445e-07 0.9999999999865383
  outer loop
    vertex 1039.1512986236942 145.7527391843764 13.200336997941278
    vertex 1038.9151997741658 140.34518648852273 13.200337165786422
    vertex 1039.1512986236942 141.09399637253105 13.200337136782752
  endloop
endfacet
facet normal 5.160266802116318e-06 5.434953426912445e-07 0.9999999999865383
  outer loop
    vertex 1039.1512986236942 145.7527391843764 13.200336997941278
    vertex 1039.1512986236942 141.09399637253105 13.200337136782752
    vertex 1039.321235964202 144.98620137745607 13.200337015972528
  endloop
endfacet
facet normal 5.160266802116318e-06 5.434953426912445e-07 0.9999999999865383
  outer loop
    vertex 1039.321235964202 144.98620137745607 13.200337015972528
    vertex 1039.1512986236942 141.09399637253105 13.200337136782752
    vertex 1039.3212359642025 141.86053417945138 13.200337109124751
  endloop
endfacet
facet normal 5.160266802116318e-06 5.434953426912445e-07 0.9999999999865383
  outer loop
    vertex 1039.321235964202 144.98620137745607 13.200337015972528
    vertex 1039.3212359642025 141.86053417945138 13.200337109124751
    vertex 1039.4237184699182 144.2077694631827 13.200337036268847
  endloop
endfacet
facet normal 5.160266802116318e-06 5.434953426912445e-07 0.9999999999865383
  outer loop
    vertex 1039.4237184699182 144.2077694631827 13.200337036268847
    vertex 1039.3212359642025 141.86053417945138 13.200337109124751
    vertex 1039.4237184699182 142.63896609372483 13.200337083022866
  endloop
endfacet
facet normal 5.160266802116318e-06 5.434953426912445e-07 0.9999999999865383
  outer loop
    vertex 1039.4237184699182 144.2077694631827 13.200337036268847
    vertex 1039.4237184699182 142.63896609372483 13.200337083022866
    vertex 1039.4579661870923 143.42336777845375 13.200337058675816
  endloop
endfacet
facet normal 0.9537169506793731 -0.30070579952835114 -1.0809869295535587e-05
  outer loop
    vertex 1021.7645666112631 145.75274262354938 13.200437567399206
    vertex 1022.000755731906 146.5015522501977 22.80066300005102
    vertex 1021.7646568822626 145.75274236604878 22.80066308356871
  endloop
endfacet
facet normal 0.9537169506793731 -0.30070579952835114 -1.0809869295535587e-05
  outer loop
    vertex 1022.000755731906 146.5015522501977 22.80066300005102
    vertex 1021.7645666112631 145.75274262354938 13.200437567399206
    vertex 1022.0006654607918 146.50155250755773 13.20043753839555
  endloop
endfacet
facet normal -0.953716950782307 0.3007057993585425 4.75800147482127e-06
  outer loop
    vertex 1038.9152229955182 140.34518893544575 17.7002676891134
    vertex 1039.1512986236942 141.09399637253105 13.200337136782752
    vertex 1038.9151997741658 140.34518648852273 13.200337165786422
  endloop
endfacet
facet normal -0.953716950782307 0.3007057993585425 4.75800147482127e-06
  outer loop
    vertex 1039.1512986236942 141.09399637253105 13.200337136782752
    vertex 1038.9152229955182 140.34518893544575 17.7002676891134
    vertex 1039.1513218448395 141.0939988195617 17.70026867405621
  endloop
endfacet
facet normal 0.9990482215183236 0.043619387362224954 -1.1279145285658e-05
  outer loop
    vertex 1001.3421471331893 142.63896953298175 13.200348768402925
    vertex 1001.3079896889581 143.42337095961813 22.80076220361993
    vertex 1001.3422374061324 142.6389692748892 22.800762226026897
  endloop
endfacet
facet normal 0.9990482215183236 0.043619387362224954 -1.1279145285658e-05
  outer loop
    vertex 1001.3079896889581 143.42337095961813 22.80076220361993
    vertex 1001.3421471331893 142.63896953298175 13.200348768402925
    vertex 1001.3078994160151 143.4233712177107 13.200348745995957
  endloop
endfacet
facet normal -0.9990482215752572 0.04361938721465606 5.131648751647897e-06
  outer loop
    vertex 1039.4237416909605 142.6389685407729 17.700271719412637
    vertex 1039.4579661870923 143.42336777845375 13.200337058675816
    vertex 1039.4237184699182 142.63896609372483 13.200337083022866
  endloop
endfacet
facet normal -0.9990482215752572 0.04361938721465606 5.131648751647897e-06
  outer loop
    vertex 1039.4579661870923 143.42336777845375 13.200337058675816
    vertex 1039.4237416909605 142.6389685407729 17.700271719412637
    vertex 1039.4579894079081 143.4233702254857 17.700273756649242
  endloop
endfacet
facet normal 0.9914448613109438 -0.13052619221577763 -1.12148841339228e-05
  outer loop
    vertex 1021.4921467650391 144.20777290235569 13.200437621159086
    vertex 1021.5947195416076 144.98620455879856 22.80066315310849
    vertex 1021.4922370358629 144.20777264434614 22.80066320814104
  endloop
endfacet
facet normal 0.9914448613109438 -0.13052619221577763 -1.12148841339228e-05
  outer loop
    vertex 1021.5947195416076 144.98620455879856 22.80066315310849
    vertex 1021.4921467650391 144.20777290235569 13.200437621159086
    vertex 1021.5946292707549 144.98620481662908 13.200437595057236
  endloop
endfacet
facet normal -0.923879532501512 0.38268343236152613 4.559478220224196e-06
  outer loop
    vertex 1038.614759491772 139.6198058697121 17.70026707357365
    vertex 1038.9151997741658 140.34518648852273 13.200337165786422
    vertex 1038.614736270422 139.61980342278744 13.200337195915044
  endloop
endfacet
facet normal -0.923879532501512 0.38268343236152613 4.559478220224196e-06
  outer loop
    vertex 1038.9151997741658 140.34518648852273 13.200337165786422
    vertex 1038.614759491772 139.6198058697121 17.70026707357365
    vertex 1038.9152229955182 140.34518893544575 17.7002676891134
  endloop
endfacet
facet normal -0.9762960071246569 0.21643961386087046 4.920300839406174e-06
  outer loop
    vertex 1039.1513218448395 141.0939988195617 17.70026867405621
    vertex 1039.3212359642025 141.86053417945138 13.200337109124751
    vertex 1039.1512986236942 141.09399637253105 13.200337136782752
  endloop
endfacet
facet normal -0.9762960071246569 0.21643961386087046 4.920300839406174e-06
  outer loop
    vertex 1039.3212359642025 141.86053417945138 13.200337109124751
    vertex 1039.1513218448395 141.0939988195617 17.70026867405621
    vertex 1039.3212591852366 141.86053662650428 17.700270020906064
  endloop
endfacet
facet normal 5.021657163735989e-07 1.3721301044596163e-06 0.9999999999989326
  outer loop
    vertex 1016.6079898478873 154.17331446282088 17.700617120742294
    vertex 1014.2819460869081 181.88558292306783 17.700444690891974
    vertex 1014.2819460858028 154.1733144319111 17.700511736237775
  endloop
endfacet
facet normal 5.021657163735989e-07 1.3721301044596163e-06 0.9999999999989326
  outer loop
    vertex 1016.6079902230264 123.91912993534203 17.700617169274484
    vertex 1016.6719508088735 137.05940919377227 17.700587804520648
    vertex 1016.607990080937 136.98960833010847 17.700636132556223
  endloop
endfacet
facet normal 5.021657163735989e-07 1.3721301044596163e-06 0.9999999999989326
  outer loop
    vertex 1016.6719508088735 137.05940919377227 17.700587804520648
    vertex 1016.6079902230264 123.91912993534203 17.700617169274484
    vertex 1020.5826504491973 123.91913006222606 17.70061784283343
  endloop
endfacet
facet normal 5.021657163735989e-07 1.3721301044596163e-06 0.9999999999989326
  outer loop
    vertex 1016.6719508088735 137.05940919377227 17.700587804520648
    vertex 1020.5826504491973 123.91913006222606 17.70061784283343
    vertex 1017.2023897662654 137.63828173727234 17.700587772244464
  endloop
endfacet
facet normal 5.021657163735989e-07 1.3721301044596163e-06 0.9999999999989326
  outer loop
    vertex 1017.2023897662654 137.63828173727234 17.700587772244464
    vertex 1020.5826504491973 123.91913006222606 17.70061784283343
    vertex 1017.6803581767956 138.26118229729178 17.700587740142343
  endloop
endfacet
facet normal 5.021657163735989e-07 1.3721301044596163e-06 0.9999999999989326
  outer loop
    vertex 1017.6803581767956 138.26118229729178 17.700587740142343
    vertex 1020.5826504491973 123.91913006222606 17.70061784283343
    vertex 1018.1022184122545 138.92337022445116 17.700587708458606
  endloop
endfacet
facet normal 5.021657163735989e-07 1.3721301044596163e-06 0.9999999999989326
  outer loop
    vertex 1018.1022184122545 138.92337022445116 17.700587708458606
    vertex 1020.5826504491973 123.91913006222606 17.70061784283343
    vertex 1018.4647598615245 139.61980586878488 17.70058767743434
  endloop
endfacet
facet normal 5.021657163735989e-07 1.3721301044596163e-06 0.9999999999989326
  outer loop
    vertex 1018.4647598615245 139.61980586878488 17.70058767743434
    vertex 1020.5826504491973 123.91913006222606 17.70061784283343
    vertex 1018.7652233652682 140.34518893452014 17.700587647305785
  endloop
endfacet
facet normal 5.021657163735989e-07 1.3721301044596163e-06 0.9999999999989326
  outer loop
    vertex 1018.7652233652682 140.34518893452014 17.700587647305785
    vertex 1020.5826504491973 123.91913006222606 17.70061784283343
    vertex 1019.0013222147963 141.09399881852846 17.700587618302112
  endloop
endfacet
facet normal 5.021657163735989e-07 1.3721301044596163e-06 0.9999999999989326
  outer loop
    vertex 1019.0013222147963 141.09399881852846 17.700587618302112
    vertex 1020.5826504491973 123.91913006222606 17.70061784283343
    vertex 1019.1712595553046 141.86053662544876 17.700587590644094
  endloop
endfacet
facet normal 5.021657163735989e-07 1.3721301044596163e-06 0.9999999999989326
  outer loop
    vertex 1019.1712595553046 141.86053662544876 17.700587590644094
    vertex 1020.5826504491973 123.91913006222606 17.70061784283343
    vertex 1019.2737420610204 142.63896853972224 17.70058756454223
  endloop
endfacet
facet normal 5.021657163735989e-07 1.3721301044596163e-06 0.9999999999989326
  outer loop
    vertex 1019.2737420610204 142.63896853972224 17.70058756454223
    vertex 1020.5826504491973 123.91913006222606 17.70061784283343
    vertex 1019.3079897781948 143.42337022445116 17.700587540195166
  endloop
endfacet
facet normal 5.021657163735989e-07 1.3721301044596163e-06 0.9999999999989326
  outer loop
    vertex 1019.3079897781948 143.42337022445116 17.700587540195166
    vertex 1020.5826504491973 123.91913006222606 17.70061784283343
    vertex 1020.5826461237612 202.97916056653744 17.700541736103766
  endloop
endfacet
facet normal 5.021657163735989e-07 1.3721301044596163e-06 0.9999999999989326
  outer loop
    vertex 1003.4326591480046 195.07474420441494 17.700621509055416
    vertex 1020.5826461237612 202.97916056653744 17.700541736103766
    vertex 1003.4326461245054 202.97916056651215 17.70045561248553
  endloop
endfacet
facet normal 5.021657163735989e-07 1.3721301044596163e-06 0.9999999999989326
  outer loop
    vertex 1020.5826461237612 202.97916056653744 17.700541736103766
    vertex 1003.4326591480046 195.07474420441494 17.700621509055416
    vertex 1014.2819460869081 181.88558292306783 17.700444690891974
  endloop
endfacet
facet normal 5.021657163735989e-07 1.3721301044596163e-06 0.9999999999989326
  outer loop
    vertex 1020.5826461237612 202.97916056653744 17.700541736103766
    vertex 1014.2819460869081 181.88558292306783 17.700444690891974
    vertex 1016.6079898478873 154.17331446282088 17.700617120742294
  endloop
endfacet
facet normal 5.021657163735989e-07 1.3721301044596163e-06 0.9999999999989326
  outer loop
    vertex 1020.5826461237612 202.97916056653744 17.700541736103766
    vertex 1016.6079898478873 154.17331446282088 17.700617120742294
    vertex 1016.6079899064042 149.85713233177248 17.700604660518206
  endloop
endfacet
facet normal 5.021657163735989e-07 1.3721301044596163e-06 0.9999999999989326
  outer loop
    vertex 1020.5826461237612 202.97916056653744 17.700541736103766
    vertex 1016.6079899064042 149.85713233177248 17.700604660518206
    vertex 1016.6719508088735 149.78733125513003 17.700587425198698
  endloop
endfacet
facet normal 5.021657163735989e-07 1.3721301044596163e-06 0.9999999999989326
  outer loop
    vertex 1020.5826461237612 202.97916056653744 17.700541736103766
    vertex 1016.6719508088735 149.78733125513003 17.700587425198698
    vertex 1017.2023897662654 149.20845871162996 17.700587427426036
  endloop
endfacet
facet normal 5.021657163735989e-07 1.3721301044596163e-06 0.9999999999989326
  outer loop
    vertex 1020.5826461237612 202.97916056653744 17.700541736103766
    vertex 1017.2023897662654 149.20845871162996 17.700587427426036
    vertex 1017.6803581767956 148.5855581516105 17.700587432451716
  endloop
endfacet
facet normal 5.021657163735989e-07 1.3721301044596163e-06 0.9999999999989326
  outer loop
    vertex 1020.5826461237612 202.97916056653744 17.700541736103766
    vertex 1017.6803581767956 148.5855581516105 17.700587432451716
    vertex 1018.1022184122545 147.9233702244511 17.700587440237488
  endloop
endfacet
facet normal 5.021657163735989e-07 1.3721301044596163e-06 0.9999999999989326
  outer loop
    vertex 1020.5826461237612 202.97916056653744 17.700541736103766
    vertex 1018.1022184122545 147.9233702244511 17.700587440237488
    vertex 1018.4647598615245 147.22693458011744 17.700587450724047
  endloop
endfacet
facet normal 5.021657163735989e-07 1.3721301044596163e-06 0.9999999999989326
  outer loop
    vertex 1020.5826461237612 202.97916056653744 17.700541736103766
    vertex 1018.4647598615245 147.22693458011744 17.700587450724047
    vertex 1018.7652233652677 146.50155151438213 17.700587463831738
  endloop
endfacet
facet normal 5.021657163735989e-07 1.3721301044596163e-06 0.9999999999989326
  outer loop
    vertex 1020.5826461237612 202.97916056653744 17.700541736103766
    vertex 1018.7652233652677 146.50155151438213 17.700587463831738
    vertex 1019.0013222147961 145.7527416303738 17.700587479460637
  endloop
endfacet
facet normal 5.021657163735989e-07 1.3721301044596163e-06 0.9999999999989326
  outer loop
    vertex 1020.5826461237612 202.97916056653744 17.700541736103766
    vertex 1019.0013222147961 145.7527416303738 17.700587479460637
    vertex 1019.1712595553046 144.9862038234535 17.70058749749187
  endloop
endfacet
facet normal 5.021657163735989e-07 1.3721301044596163e-06 0.9999999999989326
  outer loop
    vertex 1020.5826461237612 202.97916056653744 17.700541736103766
    vertex 1019.1712595553046 144.9862038234535 17.70058749749187
    vertex 1019.2737420610204 144.2077719091801 17.70058751778821
  endloop
endfacet
facet normal 5.021657163735989e-07 1.3721301044596163e-06 0.9999999999989326
  outer loop
    vertex 1020.5826461237612 202.97916056653744 17.700541736103766
    vertex 1019.2737420610204 144.2077719091801 17.70058751778821
    vertex 1019.3079897781948 143.42337022445116 17.700587540195166
  endloop
endfacet
facet normal 2.943869135020788e-08 2.9875616277010835e-08 0.9999999999999991
  outer loop
    vertex 1004.0079887695941 150.17331684181167 5.400320910356239
    vertex 1009.8250257518438 151.02924636384222 5.400365396966298
    vertex 1009.8079886632187 151.15865588570873 5.400365393601658
  endloop
endfacet
facet normal 2.943869135020788e-08 2.9875616277010835e-08 0.9999999999999991
  outer loop
    vertex 1009.8250257518438 151.02924636384222 5.400365396966298
    vertex 1004.0079887695941 150.17331684181167 5.400320910356239
    vertex 1009.874975964628 150.90865588751294 5.400365399098543
  endloop
endfacet
facet normal 2.943869135020788e-08 2.9875616277010835e-08 0.9999999999999991
  outer loop
    vertex 1009.874975964628 150.90865588751294 5.400365399098543
    vertex 1004.0079887695941 150.17331684181167 5.400320910356239
    vertex 1009.9544352771172 150.8051024983975 5.4003653998530865
  endloop
endfacet
facet normal 2.943869135020788e-08 2.9875616277010835e-08 0.9999999999999991
  outer loop
    vertex 1009.9544352771172 150.8051024983975 5.4003653998530865
    vertex 1004.0079887695941 150.17331684181167 5.400320910356239
    vertex 1010.0579886684776 150.72564318883408 5.400365399178506
  endloop
endfacet
facet normal 2.943869135020788e-08 2.9875616277010835e-08 0.9999999999999991
  outer loop
    vertex 1010.0579886684776 150.72564318883408 5.400365399178506
    vertex 1004.0079887695941 150.17331684181167 5.400320910356239
    vertex 1010.178579146218 150.67569297945667 5.400365397120774
  endloop
endfacet
facet normal 2.943869135020788e-08 2.9875616277010835e-08 0.9999999999999991
  outer loop
    vertex 1010.178579146218 150.67569297945667 5.400365397120774
    vertex 1004.0079887695941 150.17331684181167 5.400320910356239
    vertex 1010.3079886685659 150.65865589448774 5.40036539382012
  endloop
endfacet
facet normal 2.943869135020788e-08 2.9875616277010835e-08 0.9999999999999991
  outer loop
    vertex 1010.3079886685659 150.65865589448774 5.40036539382012
    vertex 1004.0079887695941 150.17331684181167 5.400320910356239
    vertex 1016.6079885850592 150.1733170198017 5.40032053965324
  endloop
endfacet
facet normal 2.943869135020788e-08 2.9875616277010835e-08 0.9999999999999991
  outer loop
    vertex 1010.3079886685659 150.65865589448774 5.40036539382012
    vertex 1016.6079885850592 150.1733170198017 5.40032053965324
    vertex 1010.4373981904324 150.67569298311278 5.40036538950148
  endloop
endfacet
facet normal 2.943869135020788e-08 2.9875616277010835e-08 0.9999999999999991
  outer loop
    vertex 1010.4373981904324 150.67569298311278 5.40036538950148
    vertex 1016.6079885850592 150.1733170198017 5.40032053965324
    vertex 1010.5579886667616 150.72564319589716 5.4003653844591595
  endloop
endfacet
facet normal 2.943869135020788e-08 2.9875616277010835e-08 0.9999999999999991
  outer loop
    vertex 1010.5579886667616 150.72564319589716 5.4003653844591595
    vertex 1016.6079885850592 150.1733170198017 5.40032053965324
    vertex 1010.661542055877 150.80510250838623 5.400365379036788
  endloop
endfacet
facet normal 2.943869135020788e-08 2.9875616277010835e-08 0.9999999999999991
  outer loop
    vertex 1010.661542055877 150.80510250838623 5.400365379036788
    vertex 1016.6079885850592 150.1733170198017 5.40032053965324
    vertex 1010.7410013654405 150.9086558997466 5.400365373603888
  endloop
endfacet
facet normal 2.943869135020788e-08 2.9875616277010835e-08 0.9999999999999991
  outer loop
    vertex 1010.7410013654405 150.9086558997466 5.400365373603888
    vertex 1016.6079885850592 150.1733170198017 5.40032053965324
    vertex 1010.7909515748179 151.02924637748708 5.400365368530706
  endloop
endfacet
facet normal 2.943869135020788e-08 2.9875616277010835e-08 0.9999999999999991
  outer loop
    vertex 1010.7909515748179 151.02924637748708 5.400365368530706
    vertex 1016.6079885850592 150.1733170198017 5.40032053965324
    vertex 1010.8079886597868 151.1586558998349 5.400365364162967
  endloop
endfacet
facet normal 2.943869135020788e-08 2.9875616277010835e-08 0.9999999999999991
  outer loop
    vertex 1010.8079886597868 151.1586558998349 5.400365364162967
    vertex 1016.6079885850592 150.1733170198017 5.40032053965324
    vertex 1016.607988520817 154.17331701980166 5.400320420443861
  endloop
endfacet
facet normal 2.943869135020788e-08 2.9875616277010835e-08 0.9999999999999991
  outer loop
    vertex 1004.0079887695941 150.17331684181167 5.400320910356239
    vertex 1016.607988520817 154.17331701980166 5.400320420443861
    vertex 1004.0079887053519 154.17331684181167 5.400320791146858
  endloop
endfacet
facet normal 2.943869135020788e-08 2.9875616277010835e-08 0.9999999999999991
  outer loop
    vertex 1016.607988520817 154.17331701980166 5.400320420443861
    vertex 1004.0079887695941 150.17331684181167 5.400320910356239
    vertex 1010.1785791325732 151.64161880243083 5.400365368263145
  endloop
endfacet
facet normal 2.943869135020788e-08 2.9875616277010835e-08 0.9999999999999991
  outer loop
    vertex 1010.1785791325732 151.64161880243083 5.400365368263145
    vertex 1004.0079887695941 150.17331684181167 5.400320910356239
    vertex 1010.0579886562439 151.59166858964645 5.400365373305465
  endloop
endfacet
facet normal 2.943869135020788e-08 2.9875616277010835e-08 0.9999999999999991
  outer loop
    vertex 1010.0579886562439 151.59166858964645 5.400365373305465
    vertex 1004.0079887695941 150.17331684181167 5.400320910356239
    vertex 1009.9544352671286 151.51220927715738 5.400365378727837
  endloop
endfacet
facet normal 2.943869135020788e-08 2.9875616277010835e-08 0.9999999999999991
  outer loop
    vertex 1009.9544352671286 151.51220927715738 5.400365378727837
    vertex 1004.0079887695941 150.17331684181167 5.400320910356239
    vertex 1009.8749759575651 151.40865588579703 5.400365384160737
  endloop
endfacet
facet normal 2.943869135020788e-08 2.9875616277010835e-08 0.9999999999999991
  outer loop
    vertex 1009.8749759575651 151.40865588579703 5.400365384160737
    vertex 1004.0079887695941 150.17331684181167 5.400320910356239
    vertex 1009.8250257481876 151.28806540805655 5.400365389233919
  endloop
endfacet
facet normal 2.943869135020788e-08 2.9875616277010835e-08 0.9999999999999991
  outer loop
    vertex 1009.8250257481876 151.28806540805655 5.400365389233919
    vertex 1004.0079887695941 150.17331684181167 5.400320910356239
    vertex 1009.8079886632187 151.15865588570873 5.400365393601658
  endloop
endfacet
facet normal 2.943869135020788e-08 2.9875616277010835e-08 0.9999999999999991
  outer loop
    vertex 1016.607988520817 154.17331701980166 5.400320420443861
    vertex 1010.1785791325732 151.64161880243083 5.400365368263145
    vertex 1010.3079886544396 151.6586558910559 5.400365363944505
  endloop
endfacet
facet normal 2.943869135020788e-08 2.9875616277010835e-08 0.9999999999999991
  outer loop
    vertex 1016.607988520817 154.17331701980166 5.400320420443861
    vertex 1010.3079886544396 151.6586558910559 5.400365363944505
    vertex 1010.4373981767875 151.64161880608694 5.400365360643851
  endloop
endfacet
facet normal 2.943869135020788e-08 2.9875616277010835e-08 0.9999999999999991
  outer loop
    vertex 1016.607988520817 154.17331701980166 5.400320420443861
    vertex 1010.4373981767875 151.64161880608694 5.400365360643851
    vertex 1010.557988654528 151.59166859670955 5.400365358586118
  endloop
endfacet
facet normal 2.943869135020788e-08 2.9875616277010835e-08 0.9999999999999991
  outer loop
    vertex 1016.607988520817 154.17331701980166 5.400320420443861
    vertex 1010.557988654528 151.59166859670955 5.400365358586118
    vertex 1010.6615420458883 151.51220928714613 5.4003653579115385
  endloop
endfacet
facet normal 2.943869135020788e-08 2.9875616277010835e-08 0.9999999999999991
  outer loop
    vertex 1016.607988520817 154.17331701980166 5.400320420443861
    vertex 1010.6615420458883 151.51220928714613 5.4003653579115385
    vertex 1010.7410013583775 151.40865589803067 5.400365358666082
  endloop
endfacet
facet normal 2.943869135020788e-08 2.9875616277010835e-08 0.9999999999999991
  outer loop
    vertex 1016.607988520817 154.17331701980166 5.400320420443861
    vertex 1010.7410013583775 151.40865589803067 5.400365358666082
    vertex 1010.7909515711617 151.2880654217014 5.400365360798327
  endloop
endfacet
facet normal 2.943869135020788e-08 2.9875616277010835e-08 0.9999999999999991
  outer loop
    vertex 1016.607988520817 154.17331701980166 5.400320420443861
    vertex 1010.7909515711617 151.2880654217014 5.400365360798327
    vertex 1010.8079886597868 151.1586558998349 5.400365364162967
  endloop
endfacet
facet normal -0.8433914458803556 0.5372996082255772 4.060104068521128e-06
  outer loop
    vertex 1037.8303578072605 138.2611822979354 17.700266966594775
    vertex 1038.2521948211524 138.92336777845375 13.200337226939244
    vertex 1037.8303345856932 138.26117985129437 13.200337258622985
  endloop
endfacet
facet normal -0.8433914458803556 0.5372996082255772 4.060104068521128e-06
  outer loop
    vertex 1038.2521948211524 138.92336777845375 13.200337226939244
    vertex 1037.8303578072605 138.2611822979354 17.700266966594775
    vertex 1038.2522180425901 138.92337022529765 17.700266832121567
  endloop
endfacet
facet normal 0.5555702332423702 0.8314696121525945 1.3537935692597047e-06
  outer loop
    vertex 1001.9326461255148 217.57723734130036 17.700312252950553
    vertex 1002.2589340405699 217.3592137036393 22.80059763703372
    vertex 1002.2589304128039 217.35922115052924 17.700305540209204
  endloop
endfacet
facet normal 0.5555702332423702 0.8314696121525945 1.3537935692597047e-06
  outer loop
    vertex 1002.2589340405699 217.3592137036393 22.80059763703372
    vertex 1001.9326461255148 217.57723734130036 17.700312252950553
    vertex 1001.9326497532808 217.57722989441044 22.80060434977509
  endloop
endfacet
facet normal -0.8433914458039468 -0.5372996083407843 4.644144859423741e-06
  outer loop
    vertex 1038.252218041588 147.92337022499663 17.700292061088277
    vertex 1037.8303345856934 148.5855557056131 13.20033695093235
    vertex 1038.2521948211522 147.92336777845372 13.200336958718129
  endloop
endfacet
facet normal -0.8433914458039468 -0.5372996083407843 4.644144859423741e-06
  outer loop
    vertex 1037.8303345856934 148.5855557056131 13.20033695093235
    vertex 1038.252218041588 147.92337022499663 17.700292061088277
    vertex 1037.8303578061546 148.58555815214976 17.700295908076406
  endloop
endfacet
facet normal -3.061922032450103e-08 0.9999999999999997 -2.1010070430680023e-15
  outer loop
    vertex 1016.607989893672 123.91913067050903 22.800435272430775
    vertex 1020.5826504491973 123.91913006222606 17.70061784283343
    vertex 1016.6079902230264 123.91912993534203 17.700617169274484
  endloop
endfacet
facet normal -3.061922032450103e-08 0.9999999999999997 -2.1010070430680023e-15
  outer loop
    vertex 1020.5826504491973 123.91913006222606 17.70061784283343
    vertex 1016.607989893672 123.91913067050903 22.800435272430775
    vertex 1020.5826501198432 123.91913079739305 22.80043594598973
  endloop
endfacet
facet normal -0.6587977600416269 -0.7523199475541814 0.0004559344344216974
  outer loop
    vertex 979.7242610287669 192.76259830142993 13.20047180167148
    vertex 979.4305606088166 193.02470871276702 22.800522848102176
    vertex 979.4292249722336 193.02133797874416 13.200471801670332
  endloop
endfacet
facet normal -0.6587977600416269 -0.7523199475541814 0.0004559344344216974
  outer loop
    vertex 979.4305606088166 193.02470871276702 22.800522848102176
    vertex 979.7242610287669 192.76259830142993 13.20047180167148
    vertex 979.7255459310562 192.7665833684119 22.800522845002703
  endloop
endfacet
facet normal 1.4126192395865168e-08 -0.9999999999999996 2.999941009522152e-08
  outer loop
    vertex 1016.6079885850592 150.1733170198017 5.40032053965324
    vertex 1004.007945125995 150.1732147279736 -0.9994563446917805
    vertex 1016.6079449414572 150.17321490596095 -0.9995443578970501
  endloop
endfacet
facet normal 1.4126192395865168e-08 -0.9999999999999996 2.999941009522152e-08
  outer loop
    vertex 1004.007945125995 150.1732147279736 -0.9994563446917805
    vertex 1016.6079885850592 150.1733170198017 5.40032053965324
    vertex 1004.0079887695941 150.17331684181167 5.400320910356239
  endloop
endfacet
facet normal -0.9999999999988143 -2.3477101492291715e-09 1.5399828055350725e-06
  outer loop
    vertex 978.5505573621939 195.14267390417845 22.80052286503271
    vertex 978.5505455877945 214.9791381452186 13.200010272155623
    vertex 978.5505453157931 195.1426583223038 13.200471801666916
  endloop
endfacet
facet normal -0.9999999999988143 -2.3477101492291715e-09 1.5399828055350725e-06
  outer loop
    vertex 978.5505455877945 214.9791381452186 13.200010272155623
    vertex 978.5505573621939 195.14267390417845 22.80052286503271
    vertex 978.5505574449246 214.97915368349555 22.80052554271334
  endloop
endfacet
facet normal -0.9914448613611816 0.13052619221847214 5.045179720691735e-06
  outer loop
    vertex 1039.3212591852366 141.86053662650428 17.700270020906064
    vertex 1039.4237184699182 142.63896609372483 13.200337083022866
    vertex 1039.3212359642025 141.86053417945138 13.200337109124751
  endloop
endfacet
facet normal -0.9914448613611816 0.13052619221847214 5.045179720691735e-06
  outer loop
    vertex 1039.4237184699182 142.63896609372483 13.200337083022866
    vertex 1039.3212591852366 141.86053662650428 17.700270020906064
    vertex 1039.4237416909605 142.6389685407729 17.700271719412637
  endloop
endfacet
facet normal 3.887229553463825e-12 0.00011178659197132853 -0.9999999937518791
  outer loop
    vertex 989.5505516501241 187.15381353839115 5.0013273203115745
    vertex 1086.7505087779086 176.72602636390238 5.000161426710978
    vertex 989.5505152502444 176.7260263940218 5.00016163351762
  endloop
endfacet
facet normal 3.887229553463825e-12 0.00011178659197132853 -0.9999999937518791
  outer loop
    vertex 1086.7505087779086 176.72602636390238 5.000161426710978
    vertex 989.5505516501241 187.15381353839115 5.0013273203115745
    vertex 1086.7505087779089 187.15381350827266 5.001327113504933
  endloop
endfacet
facet normal -0.896550574340898 -0.44294132343844683 0.00022724348891044728
  outer loop
    vertex 978.9536648592298 193.6448068258448 22.80052285426911
    vertex 978.778906718259 193.99460802520838 13.200471801667845
    vertex 978.9524691044396 193.64265832230373 13.20047180166848
  endloop
endfacet
facet normal -0.896550574340898 -0.44294132343844683 0.00022724348891044728
  outer loop
    vertex 978.778906718259 193.99460802520838 13.200471801667845
    vertex 978.9536648592298 193.6448068258448 22.80052285426911
    vertex 978.7799142503795 193.99616954392906 22.800522857231012
  endloop
endfacet
facet normal -0.896550574340898 -0.44294132343844683 0.00022724348891044728
  outer loop
    vertex 978.778906718259 193.99460802520838 13.200471801667845
    vertex 978.7799142503795 193.99616954392906 22.800522857231012
    vertex 978.7799143762205 193.99616872606447 20.7005590225946
  endloop
endfacet
facet normal -0.9537169507151957 -0.30070579956604304 5.0848782082887e-06
  outer loop
    vertex 1039.1513218443383 145.7527416312974 17.700281733530357
    vertex 1038.9151997741656 146.50154906838472 13.200336982312376
    vertex 1039.1512986236942 145.7527391843764 13.200336997941278
  endloop
endfacet
facet normal -0.9537169507151957 -0.30070579956604304 5.0848782082887e-06
  outer loop
    vertex 1038.9151997741656 146.50154906838472 13.200336982312376
    vertex 1039.1513218443383 145.7527416312974 17.700281733530357
    vertex 1038.9152229947383 146.50155151522753 17.700284946743018
  endloop
endfacet
facet normal 0.9999999999997824 5.565154111132185e-07 -3.544400025167385e-07
  outer loop
    vertex 1024.1579447560223 150.17321472424015 -0.9996180426589009
    vertex 1024.157996295806 125.72562814457191 5.400442094874582
    vertex 1024.1579626205864 125.72551472417395 -0.9992020147234512
  endloop
endfacet
facet normal 0.9999999999997824 5.565154111132185e-07 -3.544400025167385e-07
  outer loop
    vertex 1024.157996295806 125.72562814457191 5.400442094874582
    vertex 1024.1579447560223 150.17321472424015 -0.9996180426589009
    vertex 1024.1578987335733 136.9896093134067 13.200361134985798
  endloop
endfacet
facet normal 0.9999999999997824 5.565154111132185e-07 -3.544400025167385e-07
  outer loop
    vertex 1024.157996295806 125.72562814457191 5.400442094874582
    vertex 1024.1578987335733 136.9896093134067 13.200361134985798
    vertex 1024.1579890056266 136.98960905451682 22.80066291434471
  endloop
endfacet
facet normal 0.9999999999997824 5.565154111132185e-07 -3.544400025167385e-07
  outer loop
    vertex 1024.1578987335733 136.9896093134067 13.200361134985798
    vertex 1024.1579447560223 150.17321472424015 -0.9996180426589009
    vertex 1024.157898500007 149.85713286627654 13.200370069133307
  endloop
endfacet
facet normal 0.9999999999997824 5.565154111132185e-07 -3.544400025167385e-07
  outer loop
    vertex 1024.157898500007 149.85713286627654 13.200370069133307
    vertex 1024.1579886950358 154.17331758597197 22.800662202575086
    vertex 1024.1579711085944 149.85713260817255 22.800662381360514
  endloop
endfacet
facet normal 0.9999999999997824 5.565154111132185e-07 -3.544400025167385e-07
  outer loop
    vertex 1024.1579886950358 154.17331758597197 22.800662202575086
    vertex 1024.157898500007 149.85713286627654 13.200370069133307
    vertex 1024.157988401444 150.17331684172774 5.400409809866424
  endloop
endfacet
facet normal 0.9999999999997824 5.565154111132185e-07 -3.544400025167385e-07
  outer loop
    vertex 1024.157988401444 150.17331684172774 5.400409809866424
    vertex 1024.157898500007 149.85713286627654 13.200370069133307
    vertex 1024.1579447560223 150.17321472424015 -0.9996180426589009
  endloop
endfacet
facet normal 0.9999999999997824 5.565154111132185e-07 -3.544400025167385e-07
  outer loop
    vertex 1024.1579886950358 154.17331758597197 22.800662202575086
    vertex 1024.157988401444 150.17331684172774 5.400409809866424
    vertex 1024.1579883372015 154.17331684172777 5.4004096906570425
  endloop
endfacet
facet normal 0.9999999999997824 5.565154111132185e-07 -3.544400025167385e-07
  outer loop
    vertex 1024.157996295806 125.72562814457191 5.400442094874582
    vertex 1024.1579891050935 120.67336836976988 22.80066359018282
    vertex 1024.1579863425268 120.67331450603768 5.40041915600019
  endloop
endfacet
facet normal 0.9999999999997824 5.565154111132185e-07 -3.544400025167385e-07
  outer loop
    vertex 1024.1579891050935 120.67336836976988 22.80066359018282
    vertex 1024.157996295806 125.72562814457191 5.400442094874582
    vertex 1024.1579890056266 136.98960905451682 22.80066291434471
  endloop
endfacet
facet normal 0.6593458153704009 0.7518398072411592 1.057418160619527e-06
  outer loop
    vertex 1002.2589304128039 217.35922115052924 17.700305540209204
    vertex 1002.5539700972788 217.10047402599548 22.8005892753767
    vertex 1002.5539664695127 217.1004814728854 17.70029717855215
  endloop
endfacet
facet normal 0.6593458153704009 0.7518398072411592 1.057418160619527e-06
  outer loop
    vertex 1002.5539700972788 217.10047402599548 22.8005892753767
    vertex 1002.2589304128039 217.35922115052924 17.700305540209204
    vertex 1002.2589340405699 217.3592137036393 22.80059763703372
  endloop
endfacet
facet normal -0.9999999999999825 -1.5339157012323641e-07 -1.0785843989510593e-07
  outer loop
    vertex 1016.607989893672 123.91913067050903 22.800435272430775
    vertex 1016.6079902230264 123.91912993534203 17.700617169274484
    vertex 1016.6079894823539 120.67336220187958 22.800612948315532
  endloop
endfacet
facet normal -0.9999999999999825 -1.5339157012323641e-07 -1.0785843989510593e-07
  outer loop
    vertex 1016.6079894823539 120.67336220187958 22.800612948315532
    vertex 1016.6079964794051 125.7256283226126 5.400263227035444
    vertex 1016.6079865261422 120.67331468411162 5.4003298857870075
  endloop
endfacet
facet normal -0.9999999999999825 -1.5339157012323641e-07 -1.0785843989510593e-07
  outer loop
    vertex 1016.6079964794051 125.7256283226126 5.400263227035444
    vertex 1016.6079894823539 120.67336220187958 22.800612948315532
    vertex 1016.6079902230264 123.91912993534203 17.700617169274484
  endloop
endfacet
facet normal -0.9999999999999825 -1.5339157012323641e-07 -1.0785843989510593e-07
  outer loop
    vertex 1016.6079964794051 125.7256283226126 5.400263227035444
    vertex 1016.6079902230264 123.91912993534203 17.700617169274484
    vertex 1016.607990080937 136.98960833010847 17.700636132556223
  endloop
endfacet
facet normal -0.9999999999999825 -1.5339157012323641e-07 -1.0785843989510593e-07
  outer loop
    vertex 1016.6079964794051 125.7256283226126 5.400263227035444
    vertex 1016.607990080937 136.98960833010847 17.700636132556223
    vertex 1016.607966857985 136.989605884195 13.200296751526698
  endloop
endfacet
facet normal -0.9999999999999825 -1.5339157012323641e-07 -1.0785843989510593e-07
  outer loop
    vertex 1016.6079964794051 125.7256283226126 5.400263227035444
    vertex 1016.6079449414572 150.17321490596095 -0.9995443578970501
    vertex 1016.6079453212757 125.72551490606686 -0.999154125326769
  endloop
endfacet
facet normal -0.9999999999999825 -1.5339157012323641e-07 -1.0785843989510593e-07
  outer loop
    vertex 1016.6079449414572 150.17321490596095 -0.9995443578970501
    vertex 1016.6079964794051 125.7256283226126 5.400263227035444
    vertex 1016.607966857985 136.989605884195 13.200296751526698
  endloop
endfacet
facet normal -0.9999999999999825 -1.5339157012323641e-07 -1.0785843989510593e-07
  outer loop
    vertex 1016.6079449414572 150.17321490596095 -0.9995443578970501
    vertex 1016.607966857985 136.989605884195 13.200296751526698
    vertex 1016.6079666834521 149.857129885859 13.200265279488683
  endloop
endfacet
facet normal -0.9999999999999825 -1.5339157012323641e-07 -1.0785843989510593e-07
  outer loop
    vertex 1016.6079449414572 150.17321490596095 -0.9995443578970501
    vertex 1016.6079666834521 149.857129885859 13.200265279488683
    vertex 1016.6079899064042 149.85713233177248 17.700604660518206
  endloop
endfacet
facet normal -0.9999999999999825 -1.5339157012323641e-07 -1.0785843989510593e-07
  outer loop
    vertex 1016.6079449414572 150.17321490596095 -0.9995443578970501
    vertex 1016.6079899064042 149.85713233177248 17.700604660518206
    vertex 1016.6079885850592 150.1733170198017 5.40032053965324
  endloop
endfacet
facet normal -0.9999999999999825 -1.5339157012323641e-07 -1.0785843989510593e-07
  outer loop
    vertex 1016.6079885850592 150.1733170198017 5.40032053965324
    vertex 1016.6079899064042 149.85713233177248 17.700604660518206
    vertex 1016.6079898478873 154.17331446282088 17.700617120742294
  endloop
endfacet
facet normal -0.9999999999999825 -1.5339157012323641e-07 -1.0785843989510593e-07
  outer loop
    vertex 1016.6079885850592 150.1733170198017 5.40032053965324
    vertex 1016.6079898478873 154.17331446282088 17.700617120742294
    vertex 1016.607988520817 154.17331701980166 5.400320420443861
  endloop
endfacet
facet normal -0.7933533402855352 0.6087614290045185 3.76305593568503e-06
  outer loop
    vertex 1037.3523893967324 137.6382817379151 17.70026747596982
    vertex 1037.8303345856932 138.26117985129437 13.200337258622985
    vertex 1037.3523661751633 137.6382792912749 13.200337290725116
  endloop
endfacet
facet normal -0.7933533402855352 0.6087614290045185 3.76305593568503e-06
  outer loop
    vertex 1037.8303345856932 138.26117985129437 13.200337258622985
    vertex 1037.3523893967324 137.6382817379151 17.70026747596982
    vertex 1037.8303578072605 138.2611822979354 17.700266966594775
  endloop
endfacet
facet normal -0.8870108331133486 -0.46174861333441186 4.828172248636835e-06
  outer loop
    vertex 1038.614759490939 147.22693458087048 17.700288398017758
    vertex 1038.2521948211522 147.92336777845372 13.200336958718129
    vertex 1038.6147362704226 147.22693213412 13.200336969204752
  endloop
endfacet
facet normal -0.8870108331133486 -0.46174861333441186 4.828172248636835e-06
  outer loop
    vertex 1038.2521948211522 147.92336777845372 13.200336958718129
    vertex 1038.614759490939 147.22693458087048 17.700288398017758
    vertex 1038.252218041588 147.92337022499663 17.700292061088277
  endloop
endfacet
facet normal -1.0445843533781852e-06 0.9999999999987914 1.1515207124550217e-06
  outer loop
    vertex 1036.7579929014 123.91913079730917 22.80047314345819
    vertex 1040.7326461240077 123.9191382440217 17.700308780360132
    vertex 1036.7579898526387 123.91912994044114 17.700231823121722
  endloop
endfacet
facet normal -1.0445843533781852e-06 0.9999999999987914 1.1515207124550217e-06
  outer loop
    vertex 1040.7326461240077 123.9191382440217 17.700308780360132
    vertex 1036.7579929014 123.91913079730917 22.80047314345819
    vertex 1040.7326497516929 123.91913079730914 22.800524845499915
  endloop
endfacet
facet normal -0.441635121930707 -0.8971945438571878 0.0006079063600268668
  outer loop
    vertex 980.4024950186976 192.37101972476987 13.200471801674162
    vertex 980.051699731286 192.54916963303344 22.80052284196328
    vertex 980.0505453157928 192.5445821109506 13.200471801672748
  endloop
endfacet
facet normal -0.441635121930707 -0.8971945438571878 0.0006079063600268668
  outer loop
    vertex 980.051699731286 192.54916963303344 22.80052284196328
    vertex 980.4024950186976 192.37101972476987 13.200471801674162
    vertex 980.4034414275567 192.37618751592245 22.800522839035942
  endloop
endfacet
facet normal -0.19509032201354426 -0.9807852803889985 5.378232506176657e-06
  outer loop
    vertex 981.1589752404983 192.16834672334798 17.700471801610334
    vertex 980.7740881804854 192.24488084343673 13.20047180167556
    vertex 981.158966739133 192.16832373818232 13.200471801677057
  endloop
endfacet
facet normal -0.3203404677910851 -0.9473022563111709 0.0006479839146797194
  outer loop
    vertex 980.7747527477643 192.25059597119798 20.700559001634346
    vertex 980.4034414275567 192.37618751592245 22.800522839035942
    vertex 980.4024950186976 192.37101972476987 13.200471801674162
  endloop
endfacet
facet normal -0.3203404677910851 -0.9473022563111709 0.0006479839146797194
  outer loop
    vertex 980.4034414275567 192.37618751592245 22.800522839035942
    vertex 980.7747527477643 192.25059597119798 20.700559001634346
    vertex 980.7747526219232 192.25059678906248 22.800522836270773
  endloop
endfacet
facet normal -0.20367297951566066 -0.979038672225081 0.0007718179603993432
  outer loop
    vertex 981.1589752404983 192.16834672334798 17.700471801610334
    vertex 980.7747527477643 192.25059597119798 20.700559001634346
    vertex 980.7740881804854 192.24488084343673 13.20047180167556
  endloop
endfacet
facet normal -0.20367297951566066 -0.979038672225081 0.0007718179603993432
  outer loop
    vertex 980.7747527477643 192.25059597119798 20.700559001634346
    vertex 981.1589752404983 192.16834672334798 17.700471801610334
    vertex 980.8297030080229 192.23928124254056 20.700559770363647
  endloop
endfacet
facet normal -1.4249940715506034e-08 0.999999999842949 -1.7722922957554294e-05
  outer loop
    vertex 1024.1579626205864 125.72551472417395 -0.9992020147234512
    vertex 1036.7579961112547 125.72562832252866 5.400352126545631
    vertex 1036.7579652130296 125.72551490209739 -0.9992936357257435
  endloop
endfacet
facet normal -1.4249940715506034e-08 0.999999999842949 -1.7722922957554294e-05
  outer loop
    vertex 1036.7579961112547 125.72562832252866 5.400352126545631
    vertex 1024.1579626205864 125.72551472417395 -0.9992020147234512
    vertex 1024.157996295806 125.72562814457191 5.400442094874582
  endloop
endfacet
facet normal 0.8870108331327962 -0.4617486132123511 -1.0076393408373454e-05
  outer loop
    vertex 1022.3011289645348 147.22693557329302 13.200437508266933
    vertex 1022.6637606850545 147.92337096038636 22.800662793725696
    vertex 1022.3012192357847 147.2269353160523 22.800662903190947
  endloop
endfacet
facet normal 0.8870108331327962 -0.4617486132123511 -1.0076393408373454e-05
  outer loop
    vertex 1022.6637606850545 147.92337096038636 22.800662793725696
    vertex 1022.3011289645348 147.22693557329302 13.200437508266933
    vertex 1022.6636704138049 147.92337121762674 13.200437477242726
  endloop
endfacet
facet normal -0.7933533402500135 -0.6087614290463611 4.424783521894642e-06
  outer loop
    vertex 1037.8303578061546 148.58555815214976 17.700295908076406
    vertex 1037.3523661751633 149.20845626563255 13.200336945906688
    vertex 1037.8303345856934 148.5855557056131 13.20033695093235
  endloop
endfacet
facet normal -0.7933533402500135 -0.6087614290463611 4.424783521894642e-06
  outer loop
    vertex 1037.3523661751633 149.20845626563255 13.200336945906688
    vertex 1037.8303578061546 148.58555815214976 17.700295908076406
    vertex 1037.3523893956265 149.20845871205427 17.700299909704224
  endloop
endfacet
facet normal 0.9999999999988342 5.244933433376079e-07 -1.4340639784719159e-06
  outer loop
    vertex 1003.4326461245054 202.97916056651215 17.70045561248553
    vertex 1003.4326582165653 195.07474793584268 22.80061174834322
    vertex 1003.4326591480046 195.07474420441494 17.700621509055416
  endloop
endfacet
facet normal 0.9999999999988342 5.244933433376079e-07 -1.4340639784719159e-06
  outer loop
    vertex 1003.4326582165653 195.07474793584268 22.80061174834322
    vertex 1003.4326461245054 202.97916056651215 17.70045561248553
    vertex 1003.4326497523969 214.97915368057497 22.800514121440298
  endloop
endfacet
facet normal 0.9999999999988342 5.244933433376079e-07 -1.4340639784719159e-06
  outer loop
    vertex 1003.4326497523969 214.97915368057497 22.800514121440298
    vertex 1003.4326461245054 202.97916056651215 17.70045561248553
    vertex 1003.4326461246308 214.979161127465 17.700222024615762
  endloop
endfacet
facet normal 2.0682093627498722e-08 -4.3750080202364445e-06 0.9999999999904294
  outer loop
    vertex 989.5505601514577 192.1426813375879 17.700472008827866
    vertex 983.1505538171581 195.94268130746943 17.700471801618054
    vertex 981.5505538171584 192.14268130746942 17.700471801611844
  endloop
endfacet
facet normal 2.0682093627498722e-08 -4.3750080202364445e-06 0.9999999999904294
  outer loop
    vertex 983.1505538171581 195.94268130746943 17.700471801618054
    vertex 989.5505601514577 192.1426813375879 17.700472008827866
    vertex 989.5242944285139 195.94268130817508 17.700472229091215
  endloop
endfacet
facet normal 2.0682093627498722e-08 -4.3750080202364445e-06 0.9999999999904294
  outer loop
    vertex 989.5242944285139 195.94268130817508 17.700472229091215
    vertex 989.5505601514577 192.1426813375879 17.700472008827866
    vertex 989.5242944857833 214.17916113089132 17.70068015649976
  endloop
endfacet
facet normal 2.0682093627498722e-08 -4.3750080202364445e-06 0.9999999999904294
  outer loop
    vertex 981.5505538171584 192.14268130746942 17.700471801611844
    vertex 981.4505538171583 215.87916113018576 17.700575812743672
    vertex 981.4505538171583 192.14923565375068 17.70047186338659
  endloop
endfacet
facet normal 2.0682093627498722e-08 -4.3750080202364445e-06 0.9999999999904294
  outer loop
    vertex 981.4505538171583 215.87916113018576 17.700575812743672
    vertex 981.5505538171584 192.14268130746942 17.700471801611844
    vertex 983.1505538744278 214.1791611301857 17.70067972902661
  endloop
endfacet
facet normal 2.0682093627498722e-08 -4.3750080202364445e-06 0.9999999999904294
  outer loop
    vertex 981.4505538171583 215.87916113018576 17.700575812743672
    vertex 983.1505538744278 214.1791611301857 17.70067972902661
    vertex 991.9705538171582 215.87916114737618 17.700575444609264
  endloop
endfacet
facet normal 2.0682093627498722e-08 -4.3750080202364445e-06 0.9999999999904294
  outer loop
    vertex 983.1505538744278 214.1791611301857 17.70067972902661
    vertex 981.5505538171584 192.14268130746942 17.700471801611844
    vertex 983.1505538171581 195.94268130746943 17.700471801618054
  endloop
endfacet
facet normal 2.0682093627498722e-08 -4.3750080202364445e-06 0.9999999999904294
  outer loop
    vertex 991.9705538171582 215.87916114737618 17.700575444609264
    vertex 983.1505538744278 214.1791611301857 17.70067972902661
    vertex 989.5242944857833 214.17916113089132 17.70068015649976
  endloop
endfacet
facet normal 2.0682093627498722e-08 -4.3750080202364445e-06 0.9999999999904294
  outer loop
    vertex 991.9705538171582 215.87916114737618 17.700575444609264
    vertex 989.5242944857833 214.17916113089132 17.70068015649976
    vertex 989.5505601514577 192.1426813375879 17.700472008827866
  endloop
endfacet
facet normal 2.0682093627498722e-08 -4.3750080202364445e-06 0.9999999999904294
  outer loop
    vertex 991.9705538171582 215.87916114737618 17.700575444609264
    vertex 989.5505601514577 192.1426813375879 17.700472008827866
    vertex 991.9705538171582 192.14268132471767 17.70047152833294
  endloop
endfacet
facet normal -0.9238795324745385 -0.3826834324214643 4.9754632085870535e-06
  outer loop
    vertex 1038.9152229947383 146.50155151522753 17.700284946743018
    vertex 1038.6147362704226 147.22693213412 13.200336969204752
    vertex 1038.9151997741656 146.50154906838472 13.200336982312376
  endloop
endfacet
facet normal -0.9238795324745385 -0.3826834324214643 4.9754632085870535e-06
  outer loop
    vertex 1038.6147362704226 147.22693213412 13.200336969204752
    vertex 1038.9152229947383 146.50155151522753 17.700284946743018
    vertex 1038.614759490939 147.22693458087048 17.700288398017758
  endloop
endfacet
facet normal -0.32143946530314377 0.9469301294942571 -1.2721728280612851e-06
  outer loop
    vertex 980.4025071478294 217.75079228102942 22.800525542720546
    vertex 980.7740884524869 217.87691562408588 13.200010272164267
    vertex 980.4024952906994 217.75077674275235 13.200010272162869
  endloop
endfacet
facet normal -0.32143946530314377 0.9469301294942571 -1.2721728280612851e-06
  outer loop
    vertex 980.7740884524869 217.87691562408588 13.200010272164267
    vertex 980.4025071478294 217.75079228102942 22.800525542720546
    vertex 980.7741003096172 217.87693116236278 22.80052554272197
  endloop
endfacet
facet normal 0.9469301297933772 0.32143946442438165 -2.542125033367067e-07
  outer loop
    vertex 1003.3304236044188 215.75561826325097 17.700250472929234
    vertex 1003.2042883511309 216.12720397846869 22.800555853552144
    vertex 1003.3304272321847 215.75561081636093 22.80054256975378
  endloop
endfacet
facet normal 0.9469301297933772 0.32143946442438165 -2.542125033367067e-07
  outer loop
    vertex 1003.2042883511309 216.12720397846869 22.800555853552144
    vertex 1003.3304236044188 215.75561826325097 17.700250472929234
    vertex 1003.2042847233648 216.1272114253587 17.700263756727605
  endloop
endfacet
facet normal 0.7372803992978906 -0.6755868654356896 -7.869080855749395e-06
  outer loop
    vertex 1023.5634990597939 149.20845970480556 13.200437413456863
    vertex 1024.1579711085944 149.85713260817255 22.800662381360514
    vertex 1023.5635893313678 149.2084594477239 22.800662540401564
  endloop
endfacet
facet normal 0.7372803992978906 -0.6755868654356896 -7.869080855749395e-06
  outer loop
    vertex 1024.1579711085944 149.85713260817255 22.800662381360514
    vertex 1023.5634990597939 149.20845970480556 13.200437413456863
    vertex 1024.0939380171858 149.78733224830563 13.200437381180672
  endloop
endfacet
facet normal 0.7372803992978906 -0.6755868654356896 -7.869080855749395e-06
  outer loop
    vertex 1024.1579711085944 149.85713260817255 22.800662381360514
    vertex 1024.0939380171858 149.78733224830563 13.200437381180672
    vertex 1024.157898500007 149.85713286627654 13.200370069133307
  endloop
endfacet
facet normal 7.4334640607408215e-06 -5.743807091859325e-07 0.999999999972207
  outer loop
    vertex 1077.0579886296684 123.9191382436643 17.7002746717185
    vertex 1077.1219504408045 137.05940919351067 17.70075273919069
    vertex 1077.057987793099 136.98960833061687 17.700294543707777
  endloop
endfacet
facet normal 7.4334640607408215e-06 -5.743807091859325e-07 0.999999999972207
  outer loop
    vertex 1077.1219504408045 137.05940919351067 17.70075273919069
    vertex 1077.0579886296684 123.9191382436643 17.7002746717185
    vertex 1081.032646124008 123.91913824402158 17.700308783835233
  endloop
endfacet
facet normal 7.4334640607408215e-06 -5.743807091859325e-07 0.999999999972207
  outer loop
    vertex 1077.1219504408045 137.05940919351067 17.70075273919069
    vertex 1081.032646124008 123.91913824402158 17.700308783835233
    vertex 1077.6523893964047 137.63828173751787 17.700292890348692
  endloop
endfacet
facet normal 7.4334640607408215e-06 -5.743807091859325e-07 0.999999999972207
  outer loop
    vertex 1077.6523893964047 137.63828173751787 17.700292890348692
    vertex 1081.032646124008 123.91913824402158 17.700308783835233
    vertex 1078.1303578069305 138.26118229753857 17.700291714855087
  endloop
endfacet
facet normal 7.4334640607408215e-06 -5.743807091859325e-07 0.999999999972207
  outer loop
    vertex 1078.1303578069305 138.26118229753857 17.700291714855087
    vertex 1081.032646124008 123.91913824402158 17.700308783835233
    vertex 1078.5522180423304 138.92337022476732 17.700290848254877
  endloop
endfacet
facet normal 7.4334640607408215e-06 -5.743807091859325e-07 0.999999999972207
  outer loop
    vertex 1078.5522180423304 138.92337022476732 17.700290848254877
    vertex 1081.032646124008 123.91913824402158 17.700308783835233
    vertex 1078.9147594915314 139.61980586915905 17.700290297143415
  endloop
endfacet
facet normal 7.4334640607408215e-06 -5.743807091859325e-07 0.999999999972207
  outer loop
    vertex 1078.9147594915314 139.61980586915905 17.700290297143415
    vertex 1081.032646124008 123.91913824402158 17.700308783835233
    vertex 1079.2152229951153 140.3451889349711 17.70029006571498
  endloop
endfacet
facet normal 7.4334640607408215e-06 -5.743807091859325e-07 0.999999999972207
  outer loop
    vertex 1079.2152229951153 140.3451889349711 17.70029006571498
    vertex 1081.032646124008 123.91913824402158 17.700308783835233
    vertex 1079.4513218446446 141.0939988189793 17.70029015573089
  endloop
endfacet
facet normal 7.4334640607408215e-06 -5.743807091859325e-07 0.999999999972207
  outer loop
    vertex 1079.4513218446446 141.0939988189793 17.70029015573089
    vertex 1081.032646124008 123.91913824402158 17.700308783835233
    vertex 1079.6212591849815 141.8605366259163 17.700290566506073
  endloop
endfacet
facet normal 7.4334640607408215e-06 -5.743807091859325e-07 0.999999999972207
  outer loop
    vertex 1079.6212591849815 141.8605366259163 17.700290566506073
    vertex 1081.032646124008 123.91913824402158 17.700308783835233
    vertex 1079.723741690701 142.6389685401885 17.700291294914273
  endloop
endfacet
facet normal 7.4334640607408215e-06 -5.743807091859325e-07 0.999999999972207
  outer loop
    vertex 1079.723741690701 142.6389685401885 17.700291294914273
    vertex 1081.032646124008 123.91913824402158 17.700308783835233
    vertex 1079.7579894077107 143.42337022487294 17.70029233541187
  endloop
endfacet
facet normal 7.4334640607408215e-06 -5.743807091859325e-07 0.999999999972207
  outer loop
    vertex 1079.7579894077107 143.42337022487294 17.70029233541187
    vertex 1081.032646124008 123.91913824402158 17.700308783835233
    vertex 1081.0326461240072 202.97916056681268 17.700468077846477
  endloop
endfacet
facet normal 7.4334640607408215e-06 -5.743807091859325e-07 0.999999999972207
  outer loop
    vertex 1063.8826461242666 195.07149894273135 17.70048463568087
    vertex 1081.0326461240072 202.97916056681268 17.700468077846477
    vertex 1063.8826461241094 202.97916056673137 17.700492416411567
  endloop
endfacet
facet normal 7.4334640607408215e-06 -5.743807091859325e-07 0.999999999972207
  outer loop
    vertex 1081.0326461240072 202.97916056681268 17.700468077846477
    vertex 1063.8826461242666 195.07149894273135 17.70048463568087
    vertex 1074.7319415277025 181.88233922425545 17.700142833590228
  endloop
endfacet
facet normal 7.4334640607408215e-06 -5.743807091859325e-07 0.999999999972207
  outer loop
    vertex 1081.0326461240072 202.97916056681268 17.700468077846477
    vertex 1074.7319415277025 181.88233922425545 17.700142833590228
    vertex 1074.7319415281202 154.17331443224893 17.70023691615375
  endloop
endfacet
facet normal 7.4334640607408215e-06 -5.743807091859325e-07 0.999999999972207
  outer loop
    vertex 1081.0326461240072 202.97916056681268 17.700468077846477
    vertex 1074.7319415281202 154.17331443224893 17.70023691615375
    vertex 1077.0579866932635 154.17331446326062 17.700320669349903
  endloop
endfacet
facet normal 7.4334640607408215e-06 -5.743807091859325e-07 0.999999999972207
  outer loop
    vertex 1081.0326461240072 202.97916056681268 17.700468077846477
    vertex 1077.0579866932635 154.17331446326062 17.700320669349903
    vertex 1077.0579869695187 149.85713233220324 17.7003141071433
  endloop
endfacet
facet normal 7.4334640607408215e-06 -5.743807091859325e-07 0.999999999972207
  outer loop
    vertex 1081.0326461240072 202.97916056681268 17.700468077846477
    vertex 1077.0579869695187 149.85713233220324 17.7003141071433
    vertex 1077.1219504408045 149.78733125486846 17.700752359868744
  endloop
endfacet
facet normal 7.4334640607408215e-06 -5.743807091859325e-07 0.999999999972207
  outer loop
    vertex 1081.0326461240072 202.97916056681268 17.700468077846477
    vertex 1077.1219504408045 149.78733125486846 17.700752359868744
    vertex 1077.6523893955937 149.20845871154873 17.7003104813296
  endloop
endfacet
facet normal 7.4334640607408215e-06 -5.743807091859325e-07 0.999999999972207
  outer loop
    vertex 1081.0326461240072 202.97916056681268 17.700468077846477
    vertex 1077.6523893955937 149.20845871154873 17.7003104813296
    vertex 1078.1303578061072 148.58555815161554 17.700307411754007
  endloop
endfacet
facet normal 7.4334640607408215e-06 -5.743807091859325e-07 0.999999999972207
  outer loop
    vertex 1081.0326461240072 202.97916056681268 17.700468077846477
    vertex 1078.1303578061072 148.58555815161554 17.700307411754007
    vertex 1078.5522180415655 147.92337022454177 17.700304531608946
  endloop
endfacet
facet normal 7.4334640607408215e-06 -5.743807091859325e-07 0.999999999972207
  outer loop
    vertex 1081.0326461240072 202.97916056681268 17.700468077846477
    vertex 1078.5522180415655 147.92337022454177 17.700304531608946
    vertex 1078.91475949082 147.2269345802102 17.700301862814037
  endloop
endfacet
facet normal 7.4334640607408215e-06 -5.743807091859325e-07 0.999999999972207
  outer loop
    vertex 1081.0326461240072 202.97916056681268 17.700468077846477
    vertex 1078.91475949082 147.2269345802102 17.700301862814037
    vertex 1079.2152229945789 146.50155151455726 17.70029942568042
  endloop
endfacet
facet normal 7.4334640607408215e-06 -5.743807091859325e-07 0.999999999972207
  outer loop
    vertex 1081.0326461240072 202.97916056681268 17.700468077846477
    vertex 1079.2152229945789 146.50155151455726 17.70029942568042
    vertex 1079.4513218441948 145.75274163069093 17.70029723875616
  endloop
endfacet
facet normal 7.4334640607408215e-06 -5.743807091859325e-07 0.999999999972207
  outer loop
    vertex 1081.0326461240072 202.97916056681268 17.700468077846477
    vertex 1079.4513218441948 145.75274163069093 17.70029723875616
    vertex 1079.6212591847595 144.98620382382816 17.700295318685072
  endloop
endfacet
facet normal 7.4334640607408215e-06 -5.743807091859325e-07 0.999999999972207
  outer loop
    vertex 1081.0326461240072 202.97916056681268 17.700468077846477
    vertex 1079.6212591847595 144.98620382382816 17.700295318685072
    vertex 1079.7237416904663 144.20777190955704 17.700293680080048
  endloop
endfacet
facet normal 7.4334640607408215e-06 -5.743807091859325e-07 0.999999999972207
  outer loop
    vertex 1081.0326461240072 202.97916056681268 17.700468077846477
    vertex 1079.7237416904663 144.20777190955704 17.700293680080048
    vertex 1079.7579894077107 143.42337022487294 17.70029233541187
  endloop
endfacet
facet normal 9.45512845055336e-06 -1.647636054054191e-06 0.999999999953943
  outer loop
    vertex 1036.8219504407236 149.7873312550461 17.700676324708883
    vertex 1036.7579894779003 154.17331564213785 17.700316632217227
    vertex 1036.7579869695207 149.85713233277892 17.700304533024067
  endloop
endfacet
facet normal 9.45512845055336e-06 -1.647636054054191e-06 0.999999999953943
  outer loop
    vertex 1036.7579898526387 123.91912994044114 17.700231823121722
    vertex 1036.8219504407236 137.05940919368837 17.700676704030833
    vertex 1036.7579897162675 136.98960832614083 17.700268462529475
  endloop
endfacet
facet normal 9.45512845055336e-06 -1.647636054054191e-06 0.999999999953943
  outer loop
    vertex 1036.8219504407236 137.05940919368837 17.700676704030833
    vertex 1036.7579898526387 123.91912994044114 17.700231823121722
    vertex 1040.7326461240077 123.9191382440217 17.700308780360132
  endloop
endfacet
facet normal 9.45512845055336e-06 -1.647636054054191e-06 0.999999999953943
  outer loop
    vertex 1036.8219504407236 137.05940919368837 17.700676704030833
    vertex 1040.7326461240077 123.9191382440217 17.700308780360132
    vertex 1037.3523893967324 137.6382817379151 17.70026747596982
  endloop
endfacet
facet normal 9.45512845055336e-06 -1.647636054054191e-06 0.999999999953943
  outer loop
    vertex 1037.3523893967324 137.6382817379151 17.70026747596982
    vertex 1040.7326461240077 123.9191382440217 17.700308780360132
    vertex 1037.8303578072605 138.2611822979354 17.700266966594775
  endloop
endfacet
facet normal 9.45512845055336e-06 -1.647636054054191e-06 0.999999999953943
  outer loop
    vertex 1037.8303578072605 138.2611822979354 17.700266966594775
    vertex 1040.7326461240077 123.9191382440217 17.700308780360132
    vertex 1038.2522180425901 138.92337022529765 17.700266832121567
  endloop
endfacet
facet normal 9.45512845055336e-06 -1.647636054054191e-06 0.999999999953943
  outer loop
    vertex 1038.2522180425901 138.92337022529765 17.700266832121567
    vertex 1040.7326461240077 123.9191382440217 17.700308780360132
    vertex 1038.614759491772 139.6198058697121 17.70026707357365
  endloop
endfacet
facet normal 9.45512845055336e-06 -1.647636054054191e-06 0.999999999953943
  outer loop
    vertex 1038.614759491772 139.6198058697121 17.70026707357365
    vertex 1040.7326461240077 123.9191382440217 17.700308780360132
    vertex 1038.9152229955182 140.34518893544575 17.7002676891134
  endloop
endfacet
facet normal 9.45512845055336e-06 -1.647636054054191e-06 0.999999999953943
  outer loop
    vertex 1038.9152229955182 140.34518893544575 17.7002676891134
    vertex 1040.7326461240077 123.9191382440217 17.700308780360132
    vertex 1039.1513218448395 141.0939988195617 17.70026867405621
  endloop
endfacet
facet normal 9.45512845055336e-06 -1.647636054054191e-06 0.999999999953943
  outer loop
    vertex 1039.1513218448395 141.0939988195617 17.70026867405621
    vertex 1040.7326461240077 123.9191382440217 17.700308780360132
    vertex 1039.3212591852366 141.86053662650428 17.700270020906064
  endloop
endfacet
facet normal 9.45512845055336e-06 -1.647636054054191e-06 0.999999999953943
  outer loop
    vertex 1039.3212591852366 141.86053662650428 17.700270020906064
    vertex 1040.7326461240077 123.9191382440217 17.700308780360132
    vertex 1039.4237416909605 142.6389685407729 17.700271719412637
  endloop
endfacet
facet normal 9.45512845055336e-06 -1.647636054054191e-06 0.999999999953943
  outer loop
    vertex 1039.4237416909605 142.6389685407729 17.700271719412637
    vertex 1040.7326461240077 123.9191382440217 17.700308780360132
    vertex 1039.4579894079081 143.4233702254857 17.700273756649242
  endloop
endfacet
facet normal 9.45512845055336e-06 -1.647636054054191e-06 0.999999999953943
  outer loop
    vertex 1039.4579894079081 143.4233702254857 17.700273756649242
    vertex 1040.7326461240077 123.9191382440217 17.700308780360132
    vertex 1040.7326461237847 202.9791605666257 17.70052466409171
  endloop
endfacet
facet normal 9.45512845055336e-06 -1.647636054054191e-06 0.999999999953943
  outer loop
    vertex 1023.5826461242665 195.0747538198615 17.70058007096684
    vertex 1040.7326461237847 202.9791605666257 17.70052466409171
    vertex 1023.5826461239532 202.97916056656007 17.700540128132342
  endloop
endfacet
facet normal 9.45512845055336e-06 -1.647636054054191e-06 0.999999999953943
  outer loop
    vertex 1040.7326461237847 202.9791605666257 17.70052466409171
    vertex 1023.5826461242665 195.0747538198615 17.70058007096684
    vertex 1034.4319415277023 181.8855941013856 17.7001428332706
  endloop
endfacet
facet normal 9.45512845055336e-06 -1.647636054054191e-06 0.999999999953943
  outer loop
    vertex 1040.7326461237847 202.9791605666257 17.70052466409171
    vertex 1034.4319415277023 181.8855941013856 17.7001428332706
    vertex 1034.4319415559607 154.17331583975303 17.700372704816
  endloop
endfacet
facet normal 9.45512845055336e-06 -1.647636054054191e-06 0.999999999953943
  outer loop
    vertex 1040.7326461237847 202.9791605666257 17.70052466409171
    vertex 1034.4319415559607 154.17331583975303 17.700372704816
    vertex 1036.7579894779003 154.17331564213785 17.700316632217227
  endloop
endfacet
facet normal 9.45512845055336e-06 -1.647636054054191e-06 0.999999999953943
  outer loop
    vertex 1040.7326461237847 202.9791605666257 17.70052466409171
    vertex 1036.7579894779003 154.17331564213785 17.700316632217227
    vertex 1036.8219504407236 149.7873312550461 17.700676324708883
  endloop
endfacet
facet normal 9.45512845055336e-06 -1.647636054054191e-06 0.999999999953943
  outer loop
    vertex 1040.7326461237847 202.9791605666257 17.70052466409171
    vertex 1036.8219504407236 149.7873312550461 17.700676324708883
    vertex 1037.3523893956265 149.20845871205427 17.700299909704224
  endloop
endfacet
facet normal 9.45512845055336e-06 -1.647636054054191e-06 0.999999999953943
  outer loop
    vertex 1040.7326461237847 202.9791605666257 17.70052466409171
    vertex 1037.3523893956265 149.20845871205427 17.700299909704224
    vertex 1037.8303578061546 148.58555815214976 17.700295908076406
  endloop
endfacet
facet normal 9.45512845055336e-06 -1.647636054054191e-06 0.999999999953943
  outer loop
    vertex 1040.7326461237847 202.9791605666257 17.70052466409171
    vertex 1037.8303578061546 148.58555815214976 17.700295908076406
    vertex 1038.252218041588 147.92337022499663 17.700292061088277
  endloop
endfacet
facet normal 9.45512845055336e-06 -1.647636054054191e-06 0.999999999953943
  outer loop
    vertex 1040.7326461237847 202.9791605666257 17.70052466409171
    vertex 1038.252218041588 147.92337022499663 17.700292061088277
    vertex 1038.614759490939 147.22693458087048 17.700288398017758
  endloop
endfacet
facet normal 9.45512845055336e-06 -1.647636054054191e-06 0.999999999953943
  outer loop
    vertex 1040.7326461237847 202.9791605666257 17.70052466409171
    vertex 1038.614759490939 147.22693458087048 17.700288398017758
    vertex 1038.9152229947383 146.50155151522753 17.700284946743018
  endloop
endfacet
facet normal 9.45512845055336e-06 -1.647636054054191e-06 0.999999999953943
  outer loop
    vertex 1040.7326461237847 202.9791605666257 17.70052466409171
    vertex 1038.9152229947383 146.50155151522753 17.700284946743018
    vertex 1039.1513218443383 145.7527416312974 17.700281733530357
  endloop
endfacet
facet normal 9.45512845055336e-06 -1.647636054054191e-06 0.999999999953943
  outer loop
    vertex 1040.7326461237847 202.9791605666257 17.70052466409171
    vertex 1039.1513218443383 145.7527416312974 17.700281733530357
    vertex 1039.3212591849322 144.98620382443872 17.700278782834253
  endloop
endfacet
facet normal 9.45512845055336e-06 -1.647636054054191e-06 0.999999999953943
  outer loop
    vertex 1040.7326461237847 202.9791605666257 17.70052466409171
    vertex 1039.3212591849322 144.98620382443872 17.700278782834253
    vertex 1039.4237416907465 144.207771910208 17.700276117111304
  endloop
endfacet
facet normal 9.45512845055336e-06 -1.647636054054191e-06 0.999999999953943
  outer loop
    vertex 1040.7326461237847 202.9791605666257 17.70052466409171
    vertex 1039.4237416907465 144.207771910208 17.700276117111304
    vertex 1039.4579894079081 143.4233702254857 17.700273756649242
  endloop
endfacet
facet normal -0.9469301116555711 -0.3214394592465715 0.0001941114099628892
  outer loop
    vertex 978.6527678369257 194.36620118699634 13.200471801667348
    vertex 978.778906718259 193.99460802520838 13.200471801667845
    vertex 978.7799143762205 193.99616872606447 20.7005590225946
  endloop
endfacet
facet normal 0.9999999999998724 3.6813547525320526e-07 3.4594609123449663e-07
  outer loop
    vertex 1004.007945125995 150.1732147279736 -0.9994563446917805
    vertex 1004.0079966639562 125.7256281446558 5.4003531953643975
    vertex 1004.0079455058265 125.72551472811008 -0.999064156997817
  endloop
endfacet
facet normal 0.9999999999998724 3.6813547525320526e-07 3.4594609123449663e-07
  outer loop
    vertex 1004.0079966639562 125.7256281446558 5.4003531953643975
    vertex 1004.007945125995 150.1732147279736 -0.9994563446917805
    vertex 1004.0078991017238 136.9896093134906 13.200272235475614
  endloop
endfacet
facet normal 0.9999999999998724 3.6813547525320526e-07 3.4594609123449663e-07
  outer loop
    vertex 1004.0079966639562 125.7256281446558 5.4003531953643975
    vertex 1004.0078991017238 136.9896093134906 13.200272235475614
    vertex 1004.0079893746667 136.9896090553981 22.800685693099577
  endloop
endfacet
facet normal 0.9999999999998724 3.6813547525320526e-07 3.4594609123449663e-07
  outer loop
    vertex 1004.0078991017238 136.9896093134906 13.200272235475614
    vertex 1004.007945125995 150.1732147279736 -0.9994563446917805
    vertex 1004.0078988681572 149.85713286636047 13.200281169623121
  endloop
endfacet
facet normal 0.9999999999998724 3.6813547525320526e-07 3.4594609123449663e-07
  outer loop
    vertex 1004.0078988681572 149.85713286636047 13.200281169623121
    vertex 1004.0079890631936 154.1733180234843 22.80060773855297
    vertex 1004.0079891411003 149.85713260826802 22.800694627247076
  endloop
endfacet
facet normal 0.9999999999998724 3.6813547525320526e-07 3.4594609123449663e-07
  outer loop
    vertex 1004.0079890631936 154.1733180234843 22.80060773855297
    vertex 1004.0078988681572 149.85713286636047 13.200281169623121
    vertex 1004.0079887695941 150.17331684181167 5.400320910356239
  endloop
endfacet
facet normal 0.9999999999998724 3.6813547525320526e-07 3.4594609123449663e-07
  outer loop
    vertex 1004.0079887695941 150.17331684181167 5.400320910356239
    vertex 1004.0078988681572 149.85713286636047 13.200281169623121
    vertex 1004.007945125995 150.1732147279736 -0.9994563446917805
  endloop
endfacet
facet normal 0.9999999999998724 3.6813547525320526e-07 3.4594609123449663e-07
  outer loop
    vertex 1004.0079890631936 154.1733180234843 22.80060773855297
    vertex 1004.0079887695941 150.17331684181167 5.400320910356239
    vertex 1004.0079887053519 154.17331684181167 5.400320791146858
  endloop
endfacet
facet normal 0.9999999999998724 3.6813547525320526e-07 3.4594609123449663e-07
  outer loop
    vertex 1004.0079966639562 125.7256281446558 5.4003531953643975
    vertex 1004.0079894732528 120.6733705073593 22.800613629542834
    vertex 1004.007986710677 120.6733145061216 5.400330256490006
  endloop
endfacet
facet normal 0.9999999999998724 3.6813547525320526e-07 3.4594609123449663e-07
  outer loop
    vertex 1004.0079894732528 120.6733705073593 22.800613629542834
    vertex 1004.0079966639562 125.7256281446558 5.4003531953643975
    vertex 1004.0079893746667 136.9896090553981 22.800685693099577
  endloop
endfacet
facet normal 3.198986120475657e-07 0.9999999999945444 -3.287734378965228e-06
  outer loop
    vertex 1004.007986710677 120.6733145061216 5.400330256490006
    vertex 1016.6079894823539 120.67336220187958 22.800612948315532
    vertex 1016.6079865261422 120.67331468411162 5.4003298857870075
  endloop
endfacet
facet normal 3.198986120475657e-07 0.9999999999945444 -3.287734378965228e-06
  outer loop
    vertex 1016.6079894823539 120.67336220187958 22.800612948315532
    vertex 1004.007986710677 120.6733145061216 5.400330256490006
    vertex 1004.0079894732528 120.6733705073593 22.800613629542834
  endloop
endfacet
facet normal 0.7722857064721647 0.6352753635854724 -3.6838305483189206e-07
  outer loop
    vertex 1003.4326591480046 195.07474420441494 17.700621509055416
    vertex 1014.2819451554685 181.88558665449554 22.800434930179783
    vertex 1014.2819460869081 181.88558292306783 17.700444690891974
  endloop
endfacet
facet normal 0.7722857064721647 0.6352753635854724 -3.6838305483189206e-07
  outer loop
    vertex 1014.2819451554685 181.88558665449554 22.800434930179783
    vertex 1003.4326591480046 195.07474420441494 17.700621509055416
    vertex 1003.4326582165653 195.07474793584268 22.80061174834322
  endloop
endfacet
facet normal 0.999999999999565 1.544149017887344e-08 -9.326308923002791e-07
  outer loop
    vertex 981.4505538171583 192.14923565375068 17.70047186338659
    vertex 981.4505574449247 215.87915368329575 22.800867909568222
    vertex 981.450557362194 192.14922825039724 22.80052283196323
  endloop
endfacet
facet normal 0.999999999999565 1.544149017887344e-08 -9.326308923002791e-07
  outer loop
    vertex 981.4505574449247 215.87915368329575 22.800867909568222
    vertex 981.4505538171583 192.14923565375068 17.70047186338659
    vertex 981.4505538171583 215.87916113018576 17.700575812743672
  endloop
endfacet
facet normal 7.88410505458691e-07 -1.9501588836557708e-05 -0.9999999998095332
  outer loop
    vertex 993.5505455877949 214.9791381452186 13.200010272213932
    vertex 993.5505453157931 202.97913758163972 13.200471801725223
    vertex 993.5248801719158 215.37071672187867 13.200010272213834
  endloop
endfacet
facet normal 7.88410505458691e-07 -1.9501588836557708e-05 -0.9999999998095332
  outer loop
    vertex 993.5505453157931 202.97913758163972 13.200471801725223
    vertex 995.9050848367841 198.29021714621237 13.200473272420915
    vertex 995.8505661588467 197.87610667404837 13.200473465029102
  endloop
endfacet
facet normal 7.88410505458691e-07 -1.9501588836557708e-05 -0.9999999998095332
  outer loop
    vertex 995.9050848367841 198.29021714621237 13.200473272420915
    vertex 993.5505453157931 202.97913758163972 13.200471801725223
    vertex 996.0649255127915 198.67610667404827 13.20047310154512
  endloop
endfacet
facet normal 7.88410505458691e-07 -1.9501588836557708e-05 -0.9999999998095332
  outer loop
    vertex 996.0649255127915 198.67610667404827 13.20047310154512
    vertex 993.5505453157931 202.97913758163972 13.200471801725223
    vertex 996.3191953089482 199.00747752394676 13.200472964046622
  endloop
endfacet
facet normal 7.88410505458691e-07 -1.9501588836557708e-05 -0.9999999998095332
  outer loop
    vertex 996.3191953089482 199.00747752394676 13.200472964046622
    vertex 993.5505453157931 202.97913758163972 13.200471801725223
    vertex 996.6505661588467 199.26174732010335 13.200472869295712
  endloop
endfacet
facet normal 7.88410505458691e-07 -1.9501588836557708e-05 -0.9999999998095332
  outer loop
    vertex 996.6505661588467 199.26174732010335 13.200472869295712
    vertex 993.5505453157931 202.97913758163972 13.200471801725223
    vertex 997.0364556866826 199.42158799611076 13.200472823749514
  endloop
endfacet
facet normal 7.88410505458691e-07 -1.9501588836557708e-05 -0.9999999998095332
  outer loop
    vertex 997.0364556866826 199.42158799611076 13.200472823749514
    vertex 993.5505453157931 202.97913758163972 13.200471801725223
    vertex 997.4505661588466 199.47610667404825 13.20047283051192
  endloop
endfacet
facet normal 7.88410505458691e-07 -1.9501588836557708e-05 -0.9999999998095332
  outer loop
    vertex 997.4505661588466 199.47610667404825 13.20047283051192
    vertex 993.5505453157931 202.97913758163972 13.200471801725223
    vertex 1086.750545177756 202.9791375816397 13.200471802087955
  endloop
endfacet
facet normal 7.88410505458691e-07 -1.9501588836557708e-05 -0.9999999998095332
  outer loop
    vertex 997.4505661588466 199.47610667404825 13.20047283051192
    vertex 1086.750545177756 202.9791375816397 13.200471802087955
    vertex 997.8646766310108 199.4215879961108 13.20047288912209
  endloop
endfacet
facet normal 7.88410505458691e-07 -1.9501588836557708e-05 -0.9999999998095332
  outer loop
    vertex 997.8646766310108 199.4215879961108 13.20047288912209
    vertex 1086.750545177756 202.9791375816397 13.200471802087955
    vertex 998.2505661588467 199.2617473201034 13.20047299558583
  endloop
endfacet
facet normal 7.88410505458691e-07 -1.9501588836557708e-05 -0.9999999998095332
  outer loop
    vertex 998.2505661588467 199.2617473201034 13.20047299558583
    vertex 1086.750545177756 202.9791375816397 13.200471802087955
    vertex 998.5819370087452 199.00747752394685 13.200473142647818
  endloop
endfacet
facet normal 7.88410505458691e-07 -1.9501588836557708e-05 -0.9999999998095332
  outer loop
    vertex 998.5819370087452 199.00747752394685 13.200473142647818
    vertex 1086.750545177756 202.9791375816397 13.200471802087955
    vertex 998.8362068049018 198.6761066740484 13.20047332028602
  endloop
endfacet
facet normal 7.88410505458691e-07 -1.9501588836557708e-05 -0.9999999998095332
  outer loop
    vertex 998.8362068049018 198.6761066740484 13.20047332028602
    vertex 1086.750545177756 202.9791375816397 13.200471802087955
    vertex 998.9960474809093 198.29021714621248 13.200473516394686
  endloop
endfacet
facet normal 7.88410505458691e-07 -1.9501588836557708e-05 -0.9999999998095332
  outer loop
    vertex 998.9960474809093 198.29021714621248 13.200473516394686
    vertex 1086.750545177756 202.9791375816397 13.200471802087955
    vertex 999.0505661588467 197.87610667404851 13.200473717609336
  endloop
endfacet
facet normal 7.88410505458691e-07 -1.9501588836557708e-05 -0.9999999998095332
  outer loop
    vertex 999.0505661588467 197.87610667404851 13.200473717609336
    vertex 1086.750545177756 202.9791375816397 13.200471802087955
    vertex 1082.619194118477 199.00747623765724 13.20037868659585
  endloop
endfacet
facet normal 7.88410505458691e-07 -1.9501588836557708e-05 -0.9999999998095332
  outer loop
    vertex 999.0505661588467 197.87610667404851 13.200473717609336
    vertex 1082.619194118477 199.00747623765724 13.20037868659585
    vertex 1082.3649243223203 198.67610538775875 13.200378824094345
  endloop
endfacet
facet normal 7.88410505458691e-07 -1.9501588836557708e-05 -0.9999999998095332
  outer loop
    vertex 999.0505661588467 197.87610667404851 13.200473717609336
    vertex 1082.3649243223203 198.67610538775875 13.200378824094345
    vertex 1082.205083646313 198.29021585992285 13.200378994970142
  endloop
endfacet
facet normal 7.88410505458691e-07 -1.9501588836557708e-05 -0.9999999998095332
  outer loop
    vertex 999.0505661588467 197.87610667404851 13.200473717609336
    vertex 1082.205083646313 198.29021585992285 13.200378994970142
    vertex 1082.1505649683754 197.87610538775886 13.20037918757833
  endloop
endfacet
facet normal 7.88410505458691e-07 -1.9501588836557708e-05 -0.9999999998095332
  outer loop
    vertex 1082.619194118477 199.00747623765724 13.20037868659585
    vertex 1086.750545177756 202.9791375816397 13.200471802087955
    vertex 1082.9505649683754 199.26174603381384 13.20037859184494
  endloop
endfacet
facet normal 7.88410505458691e-07 -1.9501588836557708e-05 -0.9999999998095332
  outer loop
    vertex 1082.9505649683754 199.26174603381384 13.20037859184494
    vertex 1086.750545177756 202.9791375816397 13.200471802087955
    vertex 1083.3364544962114 199.42158670982124 13.200378546298742
  endloop
endfacet
facet normal 7.88410505458691e-07 -1.9501588836557708e-05 -0.9999999998095332
  outer loop
    vertex 1083.3364544962114 199.42158670982124 13.200378546298742
    vertex 1086.750545177756 202.9791375816397 13.200471802087955
    vertex 1083.7505649683756 199.47610538775874 13.200378553061146
  endloop
endfacet
facet normal 7.88410505458691e-07 -1.9501588836557708e-05 -0.9999999998095332
  outer loop
    vertex 1083.7505649683756 199.47610538775874 13.200378553061146
    vertex 1086.750545177756 202.9791375816397 13.200471802087955
    vertex 1084.1646754405394 199.42158670982127 13.200378611671319
  endloop
endfacet
facet normal 7.88410505458691e-07 -1.9501588836557708e-05 -0.9999999998095332
  outer loop
    vertex 1084.1646754405394 199.42158670982127 13.200378611671319
    vertex 1086.750545177756 202.9791375816397 13.200471802087955
    vertex 1084.5505649683755 199.2617460338139 13.200378718135058
  endloop
endfacet
facet normal 7.88410505458691e-07 -1.9501588836557708e-05 -0.9999999998095332
  outer loop
    vertex 1084.5505649683755 199.2617460338139 13.200378718135058
    vertex 1086.750545177756 202.9791375816397 13.200471802087955
    vertex 1084.881935818274 199.00747623765733 13.200378865197044
  endloop
endfacet
facet normal 7.88410505458691e-07 -1.9501588836557708e-05 -0.9999999998095332
  outer loop
    vertex 1084.881935818274 199.00747623765733 13.200378865197044
    vertex 1086.750545177756 202.9791375816397 13.200471802087955
    vertex 1085.1362056144305 198.6761053877589 13.200379042835248
  endloop
endfacet
facet normal 7.88410505458691e-07 -1.9501588836557708e-05 -0.9999999998095332
  outer loop
    vertex 1085.1362056144305 198.6761053877589 13.200379042835248
    vertex 1086.750545177756 202.9791375816397 13.200471802087955
    vertex 1085.296046290438 198.29021585992297 13.200379238943913
  endloop
endfacet
facet normal 7.88410505458691e-07 -1.9501588836557708e-05 -0.9999999998095332
  outer loop
    vertex 1085.296046290438 198.29021585992297 13.200379238943913
    vertex 1086.750545177756 202.9791375816397 13.200471802087955
    vertex 1085.3505649683755 197.876105387759 13.200379440158565
  endloop
endfacet
facet normal 7.88410505458691e-07 -1.9501588836557708e-05 -0.9999999998095332
  outer loop
    vertex 1085.3505649683755 197.876105387759 13.200379440158565
    vertex 1086.750545177756 202.9791375816397 13.200471802087955
    vertex 1086.750508777877 192.1538826114088 13.200470787859542
  endloop
endfacet
facet normal 7.88410505458691e-07 -1.9501588836557708e-05 -0.9999999998095332
  outer loop
    vertex 981.5505455877945 217.97913814521846 13.200010272167287
    vertex 983.1505453730623 214.17913814502006 13.200679729093348
    vertex 983.1505453157928 195.94265832230374 13.200471801684795
  endloop
endfacet
facet normal 7.88410505458691e-07 -1.9501588836557708e-05 -0.9999999998095332
  outer loop
    vertex 983.1505453730623 214.17913814502006 13.200679729093348
    vertex 981.5505455877945 217.97913814521846 13.200010272167287
    vertex 990.5505455877947 217.97913814521846 13.200010272202267
  endloop
endfacet
facet normal 7.88410505458691e-07 -1.9501588836557708e-05 -0.9999999998095332
  outer loop
    vertex 983.1505453730623 214.17913814502006 13.200679729093348
    vertex 990.5505455877947 217.97913814521846 13.200010272202267
    vertex 989.5242859844178 214.17913814572566 13.200680156566547
  endloop
endfacet
facet normal 7.88410505458691e-07 -1.9501588836557708e-05 -0.9999999998095332
  outer loop
    vertex 989.5242859844178 214.17913814572566 13.200680156566547
    vertex 990.5505455877947 217.97913814521846 13.200010272202267
    vertex 989.5505311769153 192.15388264507638 13.200471010838356
  endloop
endfacet
facet normal 7.88410505458691e-07 -1.9501588836557708e-05 -0.9999999998095332
  outer loop
    vertex 989.5505311769153 192.15388264507638 13.200471010838356
    vertex 990.5505455877947 217.97913814521846 13.200010272202267
    vertex 993.5505453157931 202.97913758163972 13.200471801725223
  endloop
endfacet
facet normal 7.88410505458691e-07 -1.9501588836557708e-05 -0.9999999998095332
  outer loop
    vertex 989.5505311769153 192.15388264507638 13.200471010838356
    vertex 993.5505453157931 202.97913758163972 13.200471801725223
    vertex 996.0649255127915 197.07610667404848 13.20047386235242
  endloop
endfacet
facet normal 7.88410505458691e-07 -1.9501588836557708e-05 -0.9999999998095332
  outer loop
    vertex 989.5505311769153 192.15388264507638 13.200471010838356
    vertex 996.0649255127915 197.07610667404848 13.20047386235242
    vertex 996.3191953089482 196.74473582415004 13.20047403999062
  endloop
endfacet
facet normal 7.88410505458691e-07 -1.9501588836557708e-05 -0.9999999998095332
  outer loop
    vertex 989.5505311769153 192.15388264507638 13.200471010838356
    vertex 996.3191953089482 196.74473582415004 13.20047403999062
    vertex 996.6505661588467 196.49046602799348 13.20047418705261
  endloop
endfacet
facet normal 7.88410505458691e-07 -1.9501588836557708e-05 -0.9999999998095332
  outer loop
    vertex 989.5505311769153 192.15388264507638 13.200471010838356
    vertex 996.6505661588467 196.49046602799348 13.20047418705261
    vertex 997.0364556866826 196.3306253519861 13.200474293516349
  endloop
endfacet
facet normal 7.88410505458691e-07 -1.9501588836557708e-05 -0.9999999998095332
  outer loop
    vertex 989.5505311769153 192.15388264507638 13.200471010838356
    vertex 997.0364556866826 196.3306253519861 13.200474293516349
    vertex 997.4505661588466 196.27610667404863 13.200474352126518
  endloop
endfacet
facet normal 7.88410505458691e-07 -1.9501588836557708e-05 -0.9999999998095332
  outer loop
    vertex 989.5505311769153 192.15388264507638 13.200471010838356
    vertex 997.4505661588466 196.27610667404863 13.200474352126518
    vertex 1086.750508777877 192.1538826114088 13.200470787859542
  endloop
endfacet
facet normal 7.88410505458691e-07 -1.9501588836557708e-05 -0.9999999998095332
  outer loop
    vertex 993.5505453157931 202.97913758163972 13.200471801725223
    vertex 990.5505455877947 217.97913814521846 13.200010272202267
    vertex 990.9421241644551 217.9534727293399 13.200010272203794
  endloop
endfacet
facet normal 7.88410505458691e-07 -1.9501588836557708e-05 -0.9999999998095332
  outer loop
    vertex 993.5505453157931 202.97913758163972 13.200471801725223
    vertex 990.9421241644551 217.9534727293399 13.200010272203794
    vertex 991.327002723102 217.87691562408563 13.200010272205288
  endloop
endfacet
facet normal 7.88410505458691e-07 -1.9501588836557708e-05 -0.9999999998095332
  outer loop
    vertex 993.5505453157931 202.97913758163972 13.200471801725223
    vertex 991.327002723102 217.87691562408563 13.200010272205288
    vertex 991.6985958848895 217.75077674275235 13.200010272206733
  endloop
endfacet
facet normal 7.88410505458691e-07 -1.9501588836557708e-05 -0.9999999998095332
  outer loop
    vertex 993.5505453157931 202.97913758163972 13.200471801725223
    vertex 991.6985958848895 217.75077674275235 13.200010272206733
    vertex 992.0505455877945 217.57721435657177 13.200010272208166
  endloop
endfacet
facet normal 7.88410505458691e-07 -1.9501588836557708e-05 -0.9999999998095332
  outer loop
    vertex 993.5505453157931 202.97913758163972 13.200471801725223
    vertex 992.0505455877945 217.57721435657177 13.200010272208166
    vertex 992.376829874821 217.35919816609228 13.20001027220937
  endloop
endfacet
facet normal 7.88410505458691e-07 -1.9501588836557708e-05 -0.9999999998095332
  outer loop
    vertex 993.5505453157931 202.97913758163972 13.200471801725223
    vertex 992.376829874821 217.35919816609228 13.20001027220937
    vertex 992.6718659313543 217.1004584887782 13.200010272210518
  endloop
endfacet
facet normal 7.88410505458691e-07 -1.9501588836557708e-05 -0.9999999998095332
  outer loop
    vertex 993.5505453157931 202.97913758163972 13.200471801725223
    vertex 992.6718659313543 217.1004584887782 13.200010272210518
    vertex 992.9306056086685 216.80542243224463 13.200010272211566
  endloop
endfacet
facet normal 7.88410505458691e-07 -1.9501588836557708e-05 -0.9999999998095332
  outer loop
    vertex 993.5505453157931 202.97913758163972 13.200471801725223
    vertex 992.9306056086685 216.80542243224463 13.200010272211566
    vertex 993.1486217991478 216.4791381452185 13.20001027221237
  endloop
endfacet
facet normal 7.88410505458691e-07 -1.9501588836557708e-05 -0.9999999998095332
  outer loop
    vertex 993.5505453157931 202.97913758163972 13.200471801725223
    vertex 993.1486217991478 216.4791381452185 13.20001027221237
    vertex 993.3221841853286 216.12718844231378 13.200010272213033
  endloop
endfacet
facet normal 7.88410505458691e-07 -1.9501588836557708e-05 -0.9999999998095332
  outer loop
    vertex 993.5505453157931 202.97913758163972 13.200471801725223
    vertex 993.3221841853286 216.12718844231378 13.200010272213033
    vertex 993.4483230666623 215.7555952805261 13.200010272213524
  endloop
endfacet
facet normal 7.88410505458691e-07 -1.9501588836557708e-05 -0.9999999998095332
  outer loop
    vertex 993.5505453157931 202.97913758163972 13.200471801725223
    vertex 993.4483230666623 215.7555952805261 13.200010272213524
    vertex 993.5248801719158 215.37071672187867 13.200010272213834
  endloop
endfacet
facet normal 7.88410505458691e-07 -1.9501588836557708e-05 -0.9999999998095332
  outer loop
    vertex 996.0649255127915 197.07610667404848 13.20047386235242
    vertex 993.5505453157931 202.97913758163972 13.200471801725223
    vertex 995.9050848367841 197.46199620188438 13.200473666243752
  endloop
endfacet
facet normal 7.88410505458691e-07 -1.9501588836557708e-05 -0.9999999998095332
  outer loop
    vertex 995.9050848367841 197.46199620188438 13.200473666243752
    vertex 993.5505453157931 202.97913758163972 13.200471801725223
    vertex 995.8505661588467 197.87610667404837 13.200473465029102
  endloop
endfacet
facet normal 7.88410505458691e-07 -1.9501588836557708e-05 -0.9999999998095332
  outer loop
    vertex 1086.750508777877 192.1538826114088 13.200470787859542
    vertex 997.4505661588466 196.27610667404863 13.200474352126518
    vertex 997.8646766310108 196.33062535198613 13.200474358888926
  endloop
endfacet
facet normal 7.88410505458691e-07 -1.9501588836557708e-05 -0.9999999998095332
  outer loop
    vertex 1086.750508777877 192.1538826114088 13.200470787859542
    vertex 997.8646766310108 196.33062535198613 13.200474358888926
    vertex 998.2505661588467 196.49046602799353 13.200474313342728
  endloop
endfacet
facet normal 7.88410505458691e-07 -1.9501588836557708e-05 -0.9999999998095332
  outer loop
    vertex 1086.750508777877 192.1538826114088 13.200470787859542
    vertex 998.2505661588467 196.49046602799353 13.200474313342728
    vertex 998.5819370087452 196.74473582415013 13.200474218591816
  endloop
endfacet
facet normal 7.88410505458691e-07 -1.9501588836557708e-05 -0.9999999998095332
  outer loop
    vertex 1086.750508777877 192.1538826114088 13.200470787859542
    vertex 998.5819370087452 196.74473582415013 13.200474218591816
    vertex 998.8362068049018 197.0761066740486 13.200474081093319
  endloop
endfacet
facet normal 7.88410505458691e-07 -1.9501588836557708e-05 -0.9999999998095332
  outer loop
    vertex 1086.750508777877 192.1538826114088 13.200470787859542
    vertex 998.8362068049018 197.0761066740486 13.200474081093319
    vertex 998.9960474809093 197.46199620188452 13.200473910217523
  endloop
endfacet
facet normal 7.88410505458691e-07 -1.9501588836557708e-05 -0.9999999998095332
  outer loop
    vertex 1086.750508777877 192.1538826114088 13.200470787859542
    vertex 998.9960474809093 197.46199620188452 13.200473910217523
    vertex 999.0505661588467 197.87610667404851 13.200473717609336
  endloop
endfacet
facet normal 7.88410505458691e-07 -1.9501588836557708e-05 -0.9999999998095332
  outer loop
    vertex 1086.750508777877 192.1538826114088 13.200470787859542
    vertex 999.0505661588467 197.87610667404851 13.200473717609336
    vertex 1082.619194118477 196.74473453786052 13.200379762539848
  endloop
endfacet
facet normal 7.88410505458691e-07 -1.9501588836557708e-05 -0.9999999998095332
  outer loop
    vertex 1082.619194118477 196.74473453786052 13.200379762539848
    vertex 999.0505661588467 197.87610667404851 13.200473717609336
    vertex 1082.3649243223203 197.07610538775896 13.200379584901647
  endloop
endfacet
facet normal 7.88410505458691e-07 -1.9501588836557708e-05 -0.9999999998095332
  outer loop
    vertex 1082.3649243223203 197.07610538775896 13.200379584901647
    vertex 999.0505661588467 197.87610667404851 13.200473717609336
    vertex 1082.205083646313 197.46199491559486 13.200379388792978
  endloop
endfacet
facet normal 7.88410505458691e-07 -1.9501588836557708e-05 -0.9999999998095332
  outer loop
    vertex 1082.205083646313 197.46199491559486 13.200379388792978
    vertex 999.0505661588467 197.87610667404851 13.200473717609336
    vertex 1082.1505649683754 197.87610538775886 13.20037918757833
  endloop
endfacet
facet normal 7.88410505458691e-07 -1.9501588836557708e-05 -0.9999999998095332
  outer loop
    vertex 1086.750508777877 192.1538826114088 13.200470787859542
    vertex 1082.619194118477 196.74473453786052 13.200379762539848
    vertex 1082.9505649683754 196.49046474170396 13.200379909601837
  endloop
endfacet
facet normal 7.88410505458691e-07 -1.9501588836557708e-05 -0.9999999998095332
  outer loop
    vertex 1086.750508777877 192.1538826114088 13.200470787859542
    vertex 1082.9505649683754 196.49046474170396 13.200379909601837
    vertex 1083.3364544962114 196.33062406569658 13.200380016065578
  endloop
endfacet
facet normal 7.88410505458691e-07 -1.9501588836557708e-05 -0.9999999998095332
  outer loop
    vertex 1086.750508777877 192.1538826114088 13.200470787859542
    vertex 1083.3364544962114 196.33062406569658 13.200380016065578
    vertex 1083.7505649683756 196.27610538775912 13.200380074675744
  endloop
endfacet
facet normal 7.88410505458691e-07 -1.9501588836557708e-05 -0.9999999998095332
  outer loop
    vertex 1086.750508777877 192.1538826114088 13.200470787859542
    vertex 1083.7505649683756 196.27610538775912 13.200380074675744
    vertex 1084.1646754405394 196.3306240656966 13.200380081438153
  endloop
endfacet
facet normal 7.88410505458691e-07 -1.9501588836557708e-05 -0.9999999998095332
  outer loop
    vertex 1086.750508777877 192.1538826114088 13.200470787859542
    vertex 1084.1646754405394 196.3306240656966 13.200380081438153
    vertex 1084.5505649683755 196.49046474170402 13.200380035891955
  endloop
endfacet
facet normal 7.88410505458691e-07 -1.9501588836557708e-05 -0.9999999998095332
  outer loop
    vertex 1086.750508777877 192.1538826114088 13.200470787859542
    vertex 1084.5505649683755 196.49046474170402 13.200380035891955
    vertex 1084.881935818274 196.7447345378606 13.200379941141042
  endloop
endfacet
facet normal 7.88410505458691e-07 -1.9501588836557708e-05 -0.9999999998095332
  outer loop
    vertex 1086.750508777877 192.1538826114088 13.200470787859542
    vertex 1084.881935818274 196.7447345378606 13.200379941141042
    vertex 1085.1362056144305 197.07610538775907 13.200379803642544
  endloop
endfacet
facet normal 7.88410505458691e-07 -1.9501588836557708e-05 -0.9999999998095332
  outer loop
    vertex 1086.750508777877 192.1538826114088 13.200470787859542
    vertex 1085.1362056144305 197.07610538775907 13.200379803642544
    vertex 1085.296046290438 197.461994915595 13.200379632766749
  endloop
endfacet
facet normal 7.88410505458691e-07 -1.9501588836557708e-05 -0.9999999998095332
  outer loop
    vertex 1086.750508777877 192.1538826114088 13.200470787859542
    vertex 1085.296046290438 197.461994915595 13.200379632766749
    vertex 1085.3505649683755 197.876105387759 13.200379440158565
  endloop
endfacet
facet normal 7.88410505458691e-07 -1.9501588836557708e-05 -0.9999999998095332
  outer loop
    vertex 978.5505455877945 214.9791381452186 13.200010272155623
    vertex 978.5762107316715 194.75107974564355 13.20047180166702
    vertex 978.5505453157931 195.1426583223038 13.200471801666916
  endloop
endfacet
facet normal 7.88410505458691e-07 -1.9501588836557708e-05 -0.9999999998095332
  outer loop
    vertex 978.5762107316715 194.75107974564355 13.20047180166702
    vertex 978.5505455877945 214.9791381452186 13.200010272155623
    vertex 978.5762110036733 215.37071672187867 13.200010272155726
  endloop
endfacet
facet normal 7.88410505458691e-07 -1.9501588836557708e-05 -0.9999999998095332
  outer loop
    vertex 978.5762107316715 194.75107974564355 13.20047180166702
    vertex 978.5762110036733 215.37071672187867 13.200010272155726
    vertex 978.6527678369257 194.36620118699634 13.200471801667348
  endloop
endfacet
facet normal 7.88410505458691e-07 -1.9501588836557708e-05 -0.9999999998095332
  outer loop
    vertex 978.6527678369257 194.36620118699634 13.200471801667348
    vertex 978.5762110036733 215.37071672187867 13.200010272155726
    vertex 978.6527681089275 215.7555952805261 13.200010272156055
  endloop
endfacet
facet normal 7.88410505458691e-07 -1.9501588836557708e-05 -0.9999999998095332
  outer loop
    vertex 978.6527678369257 194.36620118699634 13.200471801667348
    vertex 978.6527681089275 215.7555952805261 13.200010272156055
    vertex 978.778906718259 193.99460802520838 13.200471801667845
  endloop
endfacet
facet normal 7.88410505458691e-07 -1.9501588836557708e-05 -0.9999999998095332
  outer loop
    vertex 978.778906718259 193.99460802520838 13.200471801667845
    vertex 978.6527681089275 215.7555952805261 13.200010272156055
    vertex 978.7789069902608 216.1271884423137 13.200010272156545
  endloop
endfacet
facet normal 7.88410505458691e-07 -1.9501588836557708e-05 -0.9999999998095332
  outer loop
    vertex 978.778906718259 193.99460802520838 13.200471801667845
    vertex 978.7789069902608 216.1271884423137 13.200010272156545
    vertex 978.9524691044396 193.64265832230373 13.20047180166848
  endloop
endfacet
facet normal 7.88410505458691e-07 -1.9501588836557708e-05 -0.9999999998095332
  outer loop
    vertex 978.9524691044396 193.64265832230373 13.20047180166848
    vertex 978.7789069902608 216.1271884423137 13.200010272156545
    vertex 978.9524693764414 216.47913814521843 13.200010272157186
  endloop
endfacet
facet normal 7.88410505458691e-07 -1.9501588836557708e-05 -0.9999999998095332
  outer loop
    vertex 978.9524691044396 193.64265832230373 13.20047180166848
    vertex 978.9524693764414 216.47913814521843 13.200010272157186
    vertex 979.1704852949194 193.3163740352778 13.200471801669329
  endloop
endfacet
facet normal 7.88410505458691e-07 -1.9501588836557708e-05 -0.9999999998095332
  outer loop
    vertex 979.1704852949194 193.3163740352778 13.200471801669329
    vertex 978.9524693764414 216.47913814521843 13.200010272157186
    vertex 979.1704855669209 216.8054224322448 13.200010272158035
  endloop
endfacet
facet normal 7.88410505458691e-07 -1.9501588836557708e-05 -0.9999999998095332
  outer loop
    vertex 979.1704852949194 193.3163740352778 13.200471801669329
    vertex 979.1704855669209 216.8054224322448 13.200010272158035
    vertex 979.4292249722336 193.02133797874416 13.200471801670332
  endloop
endfacet
facet normal 7.88410505458691e-07 -1.9501588836557708e-05 -0.9999999998095332
  outer loop
    vertex 979.4292249722336 193.02133797874416 13.200471801670332
    vertex 979.1704855669209 216.8054224322448 13.200010272158035
    vertex 979.429225244235 217.10045848877803 13.200010272159039
  endloop
endfacet
facet normal 7.88410505458691e-07 -1.9501588836557708e-05 -0.9999999998095332
  outer loop
    vertex 979.4292249722336 193.02133797874416 13.200471801670332
    vertex 979.429225244235 217.10045848877803 13.200010272159039
    vertex 979.7242610287669 192.76259830142993 13.20047180167148
  endloop
endfacet
facet normal 7.88410505458691e-07 -1.9501588836557708e-05 -0.9999999998095332
  outer loop
    vertex 979.7242610287669 192.76259830142993 13.20047180167148
    vertex 979.429225244235 217.10045848877803 13.200010272159039
    vertex 979.7242613007685 217.3591981660921 13.200010272160187
  endloop
endfacet
facet normal 7.88410505458691e-07 -1.9501588836557708e-05 -0.9999999998095332
  outer loop
    vertex 979.7242610287669 192.76259830142993 13.20047180167148
    vertex 979.7242613007685 217.3591981660921 13.200010272160187
    vertex 980.0505453157928 192.5445821109506 13.200471801672748
  endloop
endfacet
facet normal 7.88410505458691e-07 -1.9501588836557708e-05 -0.9999999998095332
  outer loop
    vertex 980.0505453157928 192.5445821109506 13.200471801672748
    vertex 979.7242613007685 217.3591981660921 13.200010272160187
    vertex 980.0505455877945 217.57721435657194 13.200010272161455
  endloop
endfacet
facet normal 7.88410505458691e-07 -1.9501588836557708e-05 -0.9999999998095332
  outer loop
    vertex 980.0505453157928 192.5445821109506 13.200471801672748
    vertex 980.0505455877945 217.57721435657194 13.200010272161455
    vertex 980.4024950186976 192.37101972476987 13.200471801674162
  endloop
endfacet
facet normal 7.88410505458691e-07 -1.9501588836557708e-05 -0.9999999998095332
  outer loop
    vertex 980.4024950186976 192.37101972476987 13.200471801674162
    vertex 980.0505455877945 217.57721435657194 13.200010272161455
    vertex 980.4024952906994 217.75077674275235 13.200010272162869
  endloop
endfacet
facet normal 7.88410505458691e-07 -1.9501588836557708e-05 -0.9999999998095332
  outer loop
    vertex 980.4024950186976 192.37101972476987 13.200471801674162
    vertex 980.4024952906994 217.75077674275235 13.200010272162869
    vertex 980.7740881804854 192.24488084343673 13.20047180167556
  endloop
endfacet
facet normal 7.88410505458691e-07 -1.9501588836557708e-05 -0.9999999998095332
  outer loop
    vertex 980.7740881804854 192.24488084343673 13.20047180167556
    vertex 980.4024952906994 217.75077674275235 13.200010272162869
    vertex 980.7740884524869 217.87691562408588 13.200010272164267
  endloop
endfacet
facet normal 7.88410505458691e-07 -1.9501588836557708e-05 -0.9999999998095332
  outer loop
    vertex 980.7740881804854 192.24488084343673 13.20047180167556
    vertex 980.7740884524869 217.87691562408588 13.200010272164267
    vertex 981.158966739133 192.16832373818232 13.200471801677057
  endloop
endfacet
facet normal 7.88410505458691e-07 -1.9501588836557708e-05 -0.9999999998095332
  outer loop
    vertex 981.158966739133 192.16832373818232 13.200471801677057
    vertex 980.7740884524869 217.87691562408588 13.200010272164267
    vertex 981.1589670111347 217.9534727293399 13.200010272165764
  endloop
endfacet
facet normal 7.88410505458691e-07 -1.9501588836557708e-05 -0.9999999998095332
  outer loop
    vertex 981.158966739133 192.16832373818232 13.200471801677057
    vertex 981.1589670111347 217.9534727293399 13.200010272165764
    vertex 981.5505453157931 192.14265832230376 13.20047180167858
  endloop
endfacet
facet normal 7.88410505458691e-07 -1.9501588836557708e-05 -0.9999999998095332
  outer loop
    vertex 981.5505453157931 192.14265832230376 13.20047180167858
    vertex 981.1589670111347 217.9534727293399 13.200010272165764
    vertex 981.5505455877945 217.97913814521846 13.200010272167287
  endloop
endfacet
facet normal 7.88410505458691e-07 -1.9501588836557708e-05 -0.9999999998095332
  outer loop
    vertex 981.5505453157931 192.14265832230376 13.20047180167858
    vertex 981.5505455877945 217.97913814521846 13.200010272167287
    vertex 983.1505453157928 195.94265832230374 13.200471801684795
  endloop
endfacet
facet normal 7.88410505458691e-07 -1.9501588836557708e-05 -0.9999999998095332
  outer loop
    vertex 981.5505453157931 192.14265832230376 13.20047180167858
    vertex 983.1505453157928 195.94265832230374 13.200471801684795
    vertex 989.5505311769153 192.15388264507638 13.200471010838356
  endloop
endfacet
facet normal 7.88410505458691e-07 -1.9501588836557708e-05 -0.9999999998095332
  outer loop
    vertex 989.5505311769153 192.15388264507638 13.200471010838356
    vertex 983.1505453157928 195.94265832230374 13.200471801684795
    vertex 989.5242859271484 195.94265832300943 13.20047222915799
  endloop
endfacet
facet normal 7.88410505458691e-07 -1.9501588836557708e-05 -0.9999999998095332
  outer loop
    vertex 989.5505311769153 192.15388264507638 13.200471010838356
    vertex 989.5242859271484 195.94265832300943 13.20047222915799
    vertex 989.5242859844178 214.17913814572566 13.200680156566547
  endloop
endfacet
facet normal 0.92387953246051 -0.3826834323440926 -1.0483020368851807e-05
  outer loop
    vertex 1001.8506658289419 146.50155250764166 13.200348638885364
    vertex 1002.1512196056282 147.22693531528446 22.80076206638072
    vertex 1001.8507561018852 146.50155224954923 22.800762096509313
  endloop
endfacet
facet normal 0.92387953246051 -0.3826834323440926 -1.0483020368851807e-05
  outer loop
    vertex 1002.1512196056282 147.22693531528446 22.80076206638072
    vertex 1001.8506658289419 146.50155250764166 13.200348638885364
    vertex 1002.151129332685 147.22693557337695 13.20034860875675
  endloop
endfacet
facet normal -0.7513599854306241 -0.6598924374819531 0.0003784809358533124
  outer loop
    vertex 979.4305606088166 193.02470871276702 22.800522848102176
    vertex 979.1704852949194 193.3163740352778 13.200471801669329
    vertex 979.4292249722336 193.02133797874416 13.200471801670332
  endloop
endfacet
facet normal -0.7513599854306241 -0.6598924374819531 0.0003784809358533124
  outer loop
    vertex 979.1704852949194 193.3163740352778 13.200471801669329
    vertex 979.4305606088166 193.02470871276702 22.800522848102176
    vertex 979.1717910452151 193.319129069891 22.8005228512086
  endloop
endfacet
facet normal 0.6593458150919469 0.7518398074688983 -5.085889392947417e-06
  outer loop
    vertex 992.3768383761864 217.359221151258 17.70001027214264
    vertex 992.6718659313543 217.1004584887782 13.200010272210518
    vertex 992.376829874821 217.35919816609228 13.20001027220937
  endloop
endfacet
facet normal 0.6593458150919469 0.7518398074688983 -5.085889392947417e-06
  outer loop
    vertex 992.6718659313543 217.1004584887782 13.200010272210518
    vertex 992.3768383761864 217.359221151258 17.70001027214264
    vertex 992.6718744327197 217.10048147394392 17.70001027214379
  endloop
endfacet
facet normal -0.361307498165651 0.9324467232838057 2.563627253159257e-06
  outer loop
    vertex 1020.5826461237489 206.9654375073761 17.700626942809716
    vertex 1023.5826497515146 208.12787984708572 22.800919039608708
    vertex 1023.5826461237489 208.12788729397565 17.70062694278416
  endloop
endfacet
facet normal -0.361307498165651 0.9324467232838057 2.563627253159257e-06
  outer loop
    vertex 1023.5826497515146 208.12787984708572 22.800919039608708
    vertex 1020.5826461237489 206.9654375073761 17.700626942809716
    vertex 1020.582649751515 206.96543006048609 22.800919039634262
  endloop
endfacet
facet normal -0.9999999999991473 2.0901821270699368e-07 1.28910506611543e-06
  outer loop
    vertex 989.5505636108084 118.2764468707523 22.80076212772979
    vertex 989.5504763248338 159.72592426325392 -0.9998827601291029
    vertex 989.5504761564187 118.27634403320381 -0.9984697963213225
  endloop
endfacet
facet normal -0.9999999999991473 2.0901821270699368e-07 1.28910506611543e-06
  outer loop
    vertex 989.5504763248338 159.72592426325392 -0.9998827601291029
    vertex 989.5505636108084 118.2764468707523 22.80076212772979
    vertex 989.5505516501047 159.72611070214435 10.000118268132168
  endloop
endfacet
facet normal -0.9999999999991473 2.0901821270699368e-07 1.28910506611543e-06
  outer loop
    vertex 989.5505516501047 159.72611070214435 10.000118268132168
    vertex 989.5505636108084 118.2764468707523 22.80076212772979
    vertex 989.5505637792238 192.1426738907556 22.80076420050829
  endloop
endfacet
facet normal -0.9999999999991473 2.0901821270699368e-07 1.28910506611543e-06
  outer loop
    vertex 989.5505516501047 159.72611070214435 10.000118268132168
    vertex 989.5505637792238 192.1426738907556 22.80076420050829
    vertex 989.550515250225 176.72546746106192 10.00016160227702
  endloop
endfacet
facet normal -0.9999999999991473 2.0901821270699368e-07 1.28910506611543e-06
  outer loop
    vertex 989.550515250225 176.72546746106192 10.00016160227702
    vertex 989.5505637792238 192.1426738907556 22.80076420050829
    vertex 989.5505152502444 176.7260263940218 5.00016163351762
  endloop
endfacet
facet normal -0.9999999999991473 2.0901821270699368e-07 1.28910506611543e-06
  outer loop
    vertex 989.5505152502444 176.7260263940218 5.00016163351762
    vertex 989.5505637792238 192.1426738907556 22.80076420050829
    vertex 989.5505516501241 187.15381353839115 5.0013273203115745
  endloop
endfacet
facet normal -0.9999999999991473 2.0901821270699368e-07 1.28910506611543e-06
  outer loop
    vertex 989.5505516501241 187.15381353839115 5.0013273203115745
    vertex 989.5505637792238 192.1426738907556 22.80076420050829
    vertex 989.550551650124 187.80643971366462 5.044175968566211
  endloop
endfacet
facet normal -0.9999999999991473 2.0901821270699368e-07 1.28910506611543e-06
  outer loop
    vertex 989.550551650124 187.80643971366462 5.044175968566211
    vertex 989.5505637792238 192.1426738907556 22.80076420050829
    vertex 989.5505516501233 188.4478897106392 5.171842850296681
  endloop
endfacet
facet normal -0.9999999999991473 2.0901821270699368e-07 1.28910506611543e-06
  outer loop
    vertex 989.5505516501233 188.4478897106392 5.171842850296681
    vertex 989.5505637792238 192.1426738907556 22.80076420050829
    vertex 989.5505516501225 189.067188142023 5.382143549760632
  endloop
endfacet
facet normal -0.9999999999991473 2.0901821270699368e-07 1.28910506611543e-06
  outer loop
    vertex 989.5505516501225 189.067188142023 5.382143549760632
    vertex 989.5505637792238 192.1426738907556 22.80076420050829
    vertex 989.5505516501216 189.65373863995316 5.6714797636838625
  endloop
endfacet
facet normal -0.9999999999991473 2.0901821270699368e-07 1.28910506611543e-06
  outer loop
    vertex 989.5505516501216 189.65373863995316 5.6714797636838625
    vertex 989.5505637792238 192.1426738907556 22.80076420050829
    vertex 989.5505516501198 190.1975051627874 6.034900869226997
  endloop
endfacet
facet normal -0.9999999999991473 2.0901821270699368e-07 1.28910506611543e-06
  outer loop
    vertex 989.5505516501198 190.1975051627874 6.034900869226997
    vertex 989.5505637792238 192.1426738907556 22.80076420050829
    vertex 989.550551650118 190.68918371455965 6.466188630514817
  endloop
endfacet
facet normal -0.9999999999991473 2.0901821270699368e-07 1.28910506611543e-06
  outer loop
    vertex 989.550551650118 190.68918371455965 6.466188630514817
    vertex 989.5505637792238 192.1426738907556 22.80076420050829
    vertex 989.5505516501164 191.12036153892987 6.957963594376145
  endloop
endfacet
facet normal -0.9999999999991473 2.0901821270699368e-07 1.28910506611543e-06
  outer loop
    vertex 989.5505516501164 191.12036153892987 6.957963594376145
    vertex 989.5505637792238 192.1426738907556 22.80076420050829
    vertex 989.5505516501145 191.48366106377816 7.501811354833517
  endloop
endfacet
facet normal -0.9999999999991473 2.0901821270699368e-07 1.28910506611543e-06
  outer loop
    vertex 989.5505516501145 191.48366106377816 7.501811354833517
    vertex 989.5505637792238 192.1426738907556 22.80076420050829
    vertex 989.5505516501121 191.7728661335086 8.088426525922454
  endloop
endfacet
facet normal -0.9999999999991473 2.0901821270699368e-07 1.28910506611543e-06
  outer loop
    vertex 989.5505516501121 191.7728661335086 8.088426525922454
    vertex 989.5505637792238 192.1426738907556 22.80076420050829
    vertex 989.5505516501099 191.98302836919538 8.707771959425127
  endloop
endfacet
facet normal -0.9999999999991473 2.0901821270699368e-07 1.28910506611543e-06
  outer loop
    vertex 989.5505516501099 191.98302836919538 8.707771959425127
    vertex 989.5505637792238 192.1426738907556 22.80076420050829
    vertex 989.5505516501075 192.11055183671786 9.349250483259338
  endloop
endfacet
facet normal -0.9999999999991473 2.0901821270699368e-07 1.28910506611543e-06
  outer loop
    vertex 989.5505516501075 192.11055183671786 9.349250483259338
    vertex 989.5505637792238 192.1426738907556 22.80076420050829
    vertex 989.5505601514577 192.1426813375879 17.700472008827866
  endloop
endfacet
facet normal -0.9999999999991473 2.0901821270699368e-07 1.28910506611543e-06
  outer loop
    vertex 989.5505516501075 192.11055183671786 9.349250483259338
    vertex 989.5505601514577 192.1426813375879 17.700472008827866
    vertex 989.5505579462299 192.14301006339608 17.435769078670116
  endloop
endfacet
facet normal -0.9999999999991473 2.0901821270699368e-07 1.28910506611543e-06
  outer loop
    vertex 989.5505516501075 192.11055183671786 9.349250483259338
    vertex 989.5505579462299 192.14301006339608 17.435769078670116
    vertex 989.5505152502251 192.1532545741915 10.001886222030828
  endloop
endfacet
facet normal -0.9999999999991473 2.0901821270699368e-07 1.28910506611543e-06
  outer loop
    vertex 989.5505152502251 192.1532545741915 10.001886222030828
    vertex 989.5505579462299 192.14301006339608 17.435769078670116
    vertex 989.5505311769153 192.15388264507638 13.200471010838356
  endloop
endfacet
facet normal -0.997786829536406 -0.06649393055791675 1.6266832626251921e-06
  outer loop
    vertex 978.5766213025106 194.75156560108246 22.800522862659278
    vertex 978.5505453157931 195.1426583223038 13.200471801666916
    vertex 978.5766214283517 194.7515647832179 20.700559028022855
  endloop
endfacet
facet normal -0.997786829536406 -0.06649393055791675 1.6266832626251921e-06
  outer loop
    vertex 978.5505453157931 195.1426583223038 13.200471801666916
    vertex 978.5766213025106 194.75156560108246 22.800522862659278
    vertex 978.5505573621939 195.14267390417845 22.80052286503271
  endloop
endfacet
facet normal -0.3826834323644286 0.9238795325097652 1.8214684596381964e-06
  outer loop
    vertex 998.1975929285318 165.51432301591717 17.700471801676557
    vertex 998.8005453158055 165.76408925603698 9.998969042293613
    vertex 998.1975929285616 165.51433819977538 9.998969042291264
  endloop
endfacet
facet normal -0.3826834323644286 0.9238795325097652 1.8214684596381964e-06
  outer loop
    vertex 998.8005453158055 165.76408925603698 9.998969042293613
    vertex 998.1975929285318 165.51432301591717 17.700471801676557
    vertex 998.8005453157757 165.76407407217877 17.700471801678887
  endloop
endfacet
facet normal 0.9914448613737763 0.13052619222005754 2.573420978535001e-07
  outer loop
    vertex 995.1357307500829 167.28210515274176 9.998969042279358
    vertex 995.0505453157756 167.92913758163982 17.700471801664317
    vertex 995.135730750053 167.28208996888355 17.70047180166464
  endloop
endfacet
facet normal 0.9914448613737763 0.13052619222005754 2.573420978535001e-07
  outer loop
    vertex 995.0505453157756 167.92913758163982 17.700471801664317
    vertex 995.1357307500829 167.28210515274176 9.998969042279358
    vertex 995.0505453158056 167.92915276549803 9.998969042279034
  endloop
endfacet
facet normal 9.88615051986951e-15 0.9999999999972674 2.337830146271733e-06
  outer loop
    vertex 1082.1909497517736 210.98240799704584 22.800764046064607
    vertex 1086.7505536791216 210.98241544393568 17.700471949258223
    vertex 1082.1909461240075 210.98241544393576 17.70047194924005
  endloop
endfacet
facet normal 9.88615051986951e-15 0.9999999999972674 2.337830146271733e-06
  outer loop
    vertex 1086.7505536791216 210.98241544393568 17.700471949258223
    vertex 1082.1909497517736 210.98240799704584 22.800764046064607
    vertex 1086.7505573068881 210.98240799704575 22.80076404608276
  endloop
endfacet
facet normal 0.9999999999994362 4.3109880342297906e-11 -1.0620391585540723e-06
  outer loop
    vertex 1023.5826461242665 195.0747538198615 17.70058007096684
    vertex 1023.5826497515146 208.12787984708572 22.800919039608708
    vertex 1023.5826497520326 195.07474637297145 22.800872167791372
  endloop
endfacet
facet normal 0.9999999999994362 4.3109880342297906e-11 -1.0620391585540723e-06
  outer loop
    vertex 1023.5826497515146 208.12787984708572 22.800919039608708
    vertex 1023.5826461242665 195.0747538198615 17.70058007096684
    vertex 1023.5826461239532 202.97916056656007 17.700540128132342
  endloop
endfacet
facet normal 0.9999999999994362 4.3109880342297906e-11 -1.0620391585540723e-06
  outer loop
    vertex 1023.5826497515146 208.12787984708572 22.800919039608708
    vertex 1023.5826461239532 202.97916056656007 17.700540128132342
    vertex 1023.5826461237489 208.12788729397565 17.70062694278416
  endloop
endfacet
facet normal -0.3214393748856401 -0.9469298631353642 0.0007500503780131966
  outer loop
    vertex 980.7747527477643 192.25059597119798 20.700559001634346
    vertex 980.4024950186976 192.37101972476987 13.200471801674162
    vertex 980.7740881804854 192.24488084343673 13.20047180167556
  endloop
endfacet
facet normal 0.7722854263835248 0.6352757040806918 6.316855217883269e-07
  outer loop
    vertex 1074.7319415277025 181.88233922425545 17.700142833590228
    vertex 1063.8826497520329 195.07149149584126 22.800776732505422
    vertex 1074.7319451554688 181.8823317773654 22.800434930414774
  endloop
endfacet
facet normal 0.7722854263835248 0.6352757040806918 6.316855217883269e-07
  outer loop
    vertex 1063.8826497520329 195.07149149584126 22.800776732505422
    vertex 1074.7319415277025 181.88233922425545 17.700142833590228
    vertex 1063.8826461242666 195.07149894273135 17.70048463568087
  endloop
endfacet
facet normal 0.44228869021270417 0.8968727415194371 -5.416628077148245e-06
  outer loop
    vertex 991.6986043862554 217.7507997279181 17.700010272140002
    vertex 992.0505455877945 217.57721435657177 13.200010272208166
    vertex 991.6985958848895 217.75077674275235 13.200010272206733
  endloop
endfacet
facet normal 0.44228869021270417 0.8968727415194371 -5.416628077148245e-06
  outer loop
    vertex 992.0505455877945 217.57721435657177 13.200010272208166
    vertex 991.6986043862554 217.7507997279181 17.700010272140002
    vertex 992.05055408916 217.5772373417374 17.70001027214136
  endloop
endfacet
facet normal -3.6464311881308124e-06 2.338678721083962e-05 -0.999999999719881
  outer loop
    vertex 989.550515250225 176.72546746106192 10.00016160227702
    vertex 995.3854818063444 169.179152765498 9.998969042280335
    vertex 989.5505516501047 159.72611070214435 10.000118268132168
  endloop
endfacet
facet normal -3.6464311881308124e-06 2.338678721083962e-05 -0.999999999719881
  outer loop
    vertex 995.3854818063444 169.179152765498 9.998969042280335
    vertex 989.550515250225 176.72546746106192 10.00016160227702
    vertex 995.7827783628392 169.6969197184644 9.998969042281876
  endloop
endfacet
facet normal -3.6464311881308124e-06 2.338678721083962e-05 -0.999999999719881
  outer loop
    vertex 995.7827783628392 169.6969197184644 9.998969042281876
    vertex 989.550515250225 176.72546746106192 10.00016160227702
    vertex 996.3005453158053 170.09421627495908 9.998969042283893
  endloop
endfacet
facet normal -3.6464311881308124e-06 2.338678721083962e-05 -0.999999999719881
  outer loop
    vertex 996.3005453158053 170.09421627495908 9.998969042283893
    vertex 989.550515250225 176.72546746106192 10.00016160227702
    vertex 996.9034977030491 170.34396733122068 9.99896904228624
  endloop
endfacet
facet normal -3.6464311881308124e-06 2.338678721083962e-05 -0.999999999719881
  outer loop
    vertex 996.9034977030491 170.34396733122068 9.99896904228624
    vertex 989.550515250225 176.72546746106192 10.00016160227702
    vertex 997.5505453158054 170.429152765498 9.99896904228873
  endloop
endfacet
facet normal -3.6464311881308124e-06 2.338678721083962e-05 -0.999999999719881
  outer loop
    vertex 997.5505453158054 170.429152765498 9.99896904228873
    vertex 989.550515250225 176.72546746106192 10.00016160227702
    vertex 1086.750508777889 176.72546743094256 10.000161395470375
  endloop
endfacet
facet normal -3.6464311881308124e-06 2.338678721083962e-05 -0.999999999719881
  outer loop
    vertex 989.5505516501047 159.72611070214435 10.000118268132168
    vertex 995.3854818063444 169.179152765498 9.998969042280335
    vertex 995.1357307500829 168.57620037825433 9.998969042279358
  endloop
endfacet
facet normal -3.6464311881308124e-06 2.338678721083962e-05 -0.999999999719881
  outer loop
    vertex 989.5505516501047 159.72611070214435 10.000118268132168
    vertex 995.1357307500829 168.57620037825433 9.998969042279358
    vertex 995.0505453158056 167.92915276549803 9.998969042279034
  endloop
endfacet
facet normal -3.6464311881308124e-06 2.338678721083962e-05 -0.999999999719881
  outer loop
    vertex 997.5505453158054 170.429152765498 9.99896904228873
    vertex 1086.750508777889 176.72546743094256 10.000161395470375
    vertex 998.1975929285616 170.34396733122068 9.998969042291264
  endloop
endfacet
facet normal -3.6464311881308124e-06 2.338678721083962e-05 -0.999999999719881
  outer loop
    vertex 998.1975929285616 170.34396733122068 9.998969042291264
    vertex 1086.750508777889 176.72546743094256 10.000161395470375
    vertex 998.8005453158055 170.09421627495908 9.998969042293613
  endloop
endfacet
facet normal -3.6464311881308124e-06 2.338678721083962e-05 -0.999999999719881
  outer loop
    vertex 998.8005453158055 170.09421627495908 9.998969042293613
    vertex 1086.750508777889 176.72546743094256 10.000161395470375
    vertex 999.3183122687716 169.6969197184644 9.998969042295624
  endloop
endfacet
facet normal -3.6464311881308124e-06 2.338678721083962e-05 -0.999999999719881
  outer loop
    vertex 999.3183122687716 169.6969197184644 9.998969042295624
    vertex 1086.750508777889 176.72546743094256 10.000161395470375
    vertex 999.7156088252665 169.179152765498 9.998969042297164
  endloop
endfacet
facet normal -3.6464311881308124e-06 2.338678721083962e-05 -0.999999999719881
  outer loop
    vertex 999.7156088252665 169.179152765498 9.998969042297164
    vertex 1086.750508777889 176.72546743094256 10.000161395470375
    vertex 999.9653598815282 168.57620037825433 9.998969042298137
  endloop
endfacet
facet normal -3.6464311881308124e-06 2.338678721083962e-05 -0.999999999719881
  outer loop
    vertex 999.9653598815282 168.57620037825433 9.998969042298137
    vertex 1086.750508777889 176.72546743094256 10.000161395470375
    vertex 1000.0505453158055 167.92915276549803 9.99896904229847
  endloop
endfacet
facet normal -3.6464311881308124e-06 2.338678721083962e-05 -0.999999999719881
  outer loop
    vertex 989.5505516501047 159.72611070214435 10.000118268132168
    vertex 997.5505453158054 165.42915276549806 9.99896904228873
    vertex 1086.750520380016 159.7261106720259 9.999409608761486
  endloop
endfacet
facet normal -3.6464311881308124e-06 2.338678721083962e-05 -0.999999999719881
  outer loop
    vertex 997.5505453158054 165.42915276549806 9.99896904228873
    vertex 989.5505516501047 159.72611070214435 10.000118268132168
    vertex 996.9034977030491 165.51433819977538 9.99896904228624
  endloop
endfacet
facet normal -3.6464311881308124e-06 2.338678721083962e-05 -0.999999999719881
  outer loop
    vertex 996.9034977030491 165.51433819977538 9.99896904228624
    vertex 989.5505516501047 159.72611070214435 10.000118268132168
    vertex 996.3005453158053 165.76408925603698 9.998969042283893
  endloop
endfacet
facet normal -3.6464311881308124e-06 2.338678721083962e-05 -0.999999999719881
  outer loop
    vertex 996.3005453158053 165.76408925603698 9.998969042283893
    vertex 989.5505516501047 159.72611070214435 10.000118268132168
    vertex 995.7827783628392 166.16138581253168 9.998969042281876
  endloop
endfacet
facet normal -3.6464311881308124e-06 2.338678721083962e-05 -0.999999999719881
  outer loop
    vertex 995.7827783628392 166.16138581253168 9.998969042281876
    vertex 989.5505516501047 159.72611070214435 10.000118268132168
    vertex 995.3854818063444 166.67915276549806 9.998969042280335
  endloop
endfacet
facet normal -3.6464311881308124e-06 2.338678721083962e-05 -0.999999999719881
  outer loop
    vertex 995.3854818063444 166.67915276549806 9.998969042280335
    vertex 989.5505516501047 159.72611070214435 10.000118268132168
    vertex 995.1357307500829 167.28210515274176 9.998969042279358
  endloop
endfacet
facet normal -3.6464311881308124e-06 2.338678721083962e-05 -0.999999999719881
  outer loop
    vertex 995.1357307500829 167.28210515274176 9.998969042279358
    vertex 989.5505516501047 159.72611070214435 10.000118268132168
    vertex 995.0505453158056 167.92915276549803 9.998969042279034
  endloop
endfacet
facet normal -3.6464311881308124e-06 2.338678721083962e-05 -0.999999999719881
  outer loop
    vertex 1086.750520380016 159.7261106720259 9.999409608761486
    vertex 997.5505453158054 165.42915276549806 9.99896904228873
    vertex 998.1975929285616 165.51433819977538 9.998969042291264
  endloop
endfacet
facet normal -3.6464311881308124e-06 2.338678721083962e-05 -0.999999999719881
  outer loop
    vertex 1086.750520380016 159.7261106720259 9.999409608761486
    vertex 998.1975929285616 165.51433819977538 9.998969042291264
    vertex 998.8005453158055 165.76408925603698 9.998969042293613
  endloop
endfacet
facet normal -3.6464311881308124e-06 2.338678721083962e-05 -0.999999999719881
  outer loop
    vertex 1086.750520380016 159.7261106720259 9.999409608761486
    vertex 998.8005453158055 165.76408925603698 9.998969042293613
    vertex 999.3183122687719 166.16138581253168 9.998969042295624
  endloop
endfacet
facet normal -3.6464311881308124e-06 2.338678721083962e-05 -0.999999999719881
  outer loop
    vertex 1086.750520380016 159.7261106720259 9.999409608761486
    vertex 999.3183122687719 166.16138581253168 9.998969042295624
    vertex 999.7156088252665 166.67915276549806 9.998969042297164
  endloop
endfacet
facet normal -3.6464311881308124e-06 2.338678721083962e-05 -0.999999999719881
  outer loop
    vertex 1086.750520380016 159.7261106720259 9.999409608761486
    vertex 999.7156088252665 166.67915276549806 9.998969042297164
    vertex 999.9653598815282 167.28210515274176 9.998969042298137
  endloop
endfacet
facet normal -3.6464311881308124e-06 2.338678721083962e-05 -0.999999999719881
  outer loop
    vertex 1086.750520380016 159.7261106720259 9.999409608761486
    vertex 999.9653598815282 167.28210515274176 9.998969042298137
    vertex 1000.0505453158055 167.92915276549803 9.99896904229847
  endloop
endfacet
facet normal -3.6464311881308124e-06 2.338678721083962e-05 -0.999999999719881
  outer loop
    vertex 1086.750520380016 159.7261106720259 9.999409608761486
    vertex 1000.0505453158055 167.92915276549803 9.99896904229847
    vertex 1086.750508777889 176.72546743094256 10.000161395470375
  endloop
endfacet
facet normal -0.06540312922952034 -0.9978589232249887 5.220437418908367e-06
  outer loop
    vertex 981.5505453157931 192.14265832230376 13.20047180167858
    vertex 981.1589752404983 192.16834672334798 17.700471801610334
    vertex 981.158966739133 192.16832373818232 13.200471801677057
  endloop
endfacet
facet normal -0.06540312922952034 -0.9978589232249887 5.220437418908367e-06
  outer loop
    vertex 981.1589752404983 192.16834672334798 17.700471801610334
    vertex 981.5505453157931 192.14265832230376 13.20047180167858
    vertex 981.5505538171584 192.14268130746942 17.700471801611844
  endloop
endfacet
facet normal -0.06540312922952034 -0.9978589232249887 5.220437418908367e-06
  outer loop
    vertex 981.1589752404983 192.16834672334798 17.700471801610334
    vertex 981.5505538171584 192.14268130746942 17.700471801611844
    vertex 981.4505538171583 192.14923565375068 17.70047186338659
  endloop
endfacet
facet normal 0.9999999999982153 -2.273947429866898e-08 -1.8891922038262902e-06
  outer loop
    vertex 993.5505455877949 214.9791381452186 13.200010272213932
    vertex 993.5505538171584 202.97916056680546 17.70047180165849
    vertex 993.5505453157931 202.97913758163972 13.200471801725223
  endloop
endfacet
facet normal 0.9999999999982153 -2.273947429866898e-08 -1.8891922038262902e-06
  outer loop
    vertex 993.5505538171584 202.97916056680546 17.70047180165849
    vertex 993.5505455877949 214.9791381452186 13.200010272213932
    vertex 993.5505540891602 214.9791611303843 17.7000102721472
  endloop
endfacet
facet normal -0.08659400369778959 -0.9962436843059005 -2.047623928693872e-06
  outer loop
    vertex 981.450557362194 192.14922825039724 22.80052283196323
    vertex 981.2008728254664 192.17093083975578 20.700558998829777
    vertex 981.4505538171583 192.14923565375068 17.70047186338659
  endloop
endfacet
facet normal -0.08659400369778959 -0.9962436843059005 -2.047623928693872e-06
  outer loop
    vertex 981.2008728254664 192.17093083975578 20.700558998829777
    vertex 981.450557362194 192.14922825039724 22.80052283196323
    vertex 981.1592802027454 192.17454552674582 20.700558999078652
  endloop
endfacet
facet normal -0.08659400369778959 -0.9962436843059005 -2.047623928693872e-06
  outer loop
    vertex 981.1592802027454 192.17454552674582 20.700558999078652
    vertex 981.450557362194 192.14922825039724 22.80052283196323
    vertex 981.2008727587271 192.17093134295922 22.800522833464914
  endloop
endfacet
facet normal -0.08659400369778959 -0.9962436843059005 -2.047623928693872e-06
  outer loop
    vertex 981.1592802027454 192.17454552674582 20.700558999078652
    vertex 981.2008727587271 192.17093134295922 22.800522833464914
    vertex 981.1592800769043 192.17454634461038 22.800522833715075
  endloop
endfacet
facet normal 5.330750948730257e-09 0.9999999999972674 2.3378218555834237e-06
  outer loop
    vertex 989.5505601514577 192.1426813375879 17.700472008827866
    vertex 991.9705574449241 192.1426738778276 22.800763625157476
    vertex 991.9705538171582 192.14268132471767 17.70047152833294
  endloop
endfacet
facet normal 5.330750948730257e-09 0.9999999999972674 2.3378218555834237e-06
  outer loop
    vertex 991.9705574449241 192.1426738778276 22.800763625157476
    vertex 989.5505601514577 192.1426813375879 17.700472008827866
    vertex 989.5505637792238 192.1426738907556 22.80076420050829
  endloop
endfacet
facet normal 0.923879532511052 -0.38268343236491287 -7.544739642625056e-07
  outer loop
    vertex 995.1357307500829 168.57620037825433 9.998969042279358
    vertex 995.3854818063145 169.1791375816398 17.70047180166561
    vertex 995.135730750053 168.57618519439612 17.70047180166464
  endloop
endfacet
facet normal 0.923879532511052 -0.38268343236491287 -7.544739642625056e-07
  outer loop
    vertex 995.3854818063145 169.1791375816398 17.70047180166561
    vertex 995.1357307500829 168.57620037825433 9.998969042279358
    vertex 995.3854818063444 169.179152765498 9.998969042280335
  endloop
endfacet
facet normal 0.4999999999994225 0.8660254037834841 1.4935972942200794e-06
  outer loop
    vertex 993.7400456682727 165.72915311991528 22.800764045883717
    vertex 997.5505538171584 163.52916056680536 17.700471949073993
    vertex 993.7400420405066 165.72916056680538 17.700471949059178
  endloop
endfacet
facet normal 0.4999999999994225 0.8660254037834841 1.4935972942200794e-06
  outer loop
    vertex 997.5505538171584 163.52916056680536 17.700471949073993
    vertex 993.7400456682727 165.72915311991528 22.800764045883717
    vertex 997.5505574449245 163.5291531199153 22.800764045898543
  endloop
endfacet
facet normal 0.997858923324614 0.06540312791159 -9.068707027357497e-07
  outer loop
    vertex 1003.4326461246308 214.979161127465 17.700222024615762
    vertex 1003.4069843370373 215.37073225744135 22.800528579256046
    vertex 1003.4326497523969 214.97915368057497 22.800514121440298
  endloop
endfacet
facet normal 0.997858923324614 0.06540312791159 -9.068707027357497e-07
  outer loop
    vertex 1003.4069843370373 215.37073225744135 22.800528579256046
    vertex 1003.4326461246308 214.979161127465 17.700222024615762
    vertex 1003.4069807092715 215.37073970433127 17.700236482431496
  endloop
endfacet
facet normal 0.9807852803994598 0.19509032201427678 -2.8493772133192417e-06
  outer loop
    vertex 993.4483230666623 215.7555952805261 13.200010272213524
    vertex 993.5248886732817 215.3707397070444 17.700010272147104
    vertex 993.5248801719158 215.37071672187867 13.200010272213834
  endloop
endfacet
facet normal 0.9807852803994598 0.19509032201427678 -2.8493772133192417e-06
  outer loop
    vertex 993.5248886732817 215.3707397070444 17.700010272147104
    vertex 993.4483230666623 215.7555952805261 13.200010272213524
    vertex 993.4483315680276 215.75561826569174 17.700010272146805
  endloop
endfacet
facet normal 3.4861575882548487e-12 0.4423889458027358 -0.8968232939835719
  outer loop
    vertex 1086.7505087779061 189.6537386098346 5.671479556877221
    vertex 989.5505516501225 189.067188142023 5.382143549760632
    vertex 989.5505516501216 189.65373863995316 5.6714797636838625
  endloop
endfacet
facet normal 3.4861575882548487e-12 0.4423889458027358 -0.8968232939835719
  outer loop
    vertex 989.5505516501225 189.067188142023 5.382143549760632
    vertex 1086.7505087779061 189.6537386098346 5.671479556877221
    vertex 1086.7505087779068 189.0671881119045 5.382143342953993
  endloop
endfacet
facet normal 0.7933533402905659 0.6087614290084099 1.2002035526681982e-06
  outer loop
    vertex 995.7827783628392 166.16138581253168 9.998969042281876
    vertex 995.3854818063145 166.67913758163985 17.70047180166561
    vertex 995.7827783628094 166.16137062867347 17.700471801667156
  endloop
endfacet
facet normal 0.7933533402905659 0.6087614290084099 1.2002035526681982e-06
  outer loop
    vertex 995.3854818063145 166.67913758163985 17.70047180166561
    vertex 995.7827783628392 166.16138581253168 9.998969042281876
    vertex 995.3854818063444 166.67915276549806 9.998969042280335
  endloop
endfacet
facet normal -0.9465739718044294 -0.32248674309755676 0.00012817456115838137
  outer loop
    vertex 978.7799142503795 193.99616954392906 22.800522857231012
    vertex 978.6527678369257 194.36620118699634 13.200471801667348
    vertex 978.7799143762205 193.99616872606447 20.7005590225946
  endloop
endfacet
facet normal -0.9465739718044294 -0.32248674309755676 0.00012817456115838137
  outer loop
    vertex 978.6527678369257 194.36620118699634 13.200471801667348
    vertex 978.7799142503795 193.99616954392906 22.800522857231012
    vertex 978.6535121397534 194.36720531062116 22.800522860043785
  endloop
endfacet
facet normal -0.9465739718044294 -0.32248674309755676 0.00012817456115838137
  outer loop
    vertex 978.6527678369257 194.36620118699634 13.200471801667348
    vertex 978.6535121397534 194.36720531062116 22.800522860043785
    vertex 978.6535122655945 194.36720449275663 20.70055902540736
  endloop
endfacet
facet normal -0.9978589215094251 -0.06540312911635109 5.88713581790927e-05
  outer loop
    vertex 978.5505453157931 195.1426583223038 13.200471801666916
    vertex 978.5762107316715 194.75107974564355 13.20047180166702
    vertex 978.5766214283517 194.7515647832179 20.700559028022855
  endloop
endfacet
facet normal 0.999999999999436 2.354001312879204e-11 -1.0620439823067122e-06
  outer loop
    vertex 1063.8826461242666 195.07149894273135 17.70048463568087
    vertex 1063.8826497517737 208.12462496995556 22.80082360432274
    vertex 1063.8826497520329 195.07149149584126 22.800776732505422
  endloop
endfacet
facet normal 0.999999999999436 2.354001312879204e-11 -1.0620439823067122e-06
  outer loop
    vertex 1063.8826497517737 208.12462496995556 22.80082360432274
    vertex 1063.8826461242666 195.07149894273135 17.70048463568087
    vertex 1063.8826461241094 202.97916056673137 17.700492416411567
  endloop
endfacet
facet normal 0.999999999999436 2.354001312879204e-11 -1.0620439823067122e-06
  outer loop
    vertex 1063.8826497517737 208.12462496995556 22.80082360432274
    vertex 1063.8826461241094 202.97916056673137 17.700492416411567
    vertex 1063.8826461240074 208.12463241684557 17.7005315074982
  endloop
endfacet
facet normal 0.321439465425322 0.9469301294517868 1.872378300120689e-06
  outer loop
    vertex 1001.2091032600986 217.87693860923446 17.700320302437277
    vertex 1001.5807000500413 217.7507922808316 22.80060929874387
    vertex 1001.5806964222752 217.75079972772156 17.700317201919322
  endloop
endfacet
facet normal 0.321439465425322 0.9469301294517868 1.872378300120689e-06
  outer loop
    vertex 1001.5807000500413 217.7507922808316 22.80060929874387
    vertex 1001.2091032600986 217.87693860923446 17.700320302437277
    vertex 1001.2091068878647 217.87693116234445 22.800612399261812
  endloop
endfacet
facet normal 0.923879532511052 0.38268343236491287 7.544811469252763e-07
  outer loop
    vertex 995.3854818063444 166.67915276549806 9.998969042280335
    vertex 995.135730750053 167.28208996888355 17.70047180166464
    vertex 995.3854818063145 166.67913758163985 17.70047180166561
  endloop
endfacet
facet normal 0.923879532511052 0.38268343236491287 7.544811469252763e-07
  outer loop
    vertex 995.135730750053 167.28208996888355 17.70047180166464
    vertex 995.3854818063444 166.67915276549806 9.998969042280335
    vertex 995.1357307500829 167.28210515274176 9.998969042279358
  endloop
endfacet
facet normal -0.9999999999997835 -1.2175439654689005e-07 6.466801457746209e-07
  outer loop
    vertex 1056.9079891141737 120.67336433913827 22.80065461604156
    vertex 1056.9079961112323 125.72562832257874 5.400330735292939
    vertex 1056.9079861579694 120.67331468407777 5.400397394044501
  endloop
endfacet
facet normal -0.9999999999997835 -1.2175439654689005e-07 6.466801457746209e-07
  outer loop
    vertex 1056.9079961112323 125.72562832257874 5.400330735292939
    vertex 1056.9079891141737 120.67336433913827 22.80065461604156
    vertex 1056.9079886296643 123.9191382440217 17.700257076120316
  endloop
endfacet
facet normal -0.9999999999997835 -1.2175439654689005e-07 6.466801457746209e-07
  outer loop
    vertex 1056.9079886296643 123.9191382440217 17.700257076120316
    vertex 1056.9079891141737 120.67336433913827 22.80065461604156
    vertex 1056.9079929013774 123.91913079735922 22.800451749937405
  endloop
endfacet
facet normal -0.9999999999997835 -1.2175439654689005e-07 6.466801457746209e-07
  outer loop
    vertex 1056.9079961112323 125.72562832257874 5.400330735292939
    vertex 1056.9079886296643 123.9191382440217 17.700257076120316
    vertex 1056.9079877930815 136.98960833117226 17.70026604559857
  endloop
endfacet
facet normal -0.9999999999997835 -1.2175439654689005e-07 6.466801457746209e-07
  outer loop
    vertex 1056.9079961112323 125.72562832257874 5.400330735292939
    vertex 1056.9079877930815 136.98960833117226 17.70026604559857
    vertex 1056.9079664898125 136.98960588416114 13.200364259784177
  endloop
endfacet
facet normal -0.9999999999997835 -1.2175439654689005e-07 6.466801457746209e-07
  outer loop
    vertex 1056.9079961112323 125.72562832257874 5.400330735292939
    vertex 1056.907963647522 150.17321489947312 -0.999856184633262
    vertex 1056.9079652128503 125.72551490001813 -0.9994401565793025
  endloop
endfacet
facet normal -0.9999999999997835 -1.2175439654689005e-07 6.466801457746209e-07
  outer loop
    vertex 1056.907963647522 150.17321489947312 -0.999856184633262
    vertex 1056.9079961112323 125.72562832257874 5.400330735292939
    vertex 1056.9079664898125 136.98960588416114 13.200364259784177
  endloop
endfacet
facet normal -0.9999999999997835 -1.2175439654689005e-07 6.466801457746209e-07
  outer loop
    vertex 1056.907963647522 150.17321489947312 -0.999856184633262
    vertex 1056.9079664898125 136.98960588416114 13.200364259784177
    vertex 1056.9079663152795 149.85712988582515 13.200332787746165
  endloop
endfacet
facet normal -0.9999999999997835 -1.2175439654689005e-07 6.466801457746209e-07
  outer loop
    vertex 1056.907963647522 150.17321489947312 -0.999856184633262
    vertex 1056.9079663152795 149.85712988582515 13.200332787746165
    vertex 1056.9079895358668 149.8571323320392 17.700298324565686
  endloop
endfacet
facet normal -0.9999999999997835 -1.2175439654689005e-07 6.466801457746209e-07
  outer loop
    vertex 1056.907963647522 150.17321489947312 -0.999856184633262
    vertex 1056.9079895358668 149.8571323320392 17.700298324565686
    vertex 1056.9079882168865 150.1733170197679 5.400388047910733
  endloop
endfacet
facet normal -0.9999999999997835 -1.2175439654689005e-07 6.466801457746209e-07
  outer loop
    vertex 1056.9079882168865 150.1733170197679 5.400388047910733
    vertex 1056.9079895358668 149.8571323320392 17.700298324565686
    vertex 1056.907989478038 154.1733156421873 17.70030915197709
  endloop
endfacet
facet normal -0.9999999999997835 -1.2175439654689005e-07 6.466801457746209e-07
  outer loop
    vertex 1056.9079882168865 150.1733170197679 5.400388047910733
    vertex 1056.907989478038 154.1733156421873 17.70030915197709
    vertex 1056.9079881526445 154.1733170197678 5.400387928701353
  endloop
endfacet
facet normal -1.8939407992026544e-12 0.9999999999869555 -5.107754737374551e-06
  outer loop
    vertex 993.5505538171584 202.97916056680546 17.70047180165849
    vertex 1086.750545177756 202.9791375816397 13.200471802087955
    vertex 993.5505453157931 202.97913758163972 13.200471801725223
  endloop
endfacet
facet normal -1.8939407992026544e-12 0.9999999999869555 -5.107754737374551e-06
  outer loop
    vertex 1086.750545177756 202.9791375816397 13.200471802087955
    vertex 993.5505538171584 202.97916056680546 17.70047180165849
    vertex 1003.4326461245054 202.97916056651215 17.70045561248553
  endloop
endfacet
facet normal -1.8939407992026544e-12 0.9999999999869555 -5.107754737374551e-06
  outer loop
    vertex 1020.5826461237612 202.97916056653744 17.700541736103766
    vertex 1081.0326461240072 202.97916056681268 17.700468077846477
    vertex 1003.4326461245054 202.97916056651215 17.70045561248553
  endloop
endfacet
facet normal -1.8939407992026544e-12 0.9999999999869555 -5.107754737374551e-06
  outer loop
    vertex 1081.0326461240072 202.97916056681268 17.700468077846477
    vertex 1020.5826461237612 202.97916056653744 17.700541736103766
    vertex 1063.8826461241094 202.97916056673137 17.700492416411567
  endloop
endfacet
facet normal -1.8939407992026544e-12 0.9999999999869555 -5.107754737374551e-06
  outer loop
    vertex 1063.8826461241094 202.97916056673137 17.700492416411567
    vertex 1020.5826461237612 202.97916056653744 17.700541736103766
    vertex 1060.8826461240076 202.97916056673967 17.70049631335415
  endloop
endfacet
facet normal -1.8939407992026544e-12 0.9999999999869555 -5.107754737374551e-06
  outer loop
    vertex 1060.8826461240076 202.97916056673967 17.70049631335415
    vertex 1020.5826461237612 202.97916056653744 17.700541736103766
    vertex 1040.7326461237847 202.9791605666257 17.70052466409171
  endloop
endfacet
facet normal -1.8939407992026544e-12 0.9999999999869555 -5.107754737374551e-06
  outer loop
    vertex 1060.8826461240076 202.97916056673967 17.70049631335415
    vertex 1040.7326461237847 202.9791605666257 17.70052466409171
    vertex 1043.7326461239775 202.97916056662444 17.700522195455406
  endloop
endfacet
facet normal -1.8939407992026544e-12 0.9999999999869555 -5.107754737374551e-06
  outer loop
    vertex 1040.7326461237847 202.9791605666257 17.70052466409171
    vertex 1020.5826461237612 202.97916056653744 17.700541736103766
    vertex 1023.5826461239532 202.97916056656007 17.700540128132342
  endloop
endfacet
facet normal -1.8939407992026544e-12 0.9999999999869555 -5.107754737374551e-06
  outer loop
    vertex 1086.750545177756 202.9791375816397 13.200471802087955
    vertex 1081.0326461240072 202.97916056681268 17.700468077846477
    vertex 1086.7505536791216 202.97916056680535 17.70047180202122
  endloop
endfacet
facet normal -1.8939407992026544e-12 0.9999999999869555 -5.107754737374551e-06
  outer loop
    vertex 1081.0326461240072 202.97916056681268 17.700468077846477
    vertex 1086.750545177756 202.9791375816397 13.200471802087955
    vertex 1003.4326461245054 202.97916056651215 17.70045561248553
  endloop
endfacet
facet normal 0.9807852806211765 0.1950903209195615 -5.855510583362308e-07
  outer loop
    vertex 1003.4069807092715 215.37073970433127 17.700236482431496
    vertex 1003.3304272321847 215.75561081636093 22.80054256975378
    vertex 1003.4069843370373 215.37073225744135 22.800528579256046
  endloop
endfacet
facet normal 0.9807852806211765 0.1950903209195615 -5.855510583362308e-07
  outer loop
    vertex 1003.3304272321847 215.75561081636093 22.80054256975378
    vertex 1003.4069807092715 215.37073970433127 17.700236482431496
    vertex 1003.3304236044188 215.75561826325097 17.700250472929234
  endloop
endfacet
facet normal -0.5549642245324374 -0.8318740442891225 0.0005328481673034158
  outer loop
    vertex 980.0505453157928 192.5445821109506 13.200471801672748
    vertex 979.7255459310562 192.7665833684119 22.800522845002703
    vertex 979.7242610287669 192.76259830142993 13.20047180167148
  endloop
endfacet
facet normal -0.5549642245324374 -0.8318740442891225 0.0005328481673034158
  outer loop
    vertex 979.7255459310562 192.7665833684119 22.800522845002703
    vertex 980.0505453157928 192.5445821109506 13.200471801672748
    vertex 980.051699731286 192.54916963303344 22.80052284196328
  endloop
endfacet
facet normal 0.8314696126372485 0.5555702325185279 4.1576984907912935e-07
  outer loop
    vertex 1003.0307223373417 216.47916112861267 17.700276106537373
    vertex 1002.8127097746662 216.80543796910888 22.80057940787418
    vertex 1003.0307259651075 216.47915368172266 22.800568203361916
  endloop
endfacet
facet normal 0.8314696126372485 0.5555702325185279 4.1576984907912935e-07
  outer loop
    vertex 1002.8127097746662 216.80543796910888 22.80057940787418
    vertex 1003.0307223373417 216.47916112861267 17.700276106537373
    vertex 1002.8127061469 216.8054454159988 17.700287311049642
  endloop
endfacet
facet normal -0.3613074981656262 0.9324467232838153 2.563627270461746e-06
  outer loop
    vertex 1060.8826461240076 206.96218263024593 17.700531507523763
    vertex 1063.8826497517737 208.12462496995556 22.80082360432274
    vertex 1063.8826461240074 208.12463241684557 17.7005315074982
  endloop
endfacet
facet normal -0.3613074981656262 0.9324467232838153 2.563627270461746e-06
  outer loop
    vertex 1063.8826497517737 208.12462496995556 22.80082360432274
    vertex 1060.8826461240076 206.96218263024593 17.700531507523763
    vertex 1060.8826497517737 206.962175183356 22.800823604348302
  endloop
endfacet
facet normal -0.6087614290081205 -0.7933533402901538 -1.5641340697307817e-06
  outer loop
    vertex 999.3183122687716 169.6969197184644 9.998969042295624
    vertex 998.8005453157757 170.09420109110087 17.700471801678887
    vertex 998.8005453158055 170.09421627495908 9.998969042293613
  endloop
endfacet
facet normal -0.6087614290081205 -0.7933533402901538 -1.5641340697307817e-06
  outer loop
    vertex 998.8005453157757 170.09420109110087 17.700471801678887
    vertex 999.3183122687716 169.6969197184644 9.998969042295624
    vertex 999.3183122687418 169.69690453460618 17.7004718016809
  endloop
endfacet
facet normal 0.7722854263856525 0.635275704078105 6.316855035211833e-07
  outer loop
    vertex 1054.5819415277022 181.88233922425545 17.700142833511897
    vertex 1043.732649752058 195.07149149584126 22.800836290671416
    vertex 1054.5819451554685 181.8823317773654 22.800434930336458
  endloop
endfacet
facet normal 0.7722854263856525 0.635275704078105 6.316855035211833e-07
  outer loop
    vertex 1043.732649752058 195.07149149584126 22.800836290671416
    vertex 1054.5819415277022 181.88233922425545 17.700142833511897
    vertex 1043.7326461242915 195.07149894273135 17.70054419384687
  endloop
endfacet
facet normal 3.2768859156111094e-10 0.9999999807216826 -0.00019635843404273228
  outer loop
    vertex 989.5505152502251 192.1532545741915 10.001886222030828
    vertex 1086.750508777877 192.1538826114088 13.200470787859542
    vertex 1086.7505087778893 192.153254544072 10.001886015224187
  endloop
endfacet
facet normal 3.2768859156111094e-10 0.9999999807216826 -0.00019635843404273228
  outer loop
    vertex 1086.750508777877 192.1538826114088 13.200470787859542
    vertex 989.5505152502251 192.1532545741915 10.001886222030828
    vertex 989.5505311769153 192.15388264507638 13.200471010838356
  endloop
endfacet
facet normal -3.967476390304778e-07 0.9999999999984253 -1.7298453741924385e-06
  outer loop
    vertex 981.5505574449247 217.97915368349553 22.800525542724976
    vertex 990.5505455877947 217.97913814521846 13.200010272202267
    vertex 981.5505455877945 217.97913814521846 13.200010272167287
  endloop
endfacet
facet normal -3.967476390304778e-07 0.9999999999984253 -1.7298453741924385e-06
  outer loop
    vertex 990.5505455877947 217.97913814521846 13.200010272202267
    vertex 981.5505574449247 217.97915368349553 22.800525542724976
    vertex 990.5505540891602 217.97916113038409 17.700010272135543
  endloop
endfacet
facet normal -3.967476390304778e-07 0.9999999999984253 -1.7298453741924385e-06
  outer loop
    vertex 990.5505540891602 217.97916113038409 17.700010272135543
    vertex 981.5505574449247 217.97915368349553 22.800525542724976
    vertex 1000.4326461239325 217.97916113051565 17.700320778453072
  endloop
endfacet
facet normal -3.967476390304778e-07 0.9999999999984253 -1.7298453741924385e-06
  outer loop
    vertex 1000.4326461239325 217.97916113051565 17.700320778453072
    vertex 981.5505574449247 217.97915368349553 22.800525542724976
    vertex 1000.4326497516985 217.97915368362564 22.800612875277622
  endloop
endfacet
facet normal 0.6087614290081205 0.7933533402901538 1.5641340697312567e-06
  outer loop
    vertex 995.7827783628094 166.16137062867347 17.700471801667156
    vertex 996.3005453158053 165.76408925603698 9.998969042283893
    vertex 995.7827783628392 166.16138581253168 9.998969042281876
  endloop
endfacet
facet normal 0.6087614290081205 0.7933533402901538 1.5641340697312567e-06
  outer loop
    vertex 996.3005453158053 165.76408925603698 9.998969042283893
    vertex 995.7827783628094 166.16137062867347 17.700471801667156
    vertex 996.3005453157755 165.76407407217877 17.70047180166917
  endloop
endfacet
facet normal 0.38268343236435015 -0.9238795325097977 -1.8214684596387913e-06
  outer loop
    vertex 996.9034977030491 170.34396733122068 9.99896904228624
    vertex 996.3005453157755 170.09420109110087 17.70047180166917
    vertex 996.3005453158053 170.09421627495908 9.998969042283893
  endloop
endfacet
facet normal 0.38268343236435015 -0.9238795325097977 -1.8214684596387913e-06
  outer loop
    vertex 996.3005453157755 170.09420109110087 17.70047180166917
    vertex 996.9034977030491 170.34396733122068 9.99896904228624
    vertex 996.9034977030193 170.34395214736247 17.700471801671526
  endloop
endfacet
facet normal -0.9914448613737763 0.13052619222005754 2.5733438990690497e-07
  outer loop
    vertex 1000.0505453157757 167.92913758163982 17.700471801683744
    vertex 999.9653598815282 167.28210515274176 9.998969042298137
    vertex 999.9653598814984 167.28208996888355 17.700471801683417
  endloop
endfacet
facet normal -0.9914448613737763 0.13052619222005754 2.5733438990690497e-07
  outer loop
    vertex 999.9653598815282 167.28210515274176 9.998969042298137
    vertex 1000.0505453157757 167.92913758163982 17.700471801683744
    vertex 1000.0505453158055 167.92915276549803 9.99896904229847
  endloop
endfacet
facet normal -0.8310651071138938 -0.5561750593530881 0.00030181345438735994
  outer loop
    vertex 979.1717910452151 193.319129069891 22.8005228512086
    vertex 978.9524691044396 193.64265832230373 13.20047180166848
    vertex 979.1704852949194 193.3163740352778 13.200471801669329
  endloop
endfacet
facet normal -0.8310651071138938 -0.5561750593530881 0.00030181345438735994
  outer loop
    vertex 978.9524691044396 193.64265832230373 13.20047180166848
    vertex 979.1717910452151 193.319129069891 22.8005228512086
    vertex 978.9536648592298 193.6448068258448 22.80052285426911
  endloop
endfacet
facet normal -0.9807852729299926 -0.19509032053023156 0.00012344655329849568
  outer loop
    vertex 978.5762107316715 194.75107974564355 13.20047180166702
    vertex 978.6527678369257 194.36620118699634 13.200471801667348
    vertex 978.6535122655945 194.36720449275663 20.70055902540736
  endloop
endfacet
facet normal -0.9805702020180798 -0.19616848641689588 6.20574461532241e-05
  outer loop
    vertex 978.6535121397534 194.36720531062116 22.800522860043785
    vertex 978.5762107316715 194.75107974564355 13.20047180166702
    vertex 978.6535122655945 194.36720449275663 20.70055902540736
  endloop
endfacet
facet normal -0.9805702020180798 -0.19616848641689588 6.20574461532241e-05
  outer loop
    vertex 978.5762107316715 194.75107974564355 13.20047180166702
    vertex 978.6535121397534 194.36720531062116 22.800522860043785
    vertex 978.5766213025106 194.75156560108246 22.800522862659278
  endloop
endfacet
facet normal -0.9805702020180798 -0.19616848641689588 6.20574461532241e-05
  outer loop
    vertex 978.5762107316715 194.75107974564355 13.20047180166702
    vertex 978.5766213025106 194.75156560108246 22.800522862659278
    vertex 978.5766214283517 194.7515647832179 20.700559028022855
  endloop
endfacet
facet normal 0.9999999999998078 5.991216910784883e-07 1.6005295400024382e-07
  outer loop
    vertex 1044.3079535467914 150.17321472154921 -0.999764563576373
    vertex 1044.3079962957834 125.72562814462196 5.40042070362189
    vertex 1044.307962620465 125.72551472209467 -0.9993485355770095
  endloop
endfacet
facet normal 0.9999999999998078 5.991216910784883e-07 1.6005295400024382e-07
  outer loop
    vertex 1044.3079962957834 125.72562814462196 5.40042070362189
    vertex 1044.3079535467914 150.17321472154921 -0.999764563576373
    vertex 1044.3078987335507 136.98960931345678 13.200339743733117
  endloop
endfacet
facet normal 0.9999999999998078 5.991216910784883e-07 1.6005295400024382e-07
  outer loop
    vertex 1044.3079962957834 125.72562814462196 5.40042070362189
    vertex 1044.3078987335507 136.98960931345678 13.200339743733117
    vertex 1044.3079758841452 136.9896090553493 22.800656915292194
  endloop
endfacet
facet normal 0.9999999999998078 5.991216910784883e-07 1.6005295400024382e-07
  outer loop
    vertex 1044.3078987335507 136.98960931345678 13.200339743733117
    vertex 1044.3079535467914 150.17321472154921 -0.999764563576373
    vertex 1044.3078984999843 149.85713286632668 13.200348677880628
  endloop
endfacet
facet normal 0.9999999999998078 5.991216910784883e-07 1.6005295400024382e-07
  outer loop
    vertex 1044.3078984999843 149.85713286632668 13.200348677880628
    vertex 1044.3079695067045 154.17331802344128 22.800655104305463
    vertex 1044.3079711085832 149.8571326082164 22.80065555918715
  endloop
endfacet
facet normal 0.9999999999998078 5.991216910784883e-07 1.6005295400024382e-07
  outer loop
    vertex 1044.3079695067045 154.17331802344128 22.800655104305463
    vertex 1044.3078984999843 149.85713286632668 13.200348677880628
    vertex 1044.3079884014214 150.17331684177782 5.4003884186137325
  endloop
endfacet
facet normal 0.9999999999998078 5.991216910784883e-07 1.6005295400024382e-07
  outer loop
    vertex 1044.3079884014214 150.17331684177782 5.4003884186137325
    vertex 1044.3078984999843 149.85713286632668 13.200348677880628
    vertex 1044.3079535467914 150.17321472154921 -0.999764563576373
  endloop
endfacet
facet normal 0.9999999999998078 5.991216910784883e-07 1.6005295400024382e-07
  outer loop
    vertex 1044.3079695067045 154.17331802344128 22.800655104305463
    vertex 1044.3079884014214 150.17331684177782 5.4003884186137325
    vertex 1044.3079883371788 154.17331684177785 5.400388299404349
  endloop
endfacet
facet normal 0.9999999999998078 5.991216910784883e-07 1.6005295400024382e-07
  outer loop
    vertex 1044.3079962957834 125.72562814462196 5.40042070362189
    vertex 1044.3079891050718 120.67336836987398 22.800658634854365
    vertex 1044.3079863425041 120.67331450608776 5.400397764747498
  endloop
endfacet
facet normal 0.9999999999998078 5.991216910784883e-07 1.6005295400024382e-07
  outer loop
    vertex 1044.3079891050718 120.67336836987398 22.800658634854365
    vertex 1044.3079962957834 125.72562814462196 5.40042070362189
    vertex 1044.3079758841452 136.9896090553493 22.800656915292194
  endloop
endfacet
facet normal 1.5698550694190496e-07 0.9999999999948207 -3.2146498829702068e-06
  outer loop
    vertex 1044.3079863425041 120.67331450608776 5.400397764747498
    vertex 1056.9079891141737 120.67336433913827 22.80065461604156
    vertex 1056.9079861579694 120.67331468407777 5.400397394044501
  endloop
endfacet
facet normal 1.5698550694190496e-07 0.9999999999948207 -3.2146498829702068e-06
  outer loop
    vertex 1056.9079891141737 120.67336433913827 22.80065461604156
    vertex 1044.3079863425041 120.67331450608776 5.400397764747498
    vertex 1044.3079891050718 120.67336836987398 22.800658634854365
  endloop
endfacet
facet normal 0.9762960070514497 -0.21643961396471517 -1.105444205046581e-05
  outer loop
    vertex 1041.7446292707323 144.98620481667916 13.200416203804545
    vertex 1041.9146568823912 145.75274236603653 22.800656755104065
    vertex 1041.7447195417521 144.98620455881448 22.800656890091524
  endloop
endfacet
facet normal 0.9762960070514497 -0.21643961396471517 -1.105444205046581e-05
  outer loop
    vertex 1041.9146568823912 145.75274236603653 22.800656755104065
    vertex 1041.7446292707323 144.98620481667916 13.200416203804545
    vertex 1041.9145666112406 145.7527426235995 13.200416176146513
  endloop
endfacet
facet normal 0.7372803993291961 -0.6755868654015256 -7.869076562798656e-06
  outer loop
    vertex 1043.7134990597713 149.20845970485564 13.20041602220416
    vertex 1044.3079711085832 149.8571326082164 22.80065555918715
    vertex 1043.7135893314405 149.20845944767996 22.800655817130867
  endloop
endfacet
facet normal 0.7372803993291961 -0.6755868654015256 -7.869076562798656e-06
  outer loop
    vertex 1044.3079711085832 149.8571326082164 22.80065555918715
    vertex 1043.7134990597713 149.20845970485564 13.20041602220416
    vertex 1044.2439380171631 149.78733224835574 13.20041598992798
  endloop
endfacet
facet normal 0.7372803993291961 -0.6755868654015256 -7.869076562798656e-06
  outer loop
    vertex 1044.3079711085832 149.8571326082164 22.80065555918715
    vertex 1044.2439380171631 149.78733224835574 13.20041598992798
    vertex 1044.3078984999843 149.85713286632668 13.200348677880628
  endloop
endfacet
facet normal -3.04110350397648e-11 0.9999999999972674 2.337830185864916e-06
  outer loop
    vertex 1056.9079929013774 123.91913079735922 22.800451749937405
    vertex 1060.8826461240078 123.9191382440217 17.700308780438505
    vertex 1056.9079886296643 123.9191382440217 17.700257076120316
  endloop
endfacet
facet normal -3.04110350397648e-11 0.9999999999972674 2.337830185864916e-06
  outer loop
    vertex 1060.8826461240078 123.9191382440217 17.700308780438505
    vertex 1056.9079929013774 123.91913079735922 22.800451749937405
    vertex 1060.8826497516704 123.91913079735922 22.800503454247224
  endloop
endfacet
facet normal 0.9537169506923133 -0.30070579948731035 -1.0809865069579414e-05
  outer loop
    vertex 1041.9145666112406 145.7527426235995 13.200416176146513
    vertex 1042.1507557319185 146.50155225004528 22.800656600882597
    vertex 1041.9146568823912 145.75274236603653 22.800656755104065
  endloop
endfacet
facet normal 0.9537169506923133 -0.30070579948731035 -1.0809865069579414e-05
  outer loop
    vertex 1042.1507557319185 146.50155225004528 22.800656600882597
    vertex 1041.9145666112406 145.7527426235995 13.200416176146513
    vertex 1042.1506654607692 146.50155250760778 13.200416147142846
  endloop
endfacet
facet normal 0.9238795324419004 0.382683432391612 -1.0387998961744963e-05
  outer loop
    vertex 1042.4511289645122 139.6198068620105 13.20041634372454
    vertex 1042.1507557320544 140.3451896689713 22.800657249700812
    vertex 1042.451219235927 139.61980660313276 22.80065723031497
  endloop
endfacet
facet normal 0.9238795324419004 0.382683432391612 -1.0387998961744963e-05
  outer loop
    vertex 1042.1507557320544 140.3451896689713 22.800657249700812
    vertex 1042.4511289645122 139.6198068620105 13.20041634372454
    vertex 1042.150665460769 140.34518992774582 13.200416330616903
  endloop
endfacet
facet normal 0.9990482215179473 -0.04361938736804255 -1.128997844219687e-05
  outer loop
    vertex 1041.607899047842 143.42337121767682 13.200416254253467
    vertex 1041.642237036037 144.20777264454088 22.800657004817506
    vertex 1041.6079893188412 143.42337095948366 22.80065709840891
  endloop
endfacet
facet normal 0.9990482215179473 -0.04361938736804255 -1.128997844219687e-05
  outer loop
    vertex 1041.642237036037 144.20777264454088 22.800657004817506
    vertex 1041.607899047842 143.42337121767682 13.200416254253467
    vertex 1041.6421467650164 144.20777290240574 13.200416229906395
  endloop
endfacet
facet normal -0.7372769969103273 0.6755905785427911 3.332584436032631e-06
  outer loop
    vertex 1056.9079877930815 136.98960833117226 17.70026604559857
    vertex 1056.9719272177488 137.05940674782494 13.200315931748595
    vertex 1056.9079664898125 136.98960588416114 13.200364259784177
  endloop
endfacet
facet normal -0.7372769969103273 0.6755905785427911 3.332584436032631e-06
  outer loop
    vertex 1056.9719272177488 137.05940674782494 13.200315931748595
    vertex 1056.9079877930815 136.98960833117226 17.70026604559857
    vertex 1056.971950440701 137.05940919373845 17.70065531277814
  endloop
endfacet
facet normal -0.7372769969103273 0.6755905785427911 3.332584436032631e-06
  outer loop
    vertex 1056.9719272177488 137.05940674782494 13.200315931748595
    vertex 1056.971950440701 137.05940919373845 17.70065531277814
    vertex 1057.5023661751407 137.638279291325 13.200315899472425
  endloop
endfacet
facet normal -0.7372769969103273 0.6755905785427911 3.332584436032631e-06
  outer loop
    vertex 1057.5023661751407 137.638279291325 13.200315899472425
    vertex 1056.971950440701 137.05940919373845 17.70065531277814
    vertex 1057.5023893967546 137.63828173790708 17.700265018808306
  endloop
endfacet
facet normal 0.8870108331344532 0.46174861321165556 -9.961734038843008e-06
  outer loop
    vertex 1042.8136704137821 138.92337121767682 13.200416354211141
    vertex 1042.451219235927 139.61980660313276 22.80065723031497
    vertex 1042.813760685196 138.92337095879876 22.800657188078397
  endloop
endfacet
facet normal 0.8870108331344532 0.46174861321165556 -9.961734038843008e-06
  outer loop
    vertex 1042.451219235927 139.61980660313276 22.80065723031497
    vertex 1042.8136704137821 138.92337121767682 13.200416354211141
    vertex 1042.4511289645122 139.6198068620105 13.20041634372454
  endloop
endfacet
facet normal 0.9990482215176386 0.043619387377909866 -1.127914676510721e-05
  outer loop
    vertex 1041.6421467650164 142.63896953294793 13.200416276660418
    vertex 1041.6079893188412 143.42337095948366 22.80065709840891
    vertex 1041.6422370360476 142.63896927459274 22.80065717015348
  endloop
endfacet
facet normal 0.9990482215176386 0.043619387377909866 -1.127914676510721e-05
  outer loop
    vertex 1041.6079893188412 143.42337095948366 22.80065709840891
    vertex 1041.6421467650164 142.63896953294793 13.200416276660418
    vertex 1041.607899047842 143.42337121767682 13.200416254253467
  endloop
endfacet
facet normal -0.8433914458057713 0.5372996083426511 4.06010500421938e-06
  outer loop
    vertex 1057.980357807225 138.26118229801722 17.700264447244262
    vertex 1058.4021948211298 138.92336777850386 13.200315835686565
    vertex 1057.9803345856706 138.26117985134445 13.200315867370307
  endloop
endfacet
facet normal -0.8433914458057713 0.5372996083426511 4.06010500421938e-06
  outer loop
    vertex 1058.4021948211298 138.92336777850386 13.200315835686565
    vertex 1057.980357807225 138.26118229801722 17.700264447244262
    vertex 1058.4022180426832 138.923370225177 17.700264224760257
  endloop
endfacet
facet normal 0.793353340224703 -0.608761429028354 -9.036750259486966e-06
  outer loop
    vertex 1043.2355306492411 148.58555914483625 13.200416054306281
    vertex 1043.7135893314405 149.20845944767996 22.800655817130867
    vertex 1043.235620920756 148.5855588876002 22.80065603522793
  endloop
endfacet
facet normal 0.793353340224703 -0.608761429028354 -9.036750259486966e-06
  outer loop
    vertex 1043.7135893314405 149.20845944767996 22.800655817130867
    vertex 1043.2355306492411 148.58555914483625 13.200416054306281
    vertex 1043.7134990597713 149.20845970485564 13.20041602220416
  endloop
endfacet
facet normal 0.9537169506731331 0.3007057995508171 -1.073519676272305e-05
  outer loop
    vertex 1042.150665460769 140.34518992774582 13.200416330616903
    vertex 1041.9146568823317 141.0939995532451 22.800657246088342
    vertex 1042.1507557320544 140.3451896689713 22.800657249700812
  endloop
endfacet
facet normal 0.9537169506731331 0.3007057995508171 -1.073519676272305e-05
  outer loop
    vertex 1041.9146568823317 141.0939995532451 22.800657246088342
    vertex 1042.150665460769 140.34518992774582 13.200416330616903
    vertex 1041.9145666112406 141.09399981175414 13.200416314987987
  endloop
endfacet
facet normal 0.9238795324312892 -0.3826834324146385 -1.0483021990808811e-05
  outer loop
    vertex 1042.1506654607692 146.50155250760778 13.200416147142846
    vertex 1042.4512192358884 147.2269353160192 22.80065642860071
    vertex 1042.1507557319185 146.50155225004528 22.800656600882597
  endloop
endfacet
facet normal 0.9238795324312892 -0.3826834324146385 -1.0483021990808811e-05
  outer loop
    vertex 1042.4512192358884 147.2269353160192 22.80065642860071
    vertex 1042.1506654607692 146.50155250760778 13.200416147142846
    vertex 1042.4511289645122 147.2269355733431 13.200416117014253
  endloop
endfacet
facet normal -0.9914448613604754 -0.13052619221827583 5.187060139865083e-06
  outer loop
    vertex 1059.5737416907245 144.207771910052 17.700272250105936
    vertex 1059.4712359641796 144.98620137750615 13.200315624719837
    vertex 1059.5737184698958 144.20776946323272 13.200315645016156
  endloop
endfacet
facet normal -0.9914448613604754 -0.13052619221827583 5.187060139865083e-06
  outer loop
    vertex 1059.4712359641796 144.98620137750615 13.200315624719837
    vertex 1059.5737416907245 144.207771910052 17.700272250105936
    vertex 1059.471259185022 144.98620382431966 17.700274660438797
  endloop
endfacet
facet normal -1.4249940560136311e-08 0.9999999998429493 -1.7722909156336265e-05
  outer loop
    vertex 1044.307962620465 125.72551472209467 -0.9993485355770095
    vertex 1056.9079961112323 125.72562832257874 5.400330735292939
    vertex 1056.9079652128503 125.72551490001813 -0.9994401565793025
  endloop
endfacet
facet normal -1.4249940560136311e-08 0.9999999998429493 -1.7722909156336265e-05
  outer loop
    vertex 1056.9079961112323 125.72562832257874 5.400330735292939
    vertex 1044.307962620465 125.72551472209467 -0.9993485355770095
    vertex 1044.3079962957834 125.72562814462196 5.40042070362189
  endloop
endfacet
facet normal 5.160266802116318e-06 5.434953426912445e-07 0.9999999999865383
  outer loop
    vertex 1056.9079664898125 136.98960588416114 13.200364259784177
    vertex 1056.9719272177488 149.78732880918275 13.200315552426645
    vertex 1056.9079663152795 149.85712988582515 13.200332787746165
  endloop
endfacet
facet normal 5.160266802116318e-06 5.434953426912445e-07 0.9999999999865383
  outer loop
    vertex 1056.9719272177488 149.78732880918275 13.200315552426645
    vertex 1056.9079664898125 136.98960588416114 13.200364259784177
    vertex 1056.9719272177488 137.05940674782494 13.200315931748595
  endloop
endfacet
facet normal 5.160266802116318e-06 5.434953426912445e-07 0.9999999999865383
  outer loop
    vertex 1056.9719272177488 149.78732880918275 13.200315552426645
    vertex 1056.9719272177488 137.05940674782494 13.200315931748595
    vertex 1057.5023661751407 137.638279291325 13.200315899472425
  endloop
endfacet
facet normal 5.160266802116318e-06 5.434953426912445e-07 0.9999999999865383
  outer loop
    vertex 1056.9719272177488 149.78732880918275 13.200315552426645
    vertex 1057.5023661751407 137.638279291325 13.200315899472425
    vertex 1057.5023661751407 149.20845626568263 13.200315554653995
  endloop
endfacet
facet normal 5.160266802116318e-06 5.434953426912445e-07 0.9999999999865383
  outer loop
    vertex 1057.5023661751407 149.20845626568263 13.200315554653995
    vertex 1057.5023661751407 137.638279291325 13.200315899472425
    vertex 1057.9803345856706 138.26117985134445 13.200315867370307
  endloop
endfacet
facet normal 5.160266802116318e-06 5.434953426912445e-07 0.9999999999865383
  outer loop
    vertex 1057.5023661751407 149.20845626568263 13.200315554653995
    vertex 1057.9803345856706 138.26117985134445 13.200315867370307
    vertex 1057.9803345856708 148.58555570566324 13.200315559679678
  endloop
endfacet
facet normal 5.160266802116318e-06 5.434953426912445e-07 0.9999999999865383
  outer loop
    vertex 1057.9803345856708 148.58555570566324 13.200315559679678
    vertex 1057.9803345856706 138.26117985134445 13.200315867370307
    vertex 1058.4021948211298 138.92336777850386 13.200315835686565
  endloop
endfacet
facet normal 5.160266802116318e-06 5.434953426912445e-07 0.9999999999865383
  outer loop
    vertex 1057.9803345856708 148.58555570566324 13.200315559679678
    vertex 1058.4021948211298 138.92336777850386 13.200315835686565
    vertex 1058.4021948211296 147.9233677785038 13.200315567465447
  endloop
endfacet
facet normal 5.160266802116318e-06 5.434953426912445e-07 0.9999999999865383
  outer loop
    vertex 1058.4021948211296 147.9233677785038 13.200315567465447
    vertex 1058.4021948211298 138.92336777850386 13.200315835686565
    vertex 1058.7647362704 147.2269321341701 13.200315577952045
  endloop
endfacet
facet normal 5.160266802116318e-06 5.434953426912445e-07 0.9999999999865383
  outer loop
    vertex 1058.7647362704 147.2269321341701 13.200315577952045
    vertex 1058.4021948211298 138.92336777850386 13.200315835686565
    vertex 1058.7647362703995 139.61980342283758 13.200315804662337
  endloop
endfacet
facet normal 5.160266802116318e-06 5.434953426912445e-07 0.9999999999865383
  outer loop
    vertex 1058.7647362704 147.2269321341701 13.200315577952045
    vertex 1058.7647362703995 139.61980342283758 13.200315804662337
    vertex 1059.0651997741431 140.3451864885728 13.200315774533731
  endloop
endfacet
facet normal 5.160266802116318e-06 5.434953426912445e-07 0.9999999999865383
  outer loop
    vertex 1058.7647362704 147.2269321341701 13.200315577952045
    vertex 1059.0651997741431 140.3451864885728 13.200315774533731
    vertex 1059.065199774143 146.5015490684348 13.200315591059685
  endloop
endfacet
facet normal 5.160266802116318e-06 5.434953426912445e-07 0.9999999999865383
  outer loop
    vertex 1059.065199774143 146.5015490684348 13.200315591059685
    vertex 1059.0651997741431 140.3451864885728 13.200315774533731
    vertex 1059.3012986236715 145.75273918442647 13.200315606688587
  endloop
endfacet
facet normal 5.160266802116318e-06 5.434953426912445e-07 0.9999999999865383
  outer loop
    vertex 1059.3012986236715 145.75273918442647 13.200315606688587
    vertex 1059.0651997741431 140.3451864885728 13.200315774533731
    vertex 1059.3012986236715 141.09399637258113 13.20031574553006
  endloop
endfacet
facet normal 5.160266802116318e-06 5.434953426912445e-07 0.9999999999865383
  outer loop
    vertex 1059.3012986236715 145.75273918442647 13.200315606688587
    vertex 1059.3012986236715 141.09399637258113 13.20031574553006
    vertex 1059.4712359641796 144.98620137750615 13.200315624719837
  endloop
endfacet
facet normal 5.160266802116318e-06 5.434953426912445e-07 0.9999999999865383
  outer loop
    vertex 1059.4712359641796 144.98620137750615 13.200315624719837
    vertex 1059.3012986236715 141.09399637258113 13.20031574553006
    vertex 1059.4712359641799 141.86053417950146 13.20031571787206
  endloop
endfacet
facet normal 5.160266802116318e-06 5.434953426912445e-07 0.9999999999865383
  outer loop
    vertex 1059.4712359641796 144.98620137750615 13.200315624719837
    vertex 1059.4712359641799 141.86053417950146 13.20031571787206
    vertex 1059.5737184698958 144.20776946323272 13.200315645016156
  endloop
endfacet
facet normal 5.160266802116318e-06 5.434953426912445e-07 0.9999999999865383
  outer loop
    vertex 1059.5737184698958 144.20776946323272 13.200315645016156
    vertex 1059.4712359641799 141.86053417950146 13.20031571787206
    vertex 1059.5737184698958 142.6389660937749 13.200315691770173
  endloop
endfacet
facet normal 5.160266802116318e-06 5.434953426912445e-07 0.9999999999865383
  outer loop
    vertex 1059.5737184698958 144.20776946323272 13.200315645016156
    vertex 1059.5737184698958 142.6389660937749 13.200315691770173
    vertex 1059.6079661870697 143.4233677785038 13.200315667423125
  endloop
endfacet
facet normal 0.887010833107698 -0.4617486132605638 -1.0076398761612267e-05
  outer loop
    vertex 1042.4511289645122 147.2269355733431 13.200416117014253
    vertex 1042.8137606852983 147.92337096043988 22.80065623956962
    vertex 1042.4512192358884 147.2269353160192 22.80065642860071
  endloop
endfacet
facet normal 0.887010833107698 -0.4617486132605638 -1.0076398761612267e-05
  outer loop
    vertex 1042.8137606852983 147.92337096043988 22.80065623956962
    vertex 1042.4511289645122 147.2269355733431 13.200416117014253
    vertex 1042.8136704137823 147.92337121767682 13.200416085990017
  endloop
endfacet
facet normal 0.8433914457740559 -0.5372996083221362 -9.593079015783297e-06
  outer loop
    vertex 1042.8136704137823 147.92337121767682 13.200416085990017
    vertex 1043.235620920756 148.5855588876002 22.80065603522793
    vertex 1042.8137606852983 147.92337096043988 22.80065623956962
  endloop
endfacet
facet normal 0.8433914457740559 -0.5372996083221362 -9.593079015783297e-06
  outer loop
    vertex 1043.235620920756 148.5855588876002 22.80065603522793
    vertex 1042.8136704137823 147.92337121767682 13.200416085990017
    vertex 1043.2355306492411 148.58555914483625 13.200416054306281
  endloop
endfacet
facet normal -0.9990482215744386 0.043619387233407136 5.131648913679886e-06
  outer loop
    vertex 1059.5737416910097 142.63896854067323 17.70026831466625
    vertex 1059.6079661870697 143.4233677785038 13.200315667423125
    vertex 1059.5737184698958 142.6389660937749 13.200315691770173
  endloop
endfacet
facet normal -0.9990482215744386 0.043619387233407136 5.131648913679886e-06
  outer loop
    vertex 1059.6079661870697 143.4233677785038 13.200315667423125
    vertex 1059.5737416910097 142.63896854067323 17.70026831466625
    vertex 1059.607989407985 143.42337022536898 17.700270129468638
  endloop
endfacet
facet normal -0.9762960071370482 0.21643961380497598 4.920313928616569e-06
  outer loop
    vertex 1059.3013218449785 141.09399881944213 17.70026565538044
    vertex 1059.4712359641799 141.86053417950146 13.20031571787206
    vertex 1059.3012986236715 141.09399637258113 13.20031574553006
  endloop
endfacet
facet normal -0.9762960071370482 0.21643961380497598 4.920313928616569e-06
  outer loop
    vertex 1059.4712359641799 141.86053417950146 13.20031571787206
    vertex 1059.3013218449785 141.09399881944213 17.70026565538044
    vertex 1059.4712591852863 141.86053662640367 17.700266819510496
  endloop
endfacet
facet normal -0.8870108332303288 0.46174861311467014 4.3262537835136875e-06
  outer loop
    vertex 1058.4022180426832 138.923370225177 17.700264224760257
    vertex 1058.7647362703995 139.61980342283758 13.200315804662337
    vertex 1058.4021948211298 138.92336777850386 13.200315835686565
  endloop
endfacet
facet normal -0.8870108332303288 0.46174861311467014 4.3262537835136875e-06
  outer loop
    vertex 1058.7647362703995 139.61980342283758 13.200315804662337
    vertex 1058.4022180426832 138.923370225177 17.700264224760257
    vertex 1058.7647594917964 139.61980586965285 17.700264353049555
  endloop
endfacet
facet normal 1.1295311609633448e-05 -1.2415786852343821e-07 0.9999999999362003
  outer loop
    vertex 1041.6421467650164 142.63896953294793 13.200416276660418
    vertex 1041.6421467650164 144.20777290240574 13.200416229906395
    vertex 1041.607899047842 143.42337121767682 13.200416254253467
  endloop
endfacet
facet normal 1.1295311609633448e-05 -1.2415786852343821e-07 0.9999999999362003
  outer loop
    vertex 1041.6421467650164 144.20777290240574 13.200416229906395
    vertex 1041.6421467650164 142.63896953294793 13.200416276660418
    vertex 1041.744629270732 141.86053761867444 13.20041629695676
  endloop
endfacet
facet normal 1.1295311609633448e-05 -1.2415786852343821e-07 0.9999999999362003
  outer loop
    vertex 1041.6421467650164 144.20777290240574 13.200416229906395
    vertex 1041.744629270732 141.86053761867444 13.20041629695676
    vertex 1041.7446292707323 144.98620481667916 13.200416203804545
  endloop
endfacet
facet normal 1.1295311609633448e-05 -1.2415786852343821e-07 0.9999999999362003
  outer loop
    vertex 1041.7446292707323 144.98620481667916 13.200416203804545
    vertex 1041.744629270732 141.86053761867444 13.20041629695676
    vertex 1041.9145666112406 141.09399981175414 13.200416314987987
  endloop
endfacet
facet normal 1.1295311609633448e-05 -1.2415786852343821e-07 0.9999999999362003
  outer loop
    vertex 1041.7446292707323 144.98620481667916 13.200416203804545
    vertex 1041.9145666112406 141.09399981175414 13.200416314987987
    vertex 1041.9145666112406 145.7527426235995 13.200416176146513
  endloop
endfacet
facet normal 1.1295311609633448e-05 -1.2415786852343821e-07 0.9999999999362003
  outer loop
    vertex 1041.9145666112406 145.7527426235995 13.200416176146513
    vertex 1041.9145666112406 141.09399981175414 13.200416314987987
    vertex 1042.150665460769 140.34518992774582 13.200416330616903
  endloop
endfacet
facet normal 1.1295311609633448e-05 -1.2415786852343821e-07 0.9999999999362003
  outer loop
    vertex 1041.9145666112406 145.7527426235995 13.200416176146513
    vertex 1042.150665460769 140.34518992774582 13.200416330616903
    vertex 1042.1506654607692 146.50155250760778 13.200416147142846
  endloop
endfacet
facet normal 1.1295311609633448e-05 -1.2415786852343821e-07 0.9999999999362003
  outer loop
    vertex 1042.1506654607692 146.50155250760778 13.200416147142846
    vertex 1042.150665460769 140.34518992774582 13.200416330616903
    vertex 1042.4511289645122 139.6198068620105 13.20041634372454
  endloop
endfacet
facet normal 1.1295311609633448e-05 -1.2415786852343821e-07 0.9999999999362003
  outer loop
    vertex 1042.1506654607692 146.50155250760778 13.200416147142846
    vertex 1042.4511289645122 139.6198068620105 13.20041634372454
    vertex 1042.4511289645122 147.2269355733431 13.200416117014253
  endloop
endfacet
facet normal 1.1295311609633448e-05 -1.2415786852343821e-07 0.9999999999362003
  outer loop
    vertex 1042.4511289645122 147.2269355733431 13.200416117014253
    vertex 1042.4511289645122 139.6198068620105 13.20041634372454
    vertex 1042.8136704137823 147.92337121767682 13.200416085990017
  endloop
endfacet
facet normal 1.1295311609633448e-05 -1.2415786852343821e-07 0.9999999999362003
  outer loop
    vertex 1042.8136704137823 147.92337121767682 13.200416085990017
    vertex 1042.4511289645122 139.6198068620105 13.20041634372454
    vertex 1042.8136704137821 138.92337121767682 13.200416354211141
  endloop
endfacet
facet normal 1.1295311609633448e-05 -1.2415786852343821e-07 0.9999999999362003
  outer loop
    vertex 1042.8136704137823 147.92337121767682 13.200416085990017
    vertex 1042.8136704137821 138.92337121767682 13.200416354211141
    vertex 1043.2355306492414 138.26118329051744 13.200416361996908
  endloop
endfacet
facet normal 1.1295311609633448e-05 -1.2415786852343821e-07 0.9999999999362003
  outer loop
    vertex 1042.8136704137823 147.92337121767682 13.200416085990017
    vertex 1043.2355306492414 138.26118329051744 13.200416361996908
    vertex 1043.2355306492411 148.58555914483625 13.200416054306281
  endloop
endfacet
facet normal 1.1295311609633448e-05 -1.2415786852343821e-07 0.9999999999362003
  outer loop
    vertex 1043.2355306492411 148.58555914483625 13.200416054306281
    vertex 1043.2355306492414 138.26118329051744 13.200416361996908
    vertex 1043.7134990597713 149.20845970485564 13.20041602220416
  endloop
endfacet
facet normal 1.1295311609633448e-05 -1.2415786852343821e-07 0.9999999999362003
  outer loop
    vertex 1043.7134990597713 149.20845970485564 13.20041602220416
    vertex 1043.2355306492414 138.26118329051744 13.200416361996908
    vertex 1043.7134990597713 137.638282730498 13.200416367022589
  endloop
endfacet
facet normal 1.1295311609633448e-05 -1.2415786852343821e-07 0.9999999999362003
  outer loop
    vertex 1043.7134990597713 149.20845970485564 13.20041602220416
    vertex 1043.7134990597713 137.638282730498 13.200416367022589
    vertex 1044.2439380171631 137.05941018699795 13.200416369249929
  endloop
endfacet
facet normal 1.1295311609633448e-05 -1.2415786852343821e-07 0.9999999999362003
  outer loop
    vertex 1043.7134990597713 149.20845970485564 13.20041602220416
    vertex 1044.2439380171631 137.05941018699795 13.200416369249929
    vertex 1044.2439380171631 149.78733224835574 13.20041598992798
  endloop
endfacet
facet normal 1.1295311609633448e-05 -1.2415786852343821e-07 0.9999999999362003
  outer loop
    vertex 1044.2439380171631 149.78733224835574 13.20041598992798
    vertex 1044.2439380171631 137.05941018699795 13.200416369249929
    vertex 1044.3078987335507 136.98960931345678 13.200339743733117
  endloop
endfacet
facet normal 1.1295311609633448e-05 -1.2415786852343821e-07 0.9999999999362003
  outer loop
    vertex 1044.2439380171631 149.78733224835574 13.20041598992798
    vertex 1044.3078987335507 136.98960931345678 13.200339743733117
    vertex 1044.3078984999843 149.85713286632668 13.200348677880628
  endloop
endfacet
facet normal -0.7933533402625088 -0.6087614290300771 4.424767954014208e-06
  outer loop
    vertex 1057.9803578062981 148.58555815195666 17.70029034657572
    vertex 1057.5023661751407 149.20845626568263 13.200315554653995
    vertex 1057.9803345856708 148.58555570566324 13.200315559679678
  endloop
endfacet
facet normal -0.7933533402625088 -0.6087614290300771 4.424767954014208e-06
  outer loop
    vertex 1057.5023661751407 149.20845626568263 13.200315554653995
    vertex 1057.9803578062981 148.58555815195666 17.70029034657572
    vertex 1057.502389395798 149.2084587118753 17.700294043308443
  endloop
endfacet
facet normal -0.9537169507182409 -0.3007057995563849 5.084876428098972e-06
  outer loop
    vertex 1059.3013218444428 145.75274163117774 17.70027734212315
    vertex 1059.065199774143 146.5015490684348 13.200315591059685
    vertex 1059.3012986236715 145.75273918442647 13.200315606688587
  endloop
endfacet
facet normal -0.9537169507182409 -0.3007057995563849 5.084876428098972e-06
  outer loop
    vertex 1059.065199774143 146.5015490684348 13.200315591059685
    vertex 1059.3013218444428 145.75274163117774 17.70027734212315
    vertex 1059.065222994857 146.5015515151102 17.700280274749748
  endloop
endfacet
facet normal -0.9762960070936377 -0.21643961399531178 5.155592428302124e-06
  outer loop
    vertex 1059.471259185022 144.98620382431966 17.700274660438797
    vertex 1059.3012986236715 145.75273918442647 13.200315606688587
    vertex 1059.4712359641796 144.98620137750615 13.200315624719837
  endloop
endfacet
facet normal -0.9762960070936377 -0.21643961399531178 5.155592428302124e-06
  outer loop
    vertex 1059.3012986236715 145.75273918442647 13.200315606688587
    vertex 1059.471259185022 144.98620382431966 17.700274660438797
    vertex 1059.3013218444428 145.75274163117774 17.70027734212315
  endloop
endfacet
facet normal 1.4181809618723686e-08 -0.9999999998727056 1.5955838761694674e-05
  outer loop
    vertex 1056.9079882168865 150.1733170197679 5.400388047910733
    vertex 1044.3079535467914 150.17321472154921 -0.999764563576373
    vertex 1056.907963647522 150.17321489947312 -0.999856184633262
  endloop
endfacet
facet normal 1.4181809618723686e-08 -0.9999999998727056 1.5955838761694674e-05
  outer loop
    vertex 1044.3079535467914 150.17321472154921 -0.999764563576373
    vertex 1056.9079882168865 150.1733170197679 5.400388047910733
    vertex 1044.3079884014214 150.17331684177782 5.4003884186137325
  endloop
endfacet
facet normal -0.7372773367867412 -0.6755902076282982 4.171729487209089e-06
  outer loop
    vertex 1057.502389395798 149.2084587118753 17.700294043308443
    vertex 1056.9719272177488 149.78732880918275 13.200315552426645
    vertex 1057.5023661751407 149.20845626568263 13.200315554653995
  endloop
endfacet
facet normal -0.7372773367867412 -0.6755902076282982 4.171729487209089e-06
  outer loop
    vertex 1056.9719272177488 149.78732880918275 13.200315552426645
    vertex 1057.502389395798 149.2084587118753 17.700294043308443
    vertex 1056.971950440701 149.78733125509623 17.700654933456192
  endloop
endfacet
facet normal -0.7372773367867412 -0.6755902076282982 4.171729487209089e-06
  outer loop
    vertex 1056.9719272177488 149.78732880918275 13.200315552426645
    vertex 1056.971950440701 149.78733125509623 17.700654933456192
    vertex 1056.9079663152795 149.85712988582515 13.200332787746165
  endloop
endfacet
facet normal -0.7372773367867412 -0.6755902076282982 4.171729487209089e-06
  outer loop
    vertex 1056.9079663152795 149.85712988582515 13.200332787746165
    vertex 1056.971950440701 149.78733125509623 17.700654933456192
    vertex 1056.9079895358668 149.8571323320392 17.700298324565686
  endloop
endfacet
facet normal 0.97629600705743 0.21643961394047873 -1.100069328416991e-05
  outer loop
    vertex 1041.9145666112406 141.09399981175414 13.200416314987987
    vertex 1041.7447195417637 141.86053736031934 22.800657219505165
    vertex 1041.9146568823317 141.0939995532451 22.800657246088342
  endloop
endfacet
facet normal 0.97629600705743 0.21643961394047873 -1.100069328416991e-05
  outer loop
    vertex 1041.7447195417637 141.86053736031934 22.800657219505165
    vertex 1041.9145666112406 141.09399981175414 13.200416314987987
    vertex 1041.744629270732 141.86053761867444 13.20041629695676
  endloop
endfacet
facet normal 0.7372796118886794 0.6755877247491993 -7.8408337805881e-06
  outer loop
    vertex 1044.3078987335507 136.98960931345678 13.200339743733117
    vertex 1043.7135893314846 137.6382824714859 22.800657036510252
    vertex 1044.3079758841452 136.9896090553493 22.800656915292194
  endloop
endfacet
facet normal 0.7372796118886794 0.6755877247491993 -7.8408337805881e-06
  outer loop
    vertex 1043.7135893314846 137.6382824714859 22.800657036510252
    vertex 1044.3078987335507 136.98960931345678 13.200339743733117
    vertex 1044.2439380171631 137.05941018699795 13.200416369249929
  endloop
endfacet
facet normal 0.7372796118886794 0.6755877247491993 -7.8408337805881e-06
  outer loop
    vertex 1043.7135893314846 137.6382824714859 22.800657036510252
    vertex 1044.2439380171631 137.05941018699795 13.200416369249929
    vertex 1043.7134990597713 137.638282730498 13.200416367022589
  endloop
endfacet
facet normal 3.5848822115063763e-06 4.326711377783246e-06 0.9999999999842142
  outer loop
    vertex 1056.9079861579694 120.67331468407777 5.400397394044501
    vertex 1044.3079962957834 125.72562814462196 5.40042070362189
    vertex 1044.3079863425041 120.67331450608776 5.400397764747498
  endloop
endfacet
facet normal 3.5848822115063763e-06 4.326711377783246e-06 0.9999999999842142
  outer loop
    vertex 1044.3079962957834 125.72562814462196 5.40042070362189
    vertex 1056.9079861579694 120.67331468407777 5.400397394044501
    vertex 1050.362511204089 124.22564375675418 5.400379292296584
  endloop
endfacet
facet normal 3.5848822115063763e-06 4.326711377783246e-06 0.9999999999842142
  outer loop
    vertex 1044.3079962957834 125.72562814462196 5.40042070362189
    vertex 1050.362511204089 124.22564375675418 5.400379292296584
    vertex 1050.2589578124987 124.30510306646067 5.400379357062995
  endloop
endfacet
facet normal 3.5848822115063763e-06 4.326711377783246e-06 0.9999999999842142
  outer loop
    vertex 1044.3079962957834 125.72562814462196 5.40042070362189
    vertex 1050.2589578124987 124.30510306646067 5.400379357062995
    vertex 1050.1794984998241 124.40865645577351 5.400379244064706
  endloop
endfacet
facet normal 3.5848822115063763e-06 4.326711377783246e-06 0.9999999999842142
  outer loop
    vertex 1044.3079962957834 125.72562814462196 5.40042070362189
    vertex 1050.1794984998241 124.40865645577351 5.400379244064706
    vertex 1050.1295482869114 124.52924693234112 5.400378961002362
  endloop
endfacet
facet normal 3.5848822115063763e-06 4.326711377783246e-06 0.9999999999842142
  outer loop
    vertex 1044.3079962957834 125.72562814462196 5.40042070362189
    vertex 1050.1295482869114 124.52924693234112 5.400378961002362
    vertex 1050.1125111982237 124.65865645447059 5.400378527166193
  endloop
endfacet
facet normal 3.5848822115063763e-06 4.326711377783246e-06 0.9999999999842142
  outer loop
    vertex 1050.362511204089 124.22564375675418 5.400379292296584
    vertex 1056.9079861579694 120.67331468407777 5.400397394044501
    vertex 1050.4831016820885 124.17569354729785 5.400379054179194
  endloop
endfacet
facet normal 3.5848822115063763e-06 4.326711377783246e-06 0.9999999999842142
  outer loop
    vertex 1050.4831016820885 124.17569354729785 5.400379054179194
    vertex 1056.9079861579694 120.67331468407777 5.400397394044501
    vertex 1050.6125112047064 124.15865646231947 5.400378658938134
  endloop
endfacet
facet normal 3.5848822115063763e-06 4.326711377783246e-06 0.9999999999842142
  outer loop
    vertex 1050.6125112047064 124.15865646231947 5.400378658938134
    vertex 1056.9079861579694 120.67331468407777 5.400397394044501
    vertex 1050.7419207268358 124.17569355100522 5.400378133508426
  endloop
endfacet
facet normal 3.5848822115063763e-06 4.326711377783246e-06 0.9999999999842142
  outer loop
    vertex 1050.7419207268358 124.17569355100522 5.400378133508426
    vertex 1056.9079861579694 120.67331468407777 5.400397394044501
    vertex 1050.8625112034028 124.22564376391628 5.400377513697241
  endloop
endfacet
facet normal 3.5848822115063763e-06 4.326711377783246e-06 0.9999999999842142
  outer loop
    vertex 1050.8625112034028 124.22564376391628 5.400377513697241
    vertex 1056.9079861579694 120.67331468407777 5.400397394044501
    vertex 1050.9660645927147 124.30510307658943 5.4003768417436815
  endloop
endfacet
facet normal 3.5848822115063763e-06 4.326711377783246e-06 0.9999999999842142
  outer loop
    vertex 1050.9660645927147 124.30510307658943 5.4003768417436815
    vertex 1056.9079861579694 120.67331468407777 5.400397394044501
    vertex 1051.04552390242 124.40865646817863 5.400376163440278
  endloop
endfacet
facet normal 3.5848822115063763e-06 4.326711377783246e-06 0.9999999999842142
  outer loop
    vertex 1051.04552390242 124.40865646817863 5.400376163440278
    vertex 1056.9079861579694 120.67331468407777 5.400397394044501
    vertex 1051.0954741118746 124.52924694617725 5.400375525012281
  endloop
endfacet
facet normal 3.5848822115063763e-06 4.326711377783246e-06 0.9999999999842142
  outer loop
    vertex 1051.0954741118746 124.52924694617725 5.400375525012281
    vertex 1056.9079861579694 120.67331468407777 5.400397394044501
    vertex 1051.1125111968513 124.6586564687948 5.4003749699675065
  endloop
endfacet
facet normal 3.5848822115063763e-06 4.326711377783246e-06 0.9999999999842142
  outer loop
    vertex 1044.3079962957834 125.72562814462196 5.40042070362189
    vertex 1050.6125111903687 125.1586564609459 5.400374838195566
    vertex 1056.9079961112323 125.72562832257874 5.400330735292939
  endloop
endfacet
facet normal 3.5848822115063763e-06 4.326711377783246e-06 0.9999999999842142
  outer loop
    vertex 1050.6125111903687 125.1586564609459 5.400374838195566
    vertex 1044.3079962957834 125.72562814462196 5.40042070362189
    vertex 1050.4831016682392 125.14161937226015 5.400375363625273
  endloop
endfacet
facet normal 3.5848822115063763e-06 4.326711377783246e-06 0.9999999999842142
  outer loop
    vertex 1050.4831016682392 125.14161937226015 5.400375363625273
    vertex 1044.3079962957834 125.72562814462196 5.40042070362189
    vertex 1050.3625111916722 125.0916691593491 5.400375983436459
  endloop
endfacet
facet normal 3.5848822115063763e-06 4.326711377783246e-06 0.9999999999842142
  outer loop
    vertex 1050.3625111916722 125.0916691593491 5.400375983436459
    vertex 1044.3079962957834 125.72562814462196 5.40042070362189
    vertex 1050.2589578023603 125.01220984667596 5.400376655390017
  endloop
endfacet
facet normal 3.5848822115063763e-06 4.326711377783246e-06 0.9999999999842142
  outer loop
    vertex 1050.2589578023603 125.01220984667596 5.400376655390017
    vertex 1044.3079962957834 125.72562814462196 5.40042070362189
    vertex 1050.1794984926553 124.90865645508674 5.400377333693422
  endloop
endfacet
facet normal 3.5848822115063763e-06 4.326711377783246e-06 0.9999999999842142
  outer loop
    vertex 1050.1794984926553 124.90865645508674 5.400377333693422
    vertex 1044.3079962957834 125.72562814462196 5.40042070362189
    vertex 1050.1295482832004 124.78806597708814 5.400377972121419
  endloop
endfacet
facet normal 3.5848822115063763e-06 4.326711377783246e-06 0.9999999999842142
  outer loop
    vertex 1050.1295482832004 124.78806597708814 5.400377972121419
    vertex 1044.3079962957834 125.72562814462196 5.40042070362189
    vertex 1050.1125111982237 124.65865645447059 5.400378527166193
  endloop
endfacet
facet normal 3.5848822115063763e-06 4.326711377783246e-06 0.9999999999842142
  outer loop
    vertex 1056.9079961112323 125.72562832257874 5.400330735292939
    vertex 1050.6125111903687 125.1586564609459 5.400374838195566
    vertex 1050.7419207129865 125.14161937596752 5.400374442954506
  endloop
endfacet
facet normal 3.5848822115063763e-06 4.326711377783246e-06 0.9999999999842142
  outer loop
    vertex 1056.9079961112323 125.72562832257874 5.400330735292939
    vertex 1050.7419207129865 125.14161937596752 5.400374442954506
    vertex 1050.862511190986 125.09166916651121 5.4003742048371155
  endloop
endfacet
facet normal 3.5848822115063763e-06 4.326711377783246e-06 0.9999999999842142
  outer loop
    vertex 1056.9079961112323 125.72562832257874 5.400330735292939
    vertex 1050.862511190986 125.09166916651121 5.4003742048371155
    vertex 1050.9660645825763 125.01220985680472 5.400374140070705
  endloop
endfacet
facet normal 3.5848822115063763e-06 4.326711377783246e-06 0.9999999999842142
  outer loop
    vertex 1056.9079961112323 125.72562832257874 5.400330735292939
    vertex 1050.9660645825763 125.01220985680472 5.400374140070705
    vertex 1051.0455238952509 124.90865646749187 5.4003742530689935
  endloop
endfacet
facet normal 3.5848822115063763e-06 4.326711377783246e-06 0.9999999999842142
  outer loop
    vertex 1056.9079961112323 125.72562832257874 5.400330735292939
    vertex 1051.0455238952509 124.90865646749187 5.4003742530689935
    vertex 1051.0954741081637 124.78806599092427 5.400374536131338
  endloop
endfacet
facet normal 3.5848822115063763e-06 4.326711377783246e-06 0.9999999999842142
  outer loop
    vertex 1056.9079961112323 125.72562832257874 5.400330735292939
    vertex 1051.0954741081637 124.78806599092427 5.400374536131338
    vertex 1051.1125111968513 124.6586564687948 5.4003749699675065
  endloop
endfacet
facet normal 3.5848822115063763e-06 4.326711377783246e-06 0.9999999999842142
  outer loop
    vertex 1056.9079961112323 125.72562832257874 5.400330735292939
    vertex 1051.1125111968513 124.6586564687948 5.4003749699675065
    vertex 1056.9079861579694 120.67331468407777 5.400397394044501
  endloop
endfacet
facet normal 0.843391445712779 0.5372996084206868 -9.459660667656127e-06
  outer loop
    vertex 1043.2355306492414 138.26118329051744 13.200416361996908
    vertex 1042.813760685196 138.92337095879876 22.800657188078397
    vertex 1043.2356209209552 138.2611830315058 22.800657123312515
  endloop
endfacet
facet normal 0.843391445712779 0.5372996084206868 -9.459660667656127e-06
  outer loop
    vertex 1042.813760685196 138.92337095879876 22.800657188078397
    vertex 1043.2355306492414 138.26118329051744 13.200416361996908
    vertex 1042.8136704137821 138.92337121767682 13.200416354211141
  endloop
endfacet
facet normal -0.8870108332040988 0.46174861316505805 4.3262413931962345e-06
  outer loop
    vertex 1038.2522180425901 138.92337022529765 17.700266832121567
    vertex 1038.614736270422 139.61980342278744 13.200337195915044
    vertex 1038.2521948211524 138.92336777845375 13.200337226939244
  endloop
endfacet
facet normal -0.8870108332040988 0.46174861316505805 4.3262413931962345e-06
  outer loop
    vertex 1038.614736270422 139.61980342278744 13.200337195915044
    vertex 1038.2522180425901 138.92337022529765 17.700266832121567
    vertex 1038.614759491772 139.6198058697121 17.70026707357365
  endloop
endfacet
facet normal -0.13052619221981793 -0.9914448613719145 -1.9546785317003318e-06
  outer loop
    vertex 998.1975929285616 170.34396733122068 9.998969042291264
    vertex 997.5505453157756 170.4291375816398 17.70047180167404
    vertex 997.5505453158054 170.429152765498 9.99896904228873
  endloop
endfacet
facet normal -0.13052619221981793 -0.9914448613719145 -1.9546785317003318e-06
  outer loop
    vertex 997.5505453157756 170.4291375816398 17.70047180167404
    vertex 998.1975929285616 170.34396733122068 9.998969042291264
    vertex 998.1975929285318 170.34395214736247 17.700471801676557
  endloop
endfacet
facet normal -0.6087614290079607 0.7933533402902766 1.5641293369417131e-06
  outer loop
    vertex 998.8005453157757 165.76407407217877 17.700471801678887
    vertex 999.3183122687719 166.16138581253168 9.998969042295624
    vertex 998.8005453158055 165.76408925603698 9.998969042293613
  endloop
endfacet
facet normal -0.6087614290079607 0.7933533402902766 1.5641293369417131e-06
  outer loop
    vertex 999.3183122687719 166.16138581253168 9.998969042295624
    vertex 998.8005453157757 165.76407407217877 17.700471801678887
    vertex 999.3183122687421 166.16137062867347 17.7004718016809
  endloop
endfacet
facet normal 0.1950903220134724 0.9807852803890128 -5.378232507744331e-06
  outer loop
    vertex 990.9421326658204 217.9534957145056 17.70001027213704
    vertex 991.327002723102 217.87691562408563 13.200010272205288
    vertex 990.9421241644551 217.9534727293399 13.200010272203794
  endloop
endfacet
facet normal 0.1950903220134724 0.9807852803890128 -5.378232507744331e-06
  outer loop
    vertex 991.327002723102 217.87691562408563 13.200010272205288
    vertex 990.9421326658204 217.9534957145056 17.70001027213704
    vertex 991.3270112244679 217.87693860925134 17.70001027213856
  endloop
endfacet
facet normal -0.8314696123026851 0.5555702330193522 2.1360722558967367e-07
  outer loop
    vertex 978.9524812335715 216.47915368349558 22.8005255427149
    vertex 979.1704855669209 216.8054224322448 13.200010272158035
    vertex 978.9524693764414 216.47913814521843 13.200010272157186
  endloop
endfacet
facet normal -0.8314696123026851 0.5555702330193522 2.1360722558967367e-07
  outer loop
    vertex 979.1704855669209 216.8054224322448 13.200010272158035
    vertex 978.9524812335715 216.47915368349558 22.8005255427149
    vertex 979.170497424051 216.80543797052167 22.80052554271576
  endloop
endfacet
facet normal -0.7933533402904588 -0.6087614290085493 -1.200203552668946e-06
  outer loop
    vertex 999.3183122687418 169.69690453460618 17.7004718016809
    vertex 999.7156088252665 169.179152765498 9.998969042297164
    vertex 999.7156088252367 169.1791375816398 17.700471801682454
  endloop
endfacet
facet normal -0.7933533402904588 -0.6087614290085493 -1.200203552668946e-06
  outer loop
    vertex 999.7156088252665 169.179152765498 9.998969042297164
    vertex 999.3183122687418 169.69690453460618 17.7004718016809
    vertex 999.3183122687716 169.6969197184644 9.998969042295624
  endloop
endfacet
facet normal -0.7518398074788387 0.6593458151002201 -9.732592148294859e-08
  outer loop
    vertex 979.170497424051 216.80543797052167 22.80052554271576
    vertex 979.429225244235 217.10045848877803 13.200010272159039
    vertex 979.1704855669209 216.8054224322448 13.200010272158035
  endloop
endfacet
facet normal -0.7518398074788387 0.6593458151002201 -9.732592148294859e-08
  outer loop
    vertex 979.429225244235 217.10045848877803 13.200010272159039
    vertex 979.170497424051 216.80543797052167 22.80052554271576
    vertex 979.4292371013651 217.10047402705524 22.80052554271675
  endloop
endfacet
facet normal 2.9222870329011395e-12 0.6594298565901789 -0.7517660967597941
  outer loop
    vertex 1086.7505087779032 190.68918368444108 6.466188423708167
    vertex 989.5505516501198 190.1975051627874 6.034900869226997
    vertex 989.550551650118 190.68918371455965 6.466188630514817
  endloop
endfacet
facet normal 2.9222870329011395e-12 0.6594298565901789 -0.7517660967597941
  outer loop
    vertex 989.5505516501198 190.1975051627874 6.034900869226997
    vertex 1086.7505087779032 190.68918368444108 6.466188423708167
    vertex 1086.7505087779045 190.19750513266882 6.034900662420356
  endloop
endfacet
facet normal 0.1950903220875029 0.9807852803868156 2.0857144961771348e-06
  outer loop
    vertex 1000.8242247010286 217.95349571459954 17.700321501453686
    vertex 1001.2091068878647 217.87693116234445 22.800612399261812
    vertex 1001.2091032600986 217.87693860923446 17.700320302437277
  endloop
endfacet
facet normal 0.1950903220875029 0.9807852803868156 2.0857144961771348e-06
  outer loop
    vertex 1001.2091068878647 217.87693116234445 22.800612399261812
    vertex 1000.8242247010286 217.95349571459954 17.700321501453686
    vertex 1000.8242283287947 217.95348826770953 22.800613598278236
  endloop
endfacet
facet normal -0.0654031292300892 0.9978589232370748 -1.7487444954012486e-06
  outer loop
    vertex 981.1589788682646 217.95348826761693 22.800525542723488
    vertex 981.5505455877945 217.97913814521846 13.200010272167287
    vertex 981.1589670111347 217.9534727293399 13.200010272165764
  endloop
endfacet
facet normal -0.0654031292300892 0.9978589232370748 -1.7487444954012486e-06
  outer loop
    vertex 981.5505455877945 217.97913814521846 13.200010272167287
    vertex 981.1589788682646 217.95348826761693 22.800525542723488
    vertex 981.5505574449247 217.97915368349553 22.800525542724976
  endloop
endfacet
facet normal 0.999999999999436 -8.81311124386194e-24 -1.0620460177184878e-06
  outer loop
    vertex 993.7400420405066 165.72916056680538 17.700471949059178
    vertex 993.7400456682727 170.12915311991532 22.800764045883717
    vertex 993.7400456682727 165.72915311991528 22.800764045883717
  endloop
endfacet
facet normal 0.999999999999436 -8.81311124386194e-24 -1.0620460177184878e-06
  outer loop
    vertex 993.7400456682727 170.12915311991532 22.800764045883717
    vertex 993.7400420405066 165.72916056680538 17.700471949059178
    vertex 993.7400420405066 170.1291605668054 17.700471949059178
  endloop
endfacet
facet normal 0.9914448613737765 -0.13052619222005576 -2.5733438990706257e-07
  outer loop
    vertex 995.0505453158056 167.92915276549803 9.998969042279034
    vertex 995.135730750053 168.57618519439612 17.70047180166464
    vertex 995.0505453157756 167.92913758163982 17.700471801664317
  endloop
endfacet
facet normal 0.9914448613737765 -0.13052619222005576 -2.5733438990706257e-07
  outer loop
    vertex 995.135730750053 168.57618519439612 17.70047180166464
    vertex 995.0505453158056 167.92915276549803 9.998969042279034
    vertex 995.1357307500829 168.57620037825433 9.998969042279358
  endloop
endfacet
facet normal -0.9978589232376613 0.06540312923019051 1.369064669531065e-06
  outer loop
    vertex 978.5505574449246 214.97915368349555 22.80052554271334
    vertex 978.5762110036733 215.37071672187867 13.200010272155726
    vertex 978.5505455877945 214.9791381452186 13.200010272155623
  endloop
endfacet
facet normal -0.9978589232376613 0.06540312923019051 1.369064669531065e-06
  outer loop
    vertex 978.5762110036733 215.37071672187867 13.200010272155726
    vertex 978.5505574449246 214.97915368349555 22.80052554271334
    vertex 978.5762228608032 215.37073226015573 22.800525542713434
  endloop
endfacet
facet normal 0.9999999999982155 -3.118844352518774e-09 -1.8891922960235918e-06
  outer loop
    vertex 983.1505453730623 214.17913814502006 13.200679729093348
    vertex 983.1505538171581 195.94268130746943 17.700471801618054
    vertex 983.1505453157928 195.94265832230374 13.200471801684795
  endloop
endfacet
facet normal 0.9999999999982155 -3.118844352518774e-09 -1.8891922960235918e-06
  outer loop
    vertex 983.1505538171581 195.94268130746943 17.700471801618054
    vertex 983.1505453730623 214.17913814502006 13.200679729093348
    vertex 983.1505538744278 214.1791611301857 17.70067972902661
  endloop
endfacet
facet normal 0.8314696122944749 0.5555702330141891 -4.408555750330917e-06
  outer loop
    vertex 992.9306056086685 216.80542243224463 13.200010272211566
    vertex 993.1486303005137 216.47916113038414 17.70001027214564
    vertex 993.1486217991478 216.4791381452185 13.20001027221237
  endloop
endfacet
facet normal 0.8314696122944749 0.5555702330141891 -4.408555750330917e-06
  outer loop
    vertex 993.1486303005137 216.47916113038414 17.70001027214564
    vertex 992.9306056086685 216.80542243224463 13.200010272211566
    vertex 992.9306141100338 216.80544541741025 17.70001027214478
  endloop
endfacet
facet normal -0.5560737445167186 0.8311329560622271 2.533623617509392e-06
  outer loop
    vertex 1081.0326497517733 206.83917880538306 22.800764046060095
    vertex 1082.1909461240075 207.61415277667288 17.70047194924005
    vertex 1081.0326461240072 206.839186252273 17.700471949235546
  endloop
endfacet
facet normal -0.5560737445167186 0.8311329560622271 2.533623617509392e-06
  outer loop
    vertex 1082.1909461240075 207.61415277667288 17.70047194924005
    vertex 1081.0326497517733 206.83917880538306 22.800764046060095
    vertex 1082.1909497517736 207.61414532978284 22.800764046064607
  endloop
endfacet
facet normal 0.999999999999436 4.321415746150094e-11 -1.062041036053432e-06
  outer loop
    vertex 1043.7326461242915 195.07149894273135 17.70054419384687
    vertex 1043.7326497515398 208.12462496995556 22.800883162488734
    vertex 1043.732649752058 195.07149149584126 22.800836290671416
  endloop
endfacet
facet normal 0.999999999999436 4.321415746150094e-11 -1.062041036053432e-06
  outer loop
    vertex 1043.7326497515398 208.12462496995556 22.800883162488734
    vertex 1043.7326461242915 195.07149894273135 17.70054419384687
    vertex 1043.7326461239775 202.97916056662444 17.700522195455406
  endloop
endfacet
facet normal 0.999999999999436 4.321415746150094e-11 -1.062041036053432e-06
  outer loop
    vertex 1043.7326497515398 208.12462496995556 22.800883162488734
    vertex 1043.7326461239775 202.97916056662444 17.700522195455406
    vertex 1043.7326461237733 208.12463241684557 17.70059106566419
  endloop
endfacet
facet normal 9.238992659313468e-11 0.99999999985638 -1.6948158663676386e-05
  outer loop
    vertex 989.5504763248338 159.72592426325392 -0.9998827601291029
    vertex 1086.750520380016 159.7261106720259 9.999409608761486
    vertex 1086.7504403511173 159.7259242514083 -1.0005903893676962
  endloop
endfacet
facet normal 9.238992659313468e-11 0.99999999985638 -1.6948158663676386e-05
  outer loop
    vertex 1086.750520380016 159.7261106720259 9.999409608761486
    vertex 989.5504763248338 159.72592426325392 -0.9998827601291029
    vertex 989.5505516501047 159.72611070214435 10.000118268132168
  endloop
endfacet
facet normal 6.856138963427499e-15 0.9999999999869552 -5.107814594484213e-06
  outer loop
    vertex 983.1505538171581 195.94268130746943 17.700471801618054
    vertex 989.5242859271484 195.94265832300943 13.20047222915799
    vertex 983.1505453157928 195.94265832230374 13.200471801684795
  endloop
endfacet
facet normal 6.856138963427499e-15 0.9999999999869552 -5.107814594484213e-06
  outer loop
    vertex 989.5242859271484 195.94265832300943 13.20047222915799
    vertex 983.1505538171581 195.94268130746943 17.700471801618054
    vertex 989.5242944285139 195.94268130817508 17.700472229091215
  endloop
endfacet
facet normal 0.3214394652983682 0.9469301294810837 -5.444004506460546e-06
  outer loop
    vertex 991.3270112244679 217.87693860925134 17.70001027213856
    vertex 991.6985958848895 217.75077674275235 13.200010272206733
    vertex 991.327002723102 217.87691562408563 13.200010272205288
  endloop
endfacet
facet normal 0.3214394652983682 0.9469301294810837 -5.444004506460546e-06
  outer loop
    vertex 991.6985958848895 217.75077674275235 13.200010272206733
    vertex 991.3270112244679 217.87693860925134 17.70001027213856
    vertex 991.6986043862554 217.7507997279181 17.700010272140002
  endloop
endfacet
facet normal 0.5555702330111156 0.8314696122913459 -5.296571639669361e-06
  outer loop
    vertex 992.05055408916 217.5772373417374 17.70001027214136
    vertex 992.376829874821 217.35919816609228 13.20001027220937
    vertex 992.0505455877945 217.57721435657177 13.200010272208166
  endloop
endfacet
facet normal 0.5555702330111156 0.8314696122913459 -5.296571639669361e-06
  outer loop
    vertex 992.376829874821 217.35919816609228 13.20001027220937
    vertex 992.05055408916 217.5772373417374 17.70001027214136
    vertex 992.3768383761864 217.359221151258 17.70001027214264
  endloop
endfacet
facet normal 3.2318714185860016e-12 0.5556631767026233 -0.8314075018044698
  outer loop
    vertex 1086.7505087779045 190.19750513266882 6.034900662420356
    vertex 989.5505516501216 189.65373863995316 5.6714797636838625
    vertex 989.5505516501198 190.1975051627874 6.034900869226997
  endloop
endfacet
facet normal 3.2318714185860016e-12 0.5556631767026233 -0.8314075018044698
  outer loop
    vertex 989.5505516501216 189.65373863995316 5.6714797636838625
    vertex 1086.7505087779045 190.19750513266882 6.034900662420356
    vertex 1086.7505087779061 189.6537386098346 5.671479556877221
  endloop
endfacet
facet normal -3.886045001448451e-12 7.532140170864007e-34 1.0
  outer loop
    vertex 993.7400420405066 165.72916056680538 17.700471949059178
    vertex 995.3854818063145 166.67913758163985 17.70047180166561
    vertex 993.7400420405066 170.1291605668054 17.700471949059178
  endloop
endfacet
facet normal -3.886045001448451e-12 7.532140170864007e-34 1.0
  outer loop
    vertex 995.3854818063145 166.67913758163985 17.70047180166561
    vertex 993.7400420405066 165.72916056680538 17.700471949059178
    vertex 997.5505538171584 163.52916056680536 17.700471949073993
  endloop
endfacet
facet normal -3.886045001448451e-12 7.532140170864007e-34 1.0
  outer loop
    vertex 993.7400420405066 170.1291605668054 17.700471949059178
    vertex 995.3854818063145 166.67913758163985 17.70047180166561
    vertex 995.135730750053 167.28208996888355 17.70047180166464
  endloop
endfacet
facet normal -3.886045001448451e-12 7.532140170864007e-34 1.0
  outer loop
    vertex 993.7400420405066 170.1291605668054 17.700471949059178
    vertex 995.135730750053 167.28208996888355 17.70047180166464
    vertex 995.0505453157756 167.92913758163982 17.700471801664317
  endloop
endfacet
facet normal -3.886045001448451e-12 7.532140170864007e-34 1.0
  outer loop
    vertex 995.3854818063145 166.67913758163985 17.70047180166561
    vertex 997.5505538171584 163.52916056680536 17.700471949073993
    vertex 995.7827783628094 166.16137062867347 17.700471801667156
  endloop
endfacet
facet normal -3.886045001448451e-12 7.532140170864007e-34 1.0
  outer loop
    vertex 995.7827783628094 166.16137062867347 17.700471801667156
    vertex 997.5505538171584 163.52916056680536 17.700471949073993
    vertex 996.3005453157755 165.76407407217877 17.70047180166917
  endloop
endfacet
facet normal -3.886045001448451e-12 7.532140170864007e-34 1.0
  outer loop
    vertex 996.3005453157755 165.76407407217877 17.70047180166917
    vertex 997.5505538171584 163.52916056680536 17.700471949073993
    vertex 996.9034977030193 165.51432301591717 17.700471801671526
  endloop
endfacet
facet normal -3.886045001448451e-12 7.532140170864007e-34 1.0
  outer loop
    vertex 996.9034977030193 165.51432301591717 17.700471801671526
    vertex 997.5505538171584 163.52916056680536 17.700471949073993
    vertex 997.5505453157756 165.42913758163985 17.70047180167404
  endloop
endfacet
facet normal -3.886045001448451e-12 7.532140170864007e-34 1.0
  outer loop
    vertex 997.5505453157756 165.42913758163985 17.70047180167404
    vertex 997.5505538171584 163.52916056680536 17.700471949073993
    vertex 998.1975929285318 165.51432301591717 17.700471801676557
  endloop
endfacet
facet normal -3.886045001448451e-12 7.532140170864007e-34 1.0
  outer loop
    vertex 998.1975929285318 165.51432301591717 17.700471801676557
    vertex 997.5505538171584 163.52916056680536 17.700471949073993
    vertex 1001.3610655938096 165.7291605668054 17.700471949088794
  endloop
endfacet
facet normal -3.886045001448451e-12 7.532140170864007e-34 1.0
  outer loop
    vertex 998.1975929285318 165.51432301591717 17.700471801676557
    vertex 1001.3610655938096 165.7291605668054 17.700471949088794
    vertex 998.8005453157757 165.76407407217877 17.700471801678887
  endloop
endfacet
facet normal -3.886045001448451e-12 7.532140170864007e-34 1.0
  outer loop
    vertex 998.8005453157757 165.76407407217877 17.700471801678887
    vertex 1001.3610655938096 165.7291605668054 17.700471949088794
    vertex 999.3183122687421 166.16137062867347 17.7004718016809
  endloop
endfacet
facet normal -3.886045001448451e-12 7.532140170864007e-34 1.0
  outer loop
    vertex 999.3183122687421 166.16137062867347 17.7004718016809
    vertex 1001.3610655938096 165.7291605668054 17.700471949088794
    vertex 999.7156088252367 166.67913758163985 17.700471801682454
  endloop
endfacet
facet normal -3.886045001448451e-12 7.532140170864007e-34 1.0
  outer loop
    vertex 999.7156088252367 166.67913758163985 17.700471801682454
    vertex 1001.3610655938096 165.7291605668054 17.700471949088794
    vertex 999.9653598814984 167.28208996888355 17.700471801683417
  endloop
endfacet
facet normal -3.886045001448451e-12 7.532140170864007e-34 1.0
  outer loop
    vertex 999.9653598814984 167.28208996888355 17.700471801683417
    vertex 1001.3610655938096 165.7291605668054 17.700471949088794
    vertex 1000.0505453157757 167.92913758163982 17.700471801683744
  endloop
endfacet
facet normal -3.886045001448451e-12 7.532140170864007e-34 1.0
  outer loop
    vertex 993.7400420405066 170.1291605668054 17.700471949059178
    vertex 995.3854818063145 169.1791375816398 17.70047180166561
    vertex 997.5505538171584 172.32916056680546 17.700471949073993
  endloop
endfacet
facet normal -3.886045001448451e-12 7.532140170864007e-34 1.0
  outer loop
    vertex 995.3854818063145 169.1791375816398 17.70047180166561
    vertex 993.7400420405066 170.1291605668054 17.700471949059178
    vertex 995.135730750053 168.57618519439612 17.70047180166464
  endloop
endfacet
facet normal -3.886045001448451e-12 7.532140170864007e-34 1.0
  outer loop
    vertex 995.135730750053 168.57618519439612 17.70047180166464
    vertex 993.7400420405066 170.1291605668054 17.700471949059178
    vertex 995.0505453157756 167.92913758163982 17.700471801664317
  endloop
endfacet
facet normal -3.886045001448451e-12 7.532140170864007e-34 1.0
  outer loop
    vertex 997.5505538171584 172.32916056680546 17.700471949073993
    vertex 995.3854818063145 169.1791375816398 17.70047180166561
    vertex 995.782778362809 169.69690453460618 17.700471801667156
  endloop
endfacet
facet normal -3.886045001448451e-12 7.532140170864007e-34 1.0
  outer loop
    vertex 997.5505538171584 172.32916056680546 17.700471949073993
    vertex 995.782778362809 169.69690453460618 17.700471801667156
    vertex 996.3005453157755 170.09420109110087 17.70047180166917
  endloop
endfacet
facet normal -3.886045001448451e-12 7.532140170864007e-34 1.0
  outer loop
    vertex 997.5505538171584 172.32916056680546 17.700471949073993
    vertex 996.3005453157755 170.09420109110087 17.70047180166917
    vertex 996.9034977030193 170.34395214736247 17.700471801671526
  endloop
endfacet
facet normal -3.886045001448451e-12 7.532140170864007e-34 1.0
  outer loop
    vertex 997.5505538171584 172.32916056680546 17.700471949073993
    vertex 996.9034977030193 170.34395214736247 17.700471801671526
    vertex 997.5505453157756 170.4291375816398 17.70047180167404
  endloop
endfacet
facet normal -3.886045001448451e-12 7.532140170864007e-34 1.0
  outer loop
    vertex 997.5505538171584 172.32916056680546 17.700471949073993
    vertex 997.5505453157756 170.4291375816398 17.70047180167404
    vertex 998.1975929285318 170.34395214736247 17.700471801676557
  endloop
endfacet
facet normal -3.886045001448451e-12 7.532140170864007e-34 1.0
  outer loop
    vertex 997.5505538171584 172.32916056680546 17.700471949073993
    vertex 998.1975929285318 170.34395214736247 17.700471801676557
    vertex 1001.3610655938096 170.1291605668054 17.700471949088794
  endloop
endfacet
facet normal -3.886045001448451e-12 7.532140170864007e-34 1.0
  outer loop
    vertex 1001.3610655938096 170.1291605668054 17.700471949088794
    vertex 998.1975929285318 170.34395214736247 17.700471801676557
    vertex 998.8005453157757 170.09420109110087 17.700471801678887
  endloop
endfacet
facet normal -3.886045001448451e-12 7.532140170864007e-34 1.0
  outer loop
    vertex 1001.3610655938096 170.1291605668054 17.700471949088794
    vertex 998.8005453157757 170.09420109110087 17.700471801678887
    vertex 999.3183122687418 169.69690453460618 17.7004718016809
  endloop
endfacet
facet normal -3.886045001448451e-12 7.532140170864007e-34 1.0
  outer loop
    vertex 1001.3610655938096 170.1291605668054 17.700471949088794
    vertex 999.3183122687418 169.69690453460618 17.7004718016809
    vertex 999.7156088252367 169.1791375816398 17.700471801682454
  endloop
endfacet
facet normal -3.886045001448451e-12 7.532140170864007e-34 1.0
  outer loop
    vertex 1001.3610655938096 170.1291605668054 17.700471949088794
    vertex 999.7156088252367 169.1791375816398 17.700471801682454
    vertex 999.9653598814984 168.57618519439612 17.700471801683417
  endloop
endfacet
facet normal -3.886045001448451e-12 7.532140170864007e-34 1.0
  outer loop
    vertex 1001.3610655938096 170.1291605668054 17.700471949088794
    vertex 999.9653598814984 168.57618519439612 17.700471801683417
    vertex 1000.0505453157757 167.92913758163982 17.700471801683744
  endloop
endfacet
facet normal -3.886045001448451e-12 7.532140170864007e-34 1.0
  outer loop
    vertex 1001.3610655938096 170.1291605668054 17.700471949088794
    vertex 1000.0505453157757 167.92913758163982 17.700471801683744
    vertex 1001.3610655938096 165.7291605668054 17.700471949088794
  endloop
endfacet
facet normal -0.999999999999749 -3.305867893106433e-08 7.080255272075932e-07
  outer loop
    vertex 991.9705574449241 215.87915370048617 22.80086754143381
    vertex 991.9705538171582 192.14268132471767 17.70047152833294
    vertex 991.9705574449241 192.1426738778276 22.800763625157476
  endloop
endfacet
facet normal -0.999999999999749 -3.305867893106433e-08 7.080255272075932e-07
  outer loop
    vertex 991.9705538171582 192.14268132471767 17.70047152833294
    vertex 991.9705574449241 215.87915370048617 22.80086754143381
    vertex 991.9705538171582 215.87916114737618 17.700575444609264
  endloop
endfacet
facet normal 0.38268343236435015 0.9238795325097977 1.8214714347945902e-06
  outer loop
    vertex 996.3005453157755 165.76407407217877 17.70047180166917
    vertex 996.9034977030491 165.51433819977538 9.99896904228624
    vertex 996.3005453158053 165.76408925603698 9.998969042283893
  endloop
endfacet
facet normal 0.38268343236435015 0.9238795325097977 1.8214714347945902e-06
  outer loop
    vertex 996.9034977030491 165.51433819977538 9.99896904228624
    vertex 996.3005453157755 165.76407407217877 17.70047180166917
    vertex 996.9034977030193 165.51432301591717 17.700471801671526
  endloop
endfacet
facet normal 2.009548060405252e-07 2.414612351094538e-07 -0.9999999999999507
  outer loop
    vertex 1086.7505536791216 210.98241544393568 17.700471949258223
    vertex 1082.1909461240075 207.61415277667288 17.70047194924005
    vertex 1082.1909461240075 210.98241544393576 17.70047194924005
  endloop
endfacet
facet normal 2.009548060405252e-07 2.414612351094538e-07 -0.9999999999999507
  outer loop
    vertex 1082.1909461240075 207.61415277667288 17.70047194924005
    vertex 1081.0326461240072 202.97916056681268 17.700468077846477
    vertex 1081.0326461240072 206.839186252273 17.700471949235546
  endloop
endfacet
facet normal 2.009548060405252e-07 2.414612351094538e-07 -0.9999999999999507
  outer loop
    vertex 1081.0326461240072 202.97916056681268 17.700468077846477
    vertex 1082.1909461240075 207.61415277667288 17.70047194924005
    vertex 1086.7505536791216 202.97916056680535 17.70047180202122
  endloop
endfacet
facet normal 2.009548060405252e-07 2.414612351094538e-07 -0.9999999999999507
  outer loop
    vertex 1086.7505536791216 202.97916056680535 17.70047180202122
    vertex 1082.1909461240075 207.61415277667288 17.70047194924005
    vertex 1086.7505536791216 210.98241544393568 17.700471949258223
  endloop
endfacet
facet normal 2.403692485464092e-05 -1.681620639547987e-05 -0.9999999995697207
  outer loop
    vertex 1000.4326461239325 217.97916113051565 17.700320778453072
    vertex 990.9421326658204 217.9534957145056 17.70001027213704
    vertex 990.5505540891602 217.97916113038409 17.700010272135543
  endloop
endfacet
facet normal 2.403692485464092e-05 -1.681620639547987e-05 -0.9999999995697207
  outer loop
    vertex 990.9421326658204 217.9534957145056 17.70001027213704
    vertex 1000.4326461239325 217.97916113051565 17.700320778453072
    vertex 991.3270112244679 217.87693860925134 17.70001027213856
  endloop
endfacet
facet normal 2.403692485464092e-05 -1.681620639547987e-05 -0.9999999995697207
  outer loop
    vertex 991.3270112244679 217.87693860925134 17.70001027213856
    vertex 1000.4326461239325 217.97916113051565 17.700320778453072
    vertex 991.6986043862554 217.7507997279181 17.700010272140002
  endloop
endfacet
facet normal 2.403692485464092e-05 -1.681620639547987e-05 -0.9999999995697207
  outer loop
    vertex 991.6986043862554 217.7507997279181 17.700010272140002
    vertex 1000.4326461239325 217.97916113051565 17.700320778453072
    vertex 992.05055408916 217.5772373417374 17.70001027214136
  endloop
endfacet
facet normal 2.403692485464092e-05 -1.681620639547987e-05 -0.9999999995697207
  outer loop
    vertex 992.05055408916 217.5772373417374 17.70001027214136
    vertex 1000.4326461239325 217.97916113051565 17.700320778453072
    vertex 992.3768383761864 217.359221151258 17.70001027214264
  endloop
endfacet
facet normal 2.403692485464092e-05 -1.681620639547987e-05 -0.9999999995697207
  outer loop
    vertex 992.3768383761864 217.359221151258 17.70001027214264
    vertex 1000.4326461239325 217.97916113051565 17.700320778453072
    vertex 992.6718744327197 217.10048147394392 17.70001027214379
  endloop
endfacet
facet normal 2.403692485464092e-05 -1.681620639547987e-05 -0.9999999995697207
  outer loop
    vertex 992.6718744327197 217.10048147394392 17.70001027214379
    vertex 1000.4326461239325 217.97916113051565 17.700320778453072
    vertex 992.9306141100338 216.80544541741025 17.70001027214478
  endloop
endfacet
facet normal 2.403692485464092e-05 -1.681620639547987e-05 -0.9999999995697207
  outer loop
    vertex 992.9306141100338 216.80544541741025 17.70001027214478
    vertex 1000.4326461239325 217.97916113051565 17.700320778453072
    vertex 993.1486303005137 216.47916113038414 17.70001027214564
  endloop
endfacet
facet normal 2.403692485464092e-05 -1.681620639547987e-05 -0.9999999995697207
  outer loop
    vertex 993.1486303005137 216.47916113038414 17.70001027214564
    vertex 1000.4326461239325 217.97916113051565 17.700320778453072
    vertex 993.3221926866939 216.1272114274794 17.700010272146304
  endloop
endfacet
facet normal 2.403692485464092e-05 -1.681620639547987e-05 -0.9999999995697207
  outer loop
    vertex 993.3221926866939 216.1272114274794 17.700010272146304
    vertex 1000.4326461239325 217.97916113051565 17.700320778453072
    vertex 993.4483315680276 215.75561826569174 17.700010272146805
  endloop
endfacet
facet normal 2.403692485464092e-05 -1.681620639547987e-05 -0.9999999995697207
  outer loop
    vertex 993.4483315680276 215.75561826569174 17.700010272146805
    vertex 1000.4326461239325 217.97916113051565 17.700320778453072
    vertex 993.5248886732817 215.3707397070444 17.700010272147104
  endloop
endfacet
facet normal 2.403692485464092e-05 -1.681620639547987e-05 -0.9999999995697207
  outer loop
    vertex 993.5248886732817 215.3707397070444 17.700010272147104
    vertex 1000.4326461239325 217.97916113051565 17.700320778453072
    vertex 993.5505540891602 214.9791611303843 17.7000102721472
  endloop
endfacet
facet normal 2.403692485464092e-05 -1.681620639547987e-05 -0.9999999995697207
  outer loop
    vertex 993.5505540891602 214.9791611303843 17.7000102721472
    vertex 1003.4326461245054 202.97916056651215 17.70045561248553
    vertex 993.5505538171584 202.97916056680546 17.70047180165849
  endloop
endfacet
facet normal 2.403692485464092e-05 -1.681620639547987e-05 -0.9999999995697207
  outer loop
    vertex 1003.4326461245054 202.97916056651215 17.70045561248553
    vertex 993.5505540891602 214.9791611303843 17.7000102721472
    vertex 1000.4326461239325 217.97916113051565 17.700320778453072
  endloop
endfacet
facet normal 2.403692485464092e-05 -1.681620639547987e-05 -0.9999999995697207
  outer loop
    vertex 1003.4326461245054 202.97916056651215 17.70045561248553
    vertex 1000.4326461239325 217.97916113051565 17.700320778453072
    vertex 1000.8242247010286 217.95349571459954 17.700321501453686
  endloop
endfacet
facet normal 2.403692485464092e-05 -1.681620639547987e-05 -0.9999999995697207
  outer loop
    vertex 1003.4326461245054 202.97916056651215 17.70045561248553
    vertex 1000.8242247010286 217.95349571459954 17.700321501453686
    vertex 1001.2091032600986 217.87693860923446 17.700320302437277
  endloop
endfacet
facet normal 2.403692485464092e-05 -1.681620639547987e-05 -0.9999999995697207
  outer loop
    vertex 1003.4326461245054 202.97916056651215 17.70045561248553
    vertex 1001.2091032600986 217.87693860923446 17.700320302437277
    vertex 1001.5806964222752 217.75079972772156 17.700317201919322
  endloop
endfacet
facet normal 2.403692485464092e-05 -1.681620639547987e-05 -0.9999999995697207
  outer loop
    vertex 1003.4326461245054 202.97916056651215 17.70045561248553
    vertex 1001.5806964222752 217.75079972772156 17.700317201919322
    vertex 1001.9326461255148 217.57723734130036 17.700312252950553
  endloop
endfacet
facet normal 2.403692485464092e-05 -1.681620639547987e-05 -0.9999999995697207
  outer loop
    vertex 1003.4326461245054 202.97916056651215 17.70045561248553
    vertex 1001.9326461255148 217.57723734130036 17.700312252950553
    vertex 1002.2589304128039 217.35922115052924 17.700305540209204
  endloop
endfacet
facet normal 2.403692485464092e-05 -1.681620639547987e-05 -0.9999999995697207
  outer loop
    vertex 1003.4326461245054 202.97916056651215 17.70045561248553
    vertex 1002.2589304128039 217.35922115052924 17.700305540209204
    vertex 1002.5539664695127 217.1004814728854 17.70029717855215
  endloop
endfacet
facet normal 2.403692485464092e-05 -1.681620639547987e-05 -0.9999999995697207
  outer loop
    vertex 1003.4326461245054 202.97916056651215 17.70045561248553
    vertex 1002.5539664695127 217.1004814728854 17.70029717855215
    vertex 1002.8127061469 216.8054454159988 17.700287311049642
  endloop
endfacet
facet normal 2.403692485464092e-05 -1.681620639547987e-05 -0.9999999995697207
  outer loop
    vertex 1003.4326461245054 202.97916056651215 17.70045561248553
    vertex 1002.8127061469 216.8054454159988 17.700287311049642
    vertex 1003.0307223373417 216.47916112861267 17.700276106537373
  endloop
endfacet
facet normal 2.403692485464092e-05 -1.681620639547987e-05 -0.9999999995697207
  outer loop
    vertex 1003.4326461245054 202.97916056651215 17.70045561248553
    vertex 1003.0307223373417 216.47916112861267 17.700276106537373
    vertex 1003.2042847233648 216.1272114253587 17.700263756727605
  endloop
endfacet
facet normal 2.403692485464092e-05 -1.681620639547987e-05 -0.9999999995697207
  outer loop
    vertex 1003.4326461245054 202.97916056651215 17.70045561248553
    vertex 1003.2042847233648 216.1272114253587 17.700263756727605
    vertex 1003.3304236044188 215.75561826325097 17.700250472929234
  endloop
endfacet
facet normal 2.403692485464092e-05 -1.681620639547987e-05 -0.9999999995697207
  outer loop
    vertex 1003.4326461245054 202.97916056651215 17.70045561248553
    vertex 1003.3304236044188 215.75561826325097 17.700250472929234
    vertex 1003.4069807092715 215.37073970433127 17.700236482431496
  endloop
endfacet
facet normal 2.403692485464092e-05 -1.681620639547987e-05 -0.9999999995697207
  outer loop
    vertex 1003.4326461245054 202.97916056651215 17.70045561248553
    vertex 1003.4069807092715 215.37073970433127 17.700236482431496
    vertex 1003.4326461246308 214.979161127465 17.700222024615762
  endloop
endfacet
facet normal 3.812452265116807e-12 0.19519995944113114 -0.9807634657929407
  outer loop
    vertex 1086.7505087779082 188.44788968052063 5.171842643490041
    vertex 989.550551650124 187.80643971366462 5.044175968566211
    vertex 989.5505516501233 188.4478897106392 5.171842850296681
  endloop
endfacet
facet normal 3.812452265116807e-12 0.19519995944113114 -0.9807634657929407
  outer loop
    vertex 989.550551650124 187.80643971366462 5.044175968566211
    vertex 1086.7505087779082 188.44788968052063 5.171842643490041
    vertex 1086.7505087779086 187.80643968354607 5.04417576175957
  endloop
endfacet
facet normal -0.3826834323644286 -0.9238795325097652 -1.8214714347950312e-06
  outer loop
    vertex 998.8005453158055 170.09421627495908 9.998969042293613
    vertex 998.1975929285318 170.34395214736247 17.700471801676557
    vertex 998.1975929285616 170.34396733122068 9.998969042291264
  endloop
endfacet
facet normal -0.3826834323644286 -0.9238795325097652 -1.8214714347950312e-06
  outer loop
    vertex 998.1975929285318 170.34395214736247 17.700471801676557
    vertex 998.8005453158055 170.09421627495908 9.998969042293613
    vertex 998.8005453157757 170.09420109110087 17.700471801678887
  endloop
endfacet
facet normal -0.5555702330196709 0.8314696123021972 -7.08904719250309e-07
  outer loop
    vertex 979.7242731578984 217.35921370436927 22.800525542717903
    vertex 980.0505455877945 217.57721435657194 13.200010272161455
    vertex 979.7242613007685 217.3591981660921 13.200010272160187
  endloop
endfacet
facet normal -0.5555702330196709 0.8314696123021972 -7.08904719250309e-07
  outer loop
    vertex 980.0505455877945 217.57721435657194 13.200010272161455
    vertex 979.7242731578984 217.35921370436927 22.800525542717903
    vertex 980.0505574449246 217.5772298948488 22.80052554271918
  endloop
endfacet
facet normal 0.9978589232360964 0.06540312923074335 -2.2192144723450476e-06
  outer loop
    vertex 993.5248801719158 215.37071672187867 13.200010272213834
    vertex 993.5505540891602 214.9791611303843 17.7000102721472
    vertex 993.5505455877949 214.9791381452186 13.200010272213932
  endloop
endfacet
facet normal 0.9978589232360964 0.06540312923074335 -2.2192144723450476e-06
  outer loop
    vertex 993.5505540891602 214.9791611303843 17.7000102721472
    vertex 993.5248801719158 215.37071672187867 13.200010272213834
    vertex 993.5248886732817 215.3707397070444 17.700010272147104
  endloop
endfacet
facet normal 0.4999999999983533 -0.8660254037816186 -2.55564330636328e-06
  outer loop
    vertex 997.5505538171584 172.32916056680546 17.700471949073993
    vertex 993.7400456682727 170.12915311991532 22.800764045883717
    vertex 993.7400420405066 170.1291605668054 17.700471949059178
  endloop
endfacet
facet normal 0.4999999999983533 -0.8660254037816186 -2.55564330636328e-06
  outer loop
    vertex 993.7400456682727 170.12915311991532 22.800764045883717
    vertex 997.5505538171584 172.32916056680546 17.700471949073993
    vertex 997.5505574449245 172.32915311991536 22.800764045898543
  endloop
endfacet
facet normal -0.9238795325110911 -0.3826834323648188 -7.544811469250903e-07
  outer loop
    vertex 999.7156088252367 169.1791375816398 17.700471801682454
    vertex 999.9653598815282 168.57620037825433 9.998969042298137
    vertex 999.9653598814984 168.57618519439612 17.700471801683417
  endloop
endfacet
facet normal -0.9238795325110911 -0.3826834323648188 -7.544811469250903e-07
  outer loop
    vertex 999.9653598815282 168.57620037825433 9.998969042298137
    vertex 999.7156088252367 169.1791375816398 17.700471801682454
    vertex 999.7156088252665 169.179152765498 9.998969042297164
  endloop
endfacet
facet normal -3.862483989131493e-06 1.8552979413487688e-05 -0.9999999998204341
  outer loop
    vertex 1023.5826461237489 208.12788729397565 17.70062694278416
    vertex 1020.5826461237612 202.97916056653744 17.700541736103766
    vertex 1020.5826461237489 206.9654375073761 17.700626942809716
  endloop
endfacet
facet normal -3.862483989131493e-06 1.8552979413487688e-05 -0.9999999998204341
  outer loop
    vertex 1020.5826461237612 202.97916056653744 17.700541736103766
    vertex 1023.5826461237489 208.12788729397565 17.70062694278416
    vertex 1023.5826461239532 202.97916056656007 17.700540128132342
  endloop
endfacet
facet normal 7.579345777608669e-13 0.9808070827573923 -0.19498068215321804
  outer loop
    vertex 989.5505516501099 191.98302836919538 8.707771959425127
    vertex 1086.750508777892 192.11055180659935 9.349250276452691
    vertex 1086.7505087778945 191.9830283390768 8.70777175261848
  endloop
endfacet
facet normal 7.579345777608669e-13 0.9808070827573923 -0.19498068215321804
  outer loop
    vertex 1086.750508777892 192.11055180659935 9.349250276452691
    vertex 989.5505516501099 191.98302836919538 8.707771959425127
    vertex 989.5505516501075 192.11055183671786 9.349250483259338
  endloop
endfacet
facet normal -0.4999999999994678 -0.866025403783458 -1.493597274371954e-06
  outer loop
    vertex 1001.3610655938096 170.1291605668054 17.700471949088794
    vertex 997.5505574449245 172.32915311991536 22.800764045898543
    vertex 997.5505538171584 172.32916056680546 17.700471949073993
  endloop
endfacet
facet normal -0.4999999999994678 -0.866025403783458 -1.493597274371954e-06
  outer loop
    vertex 997.5505574449245 172.32915311991536 22.800764045898543
    vertex 1001.3610655938096 170.1291605668054 17.700471949088794
    vertex 1001.361069221576 170.12915311991534 22.800764045913343
  endloop
endfacet
facet normal -0.4999999999983974 0.8660254037815932 2.5556433248463136e-06
  outer loop
    vertex 997.5505574449245 163.5291531199153 22.800764045898543
    vertex 1001.3610655938096 165.7291605668054 17.700471949088794
    vertex 997.5505538171584 163.52916056680536 17.700471949073993
  endloop
endfacet
facet normal -0.4999999999983974 0.8660254037815932 2.5556433248463136e-06
  outer loop
    vertex 1001.3610655938096 165.7291605668054 17.700471949088794
    vertex 997.5505574449245 163.5291531199153 22.800764045898543
    vertex 1001.361069221576 165.72915311991534 22.800764045913343
  endloop
endfacet
facet normal 1.718887720597762e-12 0.8969221778742741 -0.44218842910830336
  outer loop
    vertex 989.5505516501145 191.48366106377816 7.501811354833517
    vertex 1086.7505087778968 191.77286610339002 8.088426319115822
    vertex 1086.750508777899 191.4836610336596 7.501811148026879
  endloop
endfacet
facet normal 1.718887720597762e-12 0.8969221778742741 -0.44218842910830336
  outer loop
    vertex 1086.7505087778968 191.77286610339002 8.088426319115822
    vertex 989.5505516501145 191.48366106377816 7.501811354833517
    vertex 989.5505516501121 191.7728661335086 8.088426525922454
  endloop
endfacet
facet normal 2.5627015058723022e-12 0.7519135088029868 -0.659261765370616
  outer loop
    vertex 989.550551650118 190.68918371455965 6.466188630514817
    vertex 1086.750508777901 191.12036150881133 6.957963387569501
    vertex 1086.7505087779032 190.68918368444108 6.466188423708167
  endloop
endfacet
facet normal 2.5627015058723022e-12 0.7519135088029868 -0.659261765370616
  outer loop
    vertex 1086.750508777901 191.12036150881133 6.957963387569501
    vertex 989.550551650118 190.68918371455965 6.466188630514817
    vertex 989.5505516501164 191.12036153892987 6.957963594376145
  endloop
endfacet
facet normal -0.9914448613737765 -0.13052619222005576 -2.573420978536559e-07
  outer loop
    vertex 999.9653598814984 168.57618519439612 17.700471801683417
    vertex 1000.0505453158055 167.92915276549803 9.99896904229847
    vertex 1000.0505453157757 167.92913758163982 17.700471801683744
  endloop
endfacet
facet normal -0.9914448613737765 -0.13052619222005576 -2.573420978536559e-07
  outer loop
    vertex 1000.0505453158055 167.92915276549803 9.99896904229847
    vertex 999.9653598814984 168.57618519439612 17.700471801683417
    vertex 999.9653598815282 168.57620037825433 9.998969042298137
  endloop
endfacet
facet normal 3.878877779922848e-12 0.06551467606979407 -0.9978516058109392
  outer loop
    vertex 1086.7505087779086 187.80643968354607 5.04417576175957
    vertex 989.5505516501241 187.15381353839115 5.0013273203115745
    vertex 989.550551650124 187.80643971366462 5.044175968566211
  endloop
endfacet
facet normal 3.878877779922848e-12 0.06551467606979407 -0.9978516058109392
  outer loop
    vertex 989.5505516501241 187.15381353839115 5.0013273203115745
    vertex 1086.7505087779086 187.80643968354607 5.04417576175957
    vertex 1086.7505087779089 187.15381350827266 5.001327113504933
  endloop
endfacet
facet normal -3.243181680944425e-06 1.4616053458435009e-05 -0.9999999998879264
  outer loop
    vertex 1043.7326461237733 208.12463241684557 17.70059106566419
    vertex 1040.7326461237847 202.9791605666257 17.70052466409171
    vertex 1040.7326461237733 206.96218263024593 17.700591065689753
  endloop
endfacet
facet normal -3.243181680944425e-06 1.4616053458435009e-05 -0.9999999998879264
  outer loop
    vertex 1040.7326461237847 202.9791605666257 17.70052466409171
    vertex 1043.7326461237733 208.12463241684557 17.70059106566419
    vertex 1043.7326461239775 202.97916056662444 17.700522195455406
  endloop
endfacet
facet normal 0.7933533402906724 -0.608761429008271 -1.2001973847765215e-06
  outer loop
    vertex 995.3854818063444 169.179152765498 9.998969042280335
    vertex 995.782778362809 169.69690453460618 17.700471801667156
    vertex 995.3854818063145 169.1791375816398 17.70047180166561
  endloop
endfacet
facet normal 0.7933533402906724 -0.608761429008271 -1.2001973847765215e-06
  outer loop
    vertex 995.782778362809 169.69690453460618 17.700471801667156
    vertex 995.3854818063444 169.179152765498 9.998969042280335
    vertex 995.7827783628392 169.6969197184644 9.998969042281876
  endloop
endfacet
facet normal -0.13052619221981793 0.9914448613719145 1.954677516929752e-06
  outer loop
    vertex 997.5505453157756 165.42913758163985 17.70047180167404
    vertex 998.1975929285616 165.51433819977538 9.998969042291264
    vertex 997.5505453158054 165.42915276549806 9.99896904228873
  endloop
endfacet
facet normal -0.13052619221981793 0.9914448613719145 1.954677516929752e-06
  outer loop
    vertex 998.1975929285616 165.51433819977538 9.998969042291264
    vertex 997.5505453157756 165.42913758163985 17.70047180167404
    vertex 998.1975929285318 165.51432301591717 17.700471801676557
  endloop
endfacet
facet normal 0.9999999999928788 -1.8454070591998985e-07 -3.7694004762045245e-06
  outer loop
    vertex 1086.7504403511173 159.7259242514083 -1.0005903893676962
    vertex 1086.7505571384734 118.27653079639288 22.800407936838276
    vertex 1086.750464980455 118.27634402135818 -0.9998842003244901
  endloop
endfacet
facet normal 0.9999999999928788 -1.8454070591998985e-07 -3.7694004762045245e-06
  outer loop
    vertex 1086.7505571384734 118.27653079639288 22.800407936838276
    vertex 1086.7504403511173 159.7259242514083 -1.0005903893676962
    vertex 1086.750520380016 159.7261106720259 9.999409608761486
  endloop
endfacet
facet normal 0.9999999999928788 -1.8454070591998985e-07 -3.7694004762045245e-06
  outer loop
    vertex 1086.7505571384734 118.27653079639288 22.800407936838276
    vertex 1086.750520380016 159.7261106720259 9.999409608761486
    vertex 1086.7505573068881 210.98240799704575 22.80076404608276
  endloop
endfacet
facet normal 0.9999999999928788 -1.8454070591998985e-07 -3.7694004762045245e-06
  outer loop
    vertex 1086.7505573068881 210.98240799704575 22.80076404608276
    vertex 1086.750520380016 159.7261106720259 9.999409608761486
    vertex 1086.750508777889 176.72546743094256 10.000161395470375
  endloop
endfacet
facet normal 0.9999999999928788 -1.8454070591998985e-07 -3.7694004762045245e-06
  outer loop
    vertex 1086.7505573068881 210.98240799704575 22.80076404608276
    vertex 1086.750508777889 176.72546743094256 10.000161395470375
    vertex 1086.750508777877 192.1538826114088 13.200470787859542
  endloop
endfacet
facet normal 0.9999999999928788 -1.8454070591998985e-07 -3.7694004762045245e-06
  outer loop
    vertex 1086.750508777877 192.1538826114088 13.200470787859542
    vertex 1086.750508777889 176.72546743094256 10.000161395470375
    vertex 1086.7505087779086 176.72602636390238 5.000161426710978
  endloop
endfacet
facet normal 0.9999999999928788 -1.8454070591998985e-07 -3.7694004762045245e-06
  outer loop
    vertex 1086.750508777877 192.1538826114088 13.200470787859542
    vertex 1086.7505087779086 176.72602636390238 5.000161426710978
    vertex 1086.7505087779089 187.15381350827266 5.001327113504933
  endloop
endfacet
facet normal 0.9999999999928788 -1.8454070591998985e-07 -3.7694004762045245e-06
  outer loop
    vertex 1086.750508777877 192.1538826114088 13.200470787859542
    vertex 1086.7505087779089 187.15381350827266 5.001327113504933
    vertex 1086.7505087779086 187.80643968354607 5.04417576175957
  endloop
endfacet
facet normal 0.9999999999928788 -1.8454070591998985e-07 -3.7694004762045245e-06
  outer loop
    vertex 1086.750508777877 192.1538826114088 13.200470787859542
    vertex 1086.7505087779086 187.80643968354607 5.04417576175957
    vertex 1086.7505087779082 188.44788968052063 5.171842643490041
  endloop
endfacet
facet normal 0.9999999999928788 -1.8454070591998985e-07 -3.7694004762045245e-06
  outer loop
    vertex 1086.750508777877 192.1538826114088 13.200470787859542
    vertex 1086.7505087779082 188.44788968052063 5.171842643490041
    vertex 1086.7505087779068 189.0671881119045 5.382143342953993
  endloop
endfacet
facet normal 0.9999999999928788 -1.8454070591998985e-07 -3.7694004762045245e-06
  outer loop
    vertex 1086.750508777877 192.1538826114088 13.200470787859542
    vertex 1086.7505087779068 189.0671881119045 5.382143342953993
    vertex 1086.7505087779061 189.6537386098346 5.671479556877221
  endloop
endfacet
facet normal 0.9999999999928788 -1.8454070591998985e-07 -3.7694004762045245e-06
  outer loop
    vertex 1086.750508777877 192.1538826114088 13.200470787859542
    vertex 1086.7505087779061 189.6537386098346 5.671479556877221
    vertex 1086.7505087779045 190.19750513266882 6.034900662420356
  endloop
endfacet
facet normal 0.9999999999928788 -1.8454070591998985e-07 -3.7694004762045245e-06
  outer loop
    vertex 1086.750508777877 192.1538826114088 13.200470787859542
    vertex 1086.7505087779045 190.19750513266882 6.034900662420356
    vertex 1086.7505087779032 190.68918368444108 6.466188423708167
  endloop
endfacet
facet normal 0.9999999999928788 -1.8454070591998985e-07 -3.7694004762045245e-06
  outer loop
    vertex 1086.750508777877 192.1538826114088 13.200470787859542
    vertex 1086.7505087779032 190.68918368444108 6.466188423708167
    vertex 1086.750508777901 191.12036150881133 6.957963387569501
  endloop
endfacet
facet normal 0.9999999999928788 -1.8454070591998985e-07 -3.7694004762045245e-06
  outer loop
    vertex 1086.750508777877 192.1538826114088 13.200470787859542
    vertex 1086.750508777901 191.12036150881133 6.957963387569501
    vertex 1086.750508777899 191.4836610336596 7.501811148026879
  endloop
endfacet
facet normal 0.9999999999928788 -1.8454070591998985e-07 -3.7694004762045245e-06
  outer loop
    vertex 1086.750508777877 192.1538826114088 13.200470787859542
    vertex 1086.750508777899 191.4836610336596 7.501811148026879
    vertex 1086.7505087778968 191.77286610339002 8.088426319115822
  endloop
endfacet
facet normal 0.9999999999928788 -1.8454070591998985e-07 -3.7694004762045245e-06
  outer loop
    vertex 1086.750508777877 192.1538826114088 13.200470787859542
    vertex 1086.7505087778968 191.77286610339002 8.088426319115822
    vertex 1086.7505087778945 191.9830283390768 8.70777175261848
  endloop
endfacet
facet normal 0.9999999999928788 -1.8454070591998985e-07 -3.7694004762045245e-06
  outer loop
    vertex 1086.750508777877 192.1538826114088 13.200470787859542
    vertex 1086.7505087778945 191.9830283390768 8.70777175261848
    vertex 1086.750508777892 192.11055180659935 9.349250276452691
  endloop
endfacet
facet normal 0.9999999999928788 -1.8454070591998985e-07 -3.7694004762045245e-06
  outer loop
    vertex 1086.750508777877 192.1538826114088 13.200470787859542
    vertex 1086.750508777892 192.11055180659935 9.349250276452691
    vertex 1086.7505087778893 192.153254544072 10.001886015224187
  endloop
endfacet
facet normal 0.9999999999928788 -1.8454070591998985e-07 -3.7694004762045245e-06
  outer loop
    vertex 1086.7505573068881 210.98240799704575 22.80076404608276
    vertex 1086.750508777877 192.1538826114088 13.200470787859542
    vertex 1086.7505536791216 202.97916056680535 17.70047180202122
  endloop
endfacet
facet normal 0.9999999999928788 -1.8454070591998985e-07 -3.7694004762045245e-06
  outer loop
    vertex 1086.7505536791216 202.97916056680535 17.70047180202122
    vertex 1086.750508777877 192.1538826114088 13.200470787859542
    vertex 1086.750545177756 202.9791375816397 13.200471802087955
  endloop
endfacet
facet normal 0.9999999999928788 -1.8454070591998985e-07 -3.7694004762045245e-06
  outer loop
    vertex 1086.7505573068881 210.98240799704575 22.80076404608276
    vertex 1086.7505536791216 202.97916056680535 17.70047180202122
    vertex 1086.7505536791216 210.98241544393568 17.700471949258223
  endloop
endfacet
facet normal -0.999999999999436 2.1432753039253138e-14 1.0620460702309554e-06
  outer loop
    vertex 1082.1909497517736 210.98240799704584 22.800764046064607
    vertex 1082.1909461240075 207.61415277667288 17.70047194924005
    vertex 1082.1909497517736 207.61414532978284 22.800764046064607
  endloop
endfacet
facet normal -0.999999999999436 2.1432753039253138e-14 1.0620460702309554e-06
  outer loop
    vertex 1082.1909461240075 207.61415277667288 17.70047194924005
    vertex 1082.1909497517736 210.98240799704584 22.800764046064607
    vertex 1082.1909461240075 210.98241544393576 17.70047194924005
  endloop
endfacet
facet normal -6.8561376174687156e-15 -0.9999999999869552 5.107814594484213e-06
  outer loop
    vertex 989.5242859844178 214.17913814572566 13.200680156566547
    vertex 983.1505538744278 214.1791611301857 17.70067972902661
    vertex 983.1505453730623 214.17913814502006 13.200679729093348
  endloop
endfacet
facet normal -6.8561376174687156e-15 -0.9999999999869552 5.107814594484213e-06
  outer loop
    vertex 983.1505538744278 214.1791611301857 17.70067972902661
    vertex 989.5242859844178 214.17913814572566 13.200680156566547
    vertex 989.5242944857833 214.17916113089132 17.70068015649976
  endloop
endfacet
facet normal 3.68079463504315e-12 0.3215453173867829 -0.9468941909562194
  outer loop
    vertex 1086.7505087779068 189.0671881119045 5.382143342953993
    vertex 989.5505516501233 188.4478897106392 5.171842850296681
    vertex 989.5505516501225 189.067188142023 5.382143549760632
  endloop
endfacet
facet normal 3.68079463504315e-12 0.3215453173867829 -0.9468941909562194
  outer loop
    vertex 989.5505516501233 188.4478897106392 5.171842850296681
    vertex 1086.7505087779068 189.0671881119045 5.382143342953993
    vertex 1086.7505087779082 188.44788968052063 5.171842643490041
  endloop
endfacet
facet normal -0.9238795325110911 0.3826834323648188 7.544739642623194e-07
  outer loop
    vertex 999.9653598814984 167.28208996888355 17.700471801683417
    vertex 999.7156088252665 166.67915276549806 9.998969042297164
    vertex 999.7156088252367 166.67913758163985 17.700471801682454
  endloop
endfacet
facet normal -0.9238795325110911 0.3826834323648188 7.544739642623194e-07
  outer loop
    vertex 999.7156088252665 166.67915276549806 9.998969042297164
    vertex 999.9653598814984 167.28208996888355 17.700471801683417
    vertex 999.9653598815282 167.28210515274176 9.998969042298137
  endloop
endfacet
facet normal 2.1592674455629015e-12 0.8315317124103662 -0.5554772823940547
  outer loop
    vertex 989.5505516501164 191.12036153892987 6.957963594376145
    vertex 1086.750508777899 191.4836610336596 7.501811148026879
    vertex 1086.750508777901 191.12036150881133 6.957963387569501
  endloop
endfacet
facet normal 2.1592674455629015e-12 0.8315317124103662 -0.5554772823940547
  outer loop
    vertex 1086.750508777899 191.4836610336596 7.501811148026879
    vertex 989.5505516501164 191.12036153892987 6.957963594376145
    vertex 989.5505516501145 191.48366106377816 7.501811354833517
  endloop
endfacet
facet normal 0.13052619221981793 -0.9914448613719145 -1.954677516929911e-06
  outer loop
    vertex 997.5505453158054 170.429152765498 9.99896904228873
    vertex 996.9034977030193 170.34395214736247 17.700471801671526
    vertex 996.9034977030491 170.34396733122068 9.99896904228624
  endloop
endfacet
facet normal 0.13052619221981793 -0.9914448613719145 -1.954677516929911e-06
  outer loop
    vertex 996.9034977030193 170.34395214736247 17.700471801671526
    vertex 997.5505453158054 170.429152765498 9.99896904228873
    vertex 997.5505453157756 170.4291375816398 17.70047180167404
  endloop
endfacet
facet normal 1.2490974734424308e-12 0.9469660562009173 -0.3213336092027743
  outer loop
    vertex 989.5505516501121 191.7728661335086 8.088426525922454
    vertex 1086.7505087778945 191.9830283390768 8.70777175261848
    vertex 1086.7505087778968 191.77286610339002 8.088426319115822
  endloop
endfacet
facet normal 1.2490974734424308e-12 0.9469660562009173 -0.3213336092027743
  outer loop
    vertex 1086.7505087778945 191.9830283390768 8.70777175261848
    vertex 989.5505516501121 191.7728661335086 8.088426525922454
    vertex 989.5505516501099 191.98302836919538 8.707771959425127
  endloop
endfacet
facet normal 0.13052619221981793 0.9914448613719145 1.9546785317001738e-06
  outer loop
    vertex 996.9034977030193 165.51432301591717 17.700471801671526
    vertex 997.5505453158054 165.42915276549806 9.99896904228873
    vertex 996.9034977030491 165.51433819977538 9.99896904228624
  endloop
endfacet
facet normal 0.13052619221981793 0.9914448613719145 1.9546785317001738e-06
  outer loop
    vertex 997.5505453158054 165.42915276549806 9.99896904228873
    vertex 996.9034977030193 165.51432301591717 17.700471801671526
    vertex 997.5505453157756 165.42913758163985 17.70047180167404
  endloop
endfacet
facet normal 0.06540312922907707 0.9978589232250178 -5.220437462270304e-06
  outer loop
    vertex 990.5505540891602 217.97916113038409 17.700010272135543
    vertex 990.9421241644551 217.9534727293399 13.200010272203794
    vertex 990.5505455877947 217.97913814521846 13.200010272202267
  endloop
endfacet
facet normal 0.06540312922907707 0.9978589232250178 -5.220437462270304e-06
  outer loop
    vertex 990.9421241644551 217.9534727293399 13.200010272203794
    vertex 990.5505540891602 217.97916113038409 17.700010272135543
    vertex 990.9421326658204 217.9534957145056 17.70001027213704
  endloop
endfacet
facet normal -0.8968727415324451 0.44228869021918793 5.208854960780353e-07
  outer loop
    vertex 978.7789188473909 216.12720398059082 22.800525542714222
    vertex 978.9524693764414 216.47913814521843 13.200010272157186
    vertex 978.7789069902608 216.1271884423137 13.200010272156545
  endloop
endfacet
facet normal -0.8968727415324451 0.44228869021918793 5.208854960780353e-07
  outer loop
    vertex 978.9524693764414 216.47913814521843 13.200010272157186
    vertex 978.7789188473909 216.12720398059082 22.800525542714222
    vertex 978.9524812335715 216.47915368349558 22.8005255427149
  endloop
endfacet
facet normal -2.2113178902763506e-06 8.061371191381017e-06 -0.9999999999650623
  outer loop
    vertex 1063.8826461240074 208.12463241684557 17.7005315074982
    vertex 1060.8826461240076 202.97916056673967 17.70049631335415
    vertex 1060.8826461240076 206.96218263024593 17.700531507523763
  endloop
endfacet
facet normal -2.2113178902763506e-06 8.061371191381017e-06 -0.9999999999650623
  outer loop
    vertex 1060.8826461240076 202.97916056673967 17.70049631335415
    vertex 1063.8826461240074 208.12463241684557 17.7005315074982
    vertex 1063.8826461241094 202.97916056673137 17.700492416411567
  endloop
endfacet
facet normal 0.6087614290080144 -0.7933533402902354 -1.56412933694116e-06
  outer loop
    vertex 996.3005453158053 170.09421627495908 9.998969042283893
    vertex 995.782778362809 169.69690453460618 17.700471801667156
    vertex 995.7827783628392 169.6969197184644 9.998969042281876
  endloop
endfacet
facet normal 0.6087614290080144 -0.7933533402902354 -1.56412933694116e-06
  outer loop
    vertex 995.782778362809 169.69690453460618 17.700471801667156
    vertex 996.3005453158053 170.09421627495908 9.998969042283893
    vertex 996.3005453157755 170.09420109110087 17.70047180166917
  endloop
endfacet
facet normal -3.1010812498788827e-10 -0.9999999937518791 -0.00011178659197108243
  outer loop
    vertex 1086.750508777889 176.72546743094256 10.000161395470375
    vertex 989.5505152502444 176.7260263940218 5.00016163351762
    vertex 1086.7505087779086 176.72602636390238 5.000161426710978
  endloop
endfacet
facet normal -3.1010812498788827e-10 -0.9999999937518791 -0.00011178659197108243
  outer loop
    vertex 989.5505152502444 176.7260263940218 5.00016163351762
    vertex 1086.750508777889 176.72546743094256 10.000161395470375
    vertex 989.550515250225 176.72546746106192 10.00016160227702
  endloop
endfacet
facet normal -0.3613074981656294 0.9324467232838141 2.563627274198317e-06
  outer loop
    vertex 1040.7326461237733 206.96218263024593 17.700591065689753
    vertex 1043.7326497515398 208.12462496995556 22.800883162488734
    vertex 1043.7326461237733 208.12463241684557 17.70059106566419
  endloop
endfacet
facet normal -0.3613074981656294 0.9324467232838141 2.563627274198317e-06
  outer loop
    vertex 1043.7326497515398 208.12462496995556 22.800883162488734
    vertex 1040.7326461237733 206.96218263024593 17.700591065689753
    vertex 1040.7326497515396 206.962175183356 22.800883162514296
  endloop
endfacet
facet normal 2.5843534131219023e-13 0.997866228196736 -0.06529158157388949
  outer loop
    vertex 989.5505516501075 192.11055183671786 9.349250483259338
    vertex 1086.7505087778893 192.153254544072 10.001886015224187
    vertex 1086.750508777892 192.11055180659935 9.349250276452691
  endloop
endfacet
facet normal 2.5843534131219023e-13 0.997866228196736 -0.06529158157388949
  outer loop
    vertex 1086.7505087778893 192.153254544072 10.001886015224187
    vertex 989.5505516501075 192.11055183671786 9.349250483259338
    vertex 989.5505152502251 192.1532545741915 10.001886222030828
  endloop
endfacet
facet normal 0.7722854263857682 0.6352757040779643 6.316855548053051e-07
  outer loop
    vertex 1034.4319415277023 181.8855941013856 17.7001428332706
    vertex 1023.5826497520326 195.07474637297145 22.800872167791372
    vertex 1034.4319451554686 181.88558665449554 22.800434930095136
  endloop
endfacet
facet normal 0.7722854263857682 0.6352757040779643 6.316855548053051e-07
  outer loop
    vertex 1023.5826497520326 195.07474637297145 22.800872167791372
    vertex 1034.4319415277023 181.8855941013856 17.7001428332706
    vertex 1023.5826461242665 195.0747538198615 17.70058007096684
  endloop
endfacet
facet normal -0.7933533402906193 0.6087614290083402 1.2001973847761852e-06
  outer loop
    vertex 999.7156088252367 166.67913758163985 17.700471801682454
    vertex 999.3183122687719 166.16138581253168 9.998969042295624
    vertex 999.3183122687421 166.16137062867347 17.7004718016809
  endloop
endfacet
facet normal -0.7933533402906193 0.6087614290083402 1.2001973847761852e-06
  outer loop
    vertex 999.3183122687719 166.16138581253168 9.998969042295624
    vertex 999.7156088252367 166.67913758163985 17.700471801682454
    vertex 999.7156088252665 166.67915276549806 9.998969042297164
  endloop
endfacet
facet normal -4.502858709625709e-15 -0.9999999999972674 -2.337830151428468e-06
  outer loop
    vertex 991.9705574449241 215.87915370048617 22.80086754143381
    vertex 981.4505538171583 215.87916113018576 17.700575812743672
    vertex 991.9705538171582 215.87916114737618 17.700575444609264
  endloop
endfacet
facet normal -4.502858709625709e-15 -0.9999999999972674 -2.337830151428468e-06
  outer loop
    vertex 981.4505538171583 215.87916113018576 17.700575812743672
    vertex 991.9705574449241 215.87915370048617 22.80086754143381
    vertex 981.4505574449247 215.87915368329575 22.800867909568222
  endloop
endfacet
facet normal 0.8968727415257768 0.4422886902153472 -3.953493721286906e-06
  outer loop
    vertex 993.1486217991478 216.4791381452185 13.20001027221237
    vertex 993.3221926866939 216.1272114274794 17.700010272146304
    vertex 993.3221841853286 216.12718844231378 13.200010272213033
  endloop
endfacet
facet normal 0.8968727415257768 0.4422886902153472 -3.953493721286906e-06
  outer loop
    vertex 993.3221926866939 216.1272114274794 17.700010272146304
    vertex 993.1486217991478 216.4791381452185 13.20001027221237
    vertex 993.1486303005137 216.47916113038414 17.70001027214564
  endloop
endfacet
facet normal -0.9999999999982155 3.1188344558983026e-09 1.889192304044877e-06
  outer loop
    vertex 989.5242944285139 195.94268130817508 17.700472229091215
    vertex 989.5242859844178 214.17913814572566 13.200680156566547
    vertex 989.5242859271484 195.94265832300943 13.20047222915799
  endloop
endfacet
facet normal -0.9999999999982155 3.1188344558983026e-09 1.889192304044877e-06
  outer loop
    vertex 989.5242859844178 214.17913814572566 13.200680156566547
    vertex 989.5242944285139 195.94268130817508 17.700472229091215
    vertex 989.5242944857833 214.17916113089132 17.70068015649976
  endloop
endfacet
facet normal -0.44228869021860345 0.8968727415323281 -9.990860967435857e-07
  outer loop
    vertex 980.0505574449246 217.5772298948488 22.80052554271918
    vertex 980.4024952906994 217.75077674275235 13.200010272162869
    vertex 980.0505455877945 217.57721435657194 13.200010272161455
  endloop
endfacet
facet normal -0.44228869021860345 0.8968727415323281 -9.990860967435857e-07
  outer loop
    vertex 980.4024952906994 217.75077674275235 13.200010272162869
    vertex 980.0505574449246 217.5772298948488 22.80052554271918
    vertex 980.4025071478294 217.75079228102942 22.800525542720546
  endloop
endfacet
facet normal 1.6474033416499736e-07 0.9999999999948521 -3.2044974481368213e-06
  outer loop
    vertex 1024.1579863425268 120.67331450603768 5.40041915600019
    vertex 1036.7579891141957 120.67336433903814 22.80066078833055
    vertex 1036.757986157992 120.67331468402772 5.400418785297193
  endloop
endfacet
facet normal 1.6474033416499736e-07 0.9999999999948521 -3.2044974481368213e-06
  outer loop
    vertex 1036.7579891141957 120.67336433903814 22.80066078833055
    vertex 1024.1579863425268 120.67331450603768 5.40041915600019
    vertex 1024.1579891050935 120.67336836976988 22.80066359018282
  endloop
endfacet
facet normal 0.7518398077894187 0.6593458147456598 7.429500453432667e-07
  outer loop
    vertex 1002.8127061469 216.8054454159988 17.700287311049642
    vertex 1002.5539700972788 217.10047402599548 22.8005892753767
    vertex 1002.8127097746662 216.80543796910888 22.80057940787418
  endloop
endfacet
facet normal 0.7518398077894187 0.6593458147456598 7.429500453432667e-07
  outer loop
    vertex 1002.5539700972788 217.10047402599548 22.8005892753767
    vertex 1002.8127061469 216.8054454159988 17.700287311049642
    vertex 1002.5539664695127 217.1004814728854 17.70029717855215
  endloop
endfacet
facet normal 0.8968727418667234 0.44228868954163764 8.147569891146337e-08
  outer loop
    vertex 1003.2042847233648 216.1272114253587 17.700263756727605
    vertex 1003.0307259651075 216.47915368172266 22.800568203361916
    vertex 1003.2042883511309 216.12720397846869 22.800555853552144
  endloop
endfacet
facet normal 0.8968727418667234 0.44228868954163764 8.147569891146337e-08
  outer loop
    vertex 1003.0307259651075 216.47915368172266 22.800568203361916
    vertex 1003.2042847233648 216.1272114253587 17.700263756727605
    vertex 1003.0307223373417 216.47916112861267 17.700276106537373
  endloop
endfacet
facet normal -0.9762960070914739 -0.21643961400507192 5.1555941691177415e-06
  outer loop
    vertex 1039.3212591849322 144.98620382443872 17.700278782834253
    vertex 1039.1512986236942 145.7527391843764 13.200336997941278
    vertex 1039.321235964202 144.98620137745607 13.200337015972528
  endloop
endfacet
facet normal -0.9762960070914739 -0.21643961400507192 5.1555941691177415e-06
  outer loop
    vertex 1039.1512986236942 145.7527391843764 13.200336997941278
    vertex 1039.3212591849322 144.98620382443872 17.700278782834253
    vertex 1039.1513218443383 145.7527416312974 17.700281733530357
  endloop
endfacet
facet normal -0.991444861350742 -0.130526192292209 5.1870731492536285e-06
  outer loop
    vertex 1039.4237416907465 144.207771910208 17.700276117111304
    vertex 1039.321235964202 144.98620137745607 13.200337015972528
    vertex 1039.4237184699182 144.2077694631827 13.200337036268847
  endloop
endfacet
facet normal -0.991444861350742 -0.130526192292209 5.1870731492536285e-06
  outer loop
    vertex 1039.321235964202 144.98620137745607 13.200337015972528
    vertex 1039.4237416907465 144.207771910208 17.700276117111304
    vertex 1039.3212591849322 144.98620382443872 17.700278782834253
  endloop
endfacet
facet normal 0.9238795324408687 -0.3826834323915107 -1.048302542680442e-05
  outer loop
    vertex 1022.0006654607918 146.50155250755773 13.20043753839555
    vertex 1022.3012192357847 147.2269353160523 22.800662903190947
    vertex 1022.000755731906 146.5015522501977 22.80066300005102
  endloop
endfacet
facet normal 0.9238795324408687 -0.3826834323915107 -1.048302542680442e-05
  outer loop
    vertex 1022.3012192357847 147.2269353160523 22.800662903190947
    vertex 1022.0006654607918 146.50155250755773 13.20043753839555
    vertex 1022.3011289645348 147.22693557329302 13.200437508266933
  endloop
endfacet
facet normal 0.8433914457749986 0.5372996083230218 -9.459659228463192e-06
  outer loop
    vertex 1023.0855306492639 138.26118329046733 13.200437753249599
    vertex 1022.6637606852395 138.92337095859224 22.80066316651643
    vertex 1023.0856209206985 138.26118303143252 22.800663100136276
  endloop
endfacet
facet normal 0.8433914457749986 0.5372996083230218 -9.459659228463192e-06
  outer loop
    vertex 1022.6637606852395 138.92337095859224 22.80066316651643
    vertex 1023.0855306492639 138.26118329046733 13.200437753249599
    vertex 1022.6636704138048 138.92337121762677 13.20043774546385
  endloop
endfacet
facet normal 1.4157533073830527e-08 -0.9999999998727067 1.5955770220147402e-05
  outer loop
    vertex 1036.757988216909 150.17331701971776 5.4004094391634245
    vertex 1024.1579447560223 150.17321472424015 -0.9996180426589009
    vertex 1036.7579636477005 150.17321490155243 -0.9997096637797029
  endloop
endfacet
facet normal 1.4157533073830527e-08 -0.9999999998727067 1.5955770220147402e-05
  outer loop
    vertex 1024.1579447560223 150.17321472424015 -0.9996180426589009
    vertex 1036.757988216909 150.17331701971776 5.4004094391634245
    vertex 1024.157988401444 150.17331684172774 5.400409809866424
  endloop
endfacet
facet normal -0.9999999999997812 -1.4234766541456514e-07 6.46162864992352e-07
  outer loop
    vertex 1036.7579929014 123.91913079730917 22.80047314345819
    vertex 1036.7579898526387 123.91912994044114 17.700231823121722
    vertex 1036.7579891141957 120.67336433903814 22.80066078833055
  endloop
endfacet
facet normal -0.9999999999997812 -1.4234766541456514e-07 6.46162864992352e-07
  outer loop
    vertex 1036.7579891141957 120.67336433903814 22.80066078833055
    vertex 1036.7579961112547 125.72562832252866 5.400352126545631
    vertex 1036.757986157992 120.67331468402772 5.400418785297193
  endloop
endfacet
facet normal -0.9999999999997812 -1.4234766541456514e-07 6.46162864992352e-07
  outer loop
    vertex 1036.7579961112547 125.72562832252866 5.400352126545631
    vertex 1036.7579891141957 120.67336433903814 22.80066078833055
    vertex 1036.7579898526387 123.91912994044114 17.700231823121722
  endloop
endfacet
facet normal -0.9999999999997812 -1.4234766541456514e-07 6.46162864992352e-07
  outer loop
    vertex 1036.7579961112547 125.72562832252866 5.400352126545631
    vertex 1036.7579898526387 123.91912994044114 17.700231823121722
    vertex 1036.7579897162675 136.98960832614083 17.700268462529475
  endloop
endfacet
facet normal -0.9999999999997812 -1.4234766541456514e-07 6.46162864992352e-07
  outer loop
    vertex 1036.7579961112547 125.72562832252866 5.400352126545631
    vertex 1036.7579897162675 136.98960832614083 17.700268462529475
    vertex 1036.757966489835 136.98960588411109 13.200385651036868
  endloop
endfacet
facet normal -0.9999999999997812 -1.4234766541456514e-07 6.46162864992352e-07
  outer loop
    vertex 1036.7579961112547 125.72562832252866 5.400352126545631
    vertex 1036.7579636477005 150.17321490155243 -0.9997096637797029
    vertex 1036.7579652130296 125.72551490209739 -0.9992936357257435
  endloop
endfacet
facet normal -0.9999999999997812 -1.4234766541456514e-07 6.46162864992352e-07
  outer loop
    vertex 1036.7579636477005 150.17321490155243 -0.9997096637797029
    vertex 1036.7579961112547 125.72562832252866 5.400352126545631
    vertex 1036.757966489835 136.98960588411109 13.200385651036868
  endloop
endfacet
facet normal -0.9999999999997812 -1.4234766541456514e-07 6.46162864992352e-07
  outer loop
    vertex 1036.7579636477005 150.17321490155243 -0.9997096637797029
    vertex 1036.757966489835 136.98960588411109 13.200385651036868
    vertex 1036.7579663153022 149.85712988577507 13.200354178998856
  endloop
endfacet
facet normal -0.9999999999997812 -1.4234766541456514e-07 6.46162864992352e-07
  outer loop
    vertex 1036.7579636477005 150.17321490155243 -0.9997096637797029
    vertex 1036.7579663153022 149.85712988577507 13.200354178998856
    vertex 1036.7579869695207 149.85713233277892 17.700304533024067
  endloop
endfacet
facet normal -0.9999999999997812 -1.4234766541456514e-07 6.46162864992352e-07
  outer loop
    vertex 1036.7579636477005 150.17321490155243 -0.9997096637797029
    vertex 1036.7579869695207 149.85713233277892 17.700304533024067
    vertex 1036.757988216909 150.17331701971776 5.4004094391634245
  endloop
endfacet
facet normal -0.9999999999997812 -1.4234766541456514e-07 6.46162864992352e-07
  outer loop
    vertex 1036.757988216909 150.17331701971776 5.4004094391634245
    vertex 1036.7579869695207 149.85713233277892 17.700304533024067
    vertex 1036.7579894779003 154.17331564213785 17.700316632217227
  endloop
endfacet
facet normal -0.9999999999997812 -1.4234766541456514e-07 6.46162864992352e-07
  outer loop
    vertex 1036.757988216909 150.17331701971776 5.4004094391634245
    vertex 1036.7579894779003 154.17331564213785 17.700316632217227
    vertex 1036.757988152667 154.17331701971776 5.400409319954045
  endloop
endfacet
facet normal 0.7372773365432722 0.67559020785658 -8.243884576636466e-06
  outer loop
    vertex 1024.1578987335733 136.9896093134067 13.200361134985798
    vertex 1023.5635893315539 137.63828247130172 22.800663019652095
    vertex 1024.1579890056266 136.98960905451682 22.80066291434471
  endloop
endfacet
facet normal 0.7372773365432722 0.67559020785658 -8.243884576636466e-06
  outer loop
    vertex 1023.5635893315539 137.63828247130172 22.800663019652095
    vertex 1024.1578987335733 136.9896093134067 13.200361134985798
    vertex 1024.0939380171858 137.05941018694782 13.20043776050262
  endloop
endfacet
facet normal 0.7372773365432722 0.67559020785658 -8.243884576636466e-06
  outer loop
    vertex 1023.5635893315539 137.63828247130172 22.800663019652095
    vertex 1024.0939380171858 137.05941018694782 13.20043776050262
    vertex 1023.5634990597939 137.6382827304479 13.200437758275292
  endloop
endfacet
facet normal -0.7372773312186833 0.6755902137088999 3.437860619735631e-06
  outer loop
    vertex 1036.7579897162675 136.98960832614083 17.700268462529475
    vertex 1036.8219272177714 137.05940674777486 13.200337323001285
    vertex 1036.757966489835 136.98960588411109 13.200385651036868
  endloop
endfacet
facet normal -0.7372773312186833 0.6755902137088999 3.437860619735631e-06
  outer loop
    vertex 1036.8219272177714 137.05940674777486 13.200337323001285
    vertex 1036.7579897162675 136.98960832614083 17.700268462529475
    vertex 1036.8219504407236 137.05940919368837 17.700676704030833
  endloop
endfacet
facet normal -0.7372773312186833 0.6755902137088999 3.437860619735631e-06
  outer loop
    vertex 1036.8219272177714 137.05940674777486 13.200337323001285
    vertex 1036.8219504407236 137.05940919368837 17.700676704030833
    vertex 1037.3523661751633 137.6382792912749 13.200337290725116
  endloop
endfacet
facet normal -0.7372773312186833 0.6755902137088999 3.437860619735631e-06
  outer loop
    vertex 1037.3523661751633 137.6382792912749 13.200337290725116
    vertex 1036.8219504407236 137.05940919368837 17.700676704030833
    vertex 1037.3523893967324 137.6382817379151 17.70026747596982
  endloop
endfacet
facet normal 0.9762960070608774 0.216439613924929 -1.1000694866996357e-05
  outer loop
    vertex 1021.7645666112631 141.09399981170404 13.20043770624068
    vertex 1021.5947195416798 141.860537360086 22.80066328257735
    vertex 1021.7646568821881 141.0939995531656 22.8006632765394
  endloop
endfacet
facet normal 0.9762960070608774 0.216439613924929 -1.1000694866996357e-05
  outer loop
    vertex 1021.5947195416798 141.860537360086 22.80066328257735
    vertex 1021.7645666112631 141.09399981170404 13.20043770624068
    vertex 1021.5946292707547 141.86053761862436 13.200437688209451
  endloop
endfacet
facet normal 0.7933533402585651 -0.6087614289842245 -9.036755687116149e-06
  outer loop
    vertex 1023.0855306492638 148.58555914478612 13.200437445558972
    vertex 1023.5635893313678 149.2084594477239 22.800662540401564
    vertex 1023.0856209208383 148.5855588877039 22.800662672488333
  endloop
endfacet
facet normal 0.7933533402585651 -0.6087614289842245 -9.036755687116149e-06
  outer loop
    vertex 1023.5635893313678 149.2084594477239 22.800662540401564
    vertex 1023.0855306492638 148.58555914478612 13.200437445558972
    vertex 1023.5634990597939 149.20845970480556 13.200437413456863
  endloop
endfacet
facet normal 0.9990482215181721 -0.04361938736288966 -1.1289976604759476e-05
  outer loop
    vertex 1021.4578990478647 143.42337121762677 13.200437645506158
    vertex 1021.4922370358629 144.20777264434614 22.80066320814104
    vertex 1021.4579893186889 143.42337095961722 22.800663248247513
  endloop
endfacet
facet normal 0.9990482215181721 -0.04361938736288966 -1.1289976604759476e-05
  outer loop
    vertex 1021.4922370358629 144.20777264434614 22.80066320814104
    vertex 1021.4578990478647 143.42337121762677 13.200437645506158
    vertex 1021.4921467650391 144.20777290235569 13.200437621159086
  endloop
endfacet
facet normal 0.9537169506853606 0.3007057995120372 -1.0735192441649794e-05
  outer loop
    vertex 1022.0006654607917 140.34518992769574 13.200437721869607
    vertex 1021.7646568821881 141.0939995531656 22.8006632765394
    vertex 1022.0007557318089 140.34518966900137 22.800663255054904
  endloop
endfacet
facet normal 0.9537169506853606 0.3007057995120372 -1.0735192441649794e-05
  outer loop
    vertex 1021.7646568821881 141.0939995531656 22.8006632765394
    vertex 1022.0006654607917 140.34518992769574 13.200437721869607
    vertex 1021.7645666112631 141.09399981170404 13.20043770624068
  endloop
endfacet
facet normal 0.999048221517743 0.043619387375521436 -1.127914718071296e-05
  outer loop
    vertex 1021.4921467650391 142.63896953289785 13.20043766791311
    vertex 1021.4579893186889 143.42337095961722 22.800663248247513
    vertex 1021.4922370358997 142.63896927452885 22.800663273122733
  endloop
endfacet
facet normal 0.999048221517743 0.043619387375521436 -1.127914718071296e-05
  outer loop
    vertex 1021.4579893186889 143.42337095961722 22.800663248247513
    vertex 1021.4921467650391 142.63896953289785 13.20043766791311
    vertex 1021.4578990478647 143.42337121762677 13.200437645506158
  endloop
endfacet
facet normal 0.8433914457090254 -0.5372996084242133 -9.593080796429937e-06
  outer loop
    vertex 1022.6636704138049 147.92337121762674 13.200437477242726
    vertex 1023.0856209208383 148.5855588877039 22.800662672488333
    vertex 1022.6637606850545 147.92337096038636 22.800662793725696
  endloop
endfacet
facet normal 0.8433914457090254 -0.5372996084242133 -9.593080796429937e-06
  outer loop
    vertex 1023.0856209208383 148.5855588877039 22.800662672488333
    vertex 1022.6636704138049 147.92337121762674 13.200437477242726
    vertex 1023.0855306492638 148.58555914478612 13.200437445558972
  endloop
endfacet
facet normal 0.7372773364918275 0.6755902079126769 -8.247596601051343e-06
  outer loop
    vertex 1004.0078991017238 136.9896093134906 13.200272235475614
    vertex 1003.9440286582792 137.0594099289393 22.800762318616414
    vertex 1004.0079893746667 136.9896090553981 22.800685693099577
  endloop
endfacet
facet normal 0.7372773364918275 0.6755902079126769 -8.247596601051343e-06
  outer loop
    vertex 1003.9440286582792 137.0594099289393 22.800762318616414
    vertex 1004.0078991017238 136.9896093134906 13.200272235475614
    vertex 1003.943938385336 137.05941018703174 13.200348860992436
  endloop
endfacet
facet normal 0.7372773364918275 0.6755902079126769 -8.247596601051343e-06
  outer loop
    vertex 1003.9440286582792 137.0594099289393 22.800762318616414
    vertex 1003.943938385336 137.05941018703174 13.200348860992436
    vertex 1003.4135897008873 137.63828247243936 22.80076231638907
  endloop
endfacet
facet normal 0.7372773364918275 0.6755902079126769 -8.247596601051343e-06
  outer loop
    vertex 1003.4135897008873 137.63828247243936 22.80076231638907
    vertex 1003.943938385336 137.05941018703174 13.200348860992436
    vertex 1003.4134994279441 137.63828273053184 13.200348858765096
  endloop
endfacet
facet normal 0.9914448613113931 -0.13052619221236378 -1.1214884506809077e-05
  outer loop
    vertex 1001.3421471331893 144.20777290243961 13.200348721648902
    vertex 1001.4447199118482 144.98620455862053 22.800762153171014
    vertex 1001.3422374061324 144.20777264434707 22.800762179272873
  endloop
endfacet
facet normal 0.9914448613113931 -0.13052619221236378 -1.1214884506809077e-05
  outer loop
    vertex 1001.4447199118482 144.98620455862053 22.800762153171014
    vertex 1001.3421471331893 144.20777290243961 13.200348721648902
    vertex 1001.4446296389052 144.986204816713 13.200348695547039
  endloop
endfacet
facet normal 0.9762960070502276 -0.21643961397022793 -1.1054442189410633e-05
  outer loop
    vertex 1021.5946292707549 144.98620481662908 13.200437595057236
    vertex 1021.7646568822626 145.75274236604878 22.80066308356871
    vertex 1021.5947195416076 144.98620455879856 22.80066315310849
  endloop
endfacet
facet normal 0.9762960070502276 -0.21643961397022793 -1.1054442189410633e-05
  outer loop
    vertex 1021.7646568822626 145.75274236604878 22.80066308356871
    vertex 1021.5946292707549 144.98620481662908 13.200437595057236
    vertex 1021.7645666112631 145.75274262354938 13.200437567399206
  endloop
endfacet
facet normal 0.9537169506923195 -0.3007057994872905 -1.080986513726581e-05
  outer loop
    vertex 1001.6145669794133 145.7527426236333 13.200348667889022
    vertex 1001.8507561018852 146.50155224954923 22.800762096509313
    vertex 1001.6146572523566 145.75274236554083 22.800762125512982
  endloop
endfacet
facet normal 0.9537169506923195 -0.3007057994872905 -1.080986513726581e-05
  outer loop
    vertex 1001.8507561018852 146.50155224954923 22.800762096509313
    vertex 1001.6145669794133 145.7527426236333 13.200348667889022
    vertex 1001.8506658289419 146.50155250764166 13.200348638885364
  endloop
endfacet
facet normal 0.9238795324614038 0.3826834323445268 -1.0387994050297636e-05
  outer loop
    vertex 1002.1511293326853 139.61980686204436 13.200348835467032
    vertex 1001.8507561018849 140.34518966968716 22.800762279983374
    vertex 1002.1512196056283 139.61980660395184 22.800762293091005
  endloop
endfacet
facet normal 0.9238795324614038 0.3826834323445268 -1.0387994050297636e-05
  outer loop
    vertex 1001.8507561018849 140.34518966968716 22.800762279983374
    vertex 1002.1511293326853 139.61980686204436 13.200348835467032
    vertex 1001.8506658289417 140.34518992777964 13.200348822359423
  endloop
endfacet
facet normal 2.9420872918001746e-08 2.9802345661416416e-08 0.9999999999999991
  outer loop
    vertex 1024.157988401444 150.17331684172774 5.400409809866424
    vertex 1029.9750253845536 151.0292466420108 5.400408238909514
    vertex 1029.9579882959285 151.1586561638773 5.400408235544874
  endloop
endfacet
facet normal 2.9420872918001746e-08 2.9802345661416416e-08 0.9999999999999991
  outer loop
    vertex 1029.9750253845536 151.0292466420108 5.400408238909514
    vertex 1024.157988401444 150.17331684172774 5.400409809866424
    vertex 1030.0249755973377 150.90865616568152 5.400408241041758
  endloop
endfacet
facet normal 2.9420872918001746e-08 2.9802345661416416e-08 0.9999999999999991
  outer loop
    vertex 1030.0249755973377 150.90865616568152 5.400408241041758
    vertex 1024.157988401444 150.17331684172774 5.400409809866424
    vertex 1030.104434909827 150.8051027765661 5.400408241796302
  endloop
endfacet
facet normal 2.9420872918001746e-08 2.9802345661416416e-08 0.9999999999999991
  outer loop
    vertex 1030.104434909827 150.8051027765661 5.400408241796302
    vertex 1024.157988401444 150.17331684172774 5.400409809866424
    vertex 1030.2079883011875 150.72564346700267 5.400408241121721
  endloop
endfacet
facet normal 2.9420872918001746e-08 2.9802345661416416e-08 0.9999999999999991
  outer loop
    vertex 1030.2079883011875 150.72564346700267 5.400408241121721
    vertex 1024.157988401444 150.17331684172774 5.400409809866424
    vertex 1030.3285787789277 150.67569325762526 5.400408239063989
  endloop
endfacet
facet normal 2.9420872918001746e-08 2.9802345661416416e-08 0.9999999999999991
  outer loop
    vertex 1030.3285787789277 150.67569325762526 5.400408239063989
    vertex 1024.157988401444 150.17331684172774 5.400409809866424
    vertex 1030.4579883012757 150.6586561726563 5.4004082357633365
  endloop
endfacet
facet normal 2.9420872918001746e-08 2.9802345661416416e-08 0.9999999999999991
  outer loop
    vertex 1030.4579883012757 150.6586561726563 5.4004082357633365
    vertex 1024.157988401444 150.17331684172774 5.400409809866424
    vertex 1036.757988216909 150.17331701971776 5.4004094391634245
  endloop
endfacet
facet normal 2.9420872918001746e-08 2.9802345661416416e-08 0.9999999999999991
  outer loop
    vertex 1030.4579883012757 150.6586561726563 5.4004082357633365
    vertex 1036.757988216909 150.17331701971776 5.4004094391634245
    vertex 1030.5873978231423 150.67569326128137 5.400408231444696
  endloop
endfacet
facet normal 2.9420872918001746e-08 2.9802345661416416e-08 0.9999999999999991
  outer loop
    vertex 1030.5873978231423 150.67569326128137 5.400408231444696
    vertex 1036.757988216909 150.17331701971776 5.4004094391634245
    vertex 1030.7079882994715 150.72564347406575 5.400408226402376
  endloop
endfacet
facet normal 2.9420872918001746e-08 2.9802345661416416e-08 0.9999999999999991
  outer loop
    vertex 1030.7079882994715 150.72564347406575 5.400408226402376
    vertex 1036.757988216909 150.17331701971776 5.4004094391634245
    vertex 1030.8115416885869 150.8051027865548 5.400408220980003
  endloop
endfacet
facet normal 2.9420872918001746e-08 2.9802345661416416e-08 0.9999999999999991
  outer loop
    vertex 1030.8115416885869 150.8051027865548 5.400408220980003
    vertex 1036.757988216909 150.17331701971776 5.4004094391634245
    vertex 1030.8910009981503 150.90865617791516 5.400408215547103
  endloop
endfacet
facet normal 2.9420872918001746e-08 2.9802345661416416e-08 0.9999999999999991
  outer loop
    vertex 1030.8910009981503 150.90865617791516 5.400408215547103
    vertex 1036.757988216909 150.17331701971776 5.4004094391634245
    vertex 1030.9409512075276 151.02924665565567 5.400408210473921
  endloop
endfacet
facet normal 2.9420872918001746e-08 2.9802345661416416e-08 0.9999999999999991
  outer loop
    vertex 1030.9409512075276 151.02924665565567 5.400408210473921
    vertex 1036.757988216909 150.17331701971776 5.4004094391634245
    vertex 1030.9579882924966 151.15865617800347 5.4004082061061816
  endloop
endfacet
facet normal 2.9420872918001746e-08 2.9802345661416416e-08 0.9999999999999991
  outer loop
    vertex 1030.9579882924966 151.15865617800347 5.4004082061061816
    vertex 1036.757988216909 150.17331701971776 5.4004094391634245
    vertex 1036.757988152667 154.17331701971776 5.400409319954045
  endloop
endfacet
facet normal 2.9420872918001746e-08 2.9802345661416416e-08 0.9999999999999991
  outer loop
    vertex 1024.157988401444 150.17331684172774 5.400409809866424
    vertex 1036.757988152667 154.17331701971776 5.400409319954045
    vertex 1024.1579883372015 154.17331684172777 5.4004096906570425
  endloop
endfacet
facet normal 2.9420872918001746e-08 2.9802345661416416e-08 0.9999999999999991
  outer loop
    vertex 1036.757988152667 154.17331701971776 5.400409319954045
    vertex 1024.157988401444 150.17331684172774 5.400409809866424
    vertex 1030.328578765283 151.6416190805994 5.40040821020636
  endloop
endfacet
facet normal 2.9420872918001746e-08 2.9802345661416416e-08 0.9999999999999991
  outer loop
    vertex 1030.328578765283 151.6416190805994 5.40040821020636
    vertex 1024.157988401444 150.17331684172774 5.400409809866424
    vertex 1030.2079882889536 151.59166886781503 5.400408215248679
  endloop
endfacet
facet normal 2.9420872918001746e-08 2.9802345661416416e-08 0.9999999999999991
  outer loop
    vertex 1030.2079882889536 151.59166886781503 5.400408215248679
    vertex 1024.157988401444 150.17331684172774 5.400409809866424
    vertex 1030.1044348998385 151.51220955532597 5.400408220671052
  endloop
endfacet
facet normal 2.9420872918001746e-08 2.9802345661416416e-08 0.9999999999999991
  outer loop
    vertex 1030.1044348998385 151.51220955532597 5.400408220671052
    vertex 1024.157988401444 150.17331684172774 5.400409809866424
    vertex 1030.0249755902748 151.40865616396562 5.400408226103951
  endloop
endfacet
facet normal 2.9420872918001746e-08 2.9802345661416416e-08 0.9999999999999991
  outer loop
    vertex 1030.0249755902748 151.40865616396562 5.400408226103951
    vertex 1024.157988401444 150.17331684172774 5.400409809866424
    vertex 1029.9750253808975 151.2880656862251 5.400408231177135
  endloop
endfacet
facet normal 2.9420872918001746e-08 2.9802345661416416e-08 0.9999999999999991
  outer loop
    vertex 1029.9750253808975 151.2880656862251 5.400408231177135
    vertex 1024.157988401444 150.17331684172774 5.400409809866424
    vertex 1029.9579882959285 151.1586561638773 5.400408235544874
  endloop
endfacet
facet normal 2.9420872918001746e-08 2.9802345661416416e-08 0.9999999999999991
  outer loop
    vertex 1036.757988152667 154.17331701971776 5.400409319954045
    vertex 1030.328578765283 151.6416190805994 5.40040821020636
    vertex 1030.4579882871494 151.65865616922449 5.40040820588772
  endloop
endfacet
facet normal 2.9420872918001746e-08 2.9802345661416416e-08 0.9999999999999991
  outer loop
    vertex 1036.757988152667 154.17331701971776 5.400409319954045
    vertex 1030.4579882871494 151.65865616922449 5.40040820588772
    vertex 1030.5873978094974 151.64161908425552 5.400408202587065
  endloop
endfacet
facet normal 2.9420872918001746e-08 2.9802345661416416e-08 0.9999999999999991
  outer loop
    vertex 1036.757988152667 154.17331701971776 5.400409319954045
    vertex 1030.5873978094974 151.64161908425552 5.400408202587065
    vertex 1030.7079882872379 151.5916688748781 5.400408200529332
  endloop
endfacet
facet normal 2.9420872918001746e-08 2.9802345661416416e-08 0.9999999999999991
  outer loop
    vertex 1036.757988152667 154.17331701971776 5.400409319954045
    vertex 1030.7079882872379 151.5916688748781 5.400408200529332
    vertex 1030.8115416785981 151.5122095653147 5.400408199854753
  endloop
endfacet
facet normal 2.9420872918001746e-08 2.9802345661416416e-08 0.9999999999999991
  outer loop
    vertex 1036.757988152667 154.17331701971776 5.400409319954045
    vertex 1030.8115416785981 151.5122095653147 5.400408199854753
    vertex 1030.8910009910874 151.40865617619926 5.400408200609296
  endloop
endfacet
facet normal 2.9420872918001746e-08 2.9802345661416416e-08 0.9999999999999991
  outer loop
    vertex 1036.757988152667 154.17331701971776 5.400409319954045
    vertex 1030.8910009910874 151.40865617619926 5.400408200609296
    vertex 1030.9409512038715 151.28806569986997 5.400408202741543
  endloop
endfacet
facet normal 2.9420872918001746e-08 2.9802345661416416e-08 0.9999999999999991
  outer loop
    vertex 1036.757988152667 154.17331701971776 5.400409319954045
    vertex 1030.9409512038715 151.28806569986997 5.400408202741543
    vertex 1030.9579882924966 151.15865617800347 5.4004082061061816
  endloop
endfacet
facet normal 0.7933533402601204 0.6087614289844225 -8.885590673886539e-06
  outer loop
    vertex 1003.4134994279441 137.63828273053184 13.200348858765096
    vertex 1002.9356212903573 138.2611830324588 22.80076231136337
    vertex 1003.4135897008873 137.63828247243936 22.80076231638907
  endloop
endfacet
facet normal 0.7933533402601204 0.6087614289844225 -8.885590673886539e-06
  outer loop
    vertex 1002.9356212903573 138.2611830324588 22.80076231136337
    vertex 1003.4134994279441 137.63828273053184 13.200348858765096
    vertex 1002.9355310174143 138.26118329055126 13.200348853739415
  endloop
endfacet
facet normal -0.7372773295869884 0.6755902154895849 3.4373675664721923e-06
  outer loop
    vertex 1016.607990080937 136.98960833010847 17.700636132556223
    vertex 1016.6719275859216 137.0594067478588 13.200248423491102
    vertex 1016.607966857985 136.989605884195 13.200296751526698
  endloop
endfacet
facet normal -0.7372773295869884 0.6755902154895849 3.4373675664721923e-06
  outer loop
    vertex 1016.6719275859216 137.0594067478588 13.200248423491102
    vertex 1016.607990080937 136.98960833010847 17.700636132556223
    vertex 1016.6719508088735 137.05940919377227 17.700587804520648
  endloop
endfacet
facet normal -0.7372773295869884 0.6755902154895849 3.4373675664721923e-06
  outer loop
    vertex 1016.6719275859216 137.0594067478588 13.200248423491102
    vertex 1016.6719508088735 137.05940919377227 17.700587804520648
    vertex 1017.2023665433135 137.63827929135883 13.200248391214918
  endloop
endfacet
facet normal -0.7372773295869884 0.6755902154895849 3.4373675664721923e-06
  outer loop
    vertex 1017.2023665433135 137.63827929135883 13.200248391214918
    vertex 1016.6719508088735 137.05940919377227 17.700587804520648
    vertex 1017.2023897662654 137.63828173727234 17.700587772244464
  endloop
endfacet
facet normal 0.8433914457750148 0.5372996083229962 -9.459659215403727e-06
  outer loop
    vertex 1002.9355310174143 138.26118329055126 13.200348853739415
    vertex 1002.513761054898 138.92337095961813 22.800762303577567
    vertex 1002.9356212903573 138.2611830324588 22.80076231136337
  endloop
endfacet
facet normal 0.8433914457750148 0.5372996083229962 -9.459659215403727e-06
  outer loop
    vertex 1002.513761054898 138.92337095961813 22.800762303577567
    vertex 1002.9355310174143 138.26118329055126 13.200348853739415
    vertex 1002.5136707819549 138.92337121771064 13.200348845953664
  endloop
endfacet
facet normal 0.9914448613084025 0.1305261922378601 -1.1182475335964063e-05
  outer loop
    vertex 1021.5946292707547 141.86053761862436 13.200437688209451
    vertex 1021.4922370358997 142.63896927452885 22.800663273122733
    vertex 1021.5947195416798 141.860537360086 22.80066328257735
  endloop
endfacet
facet normal 0.9914448613084025 0.1305261922378601 -1.1182475335964063e-05
  outer loop
    vertex 1021.4922370358997 142.63896927452885 22.800663273122733
    vertex 1021.5946292707547 141.86053761862436 13.200437688209451
    vertex 1021.4921467650391 142.63896953289785 13.20043766791311
  endloop
endfacet
facet normal 0.9537169506933367 0.3007057994867394 -1.073519515503864e-05
  outer loop
    vertex 1001.8506658289417 140.34518992777964 13.200348822359423
    vertex 1001.6146572523566 141.09399955369548 22.800762264354447
    vertex 1001.8507561018849 140.34518966968716 22.800762279983374
  endloop
endfacet
facet normal 0.9537169506933367 0.3007057994867394 -1.073519515503864e-05
  outer loop
    vertex 1001.6146572523566 141.09399955369548 22.800762264354447
    vertex 1001.8506658289417 140.34518992777964 13.200348822359423
    vertex 1001.6145669794133 141.09399981178797 13.200348806730494
  endloop
endfacet
facet normal 0.9914448613118989 0.13052619221130302 -1.1182472799189704e-05
  outer loop
    vertex 1001.4446296389049 141.86053761870826 13.200348788699257
    vertex 1001.3422374061324 142.6389692748892 22.800762226026897
    vertex 1001.4447199118481 141.86053736061578 22.800762246323227
  endloop
endfacet
facet normal 0.9914448613118989 0.13052619221130302 -1.1182472799189704e-05
  outer loop
    vertex 1001.3422374061324 142.6389692748892 22.800762226026897
    vertex 1001.4446296389049 141.86053761870826 13.200348788699257
    vertex 1001.3421471331893 142.63896953298175 13.200348768402925
  endloop
endfacet
facet normal 0.8870108331050346 0.46174861326816846 -9.961740269792075e-06
  outer loop
    vertex 1022.6636704138048 138.92337121762677 13.20043774546385
    vertex 1022.301219235812 139.61980660301452 22.800663218287287
    vertex 1022.6637606852395 138.92337095859224 22.80066316651643
  endloop
endfacet
facet normal 0.8870108331050346 0.46174861326816846 -9.961740269792075e-06
  outer loop
    vertex 1022.301219235812 139.61980660301452 22.800663218287287
    vertex 1022.6636704138048 138.92337121762677 13.20043774546385
    vertex 1022.301128964535 139.61980686196046 13.200437734977218
  endloop
endfacet
facet normal 0.8870108331327919 -0.4617486132123589 -1.0076393485608437e-05
  outer loop
    vertex 1002.151129332685 147.22693557337695 13.20034860875675
    vertex 1002.5137610548983 147.92337095961815 22.800762035356442
    vertex 1002.1512196056282 147.22693531528446 22.80076206638072
  endloop
endfacet
facet normal 0.8870108331327919 -0.4617486132123589 -1.0076393485608437e-05
  outer loop
    vertex 1002.5137610548983 147.92337095961815 22.800762035356442
    vertex 1002.151129332685 147.22693557337695 13.20034860875675
    vertex 1002.5136707819553 147.9233712177106 13.200348577732541
  endloop
endfacet
facet normal 0.9762960070602427 -0.2164396139250528 -1.1054440304820574e-05
  outer loop
    vertex 1001.4446296389052 144.986204816713 13.200348695547039
    vertex 1001.6146572523566 145.75274236554083 22.800762125512982
    vertex 1001.4447199118482 144.98620455862053 22.800762153171014
  endloop
endfacet
facet normal 0.9762960070602427 -0.2164396139250528 -1.1054440304820574e-05
  outer loop
    vertex 1001.6146572523566 145.75274236554083 22.800762125512982
    vertex 1001.4446296389052 144.986204816713 13.200348695547039
    vertex 1001.6145669794133 145.7527426236333 13.200348667889022
  endloop
endfacet
facet normal 1.1295311609633448e-05 -1.2415786852343821e-07 0.9999999999362003
  outer loop
    vertex 1001.3421471331893 142.63896953298175 13.200348768402925
    vertex 1001.3421471331893 144.20777290243961 13.200348721648902
    vertex 1001.3078994160151 143.4233712177107 13.200348745995957
  endloop
endfacet
facet normal 1.1295311609633448e-05 -1.2415786852343821e-07 0.9999999999362003
  outer loop
    vertex 1001.3421471331893 144.20777290243961 13.200348721648902
    vertex 1001.3421471331893 142.63896953298175 13.200348768402925
    vertex 1001.4446296389049 141.86053761870826 13.200348788699257
  endloop
endfacet
facet normal 1.1295311609633448e-05 -1.2415786852343821e-07 0.9999999999362003
  outer loop
    vertex 1001.3421471331893 144.20777290243961 13.200348721648902
    vertex 1001.4446296389049 141.86053761870826 13.200348788699257
    vertex 1001.4446296389052 144.986204816713 13.200348695547039
  endloop
endfacet
facet normal 1.1295311609633448e-05 -1.2415786852343821e-07 0.9999999999362003
  outer loop
    vertex 1001.4446296389052 144.986204816713 13.200348695547039
    vertex 1001.4446296389049 141.86053761870826 13.200348788699257
    vertex 1001.6145669794133 141.09399981178797 13.200348806730494
  endloop
endfacet
facet normal 1.1295311609633448e-05 -1.2415786852343821e-07 0.9999999999362003
  outer loop
    vertex 1001.4446296389052 144.986204816713 13.200348695547039
    vertex 1001.6145669794133 141.09399981178797 13.200348806730494
    vertex 1001.6145669794133 145.7527426236333 13.200348667889022
  endloop
endfacet
facet normal 1.1295311609633448e-05 -1.2415786852343821e-07 0.9999999999362003
  outer loop
    vertex 1001.6145669794133 145.7527426236333 13.200348667889022
    vertex 1001.6145669794133 141.09399981178797 13.200348806730494
    vertex 1001.8506658289417 140.34518992777964 13.200348822359423
  endloop
endfacet
facet normal 1.1295311609633448e-05 -1.2415786852343821e-07 0.9999999999362003
  outer loop
    vertex 1001.6145669794133 145.7527426236333 13.200348667889022
    vertex 1001.8506658289417 140.34518992777964 13.200348822359423
    vertex 1001.8506658289419 146.50155250764166 13.200348638885364
  endloop
endfacet
facet normal 1.1295311609633448e-05 -1.2415786852343821e-07 0.9999999999362003
  outer loop
    vertex 1001.8506658289419 146.50155250764166 13.200348638885364
    vertex 1001.8506658289417 140.34518992777964 13.200348822359423
    vertex 1002.1511293326853 139.61980686204436 13.200348835467032
  endloop
endfacet
facet normal 1.1295311609633448e-05 -1.2415786852343821e-07 0.9999999999362003
  outer loop
    vertex 1001.8506658289419 146.50155250764166 13.200348638885364
    vertex 1002.1511293326853 139.61980686204436 13.200348835467032
    vertex 1002.151129332685 147.22693557337695 13.20034860875675
  endloop
endfacet
facet normal 1.1295311609633448e-05 -1.2415786852343821e-07 0.9999999999362003
  outer loop
    vertex 1002.151129332685 147.22693557337695 13.20034860875675
    vertex 1002.1511293326853 139.61980686204436 13.200348835467032
    vertex 1002.5136707819553 147.9233712177106 13.200348577732541
  endloop
endfacet
facet normal 1.1295311609633448e-05 -1.2415786852343821e-07 0.9999999999362003
  outer loop
    vertex 1002.5136707819553 147.9233712177106 13.200348577732541
    vertex 1002.1511293326853 139.61980686204436 13.200348835467032
    vertex 1002.5136707819549 138.92337121771064 13.200348845953664
  endloop
endfacet
facet normal 1.1295311609633448e-05 -1.2415786852343821e-07 0.9999999999362003
  outer loop
    vertex 1002.5136707819553 147.9233712177106 13.200348577732541
    vertex 1002.5136707819549 138.92337121771064 13.200348845953664
    vertex 1002.9355310174143 138.26118329055126 13.200348853739415
  endloop
endfacet
facet normal 1.1295311609633448e-05 -1.2415786852343821e-07 0.9999999999362003
  outer loop
    vertex 1002.5136707819553 147.9233712177106 13.200348577732541
    vertex 1002.9355310174143 138.26118329055126 13.200348853739415
    vertex 1002.9355310174138 148.58555914487005 13.200348546048788
  endloop
endfacet
facet normal 1.1295311609633448e-05 -1.2415786852343821e-07 0.9999999999362003
  outer loop
    vertex 1002.9355310174138 148.58555914487005 13.200348546048788
    vertex 1002.9355310174143 138.26118329055126 13.200348853739415
    vertex 1003.4134994279441 149.20845970488946 13.200348513946668
  endloop
endfacet
facet normal 1.1295311609633448e-05 -1.2415786852343821e-07 0.9999999999362003
  outer loop
    vertex 1003.4134994279441 149.20845970488946 13.200348513946668
    vertex 1002.9355310174143 138.26118329055126 13.200348853739415
    vertex 1003.4134994279441 137.63828273053184 13.200348858765096
  endloop
endfacet
facet normal 1.1295311609633448e-05 -1.2415786852343821e-07 0.9999999999362003
  outer loop
    vertex 1003.4134994279441 149.20845970488946 13.200348513946668
    vertex 1003.4134994279441 137.63828273053184 13.200348858765096
    vertex 1003.943938385336 137.05941018703174 13.200348860992436
  endloop
endfacet
facet normal 1.1295311609633448e-05 -1.2415786852343821e-07 0.9999999999362003
  outer loop
    vertex 1003.4134994279441 149.20845970488946 13.200348513946668
    vertex 1003.943938385336 137.05941018703174 13.200348860992436
    vertex 1003.943938385336 149.78733224838953 13.200348481670488
  endloop
endfacet
facet normal 1.1295311609633448e-05 -1.2415786852343821e-07 0.9999999999362003
  outer loop
    vertex 1003.943938385336 149.78733224838953 13.200348481670488
    vertex 1003.943938385336 137.05941018703174 13.200348860992436
    vertex 1004.0078991017238 136.9896093134906 13.200272235475614
  endloop
endfacet
facet normal 1.1295311609633448e-05 -1.2415786852343821e-07 0.9999999999362003
  outer loop
    vertex 1003.943938385336 149.78733224838953 13.200348481670488
    vertex 1004.0078991017238 136.9896093134906 13.200272235475614
    vertex 1004.0078988681572 149.85713286636047 13.200281169623121
  endloop
endfacet
facet normal -0.7372768918577064 -0.6755906931836657 4.031632221566831e-06
  outer loop
    vertex 1037.3523893956265 149.20845871205427 17.700299909704224
    vertex 1036.8219272177714 149.78732880913262 13.200336943679337
    vertex 1037.3523661751633 149.20845626563255 13.200336945906688
  endloop
endfacet
facet normal -0.7372768918577064 -0.6755906931836657 4.031632221566831e-06
  outer loop
    vertex 1036.8219272177714 149.78732880913262 13.200336943679337
    vertex 1037.3523893956265 149.20845871205427 17.700299909704224
    vertex 1036.8219504407236 149.7873312550461 17.700676324708883
  endloop
endfacet
facet normal -0.7372768918577064 -0.6755906931836657 4.031632221566831e-06
  outer loop
    vertex 1036.8219272177714 149.78732880913262 13.200336943679337
    vertex 1036.8219504407236 149.7873312550461 17.700676324708883
    vertex 1036.7579663153022 149.85712988577507 13.200354178998856
  endloop
endfacet
facet normal -0.7372768918577064 -0.6755906931836657 4.031632221566831e-06
  outer loop
    vertex 1036.7579663153022 149.85712988577507 13.200354178998856
    vertex 1036.8219504407236 149.7873312550461 17.700676324708883
    vertex 1036.7579869695207 149.85713233277892 17.700304533024067
  endloop
endfacet
facet normal 0.7933533402585655 -0.6087614289842236 -9.036755716802558e-06
  outer loop
    vertex 1002.9355310174138 148.58555914487005 13.200348546048788
    vertex 1003.4135897008873 149.20845944679704 22.800761971570644
    vertex 1002.9356212903571 148.5855588867776 22.800762003672745
  endloop
endfacet
facet normal 0.7933533402585655 -0.6087614289842236 -9.036755716802558e-06
  outer loop
    vertex 1003.4135897008873 149.20845944679704 22.800761971570644
    vertex 1002.9355310174138 148.58555914487005 13.200348546048788
    vertex 1003.4134994279441 149.20845970488946 13.200348513946668
  endloop
endfacet
facet normal 0.8870108331344329 0.4617486132116948 -9.96173403839954e-06
  outer loop
    vertex 1002.5136707819549 138.92337121771064 13.200348845953664
    vertex 1002.1512196056283 139.61980660395184 22.800762293091005
    vertex 1002.513761054898 138.92337095961813 22.800762303577567
  endloop
endfacet
facet normal 0.8870108331344329 0.4617486132116948 -9.96173403839954e-06
  outer loop
    vertex 1002.1512196056283 139.61980660395184 22.800762293091005
    vertex 1002.5136707819549 138.92337121771064 13.200348845953664
    vertex 1002.1511293326853 139.61980686204436 13.200348835467032
  endloop
endfacet
facet normal 0.999048221518172 -0.04361938736289126 -1.128997666597943e-05
  outer loop
    vertex 1001.3078994160151 143.4233712177107 13.200348745995957
    vertex 1001.3422374061324 144.20777264434707 22.800762179272873
    vertex 1001.3079896889581 143.42337095961813 22.80076220361993
  endloop
endfacet
facet normal 0.999048221518172 -0.04361938736289126 -1.128997666597943e-05
  outer loop
    vertex 1001.3422374061324 144.20777264434707 22.800762179272873
    vertex 1001.3078994160151 143.4233712177107 13.200348745995957
    vertex 1001.3421471331893 144.20777290243961 13.200348721648902
  endloop
endfacet
facet normal 0.9762960070608633 0.21643961392499175 -1.1000694942566229e-05
  outer loop
    vertex 1001.6145669794133 141.09399981178797 13.200348806730494
    vertex 1001.4447199118481 141.86053736061578 22.800762246323227
    vertex 1001.6146572523566 141.09399955369548 22.800762264354447
  endloop
endfacet
facet normal 0.9762960070608633 0.21643961392499175 -1.1000694942566229e-05
  outer loop
    vertex 1001.4447199118481 141.86053736061578 22.800762246323227
    vertex 1001.6145669794133 141.09399981178797 13.200348806730494
    vertex 1001.4446296389049 141.86053761870826 13.200348788699257
  endloop
endfacet
facet normal 1.1295311609633448e-05 -1.2415786852343821e-07 0.9999999999362003
  outer loop
    vertex 1021.4921467650391 142.63896953289785 13.20043766791311
    vertex 1021.4921467650391 144.20777290235569 13.200437621159086
    vertex 1021.4578990478647 143.42337121762677 13.200437645506158
  endloop
endfacet
facet normal 1.1295311609633448e-05 -1.2415786852343821e-07 0.9999999999362003
  outer loop
    vertex 1021.4921467650391 144.20777290235569 13.200437621159086
    vertex 1021.4921467650391 142.63896953289785 13.20043766791311
    vertex 1021.5946292707547 141.86053761862436 13.200437688209451
  endloop
endfacet
facet normal 1.1295311609633448e-05 -1.2415786852343821e-07 0.9999999999362003
  outer loop
    vertex 1021.4921467650391 144.20777290235569 13.200437621159086
    vertex 1021.5946292707547 141.86053761862436 13.200437688209451
    vertex 1021.5946292707549 144.98620481662908 13.200437595057236
  endloop
endfacet
facet normal 1.1295311609633448e-05 -1.2415786852343821e-07 0.9999999999362003
  outer loop
    vertex 1021.5946292707549 144.98620481662908 13.200437595057236
    vertex 1021.5946292707547 141.86053761862436 13.200437688209451
    vertex 1021.7645666112631 141.09399981170404 13.20043770624068
  endloop
endfacet
facet normal 1.1295311609633448e-05 -1.2415786852343821e-07 0.9999999999362003
  outer loop
    vertex 1021.5946292707549 144.98620481662908 13.200437595057236
    vertex 1021.7645666112631 141.09399981170404 13.20043770624068
    vertex 1021.7645666112631 145.75274262354938 13.200437567399206
  endloop
endfacet
facet normal 1.1295311609633448e-05 -1.2415786852343821e-07 0.9999999999362003
  outer loop
    vertex 1021.7645666112631 145.75274262354938 13.200437567399206
    vertex 1021.7645666112631 141.09399981170404 13.20043770624068
    vertex 1022.0006654607917 140.34518992769574 13.200437721869607
  endloop
endfacet
facet normal 1.1295311609633448e-05 -1.2415786852343821e-07 0.9999999999362003
  outer loop
    vertex 1021.7645666112631 145.75274262354938 13.200437567399206
    vertex 1022.0006654607917 140.34518992769574 13.200437721869607
    vertex 1022.0006654607918 146.50155250755773 13.20043753839555
  endloop
endfacet
facet normal 1.1295311609633448e-05 -1.2415786852343821e-07 0.9999999999362003
  outer loop
    vertex 1022.0006654607918 146.50155250755773 13.20043753839555
    vertex 1022.0006654607917 140.34518992769574 13.200437721869607
    vertex 1022.301128964535 139.61980686196046 13.200437734977218
  endloop
endfacet
facet normal 1.1295311609633448e-05 -1.2415786852343821e-07 0.9999999999362003
  outer loop
    vertex 1022.0006654607918 146.50155250755773 13.20043753839555
    vertex 1022.301128964535 139.61980686196046 13.200437734977218
    vertex 1022.3011289645348 147.22693557329302 13.200437508266933
  endloop
endfacet
facet normal 1.1295311609633448e-05 -1.2415786852343821e-07 0.9999999999362003
  outer loop
    vertex 1022.3011289645348 147.22693557329302 13.200437508266933
    vertex 1022.301128964535 139.61980686196046 13.200437734977218
    vertex 1022.6636704138049 147.92337121762674 13.200437477242726
  endloop
endfacet
facet normal 1.1295311609633448e-05 -1.2415786852343821e-07 0.9999999999362003
  outer loop
    vertex 1022.6636704138049 147.92337121762674 13.200437477242726
    vertex 1022.301128964535 139.61980686196046 13.200437734977218
    vertex 1022.6636704138048 138.92337121762677 13.20043774546385
  endloop
endfacet
facet normal 1.1295311609633448e-05 -1.2415786852343821e-07 0.9999999999362003
  outer loop
    vertex 1022.6636704138049 147.92337121762674 13.200437477242726
    vertex 1022.6636704138048 138.92337121762677 13.20043774546385
    vertex 1023.0855306492639 138.26118329046733 13.200437753249599
  endloop
endfacet
facet normal 1.1295311609633448e-05 -1.2415786852343821e-07 0.9999999999362003
  outer loop
    vertex 1022.6636704138049 147.92337121762674 13.200437477242726
    vertex 1023.0855306492639 138.26118329046733 13.200437753249599
    vertex 1023.0855306492638 148.58555914478612 13.200437445558972
  endloop
endfacet
facet normal 1.1295311609633448e-05 -1.2415786852343821e-07 0.9999999999362003
  outer loop
    vertex 1023.0855306492638 148.58555914478612 13.200437445558972
    vertex 1023.0855306492639 138.26118329046733 13.200437753249599
    vertex 1023.5634990597939 149.20845970480556 13.200437413456863
  endloop
endfacet
facet normal 1.1295311609633448e-05 -1.2415786852343821e-07 0.9999999999362003
  outer loop
    vertex 1023.5634990597939 149.20845970480556 13.200437413456863
    vertex 1023.0855306492639 138.26118329046733 13.200437753249599
    vertex 1023.5634990597939 137.6382827304479 13.200437758275292
  endloop
endfacet
facet normal 1.1295311609633448e-05 -1.2415786852343821e-07 0.9999999999362003
  outer loop
    vertex 1023.5634990597939 149.20845970480556 13.200437413456863
    vertex 1023.5634990597939 137.6382827304479 13.200437758275292
    vertex 1024.0939380171858 137.05941018694782 13.20043776050262
  endloop
endfacet
facet normal 1.1295311609633448e-05 -1.2415786852343821e-07 0.9999999999362003
  outer loop
    vertex 1023.5634990597939 149.20845970480556 13.200437413456863
    vertex 1024.0939380171858 137.05941018694782 13.20043776050262
    vertex 1024.0939380171858 149.78733224830563 13.200437381180672
  endloop
endfacet
facet normal 1.1295311609633448e-05 -1.2415786852343821e-07 0.9999999999362003
  outer loop
    vertex 1024.0939380171858 149.78733224830563 13.200437381180672
    vertex 1024.0939380171858 137.05941018694782 13.20043776050262
    vertex 1024.1578987335733 136.9896093134067 13.200361134985798
  endloop
endfacet
facet normal 1.1295311609633448e-05 -1.2415786852343821e-07 0.9999999999362003
  outer loop
    vertex 1024.0939380171858 149.78733224830563 13.200437381180672
    vertex 1024.1578987335733 136.9896093134067 13.200361134985798
    vertex 1024.157898500007 149.85713286627654 13.200370069133307
  endloop
endfacet
facet normal 3.5848822115063763e-06 4.326711377783206e-06 0.9999999999842142
  outer loop
    vertex 1036.757986157992 120.67331468402772 5.400418785297193
    vertex 1024.157996295806 125.72562814457191 5.400442094874582
    vertex 1024.1579863425268 120.67331450603768 5.40041915600019
  endloop
endfacet
facet normal 3.5848822115063763e-06 4.326711377783206e-06 0.9999999999842142
  outer loop
    vertex 1024.157996295806 125.72562814457191 5.400442094874582
    vertex 1036.757986157992 120.67331468402772 5.400418785297193
    vertex 1030.2079887263699 124.22564346606192 5.400411554317425
  endloop
endfacet
facet normal 3.5848822115063763e-06 4.326711377783206e-06 0.9999999999842142
  outer loop
    vertex 1024.157996295806 125.72562814457191 5.400442094874582
    vertex 1030.2079887263699 124.22564346606192 5.400411554317425
    vertex 1030.1044353347795 124.30510277576842 5.400411619083838
  endloop
endfacet
facet normal 3.5848822115063763e-06 4.326711377783206e-06 0.9999999999842142
  outer loop
    vertex 1024.157996295806 125.72562814457191 5.400442094874582
    vertex 1030.1044353347795 124.30510277576842 5.400411619083838
    vertex 1030.024976022105 124.40865616508125 5.400411506085547
  endloop
endfacet
facet normal 3.5848822115063763e-06 4.326711377783206e-06 0.9999999999842142
  outer loop
    vertex 1024.157996295806 125.72562814457191 5.400442094874582
    vertex 1030.024976022105 124.40865616508125 5.400411506085547
    vertex 1029.9750258091922 124.52924664164887 5.400411223023203
  endloop
endfacet
facet normal 3.5848822115063763e-06 4.326711377783206e-06 0.9999999999842142
  outer loop
    vertex 1024.157996295806 125.72562814457191 5.400442094874582
    vertex 1029.9750258091922 124.52924664164887 5.400411223023203
    vertex 1029.9579887205045 124.65865616377833 5.400410789187036
  endloop
endfacet
facet normal 3.5848822115063763e-06 4.326711377783206e-06 0.9999999999842142
  outer loop
    vertex 1030.2079887263699 124.22564346606192 5.400411554317425
    vertex 1036.757986157992 120.67331468402772 5.400418785297193
    vertex 1030.3285792043694 124.1756932566056 5.400411316200036
  endloop
endfacet
facet normal 3.5848822115063763e-06 4.326711377783206e-06 0.9999999999842142
  outer loop
    vertex 1030.3285792043694 124.1756932566056 5.400411316200036
    vertex 1036.757986157992 120.67331468402772 5.400418785297193
    vertex 1030.4579887269872 124.15865617162723 5.400410920958975
  endloop
endfacet
facet normal 3.5848822115063763e-06 4.326711377783206e-06 0.9999999999842142
  outer loop
    vertex 1030.4579887269872 124.15865617162723 5.400410920958975
    vertex 1036.757986157992 120.67331468402772 5.400418785297193
    vertex 1030.5873982491166 124.17569326031298 5.400410395529269
  endloop
endfacet
facet normal 3.5848822115063763e-06 4.326711377783206e-06 0.9999999999842142
  outer loop
    vertex 1030.5873982491166 124.17569326031298 5.400410395529269
    vertex 1036.757986157992 120.67331468402772 5.400418785297193
    vertex 1030.7079887256837 124.22564347322403 5.4004097757180825
  endloop
endfacet
facet normal 3.5848822115063763e-06 4.326711377783206e-06 0.9999999999842142
  outer loop
    vertex 1030.7079887256837 124.22564347322403 5.4004097757180825
    vertex 1036.757986157992 120.67331468402772 5.400418785297193
    vertex 1030.8115421149955 124.30510278589718 5.400409103764524
  endloop
endfacet
facet normal 3.5848822115063763e-06 4.326711377783206e-06 0.9999999999842142
  outer loop
    vertex 1030.8115421149955 124.30510278589718 5.400409103764524
    vertex 1036.757986157992 120.67331468402772 5.400418785297193
    vertex 1030.8910014247008 124.40865617748638 5.400408425461119
  endloop
endfacet
facet normal 3.5848822115063763e-06 4.326711377783206e-06 0.9999999999842142
  outer loop
    vertex 1030.8910014247008 124.40865617748638 5.400408425461119
    vertex 1036.757986157992 120.67331468402772 5.400418785297193
    vertex 1030.9409516341555 124.529246655485 5.400407787033122
  endloop
endfacet
facet normal 3.5848822115063763e-06 4.326711377783206e-06 0.9999999999842142
  outer loop
    vertex 1030.9409516341555 124.529246655485 5.400407787033122
    vertex 1036.757986157992 120.67331468402772 5.400418785297193
    vertex 1030.9579887191321 124.65865617810255 5.400407231988348
  endloop
endfacet
facet normal 3.5848822115063763e-06 4.326711377783206e-06 0.9999999999842142
  outer loop
    vertex 1024.157996295806 125.72562814457191 5.400442094874582
    vertex 1030.4579887126495 125.15865617025365 5.400407100216407
    vertex 1036.7579961112547 125.72562832252866 5.400352126545631
  endloop
endfacet
facet normal 3.5848822115063763e-06 4.326711377783206e-06 0.9999999999842142
  outer loop
    vertex 1030.4579887126495 125.15865617025365 5.400407100216407
    vertex 1024.157996295806 125.72562814457191 5.400442094874582
    vertex 1030.32857919052 125.1416190815679 5.400407625646114
  endloop
endfacet
facet normal 3.5848822115063763e-06 4.326711377783206e-06 0.9999999999842142
  outer loop
    vertex 1030.32857919052 125.1416190815679 5.400407625646114
    vertex 1024.157996295806 125.72562814457191 5.400442094874582
    vertex 1030.207988713953 125.09166886865685 5.400408245457301
  endloop
endfacet
facet normal 3.5848822115063763e-06 4.326711377783206e-06 0.9999999999842142
  outer loop
    vertex 1030.207988713953 125.09166886865685 5.400408245457301
    vertex 1024.157996295806 125.72562814457191 5.400442094874582
    vertex 1030.1044353246411 125.0122095559837 5.400408917410858
  endloop
endfacet
facet normal 3.5848822115063763e-06 4.326711377783206e-06 0.9999999999842142
  outer loop
    vertex 1030.1044353246411 125.0122095559837 5.400408917410858
    vertex 1024.157996295806 125.72562814457191 5.400442094874582
    vertex 1030.0249760149359 124.9086561643945 5.400409595714264
  endloop
endfacet
facet normal 3.5848822115063763e-06 4.326711377783206e-06 0.9999999999842142
  outer loop
    vertex 1030.0249760149359 124.9086561643945 5.400409595714264
    vertex 1024.157996295806 125.72562814457191 5.400442094874582
    vertex 1029.9750258054812 124.78806568639588 5.400410234142259
  endloop
endfacet
facet normal 3.5848822115063763e-06 4.326711377783206e-06 0.9999999999842142
  outer loop
    vertex 1029.9750258054812 124.78806568639588 5.400410234142259
    vertex 1024.157996295806 125.72562814457191 5.400442094874582
    vertex 1029.9579887205045 124.65865616377833 5.400410789187036
  endloop
endfacet
facet normal 3.5848822115063763e-06 4.326711377783206e-06 0.9999999999842142
  outer loop
    vertex 1036.7579961112547 125.72562832252866 5.400352126545631
    vertex 1030.4579887126495 125.15865617025365 5.400407100216407
    vertex 1030.5873982352673 125.14161908527528 5.400406704975347
  endloop
endfacet
facet normal 3.5848822115063763e-06 4.326711377783206e-06 0.9999999999842142
  outer loop
    vertex 1036.7579961112547 125.72562832252866 5.400352126545631
    vertex 1030.5873982352673 125.14161908527528 5.400406704975347
    vertex 1030.7079887132668 125.09166887581895 5.400406466857956
  endloop
endfacet
facet normal 3.5848822115063763e-06 4.326711377783206e-06 0.9999999999842142
  outer loop
    vertex 1036.7579961112547 125.72562832252866 5.400352126545631
    vertex 1030.7079887132668 125.09166887581895 5.400406466857956
    vertex 1030.8115421048572 125.01220956611246 5.400406402091545
  endloop
endfacet
facet normal 3.5848822115063763e-06 4.326711377783206e-06 0.9999999999842142
  outer loop
    vertex 1036.7579961112547 125.72562832252866 5.400352126545631
    vertex 1030.8115421048572 125.01220956611246 5.400406402091545
    vertex 1030.8910014175317 124.90865617679962 5.400406515089834
  endloop
endfacet
facet normal 3.5848822115063763e-06 4.326711377783206e-06 0.9999999999842142
  outer loop
    vertex 1036.7579961112547 125.72562832252866 5.400352126545631
    vertex 1030.8910014175317 124.90865617679962 5.400406515089834
    vertex 1030.9409516304445 124.78806570023201 5.400406798152178
  endloop
endfacet
facet normal 3.5848822115063763e-06 4.326711377783206e-06 0.9999999999842142
  outer loop
    vertex 1036.7579961112547 125.72562832252866 5.400352126545631
    vertex 1030.9409516304445 124.78806570023201 5.400406798152178
    vertex 1030.9579887191321 124.65865617810255 5.400407231988348
  endloop
endfacet
facet normal 3.5848822115063763e-06 4.326711377783206e-06 0.9999999999842142
  outer loop
    vertex 1036.7579961112547 125.72562832252866 5.400352126545631
    vertex 1030.9579887191321 124.65865617810255 5.400407231988348
    vertex 1036.757986157992 120.67331468402772 5.400418785297193
  endloop
endfacet
facet normal -7.89313241595488e-08 4.755045614455875e-07 0.9999999999998839
  outer loop
    vertex 995.4704164760885 120.74587010305946 13.497406192901785
    vertex 995.4704164760885 121.80702818797971 13.497405688316277
    vertex 995.4005644199812 121.27644914551958 13.497405935095514
  endloop
endfacet
facet normal -7.89313241595488e-08 4.755045614455875e-07 0.9999999999998839
  outer loop
    vertex 995.4704164760885 121.80702818797971 13.497405688316277
    vertex 995.4704164760885 120.74587010305946 13.497406192901785
    vertex 995.675212342223 120.25144914551966 13.497406444166016
  endloop
endfacet
facet normal -7.89313241595488e-08 4.755045614455875e-07 0.9999999999998839
  outer loop
    vertex 995.4704164760885 121.80702818797971 13.497405688316277
    vertex 995.675212342223 120.25144914551966 13.497406444166016
    vertex 995.675212342223 122.30144914551951 13.497405469381665
  endloop
endfacet
facet normal -7.89313241595488e-08 4.755045614455875e-07 0.9999999999998839
  outer loop
    vertex 995.675212342223 122.30144914551951 13.497405469381665
    vertex 995.675212342223 120.25144914551966 13.497406444166016
    vertex 996.0009955185487 119.82688024408729 13.497406671764963
  endloop
endfacet
facet normal -7.89313241595488e-08 4.755045614455875e-07 0.9999999999998839
  outer loop
    vertex 995.675212342223 122.30144914551951 13.497405469381665
    vertex 996.0009955185487 119.82688024408729 13.497406671764963
    vertex 996.0009955185487 122.72601804695192 13.497405293211715
  endloop
endfacet
facet normal -7.89313241595488e-08 4.755045614455875e-07 0.9999999999998839
  outer loop
    vertex 996.0009955185487 122.72601804695192 13.497405293211715
    vertex 996.0009955185487 119.82688024408729 13.497406671764963
    vertex 996.425564419981 119.50109706776165 13.497406860188136
  endloop
endfacet
facet normal -7.89313241595488e-08 4.755045614455875e-07 0.9999999999998839
  outer loop
    vertex 996.0009955185487 122.72601804695192 13.497405293211715
    vertex 996.425564419981 119.50109706776165 13.497406860188136
    vertex 996.4255644199812 123.0518012232776 13.497405171812112
  endloop
endfacet
facet normal -7.89313241595488e-08 4.755045614455875e-07 0.9999999999998839
  outer loop
    vertex 996.4255644199812 123.0518012232776 13.497405171812112
    vertex 996.425564419981 119.50109706776165 13.497406860188136
    vertex 996.919985377521 119.29630120162719 13.497406996594805
  endloop
endfacet
facet normal -7.89313241595488e-08 4.755045614455875e-07 0.9999999999998839
  outer loop
    vertex 996.4255644199812 123.0518012232776 13.497405171812112
    vertex 996.919985377521 119.29630120162719 13.497406996594805
    vertex 996.919985377521 123.25659708941207 13.497405113456042
  endloop
endfacet
facet normal -7.89313241595488e-08 4.755045614455875e-07 0.9999999999998839
  outer loop
    vertex 996.919985377521 123.25659708941207 13.497405113456042
    vertex 996.919985377521 119.29630120162719 13.497406996594805
    vertex 997.4505644199812 119.2264491455198 13.497407071689079
  endloop
endfacet
facet normal -7.89313241595488e-08 4.755045614455875e-07 0.9999999999998839
  outer loop
    vertex 996.919985377521 123.25659708941207 13.497405113456042
    vertex 997.4505644199812 119.2264491455198 13.497407071689079
    vertex 997.4505644199812 123.3264491455195 13.497405122120378
  endloop
endfacet
facet normal -7.89313241595488e-08 4.755045614455875e-07 0.9999999999998839
  outer loop
    vertex 997.4505644199812 123.3264491455195 13.497405122120378
    vertex 997.4505644199812 119.2264491455198 13.497407071689079
    vertex 997.9811434624413 119.29630120162723 13.497407080353415
  endloop
endfacet
facet normal -7.89313241595488e-08 4.755045614455875e-07 0.9999999999998839
  outer loop
    vertex 997.4505644199812 123.3264491455195 13.497405122120378
    vertex 997.9811434624413 119.29630120162723 13.497407080353415
    vertex 997.9811434624413 123.25659708941213 13.497405197214658
  endloop
endfacet
facet normal -7.89313241595488e-08 4.755045614455875e-07 0.9999999999998839
  outer loop
    vertex 997.9811434624413 123.25659708941213 13.497405197214658
    vertex 997.9811434624413 119.29630120162723 13.497407080353415
    vertex 998.4755644199811 119.50109706776172 13.49740702199735
  endloop
endfacet
facet normal -7.89313241595488e-08 4.755045614455875e-07 0.9999999999998839
  outer loop
    vertex 997.9811434624413 123.25659708941213 13.497405197214658
    vertex 998.4755644199811 119.50109706776172 13.49740702199735
    vertex 998.4755644199813 123.05180122327765 13.497405333621327
  endloop
endfacet
facet normal -7.89313241595488e-08 4.755045614455875e-07 0.9999999999998839
  outer loop
    vertex 998.4755644199813 123.05180122327765 13.497405333621327
    vertex 998.4755644199811 119.50109706776172 13.49740702199735
    vertex 998.9001333214136 119.82688024408738 13.497406900597747
  endloop
endfacet
facet normal -7.89313241595488e-08 4.755045614455875e-07 0.9999999999998839
  outer loop
    vertex 998.4755644199813 123.05180122327765 13.497405333621327
    vertex 998.9001333214136 119.82688024408738 13.497406900597747
    vertex 998.9001333214136 122.72601804695202 13.497405522044499
  endloop
endfacet
facet normal -7.89313241595488e-08 4.755045614455875e-07 0.9999999999998839
  outer loop
    vertex 998.9001333214136 122.72601804695202 13.497405522044499
    vertex 998.9001333214136 119.82688024408738 13.497406900597747
    vertex 999.2259164977394 120.2514491455198 13.497406724427798
  endloop
endfacet
facet normal -7.89313241595488e-08 4.755045614455875e-07 0.9999999999998839
  outer loop
    vertex 998.9001333214136 122.72601804695202 13.497405522044499
    vertex 999.2259164977394 120.2514491455198 13.497406724427798
    vertex 999.2259164977394 122.30144914551964 13.497405749643447
  endloop
endfacet
facet normal -7.89313241595488e-08 4.755045614455875e-07 0.9999999999998839
  outer loop
    vertex 999.2259164977394 122.30144914551964 13.497405749643447
    vertex 999.2259164977394 120.2514491455198 13.497406724427798
    vertex 999.4307123638738 120.74587010305959 13.497406505493185
  endloop
endfacet
facet normal -7.89313241595488e-08 4.755045614455875e-07 0.9999999999998839
  outer loop
    vertex 999.2259164977394 122.30144914551964 13.497405749643447
    vertex 999.4307123638738 120.74587010305959 13.497406505493185
    vertex 999.4307123638738 121.80702818797984 13.497406000907672
  endloop
endfacet
facet normal -7.89313241595488e-08 4.755045614455875e-07 0.9999999999998839
  outer loop
    vertex 999.4307123638738 121.80702818797984 13.497406000907672
    vertex 999.4307123638738 120.74587010305959 13.497406505493185
    vertex 999.5005644199813 121.27644914551972 13.497406258713943
  endloop
endfacet
facet normal 0.13052619222005096 0.9914448613737035 -4.6113394881560535e-07
  outer loop
    vertex 996.919984745887 119.29630574797753 22.797406996593658
    vertex 997.4505644199812 119.2264491455198 13.497407071689079
    vertex 996.919985377521 119.29630120162719 13.497406996594805
  endloop
endfacet
facet normal 0.13052619222005096 0.9914448613737035 -4.6113394881560535e-07
  outer loop
    vertex 997.4505644199812 119.2264491455198 13.497407071689079
    vertex 996.919984745887 119.29630574797753 22.797406996593658
    vertex 997.4505637883472 119.22645369187015 22.797407071687935
  endloop
endfacet
facet normal -0.13052619222006065 0.9914448613736923 -4.817391591944679e-07
  outer loop
    vertex 997.4505637883472 119.22645369187015 22.797407071687935
    vertex 997.9811434624413 119.29630120162723 13.497407080353415
    vertex 997.4505644199812 119.2264491455198 13.497407071689079
  endloop
endfacet
facet normal -0.13052619222006065 0.9914448613736923 -4.817391591944679e-07
  outer loop
    vertex 997.9811434624413 119.29630120162723 13.497407080353415
    vertex 997.4505637883472 119.22645369187015 22.797407071687935
    vertex 997.9811428308072 119.29630574797757 22.79740708035227
  endloop
endfacet
facet normal -0.3826834323651119 0.9238795325111584 -4.6951464198582673e-07
  outer loop
    vertex 997.9811434624413 119.29630120162723 13.497407080353415
    vertex 998.4755637883471 119.50110161411206 22.7974070219962
    vertex 998.4755644199811 119.50109706776172 13.49740702199735
  endloop
endfacet
facet normal -0.3826834323651119 0.9238795325111584 -4.6951464198582673e-07
  outer loop
    vertex 998.4755637883471 119.50110161411206 22.7974070219962
    vertex 997.9811434624413 119.29630120162723 13.497407080353415
    vertex 997.9811428308072 119.29630574797757 22.79740708035227
  endloop
endfacet
facet normal -0.6087614290086483 0.7933533402911765 -4.2529347783550904e-07
  outer loop
    vertex 998.4755644199811 119.50109706776172 13.49740702199735
    vertex 998.9001326897796 119.82688479043772 22.7974069005966
    vertex 998.9001333214136 119.82688024408738 13.497406900597747
  endloop
endfacet
facet normal -0.6087614290086483 0.7933533402911765 -4.2529347783550904e-07
  outer loop
    vertex 998.9001326897796 119.82688479043772 22.7974069005966
    vertex 998.4755644199811 119.50109706776172 13.49740702199735
    vertex 998.4755637883471 119.50110161411206 22.7974070219962
  endloop
endfacet
facet normal -0.7933533402911644 0.6087614290087112 -3.520892660014e-07
  outer loop
    vertex 998.9001326897796 119.82688479043772 22.7974069005966
    vertex 999.2259164977394 120.2514491455198 13.497406724427798
    vertex 998.9001333214136 119.82688024408738 13.497406900597747
  endloop
endfacet
facet normal -0.7933533402911644 0.6087614290087112 -3.520892660014e-07
  outer loop
    vertex 999.2259164977394 120.2514491455198 13.497406724427798
    vertex 998.9001326897796 119.82688479043772 22.7974069005966
    vertex 999.2259158661053 120.25145369187014 22.79740672442665
  endloop
endfacet
facet normal -0.9238795325113643 0.38268343236481817 -2.548907525441815e-07
  outer loop
    vertex 999.2259158661053 120.25145369187014 22.79740672442665
    vertex 999.4307123638738 120.74587010305959 13.497406505493185
    vertex 999.2259164977394 120.2514491455198 13.497406724427798
  endloop
endfacet
facet normal -0.9238795325113643 0.38268343236481817 -2.548907525441815e-07
  outer loop
    vertex 999.4307123638738 120.74587010305959 13.497406505493185
    vertex 999.2259158661053 120.25145369187014 22.79740672442665
    vertex 999.4307117322397 120.74587464940994 22.797406505492038
  endloop
endfacet
facet normal -0.9914448613737933 0.13052619222010642 -1.4032185552821423e-07
  outer loop
    vertex 999.4307117322397 120.74587464940994 22.797406505492038
    vertex 999.5005644199813 121.27644914551972 13.497406258713943
    vertex 999.4307123638738 120.74587010305959 13.497406505493185
  endloop
endfacet
facet normal -0.9914448613737933 0.13052619222010642 -1.4032185552821423e-07
  outer loop
    vertex 999.5005644199813 121.27644914551972 13.497406258713943
    vertex 999.4307117322397 120.74587464940994 22.797406505492038
    vertex 999.5005637883472 121.27645369187006 22.797406258712797
  endloop
endfacet
facet normal -0.9914448613737935 -0.13052619222017955 -1.619025595059675e-08
  outer loop
    vertex 999.5005637883472 121.27645369187006 22.797406258712797
    vertex 999.4307123638738 121.80702818797984 13.497406000907672
    vertex 999.5005644199813 121.27644914551972 13.497406258713943
  endloop
endfacet
facet normal -0.9914448613737935 -0.13052619222017955 -1.619025595059675e-08
  outer loop
    vertex 999.4307123638738 121.80702818797984 13.497406000907672
    vertex 999.5005637883472 121.27645369187006 22.797406258712797
    vertex 999.4307117322397 121.80703273433019 22.797406000906527
  endloop
endfacet
facet normal -0.9238795325113685 -0.3826834323648773 1.0904468281413855e-07
  outer loop
    vertex 999.4307117322397 121.80703273433019 22.797406000906527
    vertex 999.2259164977394 122.30144914551964 13.497405749643447
    vertex 999.4307123638738 121.80702818797984 13.497406000907672
  endloop
endfacet
facet normal -0.9238795325113685 -0.3826834323648773 1.0904468281413855e-07
  outer loop
    vertex 999.2259164977394 122.30144914551964 13.497405749643447
    vertex 999.4307117322397 121.80703273433019 22.797406000906527
    vertex 999.2259158661053 122.30145369187 22.797405749642298
  endloop
endfacet
facet normal -0.79335334029115 -0.6087614290087894 2.268484066502583e-07
  outer loop
    vertex 999.2259158661053 122.30145369187 22.797405749642298
    vertex 998.9001333214136 122.72601804695202 13.497405522044499
    vertex 999.2259164977394 122.30144914551964 13.497405749643447
  endloop
endfacet
facet normal -0.79335334029115 -0.6087614290087894 2.268484066502583e-07
  outer loop
    vertex 998.9001333214136 122.72601804695202 13.497405522044499
    vertex 999.2259158661053 122.30145369187 22.797405749642298
    vertex 998.9001326897796 122.72602259330236 22.797405522043352
  endloop
endfacet
facet normal -0.608761429008822 -0.793353340291089 3.2919278645761897e-07
  outer loop
    vertex 998.9001333214136 122.72601804695202 13.497405522044499
    vertex 998.4755637883472 123.051805769628 22.79740533362018
    vertex 998.4755644199813 123.05180122327765 13.497405333621327
  endloop
endfacet
facet normal -0.608761429008822 -0.793353340291089 3.2919278645761897e-07
  outer loop
    vertex 998.4755637883472 123.051805769628 22.79740533362018
    vertex 998.9001333214136 122.72601804695202 13.497405522044499
    vertex 998.9001326897796 122.72602259330236 22.797405522043352
  endloop
endfacet
facet normal -0.38268343236501584 -0.9238795325112269 4.0910322188486103e-07
  outer loop
    vertex 998.4755644199813 123.05180122327765 13.497405333621327
    vertex 997.9811428308072 123.25660163576246 22.79740519721351
    vertex 997.9811434624413 123.25659708941213 13.497405197214658
  endloop
endfacet
facet normal -0.38268343236501584 -0.9238795325112269 4.0910322188486103e-07
  outer loop
    vertex 997.9811428308072 123.25660163576246 22.79740519721351
    vertex 998.4755644199813 123.05180122327765 13.497405333621327
    vertex 998.4755637883472 123.051805769628 22.79740533362018
  endloop
endfacet
facet normal -0.13052619222005096 -0.9914448613737035 4.6113394881560535e-07
  outer loop
    vertex 997.9811434624413 123.25659708941213 13.497405197214658
    vertex 997.4505637883472 123.32645369186984 22.797405122119233
    vertex 997.4505644199812 123.3264491455195 13.497405122120378
  endloop
endfacet
facet normal -0.13052619222005096 -0.9914448613737035 4.6113394881560535e-07
  outer loop
    vertex 997.4505637883472 123.32645369186984 22.797405122119233
    vertex 997.9811434624413 123.25659708941213 13.497405197214658
    vertex 997.9811428308072 123.25660163576246 22.79740519721351
  endloop
endfacet
facet normal 0.13052619222006065 -0.9914448613736923 4.817391591944679e-07
  outer loop
    vertex 997.4505644199812 123.3264491455195 13.497405122120378
    vertex 996.919984745887 123.25660163576242 22.797405113454897
    vertex 996.919985377521 123.25659708941207 13.497405113456042
  endloop
endfacet
facet normal 0.13052619222006065 -0.9914448613736923 4.817391591944679e-07
  outer loop
    vertex 996.919984745887 123.25660163576242 22.797405113454897
    vertex 997.4505644199812 123.3264491455195 13.497405122120378
    vertex 997.4505637883472 123.32645369186984 22.797405122119233
  endloop
endfacet
facet normal 0.3826834323651119 -0.9238795325111584 4.6951464198582673e-07
  outer loop
    vertex 996.919984745887 123.25660163576242 22.797405113454897
    vertex 996.4255644199812 123.0518012232776 13.497405171812112
    vertex 996.919985377521 123.25659708941207 13.497405113456042
  endloop
endfacet
facet normal 0.3826834323651119 -0.9238795325111584 4.6951464198582673e-07
  outer loop
    vertex 996.4255644199812 123.0518012232776 13.497405171812112
    vertex 996.919984745887 123.25660163576242 22.797405113454897
    vertex 996.4255637883472 123.05180576962793 22.797405171810965
  endloop
endfacet
facet normal 0.6087614290086483 -0.7933533402911765 4.2529347783550904e-07
  outer loop
    vertex 996.4255637883472 123.05180576962793 22.797405171810965
    vertex 996.0009955185487 122.72601804695192 13.497405293211715
    vertex 996.4255644199812 123.0518012232776 13.497405171812112
  endloop
endfacet
facet normal 0.6087614290086483 -0.7933533402911765 4.2529347783550904e-07
  outer loop
    vertex 996.0009955185487 122.72601804695192 13.497405293211715
    vertex 996.4255637883472 123.05180576962793 22.797405171810965
    vertex 996.0009948869147 122.72602259330228 22.797405293210566
  endloop
endfacet
facet normal 0.7933533402911644 -0.6087614290087112 3.520892660014e-07
  outer loop
    vertex 996.0009955185487 122.72601804695192 13.497405293211715
    vertex 995.6752117105889 122.30145369186985 22.797405469380518
    vertex 995.675212342223 122.30144914551951 13.497405469381665
  endloop
endfacet
facet normal 0.7933533402911644 -0.6087614290087112 3.520892660014e-07
  outer loop
    vertex 995.6752117105889 122.30145369186985 22.797405469380518
    vertex 996.0009955185487 122.72601804695192 13.497405293211715
    vertex 996.0009948869147 122.72602259330228 22.797405293210566
  endloop
endfacet
facet normal 0.9238795325113643 -0.38268343236481817 2.548907525441815e-07
  outer loop
    vertex 995.675212342223 122.30144914551951 13.497405469381665
    vertex 995.4704158444546 121.80703273433005 22.797405688315127
    vertex 995.4704164760885 121.80702818797971 13.497405688316277
  endloop
endfacet
facet normal 0.9238795325113643 -0.38268343236481817 2.548907525441815e-07
  outer loop
    vertex 995.4704158444546 121.80703273433005 22.797405688315127
    vertex 995.675212342223 122.30144914551951 13.497405469381665
    vertex 995.6752117105889 122.30145369186985 22.797405469380518
  endloop
endfacet
facet normal 0.9914448613737933 -0.13052619222010642 1.4032185552821423e-07
  outer loop
    vertex 995.4704164760885 121.80702818797971 13.497405688316277
    vertex 995.4005637883471 121.27645369186993 22.797405935094368
    vertex 995.4005644199812 121.27644914551958 13.497405935095514
  endloop
endfacet
facet normal 0.9914448613737933 -0.13052619222010642 1.4032185552821423e-07
  outer loop
    vertex 995.4005637883471 121.27645369186993 22.797405935094368
    vertex 995.4704164760885 121.80702818797971 13.497405688316277
    vertex 995.4704158444546 121.80703273433005 22.797405688315127
  endloop
endfacet
facet normal 0.9914448613737935 0.13052619222017955 1.619025595059675e-08
  outer loop
    vertex 995.4005644199812 121.27644914551958 13.497405935095514
    vertex 995.4704158444546 120.7458746494098 22.797406192900638
    vertex 995.4704164760885 120.74587010305946 13.497406192901785
  endloop
endfacet
facet normal 0.9914448613737935 0.13052619222017955 1.619025595059675e-08
  outer loop
    vertex 995.4704158444546 120.7458746494098 22.797406192900638
    vertex 995.4005644199812 121.27644914551958 13.497405935095514
    vertex 995.4005637883471 121.27645369186993 22.797405935094368
  endloop
endfacet
facet normal 0.9238795325113685 0.3826834323648773 -1.0904468281413855e-07
  outer loop
    vertex 995.4704164760885 120.74587010305946 13.497406192901785
    vertex 995.6752117105889 120.25145369187001 22.797406444164867
    vertex 995.675212342223 120.25144914551966 13.497406444166016
  endloop
endfacet
facet normal 0.9238795325113685 0.3826834323648773 -1.0904468281413855e-07
  outer loop
    vertex 995.6752117105889 120.25145369187001 22.797406444164867
    vertex 995.4704164760885 120.74587010305946 13.497406192901785
    vertex 995.4704158444546 120.7458746494098 22.797406192900638
  endloop
endfacet
facet normal 0.79335334029115 0.6087614290087894 -2.268484066502583e-07
  outer loop
    vertex 995.675212342223 120.25144914551966 13.497406444166016
    vertex 996.0009948869147 119.82688479043763 22.797406671763817
    vertex 996.0009955185487 119.82688024408729 13.497406671764963
  endloop
endfacet
facet normal 0.79335334029115 0.6087614290087894 -2.268484066502583e-07
  outer loop
    vertex 996.0009948869147 119.82688479043763 22.797406671763817
    vertex 995.675212342223 120.25144914551966 13.497406444166016
    vertex 995.6752117105889 120.25145369187001 22.797406444164867
  endloop
endfacet
facet normal 0.608761429008822 0.793353340291089 -3.2919278645761897e-07
  outer loop
    vertex 996.0009948869147 119.82688479043763 22.797406671763817
    vertex 996.425564419981 119.50109706776165 13.497406860188136
    vertex 996.0009955185487 119.82688024408729 13.497406671764963
  endloop
endfacet
facet normal 0.608761429008822 0.793353340291089 -3.2919278645761897e-07
  outer loop
    vertex 996.425564419981 119.50109706776165 13.497406860188136
    vertex 996.0009948869147 119.82688479043763 22.797406671763817
    vertex 996.425563788347 119.50110161411199 22.79740686018699
  endloop
endfacet
facet normal 0.38268343236501584 0.9238795325112269 -4.0910322188486103e-07
  outer loop
    vertex 996.425563788347 119.50110161411199 22.79740686018699
    vertex 996.919985377521 119.29630120162719 13.497406996594805
    vertex 996.425564419981 119.50109706776165 13.497406860188136
  endloop
endfacet
facet normal 0.38268343236501584 0.9238795325112269 -4.0910322188486103e-07
  outer loop
    vertex 996.919985377521 119.29630120162719 13.497406996594805
    vertex 996.425563788347 119.50110161411199 22.79740686018699
    vertex 996.919984745887 119.29630574797753 22.797406996593658
  endloop
endfacet
facet normal -7.89313241595488e-08 4.755045614455875e-07 0.9999999999998839
  outer loop
    vertex 1081.7704169835565 120.74594461729102 13.49905228895261
    vertex 1081.7704169835565 121.80710270221127 13.499051784367103
    vertex 1081.7005649274492 121.27652365975115 13.49905203114634
  endloop
endfacet
facet normal -7.89313241595488e-08 4.755045614455875e-07 0.9999999999998839
  outer loop
    vertex 1081.7704169835565 121.80710270221127 13.499051784367103
    vertex 1081.7704169835565 120.74594461729102 13.49905228895261
    vertex 1081.975212849691 120.25152365975121 13.49905254021684
  endloop
endfacet
facet normal -7.89313241595488e-08 4.755045614455875e-07 0.9999999999998839
  outer loop
    vertex 1081.7704169835565 121.80710270221127 13.499051784367103
    vertex 1081.975212849691 120.25152365975121 13.49905254021684
    vertex 1081.975212849691 122.30152365975107 13.49905156543249
  endloop
endfacet
facet normal -7.89313241595488e-08 4.755045614455875e-07 0.9999999999998839
  outer loop
    vertex 1081.975212849691 122.30152365975107 13.49905156543249
    vertex 1081.975212849691 120.25152365975121 13.49905254021684
    vertex 1082.3009960260167 119.82695475831885 13.499052767815789
  endloop
endfacet
facet normal -7.89313241595488e-08 4.755045614455875e-07 0.9999999999998839
  outer loop
    vertex 1081.975212849691 122.30152365975107 13.49905156543249
    vertex 1082.3009960260167 119.82695475831885 13.499052767815789
    vertex 1082.3009960260167 122.72609256118349 13.49905138926254
  endloop
endfacet
facet normal -7.89313241595488e-08 4.755045614455875e-07 0.9999999999998839
  outer loop
    vertex 1082.3009960260167 122.72609256118349 13.49905138926254
    vertex 1082.3009960260167 119.82695475831885 13.499052767815789
    vertex 1082.725564927449 119.5011715819932 13.49905295623896
  endloop
endfacet
facet normal -7.89313241595488e-08 4.755045614455875e-07 0.9999999999998839
  outer loop
    vertex 1082.3009960260167 122.72609256118349 13.49905138926254
    vertex 1082.725564927449 119.5011715819932 13.49905295623896
    vertex 1082.7255649274493 123.05187573750915 13.499051267862939
  endloop
endfacet
facet normal -7.89313241595488e-08 4.755045614455875e-07 0.9999999999998839
  outer loop
    vertex 1082.7255649274493 123.05187573750915 13.499051267862939
    vertex 1082.725564927449 119.5011715819932 13.49905295623896
    vertex 1083.219985884989 119.29637571585874 13.49905309264563
  endloop
endfacet
facet normal -7.89313241595488e-08 4.755045614455875e-07 0.9999999999998839
  outer loop
    vertex 1082.7255649274493 123.05187573750915 13.499051267862939
    vertex 1083.219985884989 119.29637571585874 13.49905309264563
    vertex 1083.219985884989 123.25667160364364 13.499051209506867
  endloop
endfacet
facet normal -7.89313241595488e-08 4.755045614455875e-07 0.9999999999998839
  outer loop
    vertex 1083.219985884989 123.25667160364364 13.499051209506867
    vertex 1083.219985884989 119.29637571585874 13.49905309264563
    vertex 1083.7505649274492 119.22652365975136 13.499053167739904
  endloop
endfacet
facet normal -7.89313241595488e-08 4.755045614455875e-07 0.9999999999998839
  outer loop
    vertex 1083.219985884989 123.25667160364364 13.499051209506867
    vertex 1083.7505649274492 119.22652365975136 13.499053167739904
    vertex 1083.7505649274492 123.32652365975106 13.499051218171203
  endloop
endfacet
facet normal -7.89313241595488e-08 4.755045614455875e-07 0.9999999999998839
  outer loop
    vertex 1083.7505649274492 123.32652365975106 13.499051218171203
    vertex 1083.7505649274492 119.22652365975136 13.499053167739904
    vertex 1084.2811439699094 119.29637571585879 13.49905317640424
  endloop
endfacet
facet normal -7.89313241595488e-08 4.755045614455875e-07 0.9999999999998839
  outer loop
    vertex 1083.7505649274492 123.32652365975106 13.499051218171203
    vertex 1084.2811439699094 119.29637571585879 13.49905317640424
    vertex 1084.2811439699094 123.25667160364368 13.499051293265484
  endloop
endfacet
facet normal -7.89313241595488e-08 4.755045614455875e-07 0.9999999999998839
  outer loop
    vertex 1084.2811439699094 123.25667160364368 13.499051293265484
    vertex 1084.2811439699094 119.29637571585879 13.49905317640424
    vertex 1084.775564927449 119.50117158199328 13.499053118048176
  endloop
endfacet
facet normal -7.89313241595488e-08 4.755045614455875e-07 0.9999999999998839
  outer loop
    vertex 1084.2811439699094 123.25667160364368 13.499051293265484
    vertex 1084.775564927449 119.50117158199328 13.499053118048176
    vertex 1084.7755649274493 123.05187573750922 13.499051429672152
  endloop
endfacet
facet normal -7.89313241595488e-08 4.755045614455875e-07 0.9999999999998839
  outer loop
    vertex 1084.7755649274493 123.05187573750922 13.499051429672152
    vertex 1084.775564927449 119.50117158199328 13.499053118048176
    vertex 1085.2001338288817 119.82695475831893 13.499052996648572
  endloop
endfacet
facet normal -7.89313241595488e-08 4.755045614455875e-07 0.9999999999998839
  outer loop
    vertex 1084.7755649274493 123.05187573750922 13.499051429672152
    vertex 1085.2001338288817 119.82695475831893 13.499052996648572
    vertex 1085.2001338288817 122.72609256118358 13.499051618095324
  endloop
endfacet
facet normal -7.89313241595488e-08 4.755045614455875e-07 0.9999999999998839
  outer loop
    vertex 1085.2001338288817 122.72609256118358 13.499051618095324
    vertex 1085.2001338288817 119.82695475831893 13.499052996648572
    vertex 1085.5259170052075 120.25152365975136 13.499052820478623
  endloop
endfacet
facet normal -7.89313241595488e-08 4.755045614455875e-07 0.9999999999998839
  outer loop
    vertex 1085.2001338288817 122.72609256118358 13.499051618095324
    vertex 1085.5259170052075 120.25152365975136 13.499052820478623
    vertex 1085.5259170052075 122.3015236597512 13.499051845694272
  endloop
endfacet
facet normal -7.89313241595488e-08 4.755045614455875e-07 0.9999999999998839
  outer loop
    vertex 1085.5259170052075 122.3015236597512 13.499051845694272
    vertex 1085.5259170052075 120.25152365975136 13.499052820478623
    vertex 1085.730712871342 120.74594461729114 13.499052601544012
  endloop
endfacet
facet normal -7.89313241595488e-08 4.755045614455875e-07 0.9999999999998839
  outer loop
    vertex 1085.5259170052075 122.3015236597512 13.499051845694272
    vertex 1085.730712871342 120.74594461729114 13.499052601544012
    vertex 1085.730712871342 121.80710270221141 13.499052096958497
  endloop
endfacet
facet normal -7.89313241595488e-08 4.755045614455875e-07 0.9999999999998839
  outer loop
    vertex 1085.730712871342 121.80710270221141 13.499052096958497
    vertex 1085.730712871342 120.74594461729114 13.499052601544012
    vertex 1085.8005649274494 121.27652365975128 13.499052354764768
  endloop
endfacet
facet normal -0.608761429008822 -0.793353340291089 3.2919278645761897e-07
  outer loop
    vertex 1085.2001338288817 122.72609256118358 13.499051618095324
    vertex 1084.7755642958152 123.05188028385956 22.799051429671003
    vertex 1084.7755649274493 123.05187573750922 13.499051429672152
  endloop
endfacet
facet normal -0.608761429008822 -0.793353340291089 3.2919278645761897e-07
  outer loop
    vertex 1084.7755642958152 123.05188028385956 22.799051429671003
    vertex 1085.2001338288817 122.72609256118358 13.499051618095324
    vertex 1085.2001331972476 122.72609710753392 22.799051618094175
  endloop
endfacet
facet normal -0.38268343236501584 -0.9238795325112269 4.0910322188486103e-07
  outer loop
    vertex 1084.7755649274493 123.05187573750922 13.499051429672152
    vertex 1084.2811433382753 123.25667614999402 22.799051293264334
    vertex 1084.2811439699094 123.25667160364368 13.499051293265484
  endloop
endfacet
facet normal -0.38268343236501584 -0.9238795325112269 4.0910322188486103e-07
  outer loop
    vertex 1084.2811433382753 123.25667614999402 22.799051293264334
    vertex 1084.7755649274493 123.05187573750922 13.499051429672152
    vertex 1084.7755642958152 123.05188028385956 22.799051429671003
  endloop
endfacet
facet normal -0.13052619222005096 -0.9914448613737035 4.6113394881560535e-07
  outer loop
    vertex 1084.2811439699094 123.25667160364368 13.499051293265484
    vertex 1083.7505642958151 123.3265282061014 22.799051218170057
    vertex 1083.7505649274492 123.32652365975106 13.499051218171203
  endloop
endfacet
facet normal -0.13052619222005096 -0.9914448613737035 4.6113394881560535e-07
  outer loop
    vertex 1083.7505642958151 123.3265282061014 22.799051218170057
    vertex 1084.2811439699094 123.25667160364368 13.499051293265484
    vertex 1084.2811433382753 123.25667614999402 22.799051293264334
  endloop
endfacet
facet normal 0.13052619222006065 -0.9914448613736923 4.817391591944679e-07
  outer loop
    vertex 1083.7505649274492 123.32652365975106 13.499051218171203
    vertex 1083.219985253355 123.25667614999398 22.799051209505723
    vertex 1083.219985884989 123.25667160364364 13.499051209506867
  endloop
endfacet
facet normal 0.13052619222006065 -0.9914448613736923 4.817391591944679e-07
  outer loop
    vertex 1083.219985253355 123.25667614999398 22.799051209505723
    vertex 1083.7505649274492 123.32652365975106 13.499051218171203
    vertex 1083.7505642958151 123.3265282061014 22.799051218170057
  endloop
endfacet
facet normal 0.3826834323651119 -0.9238795325111584 4.6951464198582673e-07
  outer loop
    vertex 1083.219985253355 123.25667614999398 22.799051209505723
    vertex 1082.7255649274493 123.05187573750915 13.499051267862939
    vertex 1083.219985884989 123.25667160364364 13.499051209506867
  endloop
endfacet
facet normal 0.3826834323651119 -0.9238795325111584 4.6951464198582673e-07
  outer loop
    vertex 1082.7255649274493 123.05187573750915 13.499051267862939
    vertex 1083.219985253355 123.25667614999398 22.799051209505723
    vertex 1082.7255642958153 123.05188028385949 22.799051267861792
  endloop
endfacet
facet normal 0.6087614290086483 -0.7933533402911765 4.2529347783550904e-07
  outer loop
    vertex 1082.7255642958153 123.05188028385949 22.799051267861792
    vertex 1082.3009960260167 122.72609256118349 13.49905138926254
    vertex 1082.7255649274493 123.05187573750915 13.499051267862939
  endloop
endfacet
facet normal 0.6087614290086483 -0.7933533402911765 4.2529347783550904e-07
  outer loop
    vertex 1082.3009960260167 122.72609256118349 13.49905138926254
    vertex 1082.7255642958153 123.05188028385949 22.799051267861792
    vertex 1082.3009953943827 122.72609710753383 22.799051389261393
  endloop
endfacet
facet normal 0.7933533402911644 -0.6087614290087112 3.520892660014e-07
  outer loop
    vertex 1082.3009960260167 122.72609256118349 13.49905138926254
    vertex 1081.9752122180569 122.30152820610141 22.79905156543134
    vertex 1081.975212849691 122.30152365975107 13.49905156543249
  endloop
endfacet
facet normal 0.7933533402911644 -0.6087614290087112 3.520892660014e-07
  outer loop
    vertex 1081.9752122180569 122.30152820610141 22.79905156543134
    vertex 1082.3009960260167 122.72609256118349 13.49905138926254
    vertex 1082.3009953943827 122.72609710753383 22.799051389261393
  endloop
endfacet
facet normal 0.9238795325113643 -0.38268343236481817 2.548907525441815e-07
  outer loop
    vertex 1081.975212849691 122.30152365975107 13.49905156543249
    vertex 1081.7704163519227 121.80710724856162 22.799051784365954
    vertex 1081.7704169835565 121.80710270221127 13.499051784367103
  endloop
endfacet
facet normal 0.9238795325113643 -0.38268343236481817 2.548907525441815e-07
  outer loop
    vertex 1081.7704163519227 121.80710724856162 22.799051784365954
    vertex 1081.975212849691 122.30152365975107 13.49905156543249
    vertex 1081.9752122180569 122.30152820610141 22.79905156543134
  endloop
endfacet
facet normal 0.9914448613737933 -0.13052619222010642 1.4032185552821423e-07
  outer loop
    vertex 1081.7704169835565 121.80710270221127 13.499051784367103
    vertex 1081.7005642958152 121.27652820610149 22.799052031145195
    vertex 1081.7005649274492 121.27652365975115 13.49905203114634
  endloop
endfacet
facet normal 0.9914448613737933 -0.13052619222010642 1.4032185552821423e-07
  outer loop
    vertex 1081.7005642958152 121.27652820610149 22.799052031145195
    vertex 1081.7704169835565 121.80710270221127 13.499051784367103
    vertex 1081.7704163519227 121.80710724856162 22.799051784365954
  endloop
endfacet
facet normal 0.9914448613737935 0.13052619222017955 1.619025595059675e-08
  outer loop
    vertex 1081.7005649274492 121.27652365975115 13.49905203114634
    vertex 1081.7704163519227 120.74594916364136 22.799052288951465
    vertex 1081.7704169835565 120.74594461729102 13.49905228895261
  endloop
endfacet
facet normal 0.9914448613737935 0.13052619222017955 1.619025595059675e-08
  outer loop
    vertex 1081.7704163519227 120.74594916364136 22.799052288951465
    vertex 1081.7005649274492 121.27652365975115 13.49905203114634
    vertex 1081.7005642958152 121.27652820610149 22.799052031145195
  endloop
endfacet
facet normal 0.9238795325113685 0.3826834323648773 -1.0904468281413855e-07
  outer loop
    vertex 1081.7704169835565 120.74594461729102 13.49905228895261
    vertex 1081.9752122180569 120.25152820610157 22.799052540215694
    vertex 1081.975212849691 120.25152365975121 13.49905254021684
  endloop
endfacet
facet normal 0.9238795325113685 0.3826834323648773 -1.0904468281413855e-07
  outer loop
    vertex 1081.9752122180569 120.25152820610157 22.799052540215694
    vertex 1081.7704169835565 120.74594461729102 13.49905228895261
    vertex 1081.7704163519227 120.74594916364136 22.799052288951465
  endloop
endfacet
facet normal 0.79335334029115 0.6087614290087894 -2.268484066502583e-07
  outer loop
    vertex 1081.975212849691 120.25152365975121 13.49905254021684
    vertex 1082.3009953943827 119.82695930466919 22.79905276781464
    vertex 1082.3009960260167 119.82695475831885 13.499052767815789
  endloop
endfacet
facet normal 0.79335334029115 0.6087614290087894 -2.268484066502583e-07
  outer loop
    vertex 1082.3009953943827 119.82695930466919 22.79905276781464
    vertex 1081.975212849691 120.25152365975121 13.49905254021684
    vertex 1081.9752122180569 120.25152820610157 22.799052540215694
  endloop
endfacet
facet normal 0.608761429008822 0.793353340291089 -3.2919278645761897e-07
  outer loop
    vertex 1082.3009953943827 119.82695930466919 22.79905276781464
    vertex 1082.725564927449 119.5011715819932 13.49905295623896
    vertex 1082.3009960260167 119.82695475831885 13.499052767815789
  endloop
endfacet
facet normal 0.608761429008822 0.793353340291089 -3.2919278645761897e-07
  outer loop
    vertex 1082.725564927449 119.5011715819932 13.49905295623896
    vertex 1082.3009953943827 119.82695930466919 22.79905276781464
    vertex 1082.725564295815 119.50117612834354 22.799052956237812
  endloop
endfacet
facet normal 0.38268343236501584 0.9238795325112269 -4.0910322188486103e-07
  outer loop
    vertex 1082.725564295815 119.50117612834354 22.799052956237812
    vertex 1083.219985884989 119.29637571585874 13.49905309264563
    vertex 1082.725564927449 119.5011715819932 13.49905295623896
  endloop
endfacet
facet normal 0.38268343236501584 0.9238795325112269 -4.0910322188486103e-07
  outer loop
    vertex 1083.219985884989 119.29637571585874 13.49905309264563
    vertex 1082.725564295815 119.50117612834354 22.799052956237812
    vertex 1083.219985253355 119.29638026220908 22.79905309264448
  endloop
endfacet
facet normal 0.13052619222005096 0.9914448613737035 -4.6113394881560535e-07
  outer loop
    vertex 1083.219985253355 119.29638026220908 22.79905309264448
    vertex 1083.7505649274492 119.22652365975136 13.499053167739904
    vertex 1083.219985884989 119.29637571585874 13.49905309264563
  endloop
endfacet
facet normal 0.13052619222005096 0.9914448613737035 -4.6113394881560535e-07
  outer loop
    vertex 1083.7505649274492 119.22652365975136 13.499053167739904
    vertex 1083.219985253355 119.29638026220908 22.79905309264448
    vertex 1083.7505642958151 119.2265282061017 22.79905316773876
  endloop
endfacet
facet normal -0.13052619222006065 0.9914448613736923 -4.817391591944679e-07
  outer loop
    vertex 1083.7505642958151 119.2265282061017 22.79905316773876
    vertex 1084.2811439699094 119.29637571585879 13.49905317640424
    vertex 1083.7505649274492 119.22652365975136 13.499053167739904
  endloop
endfacet
facet normal -0.13052619222006065 0.9914448613736923 -4.817391591944679e-07
  outer loop
    vertex 1084.2811439699094 119.29637571585879 13.49905317640424
    vertex 1083.7505642958151 119.2265282061017 22.79905316773876
    vertex 1084.2811433382753 119.29638026220913 22.799053176403095
  endloop
endfacet
facet normal -0.3826834323651119 0.9238795325111584 -4.6951464198582673e-07
  outer loop
    vertex 1084.2811439699094 119.29637571585879 13.49905317640424
    vertex 1084.7755642958152 119.50117612834362 22.799053118047027
    vertex 1084.775564927449 119.50117158199328 13.499053118048176
  endloop
endfacet
facet normal -0.3826834323651119 0.9238795325111584 -4.6951464198582673e-07
  outer loop
    vertex 1084.7755642958152 119.50117612834362 22.799053118047027
    vertex 1084.2811439699094 119.29637571585879 13.49905317640424
    vertex 1084.2811433382753 119.29638026220913 22.799053176403095
  endloop
endfacet
facet normal -0.6087614290086483 0.7933533402911765 -4.2529347783550904e-07
  outer loop
    vertex 1084.775564927449 119.50117158199328 13.499053118048176
    vertex 1085.2001331972476 119.82695930466929 22.799052996647426
    vertex 1085.2001338288817 119.82695475831893 13.499052996648572
  endloop
endfacet
facet normal -0.6087614290086483 0.7933533402911765 -4.2529347783550904e-07
  outer loop
    vertex 1085.2001331972476 119.82695930466929 22.799052996647426
    vertex 1084.775564927449 119.50117158199328 13.499053118048176
    vertex 1084.7755642958152 119.50117612834362 22.799053118047027
  endloop
endfacet
facet normal -0.7933533402911644 0.6087614290087112 -3.520892660014e-07
  outer loop
    vertex 1085.2001331972476 119.82695930466929 22.799052996647426
    vertex 1085.5259170052075 120.25152365975136 13.499052820478623
    vertex 1085.2001338288817 119.82695475831893 13.499052996648572
  endloop
endfacet
facet normal -0.7933533402911644 0.6087614290087112 -3.520892660014e-07
  outer loop
    vertex 1085.5259170052075 120.25152365975136 13.499052820478623
    vertex 1085.2001331972476 119.82695930466929 22.799052996647426
    vertex 1085.5259163735734 120.2515282061017 22.799052820477474
  endloop
endfacet
facet normal -0.9238795325113643 0.38268343236481817 -2.548907525441815e-07
  outer loop
    vertex 1085.5259163735734 120.2515282061017 22.799052820477474
    vertex 1085.730712871342 120.74594461729114 13.499052601544012
    vertex 1085.5259170052075 120.25152365975136 13.499052820478623
  endloop
endfacet
facet normal -0.9238795325113643 0.38268343236481817 -2.548907525441815e-07
  outer loop
    vertex 1085.730712871342 120.74594461729114 13.499052601544012
    vertex 1085.5259163735734 120.2515282061017 22.799052820477474
    vertex 1085.7307122397078 120.7459491636415 22.799052601542865
  endloop
endfacet
facet normal -0.9914448613737933 0.13052619222010642 -1.4032185552821423e-07
  outer loop
    vertex 1085.7307122397078 120.7459491636415 22.799052601542865
    vertex 1085.8005649274494 121.27652365975128 13.499052354764768
    vertex 1085.730712871342 120.74594461729114 13.499052601544012
  endloop
endfacet
facet normal -0.9914448613737933 0.13052619222010642 -1.4032185552821423e-07
  outer loop
    vertex 1085.8005649274494 121.27652365975128 13.499052354764768
    vertex 1085.7307122397078 120.7459491636415 22.799052601542865
    vertex 1085.8005642958153 121.27652820610163 22.799052354763624
  endloop
endfacet
facet normal -0.9914448613737935 -0.13052619222017955 -1.619025595059675e-08
  outer loop
    vertex 1085.8005642958153 121.27652820610163 22.799052354763624
    vertex 1085.730712871342 121.80710270221141 13.499052096958497
    vertex 1085.8005649274494 121.27652365975128 13.499052354764768
  endloop
endfacet
facet normal -0.9914448613737935 -0.13052619222017955 -1.619025595059675e-08
  outer loop
    vertex 1085.730712871342 121.80710270221141 13.499052096958497
    vertex 1085.8005642958153 121.27652820610163 22.799052354763624
    vertex 1085.7307122397078 121.80710724856175 22.799052096957354
  endloop
endfacet
facet normal -0.9238795325113685 -0.3826834323648773 1.0904468281413855e-07
  outer loop
    vertex 1085.7307122397078 121.80710724856175 22.799052096957354
    vertex 1085.5259170052075 122.3015236597512 13.499051845694272
    vertex 1085.730712871342 121.80710270221141 13.499052096958497
  endloop
endfacet
facet normal -0.9238795325113685 -0.3826834323648773 1.0904468281413855e-07
  outer loop
    vertex 1085.5259170052075 122.3015236597512 13.499051845694272
    vertex 1085.7307122397078 121.80710724856175 22.799052096957354
    vertex 1085.5259163735734 122.30152820610155 22.799051845693125
  endloop
endfacet
facet normal -0.79335334029115 -0.6087614290087894 2.268484066502583e-07
  outer loop
    vertex 1085.5259163735734 122.30152820610155 22.799051845693125
    vertex 1085.2001338288817 122.72609256118358 13.499051618095324
    vertex 1085.5259170052075 122.3015236597512 13.499051845694272
  endloop
endfacet
facet normal -0.79335334029115 -0.6087614290087894 2.268484066502583e-07
  outer loop
    vertex 1085.2001338288817 122.72609256118358 13.499051618095324
    vertex 1085.5259163735734 122.30152820610155 22.799051845693125
    vertex 1085.2001331972476 122.72609710753392 22.799051618094175
  endloop
endfacet
facet normal 0.38268343236510094 0.9238795325111916 -4.0910322229052125e-07
  outer loop
    vertex 1082.9505643132688 196.49046942946288 22.79776617457587
    vertex 1083.3364544962114 196.33062406569658 13.200380016065578
    vertex 1082.9505649683754 196.49046474170396 13.200379909601837
  endloop
endfacet
facet normal 0.38268343236510094 0.9238795325111916 -4.0910322229052125e-07
  outer loop
    vertex 1083.3364544962114 196.33062406569658 13.200380016065578
    vertex 1082.9505643132688 196.49046942946288 22.79776617457587
    vertex 1083.3364538411047 196.3306287534555 22.79776628103961
  endloop
endfacet
facet normal 0.130526192220053 0.991444861373703 -4.6113394900532083e-07
  outer loop
    vertex 1083.3364538411047 196.3306287534555 22.79776628103961
    vertex 1083.7505649683756 196.27610538775912 13.200380074675744
    vertex 1083.3364544962114 196.33062406569658 13.200380016065578
  endloop
endfacet
facet normal 0.130526192220053 0.991444861373703 -4.6113394900532083e-07
  outer loop
    vertex 1083.7505649683756 196.27610538775912 13.200380074675744
    vertex 1083.3364538411047 196.3306287534555 22.79776628103961
    vertex 1083.7505643132688 196.27611007551803 22.79776633964978
  endloop
endfacet
facet normal -0.1305261922200329 0.9914448613736959 -4.817391591552866e-07
  outer loop
    vertex 1083.7505643132688 196.27611007551803 22.79776633964978
    vertex 1084.1646754405394 196.3306240656966 13.200380081438153
    vertex 1083.7505649683756 196.27610538775912 13.200380074675744
  endloop
endfacet
facet normal -0.1305261922200329 0.9914448613736959 -4.817391591552866e-07
  outer loop
    vertex 1084.1646754405394 196.3306240656966 13.200380081438153
    vertex 1083.7505643132688 196.27611007551803 22.79776633964978
    vertex 1084.164674785433 196.33062875345553 22.797766346412185
  endloop
endfacet
facet normal -0.382683432365134 0.9238795325111493 -4.6951464172041664e-07
  outer loop
    vertex 1084.1646754405394 196.3306240656966 13.200380081438153
    vertex 1084.5505643132688 196.49046942946293 22.797766300865987
    vertex 1084.5505649683755 196.49046474170402 13.200380035891955
  endloop
endfacet
facet normal -0.382683432365134 0.9238795325111493 -4.6951464172041664e-07
  outer loop
    vertex 1084.5505643132688 196.49046942946293 22.797766300865987
    vertex 1084.1646754405394 196.3306240656966 13.200380081438153
    vertex 1084.164674785433 196.33062875345553 22.797766346412185
  endloop
endfacet
facet normal -0.6087614290086449 0.7933533402911794 -4.252934773619631e-07
  outer loop
    vertex 1084.5505649683755 196.49046474170402 13.200380035891955
    vertex 1084.8819351631673 196.74473922561953 22.797766206115078
    vertex 1084.881935818274 196.7447345378606 13.200379941141042
  endloop
endfacet
facet normal -0.6087614290086449 0.7933533402911794 -4.252934773619631e-07
  outer loop
    vertex 1084.8819351631673 196.74473922561953 22.797766206115078
    vertex 1084.5505649683755 196.49046474170402 13.200380035891955
    vertex 1084.5505643132688 196.49046942946293 22.797766300865987
  endloop
endfacet
facet normal -0.7933533402912651 0.6087614290085799 -3.520892653519304e-07
  outer loop
    vertex 1084.8819351631673 196.74473922561953 22.797766206115078
    vertex 1085.1362056144305 197.07610538775907 13.200379803642544
    vertex 1084.881935818274 196.7447345378606 13.200379941141042
  endloop
endfacet
facet normal -0.7933533402912651 0.6087614290085799 -3.520892653519304e-07
  outer loop
    vertex 1085.1362056144305 197.07610538775907 13.200379803642544
    vertex 1084.8819351631673 196.74473922561953 22.797766206115078
    vertex 1085.136204959324 197.076110075518 22.79776606861658
  endloop
endfacet
facet normal -0.9238795325112537 0.38268343236508534 -2.548907517632732e-07
  outer loop
    vertex 1085.136204959324 197.076110075518 22.79776606861658
    vertex 1085.296046290438 197.461994915595 13.200379632766749
    vertex 1085.1362056144305 197.07610538775907 13.200379803642544
  endloop
endfacet
facet normal -0.9238795325112537 0.38268343236508534 -2.548907517632732e-07
  outer loop
    vertex 1085.296046290438 197.461994915595 13.200379632766749
    vertex 1085.136204959324 197.076110075518 22.79776606861658
    vertex 1085.2960456353314 197.46199960335392 22.797765897740785
  endloop
endfacet
facet normal -0.9914448613738268 0.13052619221985207 -1.403218546686835e-07
  outer loop
    vertex 1085.2960456353314 197.46199960335392 22.797765897740785
    vertex 1085.3505649683755 197.876105387759 13.200379440158565
    vertex 1085.296046290438 197.461994915595 13.200379632766749
  endloop
endfacet
facet normal -0.9914448613738268 0.13052619221985207 -1.403218546686835e-07
  outer loop
    vertex 1085.3505649683755 197.876105387759 13.200379440158565
    vertex 1085.2960456353314 197.46199960335392 22.797765897740785
    vertex 1085.350564313269 197.87611007551791 22.797765705132598
  endloop
endfacet
facet normal -0.9914448613738271 -0.1305261922199252 -1.6190255071489577e-08
  outer loop
    vertex 1085.350564313269 197.87611007551791 22.797765705132598
    vertex 1085.296046290438 198.29021585992297 13.200379238943913
    vertex 1085.3505649683755 197.876105387759 13.200379440158565
  endloop
endfacet
facet normal -0.9914448613738271 -0.1305261922199252 -1.6190255071489577e-08
  outer loop
    vertex 1085.296046290438 198.29021585992297 13.200379238943913
    vertex 1085.350564313269 197.87611007551791 22.797765705132598
    vertex 1085.2960456353314 198.29022054768188 22.797765503917947
  endloop
endfacet
facet normal -0.9238795325112577 -0.38268343236514446 1.0904468365340527e-07
  outer loop
    vertex 1085.2960456353314 198.29022054768188 22.797765503917947
    vertex 1085.1362056144305 198.6761053877589 13.200379042835248
    vertex 1085.296046290438 198.29021585992297 13.200379238943913
  endloop
endfacet
facet normal -0.9238795325112577 -0.38268343236514446 1.0904468365340527e-07
  outer loop
    vertex 1085.1362056144305 198.6761053877589 13.200379042835248
    vertex 1085.2960456353314 198.29022054768188 22.797765503917947
    vertex 1085.136204959324 198.6761100755178 22.797765307809282
  endloop
endfacet
facet normal -0.7933533402912419 -0.6087614290086695 2.2684840739203976e-07
  outer loop
    vertex 1085.136204959324 198.6761100755178 22.797765307809282
    vertex 1084.881935818274 199.00747623765733 13.200378865197044
    vertex 1085.1362056144305 198.6761053877589 13.200379042835248
  endloop
endfacet
facet normal -0.7933533402912419 -0.6087614290086695 2.2684840739203976e-07
  outer loop
    vertex 1084.881935818274 199.00747623765733 13.200378865197044
    vertex 1085.136204959324 198.6761100755178 22.797765307809282
    vertex 1084.8819351631673 199.00748092541625 22.79776513017108
  endloop
endfacet
facet normal -0.6087614290086484 -0.7933533402912224 3.291927870517011e-07
  outer loop
    vertex 1084.881935818274 199.00747623765733 13.200378865197044
    vertex 1084.5505643132688 199.2617507215728 22.79776498310909
    vertex 1084.5505649683755 199.2617460338139 13.200378718135058
  endloop
endfacet
facet normal -0.6087614290086484 -0.7933533402912224 3.291927870517011e-07
  outer loop
    vertex 1084.5505643132688 199.2617507215728 22.79776498310909
    vertex 1084.881935818274 199.00747623765733 13.200378865197044
    vertex 1084.8819351631673 199.00748092541625 22.79776513017108
  endloop
endfacet
facet normal -0.38268343236510094 -0.9238795325111916 4.0910322229052125e-07
  outer loop
    vertex 1084.5505649683755 199.2617460338139 13.200378718135058
    vertex 1084.164674785433 199.4215913975802 22.79776487664535
    vertex 1084.1646754405394 199.42158670982127 13.200378611671319
  endloop
endfacet
facet normal -0.38268343236510094 -0.9238795325111916 4.0910322229052125e-07
  outer loop
    vertex 1084.164674785433 199.4215913975802 22.79776487664535
    vertex 1084.5505649683755 199.2617460338139 13.200378718135058
    vertex 1084.5505643132688 199.2617507215728 22.79776498310909
  endloop
endfacet
facet normal -0.130526192220053 -0.991444861373703 4.6113394900532083e-07
  outer loop
    vertex 1084.1646754405394 199.42158670982127 13.200378611671319
    vertex 1083.7505643132688 199.47611007551765 22.79776481803518
    vertex 1083.7505649683756 199.47610538775874 13.200378553061146
  endloop
endfacet
facet normal -0.130526192220053 -0.991444861373703 4.6113394900532083e-07
  outer loop
    vertex 1083.7505643132688 199.47611007551765 22.79776481803518
    vertex 1084.1646754405394 199.42158670982127 13.200378611671319
    vertex 1084.164674785433 199.4215913975802 22.79776487664535
  endloop
endfacet
facet normal 0.1305261922200329 -0.9914448613736959 4.817391591552866e-07
  outer loop
    vertex 1083.7505649683756 199.47610538775874 13.200378553061146
    vertex 1083.3364538411047 199.42159139758016 22.797764811272774
    vertex 1083.3364544962114 199.42158670982124 13.200378546298742
  endloop
endfacet
facet normal 0.1305261922200329 -0.9914448613736959 4.817391591552866e-07
  outer loop
    vertex 1083.3364538411047 199.42159139758016 22.797764811272774
    vertex 1083.7505649683756 199.47610538775874 13.200378553061146
    vertex 1083.7505643132688 199.47611007551765 22.79776481803518
  endloop
endfacet
facet normal 0.382683432365134 -0.9238795325111493 4.6951464172041664e-07
  outer loop
    vertex 1083.3364538411047 199.42159139758016 22.797764811272774
    vertex 1082.9505649683754 199.26174603381384 13.20037859184494
    vertex 1083.3364544962114 199.42158670982124 13.200378546298742
  endloop
endfacet
facet normal 0.382683432365134 -0.9238795325111493 4.6951464172041664e-07
  outer loop
    vertex 1082.9505649683754 199.26174603381384 13.20037859184494
    vertex 1083.3364538411047 199.42159139758016 22.797764811272774
    vertex 1082.9505643132688 199.26175072157275 22.797764856818972
  endloop
endfacet
facet normal 0.6087614290086449 -0.7933533402911794 4.252934773619631e-07
  outer loop
    vertex 1082.9505643132688 199.26175072157275 22.797764856818972
    vertex 1082.619194118477 199.00747623765724 13.20037868659585
    vertex 1082.9505649683754 199.26174603381384 13.20037859184494
  endloop
endfacet
facet normal 0.6087614290086449 -0.7933533402911794 4.252934773619631e-07
  outer loop
    vertex 1082.619194118477 199.00747623765724 13.20037868659585
    vertex 1082.9505643132688 199.26175072157275 22.797764856818972
    vertex 1082.6191934633703 199.00748092541616 22.797764951569885
  endloop
endfacet
facet normal 0.7933533402912651 -0.6087614290085799 3.520892653519304e-07
  outer loop
    vertex 1082.619194118477 199.00747623765724 13.20037868659585
    vertex 1082.3649236672136 198.67611007551767 22.79776508906838
    vertex 1082.3649243223203 198.67610538775875 13.200378824094345
  endloop
endfacet
facet normal 0.7933533402912651 -0.6087614290085799 3.520892653519304e-07
  outer loop
    vertex 1082.3649236672136 198.67611007551767 22.79776508906838
    vertex 1082.619194118477 199.00747623765724 13.20037868659585
    vertex 1082.6191934633703 199.00748092541616 22.797764951569885
  endloop
endfacet
facet normal 0.9238795325112537 -0.38268343236508534 2.548907517632732e-07
  outer loop
    vertex 1082.3649243223203 198.67610538775875 13.200378824094345
    vertex 1082.2050829912062 198.29022054768177 22.79776525994418
    vertex 1082.205083646313 198.29021585992285 13.200378994970142
  endloop
endfacet
facet normal 0.9238795325112537 -0.38268343236508534 2.548907517632732e-07
  outer loop
    vertex 1082.2050829912062 198.29022054768177 22.79776525994418
    vertex 1082.3649243223203 198.67610538775875 13.200378824094345
    vertex 1082.3649236672136 198.67611007551767 22.79776508906838
  endloop
endfacet
facet normal 0.9914448613738268 -0.13052619221985207 1.403218546686835e-07
  outer loop
    vertex 1082.205083646313 198.29021585992285 13.200378994970142
    vertex 1082.150564313269 197.87611007551777 22.797765452552362
    vertex 1082.1505649683754 197.87610538775886 13.20037918757833
  endloop
endfacet
facet normal 0.9914448613738268 -0.13052619221985207 1.403218546686835e-07
  outer loop
    vertex 1082.150564313269 197.87611007551777 22.797765452552362
    vertex 1082.205083646313 198.29021585992285 13.200378994970142
    vertex 1082.2050829912062 198.29022054768177 22.79776525994418
  endloop
endfacet
facet normal 0.9914448613738271 0.1305261922199252 1.6190255071489577e-08
  outer loop
    vertex 1082.1505649683754 197.87610538775886 13.20037918757833
    vertex 1082.2050829912062 197.46199960335377 22.797765653767012
    vertex 1082.205083646313 197.46199491559486 13.200379388792978
  endloop
endfacet
facet normal 0.9914448613738271 0.1305261922199252 1.6190255071489577e-08
  outer loop
    vertex 1082.2050829912062 197.46199960335377 22.797765653767012
    vertex 1082.1505649683754 197.87610538775886 13.20037918757833
    vertex 1082.150564313269 197.87611007551777 22.797765452552362
  endloop
endfacet
facet normal 0.9238795325112577 0.38268343236514446 -1.0904468365340527e-07
  outer loop
    vertex 1082.205083646313 197.46199491559486 13.200379388792978
    vertex 1082.3649236672136 197.07611007551787 22.79776584987568
    vertex 1082.3649243223203 197.07610538775896 13.200379584901647
  endloop
endfacet
facet normal 0.9238795325112577 0.38268343236514446 -1.0904468365340527e-07
  outer loop
    vertex 1082.3649236672136 197.07611007551787 22.79776584987568
    vertex 1082.205083646313 197.46199491559486 13.200379388792978
    vertex 1082.2050829912062 197.46199960335377 22.797765653767012
  endloop
endfacet
facet normal 0.7933533402912419 0.6087614290086695 -2.2684840739203976e-07
  outer loop
    vertex 1082.3649243223203 197.07610538775896 13.200379584901647
    vertex 1082.6191934633703 196.74473922561944 22.797766027513884
    vertex 1082.619194118477 196.74473453786052 13.200379762539848
  endloop
endfacet
facet normal 0.7933533402912419 0.6087614290086695 -2.2684840739203976e-07
  outer loop
    vertex 1082.6191934633703 196.74473922561944 22.797766027513884
    vertex 1082.3649243223203 197.07610538775896 13.200379584901647
    vertex 1082.3649236672136 197.07611007551787 22.79776584987568
  endloop
endfacet
facet normal 0.6087614290086484 0.7933533402912224 -3.291927870517011e-07
  outer loop
    vertex 1082.6191934633703 196.74473922561944 22.797766027513884
    vertex 1082.9505649683754 196.49046474170396 13.200379909601837
    vertex 1082.619194118477 196.74473453786052 13.200379762539848
  endloop
endfacet
facet normal 0.6087614290086484 0.7933533402912224 -3.291927870517011e-07
  outer loop
    vertex 1082.9505649683754 196.49046474170396 13.200379909601837
    vertex 1082.6191934633703 196.74473922561944 22.797766027513884
    vertex 1082.9505643132688 196.49046942946288 22.79776617457587
  endloop
endfacet
facet normal -0.9914448613738268 0.13052619221985207 -1.403218546686835e-07
  outer loop
    vertex 998.996046825811 197.46200088958597 22.79773953355624
    vertex 999.0505661588467 197.87610667404851 13.200473717609336
    vertex 998.9960474809093 197.46199620188452 13.200473910217523
  endloop
endfacet
facet normal -0.9914448613738268 0.13052619221985207 -1.403218546686835e-07
  outer loop
    vertex 999.0505661588467 197.87610667404851 13.200473717609336
    vertex 998.996046825811 197.46200088958597 22.79773953355624
    vertex 999.0505655037485 197.87611136174996 22.797739340948052
  endloop
endfacet
facet normal -0.9914448613738271 -0.1305261922199252 -1.619025507148959e-08
  outer loop
    vertex 999.0505655037485 197.87611136174996 22.797739340948052
    vertex 998.9960474809093 198.29021714621248 13.200473516394686
    vertex 999.0505661588467 197.87610667404851 13.200473717609336
  endloop
endfacet
facet normal -0.9914448613738271 -0.1305261922199252 -1.619025507148959e-08
  outer loop
    vertex 998.9960474809093 198.29021714621248 13.200473516394686
    vertex 999.0505655037485 197.87611136174996 22.797739340948052
    vertex 998.996046825811 198.29022183391396 22.7977391397334
  endloop
endfacet
facet normal -0.9238795325112577 -0.38268343236514446 1.0904468365340527e-07
  outer loop
    vertex 998.996046825811 198.29022183391396 22.7977391397334
    vertex 998.8362068049018 198.6761066740484 13.20047332028602
    vertex 998.9960474809093 198.29021714621248 13.200473516394686
  endloop
endfacet
facet normal -0.9238795325112577 -0.38268343236514446 1.0904468365340527e-07
  outer loop
    vertex 998.8362068049018 198.6761066740484 13.20047332028602
    vertex 998.996046825811 198.29022183391396 22.7977391397334
    vertex 998.8362061498036 198.67611136174986 22.797738943624736
  endloop
endfacet
facet normal -0.7933533402912419 -0.6087614290086695 2.268484073920397e-07
  outer loop
    vertex 998.8362061498036 198.67611136174986 22.797738943624736
    vertex 998.5819370087452 199.00747752394685 13.200473142647818
    vertex 998.8362068049018 198.6761066740484 13.20047332028602
  endloop
endfacet
facet normal -0.7933533402912419 -0.6087614290086695 2.268484073920397e-07
  outer loop
    vertex 998.5819370087452 199.00747752394685 13.200473142647818
    vertex 998.8362061498036 198.67611136174986 22.797738943624736
    vertex 998.581936353647 199.0074822116483 22.797738765986534
  endloop
endfacet
facet normal -0.6087614290086484 -0.7933533402912224 3.2919278705170103e-07
  outer loop
    vertex 998.5819370087452 199.00747752394685 13.200473142647818
    vertex 998.2505655037486 199.26175200780486 22.797738618924544
    vertex 998.2505661588467 199.2617473201034 13.20047299558583
  endloop
endfacet
facet normal -0.6087614290086484 -0.7933533402912224 3.2919278705170103e-07
  outer loop
    vertex 998.2505655037486 199.26175200780486 22.797738618924544
    vertex 998.5819370087452 199.00747752394685 13.200473142647818
    vertex 998.581936353647 199.0074822116483 22.797738765986534
  endloop
endfacet
facet normal -0.38268343236510094 -0.9238795325111916 4.091032222905212e-07
  outer loop
    vertex 998.2505661588467 199.2617473201034 13.20047299558583
    vertex 997.8646759759126 199.42159268381224 22.797738512460803
    vertex 997.8646766310108 199.4215879961108 13.20047288912209
  endloop
endfacet
facet normal -0.38268343236510094 -0.9238795325111916 4.091032222905212e-07
  outer loop
    vertex 997.8646759759126 199.42159268381224 22.797738512460803
    vertex 998.2505661588467 199.2617473201034 13.20047299558583
    vertex 998.2505655037486 199.26175200780486 22.797738618924544
  endloop
endfacet
facet normal -0.130526192220053 -0.991444861373703 4.611339490053207e-07
  outer loop
    vertex 997.8646766310108 199.4215879961108 13.20047288912209
    vertex 997.4505655037485 199.4761113617497 22.797738453850634
    vertex 997.4505661588466 199.47610667404825 13.20047283051192
  endloop
endfacet
facet normal -0.130526192220053 -0.991444861373703 4.611339490053207e-07
  outer loop
    vertex 997.4505655037485 199.4761113617497 22.797738453850634
    vertex 997.8646766310108 199.4215879961108 13.20047288912209
    vertex 997.8646759759126 199.42159268381224 22.797738512460803
  endloop
endfacet
facet normal 0.1305261922200329 -0.9914448613736959 4.817391591552865e-07
  outer loop
    vertex 997.4505661588466 199.47610667404825 13.20047283051192
    vertex 997.0364550315845 199.4215926838122 22.79773844708823
    vertex 997.0364556866826 199.42158799611076 13.200472823749514
  endloop
endfacet
facet normal 0.1305261922200329 -0.9914448613736959 4.817391591552865e-07
  outer loop
    vertex 997.0364550315845 199.4215926838122 22.79773844708823
    vertex 997.4505661588466 199.47610667404825 13.20047283051192
    vertex 997.4505655037485 199.4761113617497 22.797738453850634
  endloop
endfacet
facet normal 0.382683432365134 -0.9238795325111493 4.6951464172041653e-07
  outer loop
    vertex 997.0364550315845 199.4215926838122 22.79773844708823
    vertex 996.6505661588467 199.26174732010335 13.200472869295712
    vertex 997.0364556866826 199.42158799611076 13.200472823749514
  endloop
endfacet
facet normal 0.382683432365134 -0.9238795325111493 4.6951464172041653e-07
  outer loop
    vertex 996.6505661588467 199.26174732010335 13.200472869295712
    vertex 997.0364550315845 199.4215926838122 22.79773844708823
    vertex 996.6505655037486 199.2617520078048 22.797738492634426
  endloop
endfacet
facet normal 0.6087614290086449 -0.7933533402911794 4.2529347736196304e-07
  outer loop
    vertex 996.6505655037486 199.2617520078048 22.797738492634426
    vertex 996.3191953089482 199.00747752394676 13.200472964046622
    vertex 996.6505661588467 199.26174732010335 13.200472869295712
  endloop
endfacet
facet normal 0.6087614290086449 -0.7933533402911794 4.2529347736196304e-07
  outer loop
    vertex 996.3191953089482 199.00747752394676 13.200472964046622
    vertex 996.6505655037486 199.2617520078048 22.797738492634426
    vertex 996.31919465385 199.0074822116482 22.797738587385336
  endloop
endfacet
facet normal 0.7933533402912651 -0.6087614290085799 3.5208926535193034e-07
  outer loop
    vertex 996.3191953089482 199.00747752394676 13.200472964046622
    vertex 996.0649248576934 198.67611136174975 22.797738724883835
    vertex 996.0649255127915 198.67610667404827 13.20047310154512
  endloop
endfacet
facet normal 0.7933533402912651 -0.6087614290085799 3.5208926535193034e-07
  outer loop
    vertex 996.0649248576934 198.67611136174975 22.797738724883835
    vertex 996.3191953089482 199.00747752394676 13.200472964046622
    vertex 996.31919465385 199.0074822116482 22.797738587385336
  endloop
endfacet
facet normal 0.9238795325112537 -0.38268343236508534 2.548907517632732e-07
  outer loop
    vertex 996.0649255127915 198.67610667404827 13.20047310154512
    vertex 995.905084181686 198.29022183391382 22.79773889575963
    vertex 995.9050848367841 198.29021714621237 13.200473272420915
  endloop
endfacet
facet normal 0.9238795325112537 -0.38268343236508534 2.548907517632732e-07
  outer loop
    vertex 995.905084181686 198.29022183391382 22.79773889575963
    vertex 996.0649255127915 198.67610667404827 13.20047310154512
    vertex 996.0649248576934 198.67611136174975 22.797738724883835
  endloop
endfacet
facet normal 0.9914448613738268 -0.13052619221985207 1.403218546686835e-07
  outer loop
    vertex 995.9050848367841 198.29021714621237 13.200473272420915
    vertex 995.8505655037485 197.87611136174982 22.797739088367816
    vertex 995.8505661588467 197.87610667404837 13.200473465029102
  endloop
endfacet
facet normal 0.9914448613738268 -0.13052619221985207 1.403218546686835e-07
  outer loop
    vertex 995.8505655037485 197.87611136174982 22.797739088367816
    vertex 995.9050848367841 198.29021714621237 13.200473272420915
    vertex 995.905084181686 198.29022183391382 22.79773889575963
  endloop
endfacet
facet normal 0.9914448613738271 0.1305261922199252 1.619025507148959e-08
  outer loop
    vertex 995.8505661588467 197.87610667404837 13.200473465029102
    vertex 995.905084181686 197.46200088958585 22.797739289582466
    vertex 995.9050848367841 197.46199620188438 13.200473666243752
  endloop
endfacet
facet normal 0.9914448613738271 0.1305261922199252 1.619025507148959e-08
  outer loop
    vertex 995.905084181686 197.46200088958585 22.797739289582466
    vertex 995.8505661588467 197.87610667404837 13.200473465029102
    vertex 995.8505655037485 197.87611136174982 22.797739088367816
  endloop
endfacet
facet normal 0.9238795325112577 0.38268343236514446 -1.0904468365340527e-07
  outer loop
    vertex 995.9050848367841 197.46199620188438 13.200473666243752
    vertex 996.0649248576934 197.07611136174992 22.797739485691135
    vertex 996.0649255127915 197.07610667404848 13.20047386235242
  endloop
endfacet
facet normal 0.9238795325112577 0.38268343236514446 -1.0904468365340527e-07
  outer loop
    vertex 996.0649248576934 197.07611136174992 22.797739485691135
    vertex 995.9050848367841 197.46199620188438 13.200473666243752
    vertex 995.905084181686 197.46200088958585 22.797739289582466
  endloop
endfacet
facet normal 0.7933533402912419 0.6087614290086695 -2.268484073920397e-07
  outer loop
    vertex 996.0649255127915 197.07610667404848 13.20047386235242
    vertex 996.31919465385 196.7447405118515 22.797739663329335
    vertex 996.3191953089482 196.74473582415004 13.20047403999062
  endloop
endfacet
facet normal 0.7933533402912419 0.6087614290086695 -2.268484073920397e-07
  outer loop
    vertex 996.31919465385 196.7447405118515 22.797739663329335
    vertex 996.0649255127915 197.07610667404848 13.20047386235242
    vertex 996.0649248576934 197.07611136174992 22.797739485691135
  endloop
endfacet
facet normal 0.6087614290086484 0.7933533402912224 -3.2919278705170103e-07
  outer loop
    vertex 996.31919465385 196.7447405118515 22.797739663329335
    vertex 996.6505661588467 196.49046602799348 13.20047418705261
    vertex 996.3191953089482 196.74473582415004 13.20047403999062
  endloop
endfacet
facet normal 0.6087614290086484 0.7933533402912224 -3.2919278705170103e-07
  outer loop
    vertex 996.6505661588467 196.49046602799348 13.20047418705261
    vertex 996.31919465385 196.7447405118515 22.797739663329335
    vertex 996.6505655037486 196.49047071569493 22.797739810391324
  endloop
endfacet
facet normal 0.38268343236510094 0.9238795325111916 -4.091032222905212e-07
  outer loop
    vertex 996.6505655037486 196.49047071569493 22.797739810391324
    vertex 997.0364556866826 196.3306253519861 13.200474293516349
    vertex 996.6505661588467 196.49046602799348 13.20047418705261
  endloop
endfacet
facet normal 0.38268343236510094 0.9238795325111916 -4.091032222905212e-07
  outer loop
    vertex 997.0364556866826 196.3306253519861 13.200474293516349
    vertex 996.6505655037486 196.49047071569493 22.797739810391324
    vertex 997.0364550315845 196.33063003968755 22.797739916855065
  endloop
endfacet
facet normal 0.130526192220053 0.991444861373703 -4.611339490053207e-07
  outer loop
    vertex 997.0364550315845 196.33063003968755 22.797739916855065
    vertex 997.4505661588466 196.27610667404863 13.200474352126518
    vertex 997.0364556866826 196.3306253519861 13.200474293516349
  endloop
endfacet
facet normal 0.130526192220053 0.991444861373703 -4.611339490053207e-07
  outer loop
    vertex 997.4505661588466 196.27610667404863 13.200474352126518
    vertex 997.0364550315845 196.33063003968755 22.797739916855065
    vertex 997.4505655037485 196.27611136175008 22.797739975465234
  endloop
endfacet
facet normal -0.1305261922200329 0.9914448613736959 -4.817391591552865e-07
  outer loop
    vertex 997.4505655037485 196.27611136175008 22.797739975465234
    vertex 997.8646766310108 196.33062535198613 13.200474358888926
    vertex 997.4505661588466 196.27610667404863 13.200474352126518
  endloop
endfacet
facet normal -0.1305261922200329 0.9914448613736959 -4.817391591552865e-07
  outer loop
    vertex 997.8646766310108 196.33062535198613 13.200474358888926
    vertex 997.4505655037485 196.27611136175008 22.797739975465234
    vertex 997.8646759759126 196.33063003968758 22.79773998222764
  endloop
endfacet
facet normal -0.382683432365134 0.9238795325111493 -4.6951464172041653e-07
  outer loop
    vertex 997.8646766310108 196.33062535198613 13.200474358888926
    vertex 998.2505655037486 196.49047071569498 22.79773993668144
    vertex 998.2505661588467 196.49046602799353 13.200474313342728
  endloop
endfacet
facet normal -0.382683432365134 0.9238795325111493 -4.6951464172041653e-07
  outer loop
    vertex 998.2505655037486 196.49047071569498 22.79773993668144
    vertex 997.8646766310108 196.33062535198613 13.200474358888926
    vertex 997.8646759759126 196.33063003968758 22.79773998222764
  endloop
endfacet
facet normal -0.6087614290086449 0.7933533402911794 -4.2529347736196304e-07
  outer loop
    vertex 998.2505661588467 196.49046602799353 13.200474313342728
    vertex 998.581936353647 196.74474051185157 22.797739841930532
    vertex 998.5819370087452 196.74473582415013 13.200474218591816
  endloop
endfacet
facet normal -0.6087614290086449 0.7933533402911794 -4.2529347736196304e-07
  outer loop
    vertex 998.581936353647 196.74474051185157 22.797739841930532
    vertex 998.2505661588467 196.49046602799353 13.200474313342728
    vertex 998.2505655037486 196.49047071569498 22.79773993668144
  endloop
endfacet
facet normal -0.7933533402912651 0.6087614290085799 -3.5208926535193034e-07
  outer loop
    vertex 998.581936353647 196.74474051185157 22.797739841930532
    vertex 998.8362068049018 197.0761066740486 13.200474081093319
    vertex 998.5819370087452 196.74473582415013 13.200474218591816
  endloop
endfacet
facet normal -0.7933533402912651 0.6087614290085799 -3.5208926535193034e-07
  outer loop
    vertex 998.8362068049018 197.0761066740486 13.200474081093319
    vertex 998.581936353647 196.74474051185157 22.797739841930532
    vertex 998.8362061498036 197.07611136175007 22.797739704432033
  endloop
endfacet
facet normal -0.9238795325112537 0.38268343236508534 -2.548907517632732e-07
  outer loop
    vertex 998.8362061498036 197.07611136175007 22.797739704432033
    vertex 998.9960474809093 197.46199620188452 13.200473910217523
    vertex 998.8362068049018 197.0761066740486 13.200474081093319
  endloop
endfacet
facet normal -0.9238795325112537 0.38268343236508534 -2.548907517632732e-07
  outer loop
    vertex 998.9960474809093 197.46199620188452 13.200473910217523
    vertex 998.8362061498036 197.07611136175007 22.797739704432033
    vertex 998.996046825811 197.46200088958597 22.79773953355624
  endloop
endfacet
facet normal -0.06582629655149261 -0.9978292827545489 0.0019029345384290182
  outer loop
    vertex 981.4505538171583 192.14923565375068 17.70047186338659
    vertex 981.1592802027454 192.17454552674582 20.700558999078652
    vertex 981.1589752404983 192.16834672334798 17.700471801610334
  endloop
endfacet
facet normal -0.06582629655149261 -0.9978292827545489 0.0019029345384290182
  outer loop
    vertex 981.1592802027454 192.17454552674582 20.700558999078652
    vertex 981.4505538171583 192.14923565375068 17.70047186338659
    vertex 981.2008728254664 192.17093083975578 20.700558998829777
  endloop
endfacet
facet normal -0.19976326393310617 -0.979844181286177 0.00013704894611313157
  outer loop
    vertex 980.8297030080229 192.23928124254056 20.700559770363647
    vertex 980.7747526219232 192.25059678906248 22.800522836270773
    vertex 980.7747527477643 192.25059597119798 20.700559001634346
  endloop
endfacet
facet normal -0.19976326393310617 -0.979844181286177 0.00013704894611313157
  outer loop
    vertex 980.7747526219232 192.25059678906248 22.800522836270773
    vertex 980.8297030080229 192.23928124254056 20.700559770363647
    vertex 980.8297454937302 192.23949705206465 22.80052283591406
  endloop
endfacet
facet normal -0.19305779602255652 -0.9811873769121033 0.00013705202981504814
  outer loop
    vertex 981.1592800769043 192.17454634461038 22.800522833715075
    vertex 980.8297030080229 192.23928124254056 20.700559770363647
    vertex 981.1592802027454 192.17454552674582 20.700558999078652
  endloop
endfacet
facet normal -0.19305779602255652 -0.9811873769121033 0.00013705202981504814
  outer loop
    vertex 980.8297030080229 192.23928124254056 20.700559770363647
    vertex 981.1592800769043 192.17454634461038 22.800522833715075
    vertex 980.8297454937302 192.23949705206465 22.80052283591406
  endloop
endfacet
facet normal 2.9420872862049973e-08 2.980234583766466e-08 0.9999999999999991
  outer loop
    vertex 1044.3079884014214 150.17331684177782 5.4003884186137325
    vertex 1050.1295478622728 151.02924693270307 5.400375976888672
    vertex 1050.1125107736477 151.15865645456955 5.4003759735240315
  endloop
endfacet
facet normal 2.9420872862049973e-08 2.980234583766466e-08 0.9999999999999991
  outer loop
    vertex 1050.1295478622728 151.02924693270307 5.400375976888672
    vertex 1044.3079884014214 150.17331684177782 5.4003884186137325
    vertex 1050.1794980750572 150.9086564563738 5.400375979020917
  endloop
endfacet
facet normal 2.9420872862049973e-08 2.980234583766466e-08 0.9999999999999991
  outer loop
    vertex 1050.1794980750572 150.9086564563738 5.400375979020917
    vertex 1044.3079884014214 150.17331684177782 5.4003884186137325
    vertex 1050.2589573875464 150.80510306725833 5.40037597977546
  endloop
endfacet
facet normal 2.9420872862049973e-08 2.980234583766466e-08 0.9999999999999991
  outer loop
    vertex 1050.2589573875464 150.80510306725833 5.40037597977546
    vertex 1044.3079884014214 150.17331684177782 5.4003884186137325
    vertex 1050.3625107789067 150.7256437576949 5.400375979100881
  endloop
endfacet
facet normal 2.9420872862049973e-08 2.980234583766466e-08 0.9999999999999991
  outer loop
    vertex 1050.3625107789067 150.7256437576949 5.400375979100881
    vertex 1044.3079884014214 150.17331684177782 5.4003884186137325
    vertex 1050.483101256647 150.6756935483175 5.400375977043148
  endloop
endfacet
facet normal 2.9420872862049973e-08 2.980234583766466e-08 0.9999999999999991
  outer loop
    vertex 1050.483101256647 150.6756935483175 5.400375977043148
    vertex 1044.3079884014214 150.17331684177782 5.4003884186137325
    vertex 1050.6125107789949 150.65865646334856 5.400375973742494
  endloop
endfacet
facet normal 2.9420872862049973e-08 2.980234583766466e-08 0.9999999999999991
  outer loop
    vertex 1050.6125107789949 150.65865646334856 5.400375973742494
    vertex 1044.3079884014214 150.17331684177782 5.4003884186137325
    vertex 1056.9079882168865 150.1733170197679 5.400388047910733
  endloop
endfacet
facet normal 2.9420872862049973e-08 2.980234583766466e-08 0.9999999999999991
  outer loop
    vertex 1050.6125107789949 150.65865646334856 5.400375973742494
    vertex 1056.9079882168865 150.1733170197679 5.400388047910733
    vertex 1050.7419203008615 150.67569355197364 5.400375969423854
  endloop
endfacet
facet normal 2.9420872862049973e-08 2.980234583766466e-08 0.9999999999999991
  outer loop
    vertex 1050.7419203008615 150.67569355197364 5.400375969423854
    vertex 1056.9079882168865 150.1733170197679 5.400388047910733
    vertex 1050.8625107771907 150.725643764758 5.400375964381534
  endloop
endfacet
facet normal 2.9420872862049973e-08 2.980234583766466e-08 0.9999999999999991
  outer loop
    vertex 1050.8625107771907 150.725643764758 5.400375964381534
    vertex 1056.9079882168865 150.1733170197679 5.400388047910733
    vertex 1050.966064166306 150.80510307724705 5.400375958959161
  endloop
endfacet
facet normal 2.9420872862049973e-08 2.980234583766466e-08 0.9999999999999991
  outer loop
    vertex 1050.966064166306 150.80510307724705 5.400375958959161
    vertex 1056.9079882168865 150.1733170197679 5.400388047910733
    vertex 1051.0455234758695 150.90865646860743 5.400375953526262
  endloop
endfacet
facet normal 2.9420872862049973e-08 2.980234583766466e-08 0.9999999999999991
  outer loop
    vertex 1051.0455234758695 150.90865646860743 5.400375953526262
    vertex 1056.9079882168865 150.1733170197679 5.400388047910733
    vertex 1051.0954736852468 151.0292469463479 5.40037594845308
  endloop
endfacet
facet normal 2.9420872862049973e-08 2.980234583766466e-08 0.9999999999999991
  outer loop
    vertex 1051.0954736852468 151.0292469463479 5.40037594845308
    vertex 1056.9079882168865 150.1733170197679 5.400388047910733
    vertex 1051.1125107702157 151.15865646869574 5.400375944085341
  endloop
endfacet
facet normal 2.9420872862049973e-08 2.980234583766466e-08 0.9999999999999991
  outer loop
    vertex 1051.1125107702157 151.15865646869574 5.400375944085341
    vertex 1056.9079882168865 150.1733170197679 5.400388047910733
    vertex 1056.9079881526445 154.1733170197678 5.400387928701353
  endloop
endfacet
facet normal 2.9420872862049973e-08 2.980234583766466e-08 0.9999999999999991
  outer loop
    vertex 1044.3079884014214 150.17331684177782 5.4003884186137325
    vertex 1056.9079881526445 154.1733170197678 5.400387928701353
    vertex 1044.3079883371788 154.17331684177785 5.400388299404349
  endloop
endfacet
facet normal 2.9420872862049973e-08 2.980234583766466e-08 0.9999999999999991
  outer loop
    vertex 1056.9079881526445 154.1733170197678 5.400387928701353
    vertex 1044.3079884014214 150.17331684177782 5.4003884186137325
    vertex 1050.4831012430022 151.64161937129165 5.400375948185519
  endloop
endfacet
facet normal 2.9420872862049973e-08 2.980234583766466e-08 0.9999999999999991
  outer loop
    vertex 1050.4831012430022 151.64161937129165 5.400375948185519
    vertex 1044.3079884014214 150.17331684177782 5.4003884186137325
    vertex 1050.3625107666728 151.59166915850727 5.400375953227838
  endloop
endfacet
facet normal 2.9420872862049973e-08 2.980234583766466e-08 0.9999999999999991
  outer loop
    vertex 1050.3625107666728 151.59166915850727 5.400375953227838
    vertex 1044.3079884014214 150.17331684177782 5.4003884186137325
    vertex 1050.2589573775576 151.5122098460182 5.400375958650211
  endloop
endfacet
facet normal 2.9420872862049973e-08 2.980234583766466e-08 0.9999999999999991
  outer loop
    vertex 1050.2589573775576 151.5122098460182 5.400375958650211
    vertex 1044.3079884014214 150.17331684177782 5.4003884186137325
    vertex 1050.179498067994 151.40865645465786 5.400375964083111
  endloop
endfacet
facet normal 2.9420872862049973e-08 2.980234583766466e-08 0.9999999999999991
  outer loop
    vertex 1050.179498067994 151.40865645465786 5.400375964083111
    vertex 1044.3079884014214 150.17331684177782 5.4003884186137325
    vertex 1050.1295478586167 151.28806597691738 5.4003759691562925
  endloop
endfacet
facet normal 2.9420872862049973e-08 2.980234583766466e-08 0.9999999999999991
  outer loop
    vertex 1050.1295478586167 151.28806597691738 5.4003759691562925
    vertex 1044.3079884014214 150.17331684177782 5.4003884186137325
    vertex 1050.1125107736477 151.15865645456955 5.4003759735240315
  endloop
endfacet
facet normal 2.9420872862049973e-08 2.980234583766466e-08 0.9999999999999991
  outer loop
    vertex 1056.9079881526445 154.1733170197678 5.400387928701353
    vertex 1050.4831012430022 151.64161937129165 5.400375948185519
    vertex 1050.6125107648686 151.65865645991673 5.400375943866878
  endloop
endfacet
facet normal 2.9420872862049973e-08 2.980234583766466e-08 0.9999999999999991
  outer loop
    vertex 1056.9079881526445 154.1733170197678 5.400387928701353
    vertex 1050.6125107648686 151.65865645991673 5.400375943866878
    vertex 1050.7419202872165 151.6416193749478 5.400375940566224
  endloop
endfacet
facet normal 2.9420872862049973e-08 2.980234583766466e-08 0.9999999999999991
  outer loop
    vertex 1056.9079881526445 154.1733170197678 5.400387928701353
    vertex 1050.7419202872165 151.6416193749478 5.400375940566224
    vertex 1050.862510764957 151.59166916557038 5.400375938508492
  endloop
endfacet
facet normal 2.9420872862049973e-08 2.980234583766466e-08 0.9999999999999991
  outer loop
    vertex 1056.9079881526445 154.1733170197678 5.400387928701353
    vertex 1050.862510764957 151.59166916557038 5.400375938508492
    vertex 1050.9660641563173 151.51220985600696 5.400375937833912
  endloop
endfacet
facet normal 2.9420872862049973e-08 2.980234583766466e-08 0.9999999999999991
  outer loop
    vertex 1056.9079881526445 154.1733170197678 5.400387928701353
    vertex 1050.9660641563173 151.51220985600696 5.400375937833912
    vertex 1051.0455234688066 151.4086564668915 5.400375938588455
  endloop
endfacet
facet normal 2.9420872862049973e-08 2.980234583766466e-08 0.9999999999999991
  outer loop
    vertex 1056.9079881526445 154.1733170197678 5.400387928701353
    vertex 1051.0455234688066 151.4086564668915 5.400375938588455
    vertex 1051.0954736815909 151.28806599056222 5.400375940720701
  endloop
endfacet
facet normal 2.9420872862049973e-08 2.980234583766466e-08 0.9999999999999991
  outer loop
    vertex 1056.9079881526445 154.1733170197678 5.400387928701353
    vertex 1051.0954736815909 151.28806599056222 5.400375940720701
    vertex 1051.1125107702157 151.15865646869574 5.400375944085341
  endloop
endfacet
facet normal 2.943869146551508e-08 2.987561632677258e-08 0.9999999999999991
  outer loop
    vertex 1009.825025634089 151.02924624433976 1.4003653969663015
    vertex 1009.8250256304328 151.2880652885541 1.4003653892339232
    vertex 1009.8079885454639 151.15865576620627 1.400365393601662
  endloop
endfacet
facet normal 2.943869146551508e-08 2.987561632677258e-08 0.9999999999999991
  outer loop
    vertex 1009.8250256304328 151.2880652885541 1.4003653892339232
    vertex 1009.825025634089 151.02924624433976 1.4003653969663015
    vertex 1009.8749758398103 151.40865576629457 1.40036538416074
  endloop
endfacet
facet normal 2.943869146551508e-08 2.987561632677258e-08 0.9999999999999991
  outer loop
    vertex 1009.8749758398103 151.40865576629457 1.40036538416074
    vertex 1009.825025634089 151.02924624433976 1.4003653969663015
    vertex 1009.8749758468732 150.90865576801048 1.4003653990985472
  endloop
endfacet
facet normal 2.943869146551508e-08 2.987561632677258e-08 0.9999999999999991
  outer loop
    vertex 1009.8749758398103 151.40865576629457 1.40036538416074
    vertex 1009.8749758468732 150.90865576801048 1.4003653990985472
    vertex 1009.9544351493738 151.51220915765492 1.4003653787278405
  endloop
endfacet
facet normal 2.943869146551508e-08 2.987561632677258e-08 0.9999999999999991
  outer loop
    vertex 1009.9544351493738 151.51220915765492 1.4003653787278405
    vertex 1009.8749758468732 150.90865576801048 1.4003653990985472
    vertex 1009.9544351593626 150.80510237889504 1.4003653998530907
  endloop
endfacet
facet normal 2.943869146551508e-08 2.987561632677258e-08 0.9999999999999991
  outer loop
    vertex 1009.9544351493738 151.51220915765492 1.4003653787278405
    vertex 1009.9544351593626 150.80510237889504 1.4003653998530907
    vertex 1010.0579885384891 151.591668470144 1.400365373305468
  endloop
endfacet
facet normal 2.943869146551508e-08 2.987561632677258e-08 0.9999999999999991
  outer loop
    vertex 1010.0579885384891 151.591668470144 1.400365373305468
    vertex 1009.9544351593626 150.80510237889504 1.4003653998530907
    vertex 1010.0579885507228 150.72564306933162 1.4003653991785103
  endloop
endfacet
facet normal 2.943869146551508e-08 2.987561632677258e-08 0.9999999999999991
  outer loop
    vertex 1010.0579885384891 151.591668470144 1.400365373305468
    vertex 1010.0579885507228 150.72564306933162 1.4003653991785103
    vertex 1010.1785790148184 151.64161868292837 1.4003653682631487
  endloop
endfacet
facet normal 2.943869146551508e-08 2.987561632677258e-08 0.9999999999999991
  outer loop
    vertex 1010.1785790148184 151.64161868292837 1.4003653682631487
    vertex 1010.0579885507228 150.72564306933162 1.4003653991785103
    vertex 1010.1785790284632 150.6756928599542 1.400365397120778
  endloop
endfacet
facet normal 2.943869146551508e-08 2.987561632677258e-08 0.9999999999999991
  outer loop
    vertex 1010.1785790148184 151.64161868292837 1.4003653682631487
    vertex 1010.1785790284632 150.6756928599542 1.400365397120778
    vertex 1010.3079885366848 151.65865577155344 1.4003653639445082
  endloop
endfacet
facet normal 2.943869146551508e-08 2.987561632677258e-08 0.9999999999999991
  outer loop
    vertex 1010.3079885366848 151.65865577155344 1.4003653639445082
    vertex 1010.1785790284632 150.6756928599542 1.400365397120778
    vertex 1010.3079885508112 150.65865577498528 1.4003653938201241
  endloop
endfacet
facet normal 2.943869146551508e-08 2.987561632677258e-08 0.9999999999999991
  outer loop
    vertex 1010.3079885366848 151.65865577155344 1.4003653639445082
    vertex 1010.3079885508112 150.65865577498528 1.4003653938201241
    vertex 1010.4373980590328 151.64161868658448 1.4003653606438544
  endloop
endfacet
facet normal 2.943869146551508e-08 2.987561632677258e-08 0.9999999999999991
  outer loop
    vertex 1010.4373980590328 151.64161868658448 1.4003653606438544
    vertex 1010.3079885508112 150.65865577498528 1.4003653938201241
    vertex 1010.4373980726776 150.67569286361032 1.4003653895014836
  endloop
endfacet
facet normal 2.943869146551508e-08 2.987561632677258e-08 0.9999999999999991
  outer loop
    vertex 1010.4373980590328 151.64161868658448 1.4003653606438544
    vertex 1010.4373980726776 150.67569286361032 1.4003653895014836
    vertex 1010.5579885367732 151.59166847720707 1.400365358586122
  endloop
endfacet
facet normal 2.943869146551508e-08 2.987561632677258e-08 0.9999999999999991
  outer loop
    vertex 1010.5579885367732 151.59166847720707 1.400365358586122
    vertex 1010.4373980726776 150.67569286361032 1.4003653895014836
    vertex 1010.5579885490068 150.7256430763947 1.4003653844591644
  endloop
endfacet
facet normal 2.943869146551508e-08 2.987561632677258e-08 0.9999999999999991
  outer loop
    vertex 1010.5579885367732 151.59166847720707 1.400365358586122
    vertex 1010.5579885490068 150.7256430763947 1.4003653844591644
    vertex 1010.6615419281335 151.51220916764365 1.4003653579115416
  endloop
endfacet
facet normal 2.943869146551508e-08 2.987561632677258e-08 0.9999999999999991
  outer loop
    vertex 1010.6615419281335 151.51220916764365 1.4003653579115416
    vertex 1010.5579885490068 150.7256430763947 1.4003653844591644
    vertex 1010.6615419381222 150.80510238888377 1.4003653790367918
  endloop
endfacet
facet normal 2.943869146551508e-08 2.987561632677258e-08 0.9999999999999991
  outer loop
    vertex 1010.6615419281335 151.51220916764365 1.4003653579115416
    vertex 1010.6615419381222 150.80510238888377 1.4003653790367918
    vertex 1010.7410012406227 151.4086557785282 1.400365358666085
  endloop
endfacet
facet normal 2.943869146551508e-08 2.987561632677258e-08 0.9999999999999991
  outer loop
    vertex 1010.7410012406227 151.4086557785282 1.400365358666085
    vertex 1010.6615419381222 150.80510238888377 1.4003653790367918
    vertex 1010.7410012476857 150.90865578024412 1.4003653736038923
  endloop
endfacet
facet normal 2.943869146551508e-08 2.987561632677258e-08 0.9999999999999991
  outer loop
    vertex 1010.7410012406227 151.4086557785282 1.400365358666085
    vertex 1010.7410012476857 150.90865578024412 1.4003653736038923
    vertex 1010.790951453407 151.28806530219893 1.4003653607983308
  endloop
endfacet
facet normal 2.943869146551508e-08 2.987561632677258e-08 0.9999999999999991
  outer loop
    vertex 1010.790951453407 151.28806530219893 1.4003653607983308
    vertex 1010.7410012476857 150.90865578024412 1.4003653736038923
    vertex 1010.7909514570631 151.02924625798462 1.4003653685307091
  endloop
endfacet
facet normal 2.943869146551508e-08 2.987561632677258e-08 0.9999999999999991
  outer loop
    vertex 1010.790951453407 151.28806530219893 1.4003653607983308
    vertex 1010.7909514570631 151.02924625798462 1.4003653685307091
    vertex 1010.807988542032 151.15865578033245 1.4003653641629703
  endloop
endfacet
facet normal 0.38268344541606086 -0.9238795271053974 1.633577040539726e-08
  outer loop
    vertex 1010.1785791325732 151.64161880243083 5.400365368263145
    vertex 1010.0579885384891 151.591668470144 1.400365373305468
    vertex 1010.1785790148184 151.64161868292837 1.4003653682631487
  endloop
endfacet
facet normal 0.38268344541606086 -0.9238795271053974 1.633577040539726e-08
  outer loop
    vertex 1010.0579885384891 151.591668470144 1.400365373305468
    vertex 1010.1785791325732 151.64161880243083 5.400365368263145
    vertex 1010.0579886562439 151.59166858964645 5.400365373305465
  endloop
endfacet
facet normal 0.6087614402161262 -0.7933533316914904 5.780779534556574e-09
  outer loop
    vertex 1010.0579886562439 151.59166858964645 5.400365373305465
    vertex 1009.9544351493738 151.51220915765492 1.4003653787278405
    vertex 1010.0579885384891 151.591668470144 1.400365373305468
  endloop
endfacet
facet normal 0.6087614402161262 -0.7933533316914904 5.780779534556574e-09
  outer loop
    vertex 1009.9544351493738 151.51220915765492 1.4003653787278405
    vertex 1010.0579886562439 151.59166858964645 5.400365373305465
    vertex 1009.9544352671286 151.51220927715738 5.400365378727837
  endloop
endfacet
facet normal 0.7933533488904723 -0.6087614178019767 -5.168161908325809e-09
  outer loop
    vertex 1009.9544351493738 151.51220915765492 1.4003653787278405
    vertex 1009.8749759575651 151.40865588579703 5.400365384160737
    vertex 1009.8749758398103 151.40865576629457 1.40036538416074
  endloop
endfacet
facet normal 0.7933533488904723 -0.6087614178019767 -5.168161908325809e-09
  outer loop
    vertex 1009.8749759575651 151.40865588579703 5.400365384160737
    vertex 1009.9544351493738 151.51220915765492 1.4003653787278405
    vertex 1009.9544352671286 151.51220927715738 5.400365378727837
  endloop
endfacet
facet normal 0.9238795379171967 -0.3826834193140682 -1.576490165800248e-08
  outer loop
    vertex 1009.8749758398103 151.40865576629457 1.40036538416074
    vertex 1009.8250257481876 151.28806540805655 5.400365389233919
    vertex 1009.8250256304328 151.2880652885541 1.4003653892339232
  endloop
endfacet
facet normal 0.9238795379171967 -0.3826834193140682 -1.576490165800248e-08
  outer loop
    vertex 1009.8250257481876 151.28806540805655 5.400365389233919
    vertex 1009.8749758398103 151.40865576629457 1.40036538416074
    vertex 1009.8749759575651 151.40865588579703 5.400365384160737
  endloop
endfacet
facet normal 0.9914448632176152 -0.13052617821496124 -2.5287289412383072e-08
  outer loop
    vertex 1009.8250256304328 151.2880652885541 1.4003653892339232
    vertex 1009.8079886632187 151.15865588570873 5.400365393601658
    vertex 1009.8079885454639 151.15865576620627 1.400365393601662
  endloop
endfacet
facet normal 0.9914448632176152 -0.13052617821496124 -2.5287289412383072e-08
  outer loop
    vertex 1009.8079886632187 151.15865588570873 5.400365393601658
    vertex 1009.8250256304328 151.2880652885541 1.4003653892339232
    vertex 1009.8250257481876 151.28806540805655 5.400365389233919
  endloop
endfacet
facet normal 0.9914448595299468 0.13052620622558292 -3.3086390182557776e-08
  outer loop
    vertex 1009.8079885454639 151.15865576620627 1.400365393601662
    vertex 1009.8250257518438 151.02924636384222 5.400365396966298
    vertex 1009.825025634089 151.02924624433976 1.4003653969663015
  endloop
endfacet
facet normal 0.9914448595299468 0.13052620622558292 -3.3086390182557776e-08
  outer loop
    vertex 1009.8250257518438 151.02924636384222 5.400365396966298
    vertex 1009.8079885454639 151.15865576620627 1.400365393601662
    vertex 1009.8079886632187 151.15865588570873 5.400365393601658
  endloop
endfacet
facet normal 0.9238795271057281 0.3826834454152606 -3.863070813960529e-08
  outer loop
    vertex 1009.825025634089 151.02924624433976 1.4003653969663015
    vertex 1009.874975964628 150.90865588751294 5.400365399098543
    vertex 1009.8749758468732 150.90865576801048 1.4003653990985472
  endloop
endfacet
facet normal 0.9238795271057281 0.3826834454152606 -3.863070813960529e-08
  outer loop
    vertex 1009.874975964628 150.90865588751294 5.400365399098543
    vertex 1009.825025634089 151.02924624433976 1.4003653969663015
    vertex 1009.8250257518438 151.02924636384222 5.400365396966298
  endloop
endfacet
facet normal 0.7933533316911424 0.6087614402165781 -4.1542407177238014e-08
  outer loop
    vertex 1009.8749758468732 150.90865576801048 1.4003653990985472
    vertex 1009.9544352771172 150.8051024983975 5.4003653998530865
    vertex 1009.9544351593626 150.80510237889504 1.4003653998530907
  endloop
endfacet
facet normal 0.7933533316911424 0.6087614402165781 -4.1542407177238014e-08
  outer loop
    vertex 1009.9544352771172 150.8051024983975 5.4003653998530865
    vertex 1009.8749758468732 150.90865576801048 1.4003653990985472
    vertex 1009.874975964628 150.90865588751294 5.400365399098543
  endloop
endfacet
facet normal 0.6087614178017909 0.7933533488906136 -4.162305981779259e-08
  outer loop
    vertex 1009.9544351593626 150.80510237889504 1.4003653998530907
    vertex 1010.0579886684776 150.72564318883408 5.400365399178506
    vertex 1010.0579885507228 150.72564306933162 1.4003653991785103
  endloop
endfacet
facet normal 0.6087614178017909 0.7933533488906136 -4.162305981779259e-08
  outer loop
    vertex 1010.0579886684776 150.72564318883408 5.400365399178506
    vertex 1009.9544351593626 150.80510237889504 1.4003653998530907
    vertex 1009.9544352771172 150.8051024983975 5.4003653998530865
  endloop
endfacet
facet normal 0.3826834193143977 0.9238795379170597 -3.886716971713093e-08
  outer loop
    vertex 1010.0579885507228 150.72564306933162 1.4003653991785103
    vertex 1010.178579146218 150.67569297945667 5.400365397120774
    vertex 1010.1785790284632 150.6756928599542 1.400365397120778
  endloop
endfacet
facet normal 0.3826834193143977 0.9238795379170597 -3.886716971713093e-08
  outer loop
    vertex 1010.178579146218 150.67569297945667 5.400365397120774
    vertex 1010.0579885507228 150.72564306933162 1.4003653991785103
    vertex 1010.0579886684776 150.72564318883408 5.400365399178506
  endloop
endfacet
facet normal 0.13052617821465543 0.9914448632176552 -3.3462546231274294e-08
  outer loop
    vertex 1010.1785790284632 150.6756928599542 1.400365397120778
    vertex 1010.3079886685659 150.65865589448774 5.40036539382012
    vertex 1010.3079885508112 150.65865577498528 1.4003653938201241
  endloop
endfacet
facet normal 0.13052617821465543 0.9914448632176552 -3.3462546231274294e-08
  outer loop
    vertex 1010.3079886685659 150.65865589448774 5.40036539382012
    vertex 1010.1785790284632 150.6756928599542 1.400365397120778
    vertex 1010.178579146218 150.67569297945667 5.400365397120774
  endloop
endfacet
facet normal -0.13052620622545952 0.9914448595299632 -2.577750551923264e-08
  outer loop
    vertex 1010.3079885508112 150.65865577498528 1.4003653938201241
    vertex 1010.4373981904324 150.67569298311278 5.40036538950148
    vertex 1010.4373980726776 150.67569286361032 1.4003653895014836
  endloop
endfacet
facet normal -0.13052620622545952 0.9914448595299632 -2.577750551923264e-08
  outer loop
    vertex 1010.4373981904324 150.67569298311278 5.40036538950148
    vertex 1010.3079885508112 150.65865577498528 1.4003653938201241
    vertex 1010.3079886685659 150.65865589448774 5.40036539382012
  endloop
endfacet
facet normal -0.38268344541606086 0.9238795271053974 -1.633577040539726e-08
  outer loop
    vertex 1010.4373980726776 150.67569286361032 1.4003653895014836
    vertex 1010.5579886667616 150.72564319589716 5.4003653844591595
    vertex 1010.5579885490068 150.7256430763947 1.4003653844591644
  endloop
endfacet
facet normal -0.38268344541606086 0.9238795271053974 -1.633577040539726e-08
  outer loop
    vertex 1010.5579886667616 150.72564319589716 5.4003653844591595
    vertex 1010.4373980726776 150.67569286361032 1.4003653895014836
    vertex 1010.4373981904324 150.67569298311278 5.40036538950148
  endloop
endfacet
facet normal -0.6087614402161262 0.7933533316914904 -5.780779534556574e-09
  outer loop
    vertex 1010.5579885490068 150.7256430763947 1.4003653844591644
    vertex 1010.661542055877 150.80510250838623 5.400365379036788
    vertex 1010.6615419381222 150.80510238888377 1.4003653790367918
  endloop
endfacet
facet normal -0.6087614402161262 0.7933533316914904 -5.780779534556574e-09
  outer loop
    vertex 1010.661542055877 150.80510250838623 5.400365379036788
    vertex 1010.5579885490068 150.7256430763947 1.4003653844591644
    vertex 1010.5579886667616 150.72564319589716 5.4003653844591595
  endloop
endfacet
facet normal -0.7933533488904723 0.6087614178019767 5.168161908325809e-09
  outer loop
    vertex 1010.661542055877 150.80510250838623 5.400365379036788
    vertex 1010.7410012476857 150.90865578024412 1.4003653736038923
    vertex 1010.6615419381222 150.80510238888377 1.4003653790367918
  endloop
endfacet
facet normal -0.7933533488904723 0.6087614178019767 5.168161908325809e-09
  outer loop
    vertex 1010.7410012476857 150.90865578024412 1.4003653736038923
    vertex 1010.661542055877 150.80510250838623 5.400365379036788
    vertex 1010.7410013654405 150.9086558997466 5.400365373603888
  endloop
endfacet
facet normal -0.9238795379171967 0.3826834193140682 1.576490165800248e-08
  outer loop
    vertex 1010.7410013654405 150.9086558997466 5.400365373603888
    vertex 1010.7909514570631 151.02924625798462 1.4003653685307091
    vertex 1010.7410012476857 150.90865578024412 1.4003653736038923
  endloop
endfacet
facet normal -0.9238795379171967 0.3826834193140682 1.576490165800248e-08
  outer loop
    vertex 1010.7909514570631 151.02924625798462 1.4003653685307091
    vertex 1010.7410013654405 150.9086558997466 5.400365373603888
    vertex 1010.7909515748179 151.02924637748708 5.400365368530706
  endloop
endfacet
facet normal -0.9914448632176152 0.13052617821496124 2.5287289412383072e-08
  outer loop
    vertex 1010.7909515748179 151.02924637748708 5.400365368530706
    vertex 1010.807988542032 151.15865578033245 1.4003653641629703
    vertex 1010.7909514570631 151.02924625798462 1.4003653685307091
  endloop
endfacet
facet normal -0.9914448632176152 0.13052617821496124 2.5287289412383072e-08
  outer loop
    vertex 1010.807988542032 151.15865578033245 1.4003653641629703
    vertex 1010.7909515748179 151.02924637748708 5.400365368530706
    vertex 1010.8079886597868 151.1586558998349 5.400365364162967
  endloop
endfacet
facet normal -0.9914448595299468 -0.13052620622558292 3.3086390182557776e-08
  outer loop
    vertex 1010.8079886597868 151.1586558998349 5.400365364162967
    vertex 1010.790951453407 151.28806530219893 1.4003653607983308
    vertex 1010.807988542032 151.15865578033245 1.4003653641629703
  endloop
endfacet
facet normal -0.9914448595299468 -0.13052620622558292 3.3086390182557776e-08
  outer loop
    vertex 1010.790951453407 151.28806530219893 1.4003653607983308
    vertex 1010.8079886597868 151.1586558998349 5.400365364162967
    vertex 1010.7909515711617 151.2880654217014 5.400365360798327
  endloop
endfacet
facet normal -0.9238795271057281 -0.3826834454152606 3.863070813960529e-08
  outer loop
    vertex 1010.7909515711617 151.2880654217014 5.400365360798327
    vertex 1010.7410012406227 151.4086557785282 1.400365358666085
    vertex 1010.790951453407 151.28806530219893 1.4003653607983308
  endloop
endfacet
facet normal -0.9238795271057281 -0.3826834454152606 3.863070813960529e-08
  outer loop
    vertex 1010.7410012406227 151.4086557785282 1.400365358666085
    vertex 1010.7909515711617 151.2880654217014 5.400365360798327
    vertex 1010.7410013583775 151.40865589803067 5.400365358666082
  endloop
endfacet
facet normal -0.7933533316911424 -0.6087614402165781 4.1542407177238014e-08
  outer loop
    vertex 1010.7410013583775 151.40865589803067 5.400365358666082
    vertex 1010.6615419281335 151.51220916764365 1.4003653579115416
    vertex 1010.7410012406227 151.4086557785282 1.400365358666085
  endloop
endfacet
facet normal -0.7933533316911424 -0.6087614402165781 4.1542407177238014e-08
  outer loop
    vertex 1010.6615419281335 151.51220916764365 1.4003653579115416
    vertex 1010.7410013583775 151.40865589803067 5.400365358666082
    vertex 1010.6615420458883 151.51220928714613 5.4003653579115385
  endloop
endfacet
facet normal -0.6087614178017909 -0.7933533488906136 4.162305981779259e-08
  outer loop
    vertex 1010.6615420458883 151.51220928714613 5.4003653579115385
    vertex 1010.5579885367732 151.59166847720707 1.400365358586122
    vertex 1010.6615419281335 151.51220916764365 1.4003653579115416
  endloop
endfacet
facet normal -0.6087614178017909 -0.7933533488906136 4.162305981779259e-08
  outer loop
    vertex 1010.5579885367732 151.59166847720707 1.400365358586122
    vertex 1010.6615420458883 151.51220928714613 5.4003653579115385
    vertex 1010.557988654528 151.59166859670955 5.400365358586118
  endloop
endfacet
facet normal -0.3826834193143977 -0.9238795379170597 3.886716971713093e-08
  outer loop
    vertex 1010.557988654528 151.59166859670955 5.400365358586118
    vertex 1010.4373980590328 151.64161868658448 1.4003653606438544
    vertex 1010.5579885367732 151.59166847720707 1.400365358586122
  endloop
endfacet
facet normal -0.3826834193143977 -0.9238795379170597 3.886716971713093e-08
  outer loop
    vertex 1010.4373980590328 151.64161868658448 1.4003653606438544
    vertex 1010.557988654528 151.59166859670955 5.400365358586118
    vertex 1010.4373981767875 151.64161880608694 5.400365360643851
  endloop
endfacet
facet normal -0.13052617821465543 -0.9914448632176552 3.3462546231274294e-08
  outer loop
    vertex 1010.4373981767875 151.64161880608694 5.400365360643851
    vertex 1010.3079885366848 151.65865577155344 1.4003653639445082
    vertex 1010.4373980590328 151.64161868658448 1.4003653606438544
  endloop
endfacet
facet normal -0.13052617821465543 -0.9914448632176552 3.3462546231274294e-08
  outer loop
    vertex 1010.3079885366848 151.65865577155344 1.4003653639445082
    vertex 1010.4373981767875 151.64161880608694 5.400365360643851
    vertex 1010.3079886544396 151.6586558910559 5.400365363944505
  endloop
endfacet
facet normal 0.13052620622545952 -0.9914448595299632 2.577750551923264e-08
  outer loop
    vertex 1010.3079886544396 151.6586558910559 5.400365363944505
    vertex 1010.1785790148184 151.64161868292837 1.4003653682631487
    vertex 1010.3079885366848 151.65865577155344 1.4003653639445082
  endloop
endfacet
facet normal 0.13052620622545952 -0.9914448595299632 2.577750551923264e-08
  outer loop
    vertex 1010.1785790148184 151.64161868292837 1.4003653682631487
    vertex 1010.3079886544396 151.6586558910559 5.400365363944505
    vertex 1010.1785791325732 151.64161880243083 5.400365368263145
  endloop
endfacet
facet normal 2.943869146551507e-08 2.987561632677256e-08 0.9999999999999991
  outer loop
    vertex 1029.9750252667989 151.02924652250834 1.4004082389095167
    vertex 1029.9750252631427 151.28806556672265 1.4004082311771384
    vertex 1029.9579881781738 151.15865604437482 1.4004082355448773
  endloop
endfacet
facet normal 2.943869146551507e-08 2.987561632677256e-08 0.9999999999999991
  outer loop
    vertex 1029.9750252631427 151.28806556672265 1.4004082311771384
    vertex 1029.9750252667989 151.02924652250834 1.4004082389095167
    vertex 1030.02497547252 151.40865604446316 1.4004082261039552
  endloop
endfacet
facet normal 2.943869146551507e-08 2.987561632677256e-08 0.9999999999999991
  outer loop
    vertex 1030.02497547252 151.40865604446316 1.4004082261039552
    vertex 1029.9750252667989 151.02924652250834 1.4004082389095167
    vertex 1030.024975479583 150.90865604617906 1.4004082410417626
  endloop
endfacet
facet normal 2.943869146551507e-08 2.987561632677256e-08 0.9999999999999991
  outer loop
    vertex 1030.02497547252 151.40865604446316 1.4004082261039552
    vertex 1030.024975479583 150.90865604617906 1.4004082410417626
    vertex 1030.1044347820837 151.5122094358235 1.4004082206710557
  endloop
endfacet
facet normal 2.943869146551507e-08 2.987561632677256e-08 0.9999999999999991
  outer loop
    vertex 1030.1044347820837 151.5122094358235 1.4004082206710557
    vertex 1030.024975479583 150.90865604617906 1.4004082410417626
    vertex 1030.1044347920724 150.80510265706363 1.400408241796306
  endloop
endfacet
facet normal 2.943869146551507e-08 2.987561632677256e-08 0.9999999999999991
  outer loop
    vertex 1030.1044347820837 151.5122094358235 1.4004082206710557
    vertex 1030.1044347920724 150.80510265706363 1.400408241796306
    vertex 1030.2079881711988 151.59166874831257 1.4004082152486832
  endloop
endfacet
facet normal 2.943869146551507e-08 2.987561632677256e-08 0.9999999999999991
  outer loop
    vertex 1030.2079881711988 151.59166874831257 1.4004082152486832
    vertex 1030.1044347920724 150.80510265706363 1.400408241796306
    vertex 1030.2079881834327 150.7256433475002 1.4004082411217256
  endloop
endfacet
facet normal 2.943869146551507e-08 2.987561632677256e-08 0.9999999999999991
  outer loop
    vertex 1030.2079881711988 151.59166874831257 1.4004082152486832
    vertex 1030.2079881834327 150.7256433475002 1.4004082411217256
    vertex 1030.3285786475283 151.64161896109695 1.400408210206364
  endloop
endfacet
facet normal 2.943869146551507e-08 2.987561632677256e-08 0.9999999999999991
  outer loop
    vertex 1030.3285786475283 151.64161896109695 1.400408210206364
    vertex 1030.2079881834327 150.7256433475002 1.4004082411217256
    vertex 1030.328578661173 150.6756931381228 1.4004082390639931
  endloop
endfacet
facet normal 2.943869146551507e-08 2.987561632677256e-08 0.9999999999999991
  outer loop
    vertex 1030.3285786475283 151.64161896109695 1.400408210206364
    vertex 1030.328578661173 150.6756931381228 1.4004082390639931
    vertex 1030.4579881693946 151.658656049722 1.4004082058877234
  endloop
endfacet
facet normal 2.943869146551507e-08 2.987561632677256e-08 0.9999999999999991
  outer loop
    vertex 1030.4579881693946 151.658656049722 1.4004082058877234
    vertex 1030.328578661173 150.6756931381228 1.4004082390639931
    vertex 1030.457988183521 150.65865605315383 1.4004082357633394
  endloop
endfacet
facet normal 2.943869146551507e-08 2.987561632677256e-08 0.9999999999999991
  outer loop
    vertex 1030.4579881693946 151.658656049722 1.4004082058877234
    vertex 1030.457988183521 150.65865605315383 1.4004082357633394
    vertex 1030.5873976917426 151.64161896475306 1.4004082025870697
  endloop
endfacet
facet normal 2.943869146551507e-08 2.987561632677256e-08 0.9999999999999991
  outer loop
    vertex 1030.5873976917426 151.64161896475306 1.4004082025870697
    vertex 1030.457988183521 150.65865605315383 1.4004082357633394
    vertex 1030.5873977053875 150.6756931417789 1.4004082314446988
  endloop
endfacet
facet normal 2.943869146551507e-08 2.987561632677256e-08 0.9999999999999991
  outer loop
    vertex 1030.5873976917426 151.64161896475306 1.4004082025870697
    vertex 1030.5873977053875 150.6756931417789 1.4004082314446988
    vertex 1030.707988169483 151.59166875537565 1.4004082005293372
  endloop
endfacet
facet normal 2.943869146551507e-08 2.987561632677256e-08 0.9999999999999991
  outer loop
    vertex 1030.707988169483 151.59166875537565 1.4004082005293372
    vertex 1030.5873977053875 150.6756931417789 1.4004082314446988
    vertex 1030.7079881817167 150.7256433545633 1.4004082264023796
  endloop
endfacet
facet normal 2.943869146551507e-08 2.987561632677256e-08 0.9999999999999991
  outer loop
    vertex 1030.707988169483 151.59166875537565 1.4004082005293372
    vertex 1030.7079881817167 150.7256433545633 1.4004082264023796
    vertex 1030.8115415608434 151.51220944581223 1.4004081998547568
  endloop
endfacet
facet normal 2.943869146551507e-08 2.987561632677256e-08 0.9999999999999991
  outer loop
    vertex 1030.8115415608434 151.51220944581223 1.4004081998547568
    vertex 1030.7079881817167 150.7256433545633 1.4004082264023796
    vertex 1030.811541570832 150.80510266705235 1.400408220980007
  endloop
endfacet
facet normal 2.943869146551507e-08 2.987561632677256e-08 0.9999999999999991
  outer loop
    vertex 1030.8115415608434 151.51220944581223 1.4004081998547568
    vertex 1030.811541570832 150.80510266705235 1.400408220980007
    vertex 1030.8910008733326 151.4086560566968 1.4004082006093002
  endloop
endfacet
facet normal 2.943869146551507e-08 2.987561632677256e-08 0.9999999999999991
  outer loop
    vertex 1030.8910008733326 151.4086560566968 1.4004082006093002
    vertex 1030.811541570832 150.80510266705235 1.400408220980007
    vertex 1030.8910008803955 150.9086560584127 1.4004082155471076
  endloop
endfacet
facet normal 2.943869146551507e-08 2.987561632677256e-08 0.9999999999999991
  outer loop
    vertex 1030.8910008733326 151.4086560566968 1.4004082006093002
    vertex 1030.8910008803955 150.9086560584127 1.4004082155471076
    vertex 1030.940951086117 151.28806558036752 1.400408202741546
  endloop
endfacet
facet normal 2.943869146551507e-08 2.987561632677256e-08 0.9999999999999991
  outer loop
    vertex 1030.940951086117 151.28806558036752 1.400408202741546
    vertex 1030.8910008803955 150.9086560584127 1.4004082155471076
    vertex 1030.9409510897729 151.02924653615318 1.4004082104739244
  endloop
endfacet
facet normal 2.943869146551507e-08 2.987561632677256e-08 0.9999999999999991
  outer loop
    vertex 1030.940951086117 151.28806558036752 1.400408202741546
    vertex 1030.9409510897729 151.02924653615318 1.4004082104739244
    vertex 1030.9579881747418 151.158656058501 1.4004082061061855
  endloop
endfacet
facet normal 0.7933533316911424 0.6087614402165781 -4.1542407177237994e-08
  outer loop
    vertex 1030.024975479583 150.90865604617906 1.4004082410417626
    vertex 1030.104434909827 150.8051027765661 5.400408241796302
    vertex 1030.1044347920724 150.80510265706363 1.400408241796306
  endloop
endfacet
facet normal 0.7933533316911424 0.6087614402165781 -4.1542407177237994e-08
  outer loop
    vertex 1030.104434909827 150.8051027765661 5.400408241796302
    vertex 1030.024975479583 150.90865604617906 1.4004082410417626
    vertex 1030.0249755973377 150.90865616568152 5.400408241041758
  endloop
endfacet
facet normal 0.6087614178017909 0.7933533488906136 -4.162305981779257e-08
  outer loop
    vertex 1030.1044347920724 150.80510265706363 1.400408241796306
    vertex 1030.2079883011875 150.72564346700267 5.400408241121721
    vertex 1030.2079881834327 150.7256433475002 1.4004082411217256
  endloop
endfacet
facet normal 0.6087614178017909 0.7933533488906136 -4.162305981779257e-08
  outer loop
    vertex 1030.2079883011875 150.72564346700267 5.400408241121721
    vertex 1030.1044347920724 150.80510265706363 1.400408241796306
    vertex 1030.104434909827 150.8051027765661 5.400408241796302
  endloop
endfacet
facet normal 0.3826834193143977 0.9238795379170597 -3.886716971713091e-08
  outer loop
    vertex 1030.2079881834327 150.7256433475002 1.4004082411217256
    vertex 1030.3285787789277 150.67569325762526 5.400408239063989
    vertex 1030.328578661173 150.6756931381228 1.4004082390639931
  endloop
endfacet
facet normal 0.3826834193143977 0.9238795379170597 -3.886716971713091e-08
  outer loop
    vertex 1030.3285787789277 150.67569325762526 5.400408239063989
    vertex 1030.2079881834327 150.7256433475002 1.4004082411217256
    vertex 1030.2079883011875 150.72564346700267 5.400408241121721
  endloop
endfacet
facet normal 0.13052617821465543 0.9914448632176552 -3.3462546231274274e-08
  outer loop
    vertex 1030.328578661173 150.6756931381228 1.4004082390639931
    vertex 1030.4579883012757 150.6586561726563 5.4004082357633365
    vertex 1030.457988183521 150.65865605315383 1.4004082357633394
  endloop
endfacet
facet normal 0.13052617821465543 0.9914448632176552 -3.3462546231274274e-08
  outer loop
    vertex 1030.4579883012757 150.6586561726563 5.4004082357633365
    vertex 1030.328578661173 150.6756931381228 1.4004082390639931
    vertex 1030.3285787789277 150.67569325762526 5.400408239063989
  endloop
endfacet
facet normal -0.13052620622545952 0.9914448595299632 -2.5777505519232625e-08
  outer loop
    vertex 1030.457988183521 150.65865605315383 1.4004082357633394
    vertex 1030.5873978231423 150.67569326128137 5.400408231444696
    vertex 1030.5873977053875 150.6756931417789 1.4004082314446988
  endloop
endfacet
facet normal -0.13052620622545952 0.9914448595299632 -2.5777505519232625e-08
  outer loop
    vertex 1030.5873978231423 150.67569326128137 5.400408231444696
    vertex 1030.457988183521 150.65865605315383 1.4004082357633394
    vertex 1030.4579883012757 150.6586561726563 5.4004082357633365
  endloop
endfacet
facet normal -0.38268344541606086 0.9238795271053974 -1.6335770405397242e-08
  outer loop
    vertex 1030.5873977053875 150.6756931417789 1.4004082314446988
    vertex 1030.7079882994715 150.72564347406575 5.400408226402376
    vertex 1030.7079881817167 150.7256433545633 1.4004082264023796
  endloop
endfacet
facet normal -0.38268344541606086 0.9238795271053974 -1.6335770405397242e-08
  outer loop
    vertex 1030.7079882994715 150.72564347406575 5.400408226402376
    vertex 1030.5873977053875 150.6756931417789 1.4004082314446988
    vertex 1030.5873978231423 150.67569326128137 5.400408231444696
  endloop
endfacet
facet normal -0.6087614402161262 0.7933533316914904 -5.780779534556564e-09
  outer loop
    vertex 1030.7079881817167 150.7256433545633 1.4004082264023796
    vertex 1030.8115416885869 150.8051027865548 5.400408220980003
    vertex 1030.811541570832 150.80510266705235 1.400408220980007
  endloop
endfacet
facet normal -0.6087614402161262 0.7933533316914904 -5.780779534556564e-09
  outer loop
    vertex 1030.8115416885869 150.8051027865548 5.400408220980003
    vertex 1030.7079881817167 150.7256433545633 1.4004082264023796
    vertex 1030.7079882994715 150.72564347406575 5.400408226402376
  endloop
endfacet
facet normal -0.7933533488904723 0.6087614178019767 5.168161908325812e-09
  outer loop
    vertex 1030.8115416885869 150.8051027865548 5.400408220980003
    vertex 1030.8910008803955 150.9086560584127 1.4004082155471076
    vertex 1030.811541570832 150.80510266705235 1.400408220980007
  endloop
endfacet
facet normal -0.7933533488904723 0.6087614178019767 5.168161908325812e-09
  outer loop
    vertex 1030.8910008803955 150.9086560584127 1.4004082155471076
    vertex 1030.8115416885869 150.8051027865548 5.400408220980003
    vertex 1030.8910009981503 150.90865617791516 5.400408215547103
  endloop
endfacet
facet normal -0.9238795379171967 0.3826834193140682 1.5764901658002478e-08
  outer loop
    vertex 1030.8910009981503 150.90865617791516 5.400408215547103
    vertex 1030.9409510897729 151.02924653615318 1.4004082104739244
    vertex 1030.8910008803955 150.9086560584127 1.4004082155471076
  endloop
endfacet
facet normal -0.9238795379171967 0.3826834193140682 1.5764901658002478e-08
  outer loop
    vertex 1030.9409510897729 151.02924653615318 1.4004082104739244
    vertex 1030.8910009981503 150.90865617791516 5.400408215547103
    vertex 1030.9409512075276 151.02924665565567 5.400408210473921
  endloop
endfacet
facet normal -0.9914448632176152 0.13052617821496124 2.5287289412383065e-08
  outer loop
    vertex 1030.9409512075276 151.02924665565567 5.400408210473921
    vertex 1030.9579881747418 151.158656058501 1.4004082061061855
    vertex 1030.9409510897729 151.02924653615318 1.4004082104739244
  endloop
endfacet
facet normal -0.9914448632176152 0.13052617821496124 2.5287289412383065e-08
  outer loop
    vertex 1030.9579881747418 151.158656058501 1.4004082061061855
    vertex 1030.9409512075276 151.02924665565567 5.400408210473921
    vertex 1030.9579882924966 151.15865617800347 5.4004082061061816
  endloop
endfacet
facet normal -0.9914448595299468 -0.13052620622558292 3.308639018255776e-08
  outer loop
    vertex 1030.9579882924966 151.15865617800347 5.4004082061061816
    vertex 1030.940951086117 151.28806558036752 1.400408202741546
    vertex 1030.9579881747418 151.158656058501 1.4004082061061855
  endloop
endfacet
facet normal -0.9914448595299468 -0.13052620622558292 3.308639018255776e-08
  outer loop
    vertex 1030.940951086117 151.28806558036752 1.400408202741546
    vertex 1030.9579882924966 151.15865617800347 5.4004082061061816
    vertex 1030.9409512038715 151.28806569986997 5.400408202741543
  endloop
endfacet
facet normal -0.9238795271057281 -0.3826834454152606 3.863070813960527e-08
  outer loop
    vertex 1030.9409512038715 151.28806569986997 5.400408202741543
    vertex 1030.8910008733326 151.4086560566968 1.4004082006093002
    vertex 1030.940951086117 151.28806558036752 1.400408202741546
  endloop
endfacet
facet normal -0.9238795271057281 -0.3826834454152606 3.863070813960527e-08
  outer loop
    vertex 1030.8910008733326 151.4086560566968 1.4004082006093002
    vertex 1030.9409512038715 151.28806569986997 5.400408202741543
    vertex 1030.8910009910874 151.40865617619926 5.400408200609296
  endloop
endfacet
facet normal -0.7933533316911424 -0.6087614402165781 4.1542407177237994e-08
  outer loop
    vertex 1030.8910009910874 151.40865617619926 5.400408200609296
    vertex 1030.8115415608434 151.51220944581223 1.4004081998547568
    vertex 1030.8910008733326 151.4086560566968 1.4004082006093002
  endloop
endfacet
facet normal -0.7933533316911424 -0.6087614402165781 4.1542407177237994e-08
  outer loop
    vertex 1030.8115415608434 151.51220944581223 1.4004081998547568
    vertex 1030.8910009910874 151.40865617619926 5.400408200609296
    vertex 1030.8115416785981 151.5122095653147 5.400408199854753
  endloop
endfacet
facet normal -0.6087614178017909 -0.7933533488906136 4.162305981779257e-08
  outer loop
    vertex 1030.8115416785981 151.5122095653147 5.400408199854753
    vertex 1030.707988169483 151.59166875537565 1.4004082005293372
    vertex 1030.8115415608434 151.51220944581223 1.4004081998547568
  endloop
endfacet
facet normal -0.6087614178017909 -0.7933533488906136 4.162305981779257e-08
  outer loop
    vertex 1030.707988169483 151.59166875537565 1.4004082005293372
    vertex 1030.8115416785981 151.5122095653147 5.400408199854753
    vertex 1030.7079882872379 151.5916688748781 5.400408200529332
  endloop
endfacet
facet normal -0.3826834193143977 -0.9238795379170597 3.886716971713091e-08
  outer loop
    vertex 1030.7079882872379 151.5916688748781 5.400408200529332
    vertex 1030.5873976917426 151.64161896475306 1.4004082025870697
    vertex 1030.707988169483 151.59166875537565 1.4004082005293372
  endloop
endfacet
facet normal -0.3826834193143977 -0.9238795379170597 3.886716971713091e-08
  outer loop
    vertex 1030.5873976917426 151.64161896475306 1.4004082025870697
    vertex 1030.7079882872379 151.5916688748781 5.400408200529332
    vertex 1030.5873978094974 151.64161908425552 5.400408202587065
  endloop
endfacet
facet normal -0.13052617821465543 -0.9914448632176552 3.3462546231274274e-08
  outer loop
    vertex 1030.5873978094974 151.64161908425552 5.400408202587065
    vertex 1030.4579881693946 151.658656049722 1.4004082058877234
    vertex 1030.5873976917426 151.64161896475306 1.4004082025870697
  endloop
endfacet
facet normal -0.13052617821465543 -0.9914448632176552 3.3462546231274274e-08
  outer loop
    vertex 1030.4579881693946 151.658656049722 1.4004082058877234
    vertex 1030.5873978094974 151.64161908425552 5.400408202587065
    vertex 1030.4579882871494 151.65865616922449 5.40040820588772
  endloop
endfacet
facet normal 0.13052620622545952 -0.9914448595299632 2.5777505519232625e-08
  outer loop
    vertex 1030.4579882871494 151.65865616922449 5.40040820588772
    vertex 1030.3285786475283 151.64161896109695 1.400408210206364
    vertex 1030.4579881693946 151.658656049722 1.4004082058877234
  endloop
endfacet
facet normal 0.13052620622545952 -0.9914448595299632 2.5777505519232625e-08
  outer loop
    vertex 1030.3285786475283 151.64161896109695 1.400408210206364
    vertex 1030.4579882871494 151.65865616922449 5.40040820588772
    vertex 1030.328578765283 151.6416190805994 5.40040821020636
  endloop
endfacet
facet normal 0.38268344541606086 -0.9238795271053974 1.6335770405397242e-08
  outer loop
    vertex 1030.328578765283 151.6416190805994 5.40040821020636
    vertex 1030.2079881711988 151.59166874831257 1.4004082152486832
    vertex 1030.3285786475283 151.64161896109695 1.400408210206364
  endloop
endfacet
facet normal 0.38268344541606086 -0.9238795271053974 1.6335770405397242e-08
  outer loop
    vertex 1030.2079881711988 151.59166874831257 1.4004082152486832
    vertex 1030.328578765283 151.6416190805994 5.40040821020636
    vertex 1030.2079882889536 151.59166886781503 5.400408215248679
  endloop
endfacet
facet normal 0.6087614402161262 -0.7933533316914904 5.780779534556564e-09
  outer loop
    vertex 1030.2079882889536 151.59166886781503 5.400408215248679
    vertex 1030.1044347820837 151.5122094358235 1.4004082206710557
    vertex 1030.2079881711988 151.59166874831257 1.4004082152486832
  endloop
endfacet
facet normal 0.6087614402161262 -0.7933533316914904 5.780779534556564e-09
  outer loop
    vertex 1030.1044347820837 151.5122094358235 1.4004082206710557
    vertex 1030.2079882889536 151.59166886781503 5.400408215248679
    vertex 1030.1044348998385 151.51220955532597 5.400408220671052
  endloop
endfacet
facet normal 0.7933533488904723 -0.6087614178019767 -5.168161908325812e-09
  outer loop
    vertex 1030.1044347820837 151.5122094358235 1.4004082206710557
    vertex 1030.0249755902748 151.40865616396562 5.400408226103951
    vertex 1030.02497547252 151.40865604446316 1.4004082261039552
  endloop
endfacet
facet normal 0.7933533488904723 -0.6087614178019767 -5.168161908325812e-09
  outer loop
    vertex 1030.0249755902748 151.40865616396562 5.400408226103951
    vertex 1030.1044347820837 151.5122094358235 1.4004082206710557
    vertex 1030.1044348998385 151.51220955532597 5.400408220671052
  endloop
endfacet
facet normal 0.9238795379171967 -0.3826834193140682 -1.5764901658002478e-08
  outer loop
    vertex 1030.02497547252 151.40865604446316 1.4004082261039552
    vertex 1029.9750253808975 151.2880656862251 5.400408231177135
    vertex 1029.9750252631427 151.28806556672265 1.4004082311771384
  endloop
endfacet
facet normal 0.9238795379171967 -0.3826834193140682 -1.5764901658002478e-08
  outer loop
    vertex 1029.9750253808975 151.2880656862251 5.400408231177135
    vertex 1030.02497547252 151.40865604446316 1.4004082261039552
    vertex 1030.0249755902748 151.40865616396562 5.400408226103951
  endloop
endfacet
facet normal 0.9914448632176152 -0.13052617821496124 -2.5287289412383065e-08
  outer loop
    vertex 1029.9750252631427 151.28806556672265 1.4004082311771384
    vertex 1029.9579882959285 151.1586561638773 5.400408235544874
    vertex 1029.9579881781738 151.15865604437482 1.4004082355448773
  endloop
endfacet
facet normal 0.9914448632176152 -0.13052617821496124 -2.5287289412383065e-08
  outer loop
    vertex 1029.9579882959285 151.1586561638773 5.400408235544874
    vertex 1029.9750252631427 151.28806556672265 1.4004082311771384
    vertex 1029.9750253808975 151.2880656862251 5.400408231177135
  endloop
endfacet
facet normal 0.9914448595299468 0.13052620622558292 -3.308639018255776e-08
  outer loop
    vertex 1029.9579881781738 151.15865604437482 1.4004082355448773
    vertex 1029.9750253845536 151.0292466420108 5.400408238909514
    vertex 1029.9750252667989 151.02924652250834 1.4004082389095167
  endloop
endfacet
facet normal 0.9914448595299468 0.13052620622558292 -3.308639018255776e-08
  outer loop
    vertex 1029.9750253845536 151.0292466420108 5.400408238909514
    vertex 1029.9579881781738 151.15865604437482 1.4004082355448773
    vertex 1029.9579882959285 151.1586561638773 5.400408235544874
  endloop
endfacet
facet normal 0.9238795271057281 0.3826834454152606 -3.863070813960527e-08
  outer loop
    vertex 1029.9750252667989 151.02924652250834 1.4004082389095167
    vertex 1030.0249755973377 150.90865616568152 5.400408241041758
    vertex 1030.024975479583 150.90865604617906 1.4004082410417626
  endloop
endfacet
facet normal 0.9238795271057281 0.3826834454152606 -3.863070813960527e-08
  outer loop
    vertex 1030.0249755973377 150.90865616568152 5.400408241041758
    vertex 1029.9750252667989 151.02924652250834 1.4004082389095167
    vertex 1029.9750253845536 151.0292466420108 5.400408238909514
  endloop
endfacet
facet normal 2.943869146551506e-08 2.9875616326772565e-08 0.9999999999999991
  outer loop
    vertex 1050.129547744518 151.0292468132006 1.4003759768886754
    vertex 1050.1295477408619 151.28806585741492 1.400375969156297
    vertex 1050.112510655893 151.1586563350671 1.400375973524036
  endloop
endfacet
facet normal 2.943869146551506e-08 2.9875616326772565e-08 0.9999999999999991
  outer loop
    vertex 1050.1295477408619 151.28806585741492 1.400375969156297
    vertex 1050.129547744518 151.0292468132006 1.4003759768886754
    vertex 1050.1794979502392 151.4086563351554 1.400375964083114
  endloop
endfacet
facet normal 2.943869146551506e-08 2.9875616326772565e-08 0.9999999999999991
  outer loop
    vertex 1050.1794979502392 151.4086563351554 1.400375964083114
    vertex 1050.129547744518 151.0292468132006 1.4003759768886754
    vertex 1050.1794979573024 150.9086563368713 1.4003759790209211
  endloop
endfacet
facet normal 2.943869146551506e-08 2.9875616326772565e-08 0.9999999999999991
  outer loop
    vertex 1050.1794979502392 151.4086563351554 1.400375964083114
    vertex 1050.1794979573024 150.9086563368713 1.4003759790209211
    vertex 1050.2589572598029 151.51220972651575 1.4003759586502142
  endloop
endfacet
facet normal 2.943869146551506e-08 2.9875616326772565e-08 0.9999999999999991
  outer loop
    vertex 1050.2589572598029 151.51220972651575 1.4003759586502142
    vertex 1050.1794979573024 150.9086563368713 1.4003759790209211
    vertex 1050.2589572697916 150.80510294775587 1.4003759797754645
  endloop
endfacet
facet normal 2.943869146551506e-08 2.9875616326772565e-08 0.9999999999999991
  outer loop
    vertex 1050.2589572598029 151.51220972651575 1.4003759586502142
    vertex 1050.2589572697916 150.80510294775587 1.4003759797754645
    vertex 1050.362510648918 151.5916690390048 1.4003759532278417
  endloop
endfacet
facet normal 2.943869146551506e-08 2.9875616326772565e-08 0.9999999999999991
  outer loop
    vertex 1050.362510648918 151.5916690390048 1.4003759532278417
    vertex 1050.2589572697916 150.80510294775587 1.4003759797754645
    vertex 1050.3625106611519 150.72564363819245 1.400375979100884
  endloop
endfacet
facet normal 2.943869146551506e-08 2.9875616326772565e-08 0.9999999999999991
  outer loop
    vertex 1050.362510648918 151.5916690390048 1.4003759532278417
    vertex 1050.3625106611519 150.72564363819245 1.400375979100884
    vertex 1050.4831011252475 151.6416192517892 1.4003759481855225
  endloop
endfacet
facet normal 2.943869146551506e-08 2.9875616326772565e-08 0.9999999999999991
  outer loop
    vertex 1050.4831011252475 151.6416192517892 1.4003759481855225
    vertex 1050.3625106611519 150.72564363819245 1.400375979100884
    vertex 1050.4831011388922 150.67569342881504 1.4003759770431516
  endloop
endfacet
facet normal 2.943869146551506e-08 2.9875616326772565e-08 0.9999999999999991
  outer loop
    vertex 1050.4831011252475 151.6416192517892 1.4003759481855225
    vertex 1050.4831011388922 150.67569342881504 1.4003759770431516
    vertex 1050.6125106471138 151.65865634041427 1.400375943866882
  endloop
endfacet
facet normal 2.943869146551506e-08 2.9875616326772565e-08 0.9999999999999991
  outer loop
    vertex 1050.6125106471138 151.65865634041427 1.400375943866882
    vertex 1050.4831011388922 150.67569342881504 1.4003759770431516
    vertex 1050.61251066124 150.6586563438461 1.4003759737424981
  endloop
endfacet
facet normal 2.943869146551506e-08 2.9875616326772565e-08 0.9999999999999991
  outer loop
    vertex 1050.6125106471138 151.65865634041427 1.400375943866882
    vertex 1050.61251066124 150.6586563438461 1.4003759737424981
    vertex 1050.7419201694618 151.6416192554453 1.4003759405662282
  endloop
endfacet
facet normal 2.943869146551506e-08 2.9875616326772565e-08 0.9999999999999991
  outer loop
    vertex 1050.7419201694618 151.6416192554453 1.4003759405662282
    vertex 1050.61251066124 150.6586563438461 1.4003759737424981
    vertex 1050.7419201831067 150.67569343247115 1.4003759694238576
  endloop
endfacet
facet normal 2.943869146551506e-08 2.9875616326772565e-08 0.9999999999999991
  outer loop
    vertex 1050.7419201694618 151.6416192554453 1.4003759405662282
    vertex 1050.7419201831067 150.67569343247115 1.4003759694238576
    vertex 1050.8625106472023 151.59166904606792 1.400375938508496
  endloop
endfacet
facet normal 2.943869146551506e-08 2.9875616326772565e-08 0.9999999999999991
  outer loop
    vertex 1050.8625106472023 151.59166904606792 1.400375938508496
    vertex 1050.7419201831067 150.67569343247115 1.4003759694238576
    vertex 1050.8625106594359 150.72564364525553 1.400375964381538
  endloop
endfacet
facet normal 2.943869146551506e-08 2.9875616326772565e-08 0.9999999999999991
  outer loop
    vertex 1050.8625106472023 151.59166904606792 1.400375938508496
    vertex 1050.8625106594359 150.72564364525553 1.400375964381538
    vertex 1050.9660640385625 151.51220973650447 1.4003759378339156
  endloop
endfacet
facet normal 2.943869146551506e-08 2.9875616326772565e-08 0.9999999999999991
  outer loop
    vertex 1050.9660640385625 151.51220973650447 1.4003759378339156
    vertex 1050.8625106594359 150.72564364525553 1.400375964381538
    vertex 1050.9660640485513 150.8051029577446 1.4003759589591656
  endloop
endfacet
facet normal 2.943869146551506e-08 2.9875616326772565e-08 0.9999999999999991
  outer loop
    vertex 1050.9660640385625 151.51220973650447 1.4003759378339156
    vertex 1050.9660640485513 150.8051029577446 1.4003759589591656
    vertex 1051.0455233510518 151.40865634738904 1.4003759385884589
  endloop
endfacet
facet normal 2.943869146551506e-08 2.9875616326772565e-08 0.9999999999999991
  outer loop
    vertex 1051.0455233510518 151.40865634738904 1.4003759385884589
    vertex 1050.9660640485513 150.8051029577446 1.4003759589591656
    vertex 1051.0455233581147 150.90865634910497 1.400375953526266
  endloop
endfacet
facet normal 2.943869146551506e-08 2.9875616326772565e-08 0.9999999999999991
  outer loop
    vertex 1051.0455233510518 151.40865634738904 1.4003759385884589
    vertex 1051.0455233581147 150.90865634910497 1.400375953526266
    vertex 1051.095473563836 151.28806587105976 1.4003759407207046
  endloop
endfacet
facet normal 2.943869146551506e-08 2.9875616326772565e-08 0.9999999999999991
  outer loop
    vertex 1051.095473563836 151.28806587105976 1.4003759407207046
    vertex 1051.0455233581147 150.90865634910497 1.400375953526266
    vertex 1051.095473567492 151.02924682684545 1.400375948453083
  endloop
endfacet
facet normal 2.943869146551506e-08 2.9875616326772565e-08 0.9999999999999991
  outer loop
    vertex 1051.095473563836 151.28806587105976 1.4003759407207046
    vertex 1051.095473567492 151.02924682684545 1.400375948453083
    vertex 1051.1125106524612 151.15865634919328 1.400375944085344
  endloop
endfacet
facet normal 0.13052617821465543 0.9914448632176552 -3.3462546231274274e-08
  outer loop
    vertex 1050.4831011388922 150.67569342881504 1.4003759770431516
    vertex 1050.6125107789949 150.65865646334856 5.400375973742494
    vertex 1050.61251066124 150.6586563438461 1.4003759737424981
  endloop
endfacet
facet normal 0.13052617821465543 0.9914448632176552 -3.3462546231274274e-08
  outer loop
    vertex 1050.6125107789949 150.65865646334856 5.400375973742494
    vertex 1050.4831011388922 150.67569342881504 1.4003759770431516
    vertex 1050.483101256647 150.6756935483175 5.400375977043148
  endloop
endfacet
facet normal -0.13052620622545952 0.9914448595299632 -2.577750551923263e-08
  outer loop
    vertex 1050.61251066124 150.6586563438461 1.4003759737424981
    vertex 1050.7419203008615 150.67569355197364 5.400375969423854
    vertex 1050.7419201831067 150.67569343247115 1.4003759694238576
  endloop
endfacet
facet normal -0.13052620622545952 0.9914448595299632 -2.577750551923263e-08
  outer loop
    vertex 1050.7419203008615 150.67569355197364 5.400375969423854
    vertex 1050.61251066124 150.6586563438461 1.4003759737424981
    vertex 1050.6125107789949 150.65865646334856 5.400375973742494
  endloop
endfacet
facet normal -0.38268344541606086 0.9238795271053974 -1.6335770405397252e-08
  outer loop
    vertex 1050.7419201831067 150.67569343247115 1.4003759694238576
    vertex 1050.8625107771907 150.725643764758 5.400375964381534
    vertex 1050.8625106594359 150.72564364525553 1.400375964381538
  endloop
endfacet
facet normal -0.38268344541606086 0.9238795271053974 -1.6335770405397252e-08
  outer loop
    vertex 1050.8625107771907 150.725643764758 5.400375964381534
    vertex 1050.7419201831067 150.67569343247115 1.4003759694238576
    vertex 1050.7419203008615 150.67569355197364 5.400375969423854
  endloop
endfacet
facet normal -0.6087614402161262 0.7933533316914904 -5.780779534556577e-09
  outer loop
    vertex 1050.8625106594359 150.72564364525553 1.400375964381538
    vertex 1050.966064166306 150.80510307724705 5.400375958959161
    vertex 1050.9660640485513 150.8051029577446 1.4003759589591656
  endloop
endfacet
facet normal -0.6087614402161262 0.7933533316914904 -5.780779534556577e-09
  outer loop
    vertex 1050.966064166306 150.80510307724705 5.400375958959161
    vertex 1050.8625106594359 150.72564364525553 1.400375964381538
    vertex 1050.8625107771907 150.725643764758 5.400375964381534
  endloop
endfacet
facet normal -0.7933533488904723 0.6087614178019767 5.168161908325797e-09
  outer loop
    vertex 1050.966064166306 150.80510307724705 5.400375958959161
    vertex 1051.0455233581147 150.90865634910497 1.400375953526266
    vertex 1050.9660640485513 150.8051029577446 1.4003759589591656
  endloop
endfacet
facet normal -0.7933533488904723 0.6087614178019767 5.168161908325797e-09
  outer loop
    vertex 1051.0455233581147 150.90865634910497 1.400375953526266
    vertex 1050.966064166306 150.80510307724705 5.400375958959161
    vertex 1051.0455234758695 150.90865646860743 5.400375953526262
  endloop
endfacet
facet normal -0.9238795379171967 0.3826834193140682 1.5764901658002465e-08
  outer loop
    vertex 1051.0455234758695 150.90865646860743 5.400375953526262
    vertex 1051.095473567492 151.02924682684545 1.400375948453083
    vertex 1051.0455233581147 150.90865634910497 1.400375953526266
  endloop
endfacet
facet normal -0.9238795379171967 0.3826834193140682 1.5764901658002465e-08
  outer loop
    vertex 1051.095473567492 151.02924682684545 1.400375948453083
    vertex 1051.0455234758695 150.90865646860743 5.400375953526262
    vertex 1051.0954736852468 151.0292469463479 5.40037594845308
  endloop
endfacet
facet normal -0.9914448632176152 0.13052617821496124 2.5287289412383052e-08
  outer loop
    vertex 1051.0954736852468 151.0292469463479 5.40037594845308
    vertex 1051.1125106524612 151.15865634919328 1.400375944085344
    vertex 1051.095473567492 151.02924682684545 1.400375948453083
  endloop
endfacet
facet normal -0.9914448632176152 0.13052617821496124 2.5287289412383052e-08
  outer loop
    vertex 1051.1125106524612 151.15865634919328 1.400375944085344
    vertex 1051.0954736852468 151.0292469463479 5.40037594845308
    vertex 1051.1125107702157 151.15865646869574 5.400375944085341
  endloop
endfacet
facet normal -0.9914448595299468 -0.13052620622558292 3.3086390182557757e-08
  outer loop
    vertex 1051.1125107702157 151.15865646869574 5.400375944085341
    vertex 1051.095473563836 151.28806587105976 1.4003759407207046
    vertex 1051.1125106524612 151.15865634919328 1.400375944085344
  endloop
endfacet
facet normal -0.9914448595299468 -0.13052620622558292 3.3086390182557757e-08
  outer loop
    vertex 1051.095473563836 151.28806587105976 1.4003759407207046
    vertex 1051.1125107702157 151.15865646869574 5.400375944085341
    vertex 1051.0954736815909 151.28806599056222 5.400375940720701
  endloop
endfacet
facet normal -0.9238795271057281 -0.3826834454152606 3.863070813960526e-08
  outer loop
    vertex 1051.0954736815909 151.28806599056222 5.400375940720701
    vertex 1051.0455233510518 151.40865634738904 1.4003759385884589
    vertex 1051.095473563836 151.28806587105976 1.4003759407207046
  endloop
endfacet
facet normal -0.9238795271057281 -0.3826834454152606 3.863070813960526e-08
  outer loop
    vertex 1051.0455233510518 151.40865634738904 1.4003759385884589
    vertex 1051.0954736815909 151.28806599056222 5.400375940720701
    vertex 1051.0455234688066 151.4086564668915 5.400375938588455
  endloop
endfacet
facet normal -0.7933533316911424 -0.6087614402165781 4.154240717723799e-08
  outer loop
    vertex 1051.0455234688066 151.4086564668915 5.400375938588455
    vertex 1050.9660640385625 151.51220973650447 1.4003759378339156
    vertex 1051.0455233510518 151.40865634738904 1.4003759385884589
  endloop
endfacet
facet normal -0.7933533316911424 -0.6087614402165781 4.154240717723799e-08
  outer loop
    vertex 1050.9660640385625 151.51220973650447 1.4003759378339156
    vertex 1051.0455234688066 151.4086564668915 5.400375938588455
    vertex 1050.9660641563173 151.51220985600696 5.400375937833912
  endloop
endfacet
facet normal -0.6087614178017909 -0.7933533488906136 4.162305981779257e-08
  outer loop
    vertex 1050.9660641563173 151.51220985600696 5.400375937833912
    vertex 1050.8625106472023 151.59166904606792 1.400375938508496
    vertex 1050.9660640385625 151.51220973650447 1.4003759378339156
  endloop
endfacet
facet normal -0.6087614178017909 -0.7933533488906136 4.162305981779257e-08
  outer loop
    vertex 1050.8625106472023 151.59166904606792 1.400375938508496
    vertex 1050.9660641563173 151.51220985600696 5.400375937833912
    vertex 1050.862510764957 151.59166916557038 5.400375938508492
  endloop
endfacet
facet normal -0.3826834193143977 -0.9238795379170597 3.886716971713091e-08
  outer loop
    vertex 1050.862510764957 151.59166916557038 5.400375938508492
    vertex 1050.7419201694618 151.6416192554453 1.4003759405662282
    vertex 1050.8625106472023 151.59166904606792 1.400375938508496
  endloop
endfacet
facet normal -0.3826834193143977 -0.9238795379170597 3.886716971713091e-08
  outer loop
    vertex 1050.7419201694618 151.6416192554453 1.4003759405662282
    vertex 1050.862510764957 151.59166916557038 5.400375938508492
    vertex 1050.7419202872165 151.6416193749478 5.400375940566224
  endloop
endfacet
facet normal -0.13052617821465543 -0.9914448632176552 3.3462546231274274e-08
  outer loop
    vertex 1050.7419202872165 151.6416193749478 5.400375940566224
    vertex 1050.6125106471138 151.65865634041427 1.400375943866882
    vertex 1050.7419201694618 151.6416192554453 1.4003759405662282
  endloop
endfacet
facet normal -0.13052617821465543 -0.9914448632176552 3.3462546231274274e-08
  outer loop
    vertex 1050.6125106471138 151.65865634041427 1.400375943866882
    vertex 1050.7419202872165 151.6416193749478 5.400375940566224
    vertex 1050.6125107648686 151.65865645991673 5.400375943866878
  endloop
endfacet
facet normal 0.13052620622545952 -0.9914448595299632 2.577750551923263e-08
  outer loop
    vertex 1050.6125107648686 151.65865645991673 5.400375943866878
    vertex 1050.4831011252475 151.6416192517892 1.4003759481855225
    vertex 1050.6125106471138 151.65865634041427 1.400375943866882
  endloop
endfacet
facet normal 0.13052620622545952 -0.9914448595299632 2.577750551923263e-08
  outer loop
    vertex 1050.4831011252475 151.6416192517892 1.4003759481855225
    vertex 1050.6125107648686 151.65865645991673 5.400375943866878
    vertex 1050.4831012430022 151.64161937129165 5.400375948185519
  endloop
endfacet
facet normal 0.38268344541606086 -0.9238795271053974 1.6335770405397252e-08
  outer loop
    vertex 1050.4831012430022 151.64161937129165 5.400375948185519
    vertex 1050.362510648918 151.5916690390048 1.4003759532278417
    vertex 1050.4831011252475 151.6416192517892 1.4003759481855225
  endloop
endfacet
facet normal 0.38268344541606086 -0.9238795271053974 1.6335770405397252e-08
  outer loop
    vertex 1050.362510648918 151.5916690390048 1.4003759532278417
    vertex 1050.4831012430022 151.64161937129165 5.400375948185519
    vertex 1050.3625107666728 151.59166915850727 5.400375953227838
  endloop
endfacet
facet normal 0.6087614402161262 -0.7933533316914904 5.780779534556577e-09
  outer loop
    vertex 1050.3625107666728 151.59166915850727 5.400375953227838
    vertex 1050.2589572598029 151.51220972651575 1.4003759586502142
    vertex 1050.362510648918 151.5916690390048 1.4003759532278417
  endloop
endfacet
facet normal 0.6087614402161262 -0.7933533316914904 5.780779534556577e-09
  outer loop
    vertex 1050.2589572598029 151.51220972651575 1.4003759586502142
    vertex 1050.3625107666728 151.59166915850727 5.400375953227838
    vertex 1050.2589573775576 151.5122098460182 5.400375958650211
  endloop
endfacet
facet normal 0.7933533488904723 -0.6087614178019767 -5.168161908325797e-09
  outer loop
    vertex 1050.2589572598029 151.51220972651575 1.4003759586502142
    vertex 1050.179498067994 151.40865645465786 5.400375964083111
    vertex 1050.1794979502392 151.4086563351554 1.400375964083114
  endloop
endfacet
facet normal 0.7933533488904723 -0.6087614178019767 -5.168161908325797e-09
  outer loop
    vertex 1050.179498067994 151.40865645465786 5.400375964083111
    vertex 1050.2589572598029 151.51220972651575 1.4003759586502142
    vertex 1050.2589573775576 151.5122098460182 5.400375958650211
  endloop
endfacet
facet normal 0.9238795379171967 -0.3826834193140682 -1.5764901658002465e-08
  outer loop
    vertex 1050.1794979502392 151.4086563351554 1.400375964083114
    vertex 1050.1295478586167 151.28806597691738 5.4003759691562925
    vertex 1050.1295477408619 151.28806585741492 1.400375969156297
  endloop
endfacet
facet normal 0.9238795379171967 -0.3826834193140682 -1.5764901658002465e-08
  outer loop
    vertex 1050.1295478586167 151.28806597691738 5.4003759691562925
    vertex 1050.1794979502392 151.4086563351554 1.400375964083114
    vertex 1050.179498067994 151.40865645465786 5.400375964083111
  endloop
endfacet
facet normal 0.9914448632176152 -0.13052617821496124 -2.5287289412383052e-08
  outer loop
    vertex 1050.1295477408619 151.28806585741492 1.400375969156297
    vertex 1050.1125107736477 151.15865645456955 5.4003759735240315
    vertex 1050.112510655893 151.1586563350671 1.400375973524036
  endloop
endfacet
facet normal 0.9914448632176152 -0.13052617821496124 -2.5287289412383052e-08
  outer loop
    vertex 1050.1125107736477 151.15865645456955 5.4003759735240315
    vertex 1050.1295477408619 151.28806585741492 1.400375969156297
    vertex 1050.1295478586167 151.28806597691738 5.4003759691562925
  endloop
endfacet
facet normal 0.9914448595299468 0.13052620622558292 -3.3086390182557757e-08
  outer loop
    vertex 1050.112510655893 151.1586563350671 1.400375973524036
    vertex 1050.1295478622728 151.02924693270307 5.400375976888672
    vertex 1050.129547744518 151.0292468132006 1.4003759768886754
  endloop
endfacet
facet normal 0.9914448595299468 0.13052620622558292 -3.3086390182557757e-08
  outer loop
    vertex 1050.1295478622728 151.02924693270307 5.400375976888672
    vertex 1050.112510655893 151.1586563350671 1.400375973524036
    vertex 1050.1125107736477 151.15865645456955 5.4003759735240315
  endloop
endfacet
facet normal 0.9238795271057281 0.3826834454152606 -3.863070813960526e-08
  outer loop
    vertex 1050.129547744518 151.0292468132006 1.4003759768886754
    vertex 1050.1794980750572 150.9086564563738 5.400375979020917
    vertex 1050.1794979573024 150.9086563368713 1.4003759790209211
  endloop
endfacet
facet normal 0.9238795271057281 0.3826834454152606 -3.863070813960526e-08
  outer loop
    vertex 1050.1794980750572 150.9086564563738 5.400375979020917
    vertex 1050.129547744518 151.0292468132006 1.4003759768886754
    vertex 1050.1295478622728 151.02924693270307 5.400375976888672
  endloop
endfacet
facet normal 0.7933533316911424 0.6087614402165781 -4.154240717723799e-08
  outer loop
    vertex 1050.1794979573024 150.9086563368713 1.4003759790209211
    vertex 1050.2589573875464 150.80510306725833 5.40037597977546
    vertex 1050.2589572697916 150.80510294775587 1.4003759797754645
  endloop
endfacet
facet normal 0.7933533316911424 0.6087614402165781 -4.154240717723799e-08
  outer loop
    vertex 1050.2589573875464 150.80510306725833 5.40037597977546
    vertex 1050.1794979573024 150.9086563368713 1.4003759790209211
    vertex 1050.1794980750572 150.9086564563738 5.400375979020917
  endloop
endfacet
facet normal 0.6087614178017909 0.7933533488906136 -4.162305981779257e-08
  outer loop
    vertex 1050.2589572697916 150.80510294775587 1.4003759797754645
    vertex 1050.3625107789067 150.7256437576949 5.400375979100881
    vertex 1050.3625106611519 150.72564363819245 1.400375979100884
  endloop
endfacet
facet normal 0.6087614178017909 0.7933533488906136 -4.162305981779257e-08
  outer loop
    vertex 1050.3625107789067 150.7256437576949 5.400375979100881
    vertex 1050.2589572697916 150.80510294775587 1.4003759797754645
    vertex 1050.2589573875464 150.80510306725833 5.40037597977546
  endloop
endfacet
facet normal 0.3826834193143977 0.9238795379170597 -3.886716971713091e-08
  outer loop
    vertex 1050.3625106611519 150.72564363819245 1.400375979100884
    vertex 1050.483101256647 150.6756935483175 5.400375977043148
    vertex 1050.4831011388922 150.67569342881504 1.4003759770431516
  endloop
endfacet
facet normal 0.3826834193143977 0.9238795379170597 -3.886716971713091e-08
  outer loop
    vertex 1050.483101256647 150.6756935483175 5.400375977043148
    vertex 1050.3625106611519 150.72564363819245 1.400375979100884
    vertex 1050.3625107789067 150.7256437576949 5.400375979100881
  endloop
endfacet
facet normal 2.9438691465515068e-08 2.9875616326772565e-08 0.9999999999999991
  outer loop
    vertex 1070.2795473772278 151.02924709136917 1.4004188188318907
    vertex 1070.2795473735716 151.28806613558348 1.4004188110995122
    vertex 1070.2625102886027 151.15865661323568 1.4004188154672512
  endloop
endfacet
facet normal 2.9438691465515068e-08 2.9875616326772565e-08 0.9999999999999991
  outer loop
    vertex 1070.2795473735716 151.28806613558348 1.4004188110995122
    vertex 1070.2795473772278 151.02924709136917 1.4004188188318907
    vertex 1070.329497582949 151.40865661332398 1.4004188060263292
  endloop
endfacet
facet normal 2.9438691465515068e-08 2.9875616326772565e-08 0.9999999999999991
  outer loop
    vertex 1070.329497582949 151.40865661332398 1.4004188060263292
    vertex 1070.2795473772278 151.02924709136917 1.4004188188318907
    vertex 1070.3294975900121 150.9086566150399 1.4004188209641364
  endloop
endfacet
facet normal 2.9438691465515068e-08 2.9875616326772565e-08 0.9999999999999991
  outer loop
    vertex 1070.329497582949 151.40865661332398 1.4004188060263292
    vertex 1070.3294975900121 150.9086566150399 1.4004188209641364
    vertex 1070.4089568925126 151.51221000468433 1.4004188005934295
  endloop
endfacet
facet normal 2.9438691465515068e-08 2.9875616326772565e-08 0.9999999999999991
  outer loop
    vertex 1070.4089568925126 151.51221000468433 1.4004188005934295
    vertex 1070.3294975900121 150.9086566150399 1.4004188209641364
    vertex 1070.4089569025014 150.80510322592446 1.4004188217186797
  endloop
endfacet
facet normal 2.9438691465515068e-08 2.9875616326772565e-08 0.9999999999999991
  outer loop
    vertex 1070.4089568925126 151.51221000468433 1.4004188005934295
    vertex 1070.4089569025014 150.80510322592446 1.4004188217186797
    vertex 1070.512510281628 151.5916693171734 1.400418795171057
  endloop
endfacet
facet normal 2.9438691465515068e-08 2.9875616326772565e-08 0.9999999999999991
  outer loop
    vertex 1070.512510281628 151.5916693171734 1.400418795171057
    vertex 1070.4089569025014 150.80510322592446 1.4004188217186797
    vertex 1070.5125102938616 150.72564391636104 1.4004188210440993
  endloop
endfacet
facet normal 2.9438691465515068e-08 2.9875616326772565e-08 0.9999999999999991
  outer loop
    vertex 1070.512510281628 151.5916693171734 1.400418795171057
    vertex 1070.5125102938616 150.72564391636104 1.4004188210440993
    vertex 1070.6331007579572 151.64161952995778 1.4004187901287377
  endloop
endfacet
facet normal 2.9438691465515068e-08 2.9875616326772565e-08 0.9999999999999991
  outer loop
    vertex 1070.6331007579572 151.64161952995778 1.4004187901287377
    vertex 1070.5125102938616 150.72564391636104 1.4004188210440993
    vertex 1070.6331007716021 150.67569370698362 1.400418818986367
  endloop
endfacet
facet normal 2.9438691465515068e-08 2.9875616326772565e-08 0.9999999999999991
  outer loop
    vertex 1070.6331007579572 151.64161952995778 1.4004187901287377
    vertex 1070.6331007716021 150.67569370698362 1.400418818986367
    vertex 1070.7625102798236 151.65865661858282 1.4004187858100972
  endloop
endfacet
facet normal 2.9438691465515068e-08 2.9875616326772565e-08 0.9999999999999991
  outer loop
    vertex 1070.7625102798236 151.65865661858282 1.4004187858100972
    vertex 1070.6331007716021 150.67569370698362 1.400418818986367
    vertex 1070.76251029395 150.65865662201466 1.4004188156857134
  endloop
endfacet
facet normal 2.9438691465515068e-08 2.9875616326772565e-08 0.9999999999999991
  outer loop
    vertex 1070.7625102798236 151.65865661858282 1.4004187858100972
    vertex 1070.76251029395 150.65865662201466 1.4004188156857134
    vertex 1070.8919198021715 151.6416195336139 1.4004187825094434
  endloop
endfacet
facet normal 2.9438691465515068e-08 2.9875616326772565e-08 0.9999999999999991
  outer loop
    vertex 1070.8919198021715 151.6416195336139 1.4004187825094434
    vertex 1070.76251029395 150.65865662201466 1.4004188156857134
    vertex 1070.8919198158164 150.67569371063973 1.4004188113670728
  endloop
endfacet
facet normal 2.9438691465515068e-08 2.9875616326772565e-08 0.9999999999999991
  outer loop
    vertex 1070.8919198021715 151.6416195336139 1.4004187825094434
    vertex 1070.8919198158164 150.67569371063973 1.4004188113670728
    vertex 1071.012510279912 151.59166932423648 1.4004187804517112
  endloop
endfacet
facet normal 2.9438691465515068e-08 2.9875616326772565e-08 0.9999999999999991
  outer loop
    vertex 1071.012510279912 151.59166932423648 1.4004187804517112
    vertex 1070.8919198158164 150.67569371063973 1.4004188113670728
    vertex 1071.0125102921456 150.72564392342412 1.4004188063247534
  endloop
endfacet
facet normal 2.9438691465515068e-08 2.9875616326772565e-08 0.9999999999999991
  outer loop
    vertex 1071.012510279912 151.59166932423648 1.4004187804517112
    vertex 1071.0125102921456 150.72564392342412 1.4004188063247534
    vertex 1071.1160636712723 151.51221001467306 1.4004187797771308
  endloop
endfacet
facet normal 2.9438691465515068e-08 2.9875616326772565e-08 0.9999999999999991
  outer loop
    vertex 1071.1160636712723 151.51221001467306 1.4004187797771308
    vertex 1071.0125102921456 150.72564392342412 1.4004188063247534
    vertex 1071.116063681261 150.80510323591318 1.4004188009023808
  endloop
endfacet
facet normal 2.9438691465515068e-08 2.9875616326772565e-08 0.9999999999999991
  outer loop
    vertex 1071.1160636712723 151.51221001467306 1.4004187797771308
    vertex 1071.116063681261 150.80510323591318 1.4004188009023808
    vertex 1071.1955229837615 151.40865662555763 1.4004187805316741
  endloop
endfacet
facet normal 2.9438691465515068e-08 2.9875616326772565e-08 0.9999999999999991
  outer loop
    vertex 1071.1955229837615 151.40865662555763 1.4004187805316741
    vertex 1071.116063681261 150.80510323591318 1.4004188009023808
    vertex 1071.1955229908247 150.90865662727353 1.4004187954694813
  endloop
endfacet
facet normal 2.9438691465515068e-08 2.9875616326772565e-08 0.9999999999999991
  outer loop
    vertex 1071.1955229837615 151.40865662555763 1.4004187805316741
    vertex 1071.1955229908247 150.90865662727353 1.4004187954694813
    vertex 1071.2454731965458 151.28806614922834 1.4004187826639198
  endloop
endfacet
facet normal 2.9438691465515068e-08 2.9875616326772565e-08 0.9999999999999991
  outer loop
    vertex 1071.2454731965458 151.28806614922834 1.4004187826639198
    vertex 1071.1955229908247 150.90865662727353 1.4004187954694813
    vertex 1071.245473200202 151.02924710501404 1.4004187903962984
  endloop
endfacet
facet normal 2.9438691465515068e-08 2.9875616326772565e-08 0.9999999999999991
  outer loop
    vertex 1071.2454731965458 151.28806614922834 1.4004187826639198
    vertex 1071.245473200202 151.02924710501404 1.4004187903962984
    vertex 1071.262510285171 151.15865662736184 1.4004187860285593
  endloop
endfacet
facet normal -0.13052617821465543 -0.9914448632176552 3.346254623127428e-08
  outer loop
    vertex 1070.8919199199263 151.64161965311635 5.400418782509439
    vertex 1070.7625102798236 151.65865661858282 1.4004187858100972
    vertex 1070.8919198021715 151.6416195336139 1.4004187825094434
  endloop
endfacet
facet normal -0.13052617821465543 -0.9914448632176552 3.346254623127428e-08
  outer loop
    vertex 1070.7625102798236 151.65865661858282 1.4004187858100972
    vertex 1070.8919199199263 151.64161965311635 5.400418782509439
    vertex 1070.7625103975784 151.6586567380853 5.4004187858100945
  endloop
endfacet
facet normal 0.13052620622545952 -0.9914448595299632 2.577750551923263e-08
  outer loop
    vertex 1070.7625103975784 151.6586567380853 5.4004187858100945
    vertex 1070.6331007579572 151.64161952995778 1.4004187901287377
    vertex 1070.7625102798236 151.65865661858282 1.4004187858100972
  endloop
endfacet
facet normal 0.13052620622545952 -0.9914448595299632 2.577750551923263e-08
  outer loop
    vertex 1070.6331007579572 151.64161952995778 1.4004187901287377
    vertex 1070.7625103975784 151.6586567380853 5.4004187858100945
    vertex 1070.633100875712 151.64161964946024 5.400418790128735
  endloop
endfacet
facet normal 0.38268344541606086 -0.9238795271053974 1.633577040539725e-08
  outer loop
    vertex 1070.633100875712 151.64161964946024 5.400418790128735
    vertex 1070.512510281628 151.5916693171734 1.400418795171057
    vertex 1070.6331007579572 151.64161952995778 1.4004187901287377
  endloop
endfacet
facet normal 0.38268344541606086 -0.9238795271053974 1.633577040539725e-08
  outer loop
    vertex 1070.512510281628 151.5916693171734 1.400418795171057
    vertex 1070.633100875712 151.64161964946024 5.400418790128735
    vertex 1070.5125103993828 151.59166943667586 5.400418795171054
  endloop
endfacet
facet normal 0.6087614402161262 -0.7933533316914904 5.780779534556572e-09
  outer loop
    vertex 1070.5125103993828 151.59166943667586 5.400418795171054
    vertex 1070.4089568925126 151.51221000468433 1.4004188005934295
    vertex 1070.512510281628 151.5916693171734 1.400418795171057
  endloop
endfacet
facet normal 0.6087614402161262 -0.7933533316914904 5.780779534556572e-09
  outer loop
    vertex 1070.4089568925126 151.51221000468433 1.4004188005934295
    vertex 1070.5125103993828 151.59166943667586 5.400418795171054
    vertex 1070.4089570102674 151.5122101241868 5.4004188005934255
  endloop
endfacet
facet normal 0.7933533488904723 -0.6087614178019767 -5.168161908325802e-09
  outer loop
    vertex 1070.4089568925126 151.51221000468433 1.4004188005934295
    vertex 1070.3294977007038 151.40865673282644 5.400418806026325
    vertex 1070.329497582949 151.40865661332398 1.4004188060263292
  endloop
endfacet
facet normal 0.7933533488904723 -0.6087614178019767 -5.168161908325802e-09
  outer loop
    vertex 1070.3294977007038 151.40865673282644 5.400418806026325
    vertex 1070.4089568925126 151.51221000468433 1.4004188005934295
    vertex 1070.4089570102674 151.5122101241868 5.4004188005934255
  endloop
endfacet
facet normal 0.9238795379171967 -0.3826834193140682 -1.5764901658002468e-08
  outer loop
    vertex 1070.329497582949 151.40865661332398 1.4004188060263292
    vertex 1070.2795474913264 151.28806625508597 5.400418811099509
    vertex 1070.2795473735716 151.28806613558348 1.4004188110995122
  endloop
endfacet
facet normal 0.9238795379171967 -0.3826834193140682 -1.5764901658002468e-08
  outer loop
    vertex 1070.2795474913264 151.28806625508597 5.400418811099509
    vertex 1070.329497582949 151.40865661332398 1.4004188060263292
    vertex 1070.3294977007038 151.40865673282644 5.400418806026325
  endloop
endfacet
facet normal 0.9914448632176152 -0.13052617821496124 -2.5287289412383062e-08
  outer loop
    vertex 1070.2795473735716 151.28806613558348 1.4004188110995122
    vertex 1070.2625104063575 151.15865673273814 5.400418815467248
    vertex 1070.2625102886027 151.15865661323568 1.4004188154672512
  endloop
endfacet
facet normal 0.9914448632176152 -0.13052617821496124 -2.5287289412383062e-08
  outer loop
    vertex 1070.2625104063575 151.15865673273814 5.400418815467248
    vertex 1070.2795473735716 151.28806613558348 1.4004188110995122
    vertex 1070.2795474913264 151.28806625508597 5.400418811099509
  endloop
endfacet
facet normal 0.9914448595299468 0.13052620622558292 -3.3086390182557757e-08
  outer loop
    vertex 1070.2625102886027 151.15865661323568 1.4004188154672512
    vertex 1070.2795474949826 151.02924721087163 5.400418818831888
    vertex 1070.2795473772278 151.02924709136917 1.4004188188318907
  endloop
endfacet
facet normal 0.9914448595299468 0.13052620622558292 -3.3086390182557757e-08
  outer loop
    vertex 1070.2795474949826 151.02924721087163 5.400418818831888
    vertex 1070.2625102886027 151.15865661323568 1.4004188154672512
    vertex 1070.2625104063575 151.15865673273814 5.400418815467248
  endloop
endfacet
facet normal 0.9238795271057281 0.3826834454152606 -3.863070813960527e-08
  outer loop
    vertex 1070.2795473772278 151.02924709136917 1.4004188188318907
    vertex 1070.329497707767 150.90865673454235 5.4004188209641315
    vertex 1070.3294975900121 150.9086566150399 1.4004188209641364
  endloop
endfacet
facet normal 0.9238795271057281 0.3826834454152606 -3.863070813960527e-08
  outer loop
    vertex 1070.329497707767 150.90865673454235 5.4004188209641315
    vertex 1070.2795473772278 151.02924709136917 1.4004188188318907
    vertex 1070.2795474949826 151.02924721087163 5.400418818831888
  endloop
endfacet
facet normal 0.7933533316911424 0.6087614402165781 -4.1542407177238e-08
  outer loop
    vertex 1070.3294975900121 150.9086566150399 1.4004188209641364
    vertex 1070.4089570202561 150.80510334542691 5.400418821718676
    vertex 1070.4089569025014 150.80510322592446 1.4004188217186797
  endloop
endfacet
facet normal 0.7933533316911424 0.6087614402165781 -4.1542407177238e-08
  outer loop
    vertex 1070.4089570202561 150.80510334542691 5.400418821718676
    vertex 1070.3294975900121 150.9086566150399 1.4004188209641364
    vertex 1070.329497707767 150.90865673454235 5.4004188209641315
  endloop
endfacet
facet normal 0.6087614178017909 0.7933533488906136 -4.162305981779257e-08
  outer loop
    vertex 1070.4089569025014 150.80510322592446 1.4004188217186797
    vertex 1070.5125104116164 150.7256440358635 5.400418821044095
    vertex 1070.5125102938616 150.72564391636104 1.4004188210440993
  endloop
endfacet
facet normal 0.6087614178017909 0.7933533488906136 -4.162305981779257e-08
  outer loop
    vertex 1070.5125104116164 150.7256440358635 5.400418821044095
    vertex 1070.4089569025014 150.80510322592446 1.4004188217186797
    vertex 1070.4089570202561 150.80510334542691 5.400418821718676
  endloop
endfacet
facet normal 0.3826834193143977 0.9238795379170597 -3.886716971713092e-08
  outer loop
    vertex 1070.5125102938616 150.72564391636104 1.4004188210440993
    vertex 1070.633100889357 150.67569382648608 5.4004188189863624
    vertex 1070.6331007716021 150.67569370698362 1.400418818986367
  endloop
endfacet
facet normal 0.3826834193143977 0.9238795379170597 -3.886716971713092e-08
  outer loop
    vertex 1070.633100889357 150.67569382648608 5.4004188189863624
    vertex 1070.5125102938616 150.72564391636104 1.4004188210440993
    vertex 1070.5125104116164 150.7256440358635 5.400418821044095
  endloop
endfacet
facet normal 0.13052617821465543 0.9914448632176552 -3.346254623127428e-08
  outer loop
    vertex 1070.6331007716021 150.67569370698362 1.400418818986367
    vertex 1070.7625104117049 150.65865674151715 5.40041881568571
    vertex 1070.76251029395 150.65865662201466 1.4004188156857134
  endloop
endfacet
facet normal 0.13052617821465543 0.9914448632176552 -3.346254623127428e-08
  outer loop
    vertex 1070.7625104117049 150.65865674151715 5.40041881568571
    vertex 1070.6331007716021 150.67569370698362 1.400418818986367
    vertex 1070.633100889357 150.67569382648608 5.4004188189863624
  endloop
endfacet
facet normal -0.13052620622545952 0.9914448595299632 -2.577750551923263e-08
  outer loop
    vertex 1070.76251029395 150.65865662201466 1.4004188156857134
    vertex 1070.8919199335712 150.6756938301422 5.40041881136707
    vertex 1070.8919198158164 150.67569371063973 1.4004188113670728
  endloop
endfacet
facet normal -0.13052620622545952 0.9914448595299632 -2.577750551923263e-08
  outer loop
    vertex 1070.8919199335712 150.6756938301422 5.40041881136707
    vertex 1070.76251029395 150.65865662201466 1.4004188156857134
    vertex 1070.7625104117049 150.65865674151715 5.40041881568571
  endloop
endfacet
facet normal -0.38268344541606086 0.9238795271053974 -1.633577040539725e-08
  outer loop
    vertex 1070.8919198158164 150.67569371063973 1.4004188113670728
    vertex 1071.0125104099004 150.72564404292658 5.400418806324749
    vertex 1071.0125102921456 150.72564392342412 1.4004188063247534
  endloop
endfacet
facet normal -0.38268344541606086 0.9238795271053974 -1.633577040539725e-08
  outer loop
    vertex 1071.0125104099004 150.72564404292658 5.400418806324749
    vertex 1070.8919198158164 150.67569371063973 1.4004188113670728
    vertex 1070.8919199335712 150.6756938301422 5.40041881136707
  endloop
endfacet
facet normal -0.6087614402161262 0.7933533316914904 -5.780779534556572e-09
  outer loop
    vertex 1071.0125102921456 150.72564392342412 1.4004188063247534
    vertex 1071.1160637990158 150.80510335541564 5.4004188009023775
    vertex 1071.116063681261 150.80510323591318 1.4004188009023808
  endloop
endfacet
facet normal -0.6087614402161262 0.7933533316914904 -5.780779534556572e-09
  outer loop
    vertex 1071.1160637990158 150.80510335541564 5.4004188009023775
    vertex 1071.0125102921456 150.72564392342412 1.4004188063247534
    vertex 1071.0125104099004 150.72564404292658 5.400418806324749
  endloop
endfacet
facet normal -0.7933533488904723 0.6087614178019767 5.168161908325802e-09
  outer loop
    vertex 1071.1160637990158 150.80510335541564 5.4004188009023775
    vertex 1071.1955229908247 150.90865662727353 1.4004187954694813
    vertex 1071.116063681261 150.80510323591318 1.4004188009023808
  endloop
endfacet
facet normal -0.7933533488904723 0.6087614178019767 5.168161908325802e-09
  outer loop
    vertex 1071.1955229908247 150.90865662727353 1.4004187954694813
    vertex 1071.1160637990158 150.80510335541564 5.4004188009023775
    vertex 1071.1955231085792 150.908656746776 5.400418795469478
  endloop
endfacet
facet normal -0.9238795379171967 0.3826834193140682 1.5764901658002468e-08
  outer loop
    vertex 1071.1955231085792 150.908656746776 5.400418795469478
    vertex 1071.245473200202 151.02924710501404 1.4004187903962984
    vertex 1071.1955229908247 150.90865662727353 1.4004187954694813
  endloop
endfacet
facet normal -0.9238795379171967 0.3826834193140682 1.5764901658002468e-08
  outer loop
    vertex 1071.245473200202 151.02924710501404 1.4004187903962984
    vertex 1071.1955231085792 150.908656746776 5.400418795469478
    vertex 1071.2454733179568 151.0292472245165 5.400418790396294
  endloop
endfacet
facet normal -0.9914448632176152 0.13052617821496124 2.5287289412383062e-08
  outer loop
    vertex 1071.2454733179568 151.0292472245165 5.400418790396294
    vertex 1071.262510285171 151.15865662736184 1.4004187860285593
    vertex 1071.245473200202 151.02924710501404 1.4004187903962984
  endloop
endfacet
facet normal -0.9914448632176152 0.13052617821496124 2.5287289412383062e-08
  outer loop
    vertex 1071.262510285171 151.15865662736184 1.4004187860285593
    vertex 1071.2454733179568 151.0292472245165 5.400418790396294
    vertex 1071.2625104029257 151.15865674686432 5.400418786028555
  endloop
endfacet
facet normal -0.9914448595299468 -0.13052620622558292 3.3086390182557757e-08
  outer loop
    vertex 1071.2625104029257 151.15865674686432 5.400418786028555
    vertex 1071.2454731965458 151.28806614922834 1.4004187826639198
    vertex 1071.262510285171 151.15865662736184 1.4004187860285593
  endloop
endfacet
facet normal -0.9914448595299468 -0.13052620622558292 3.3086390182557757e-08
  outer loop
    vertex 1071.2454731965458 151.28806614922834 1.4004187826639198
    vertex 1071.2625104029257 151.15865674686432 5.400418786028555
    vertex 1071.2454733143006 151.2880662687308 5.400418782663917
  endloop
endfacet
facet normal -0.9238795271057281 -0.3826834454152606 3.863070813960527e-08
  outer loop
    vertex 1071.2454733143006 151.2880662687308 5.400418782663917
    vertex 1071.1955229837615 151.40865662555763 1.4004187805316741
    vertex 1071.2454731965458 151.28806614922834 1.4004187826639198
  endloop
endfacet
facet normal -0.9238795271057281 -0.3826834454152606 3.863070813960527e-08
  outer loop
    vertex 1071.1955229837615 151.40865662555763 1.4004187805316741
    vertex 1071.2454733143006 151.2880662687308 5.400418782663917
    vertex 1071.1955231015163 151.40865674506009 5.40041878053167
  endloop
endfacet
facet normal -0.7933533316911424 -0.6087614402165781 4.1542407177238e-08
  outer loop
    vertex 1071.1955231015163 151.40865674506009 5.40041878053167
    vertex 1071.1160636712723 151.51221001467306 1.4004187797771308
    vertex 1071.1955229837615 151.40865662555763 1.4004187805316741
  endloop
endfacet
facet normal -0.7933533316911424 -0.6087614402165781 4.1542407177238e-08
  outer loop
    vertex 1071.1160636712723 151.51221001467306 1.4004187797771308
    vertex 1071.1955231015163 151.40865674506009 5.40041878053167
    vertex 1071.116063789027 151.51221013417552 5.400418779777127
  endloop
endfacet
facet normal -0.6087614178017909 -0.7933533488906136 4.162305981779257e-08
  outer loop
    vertex 1071.116063789027 151.51221013417552 5.400418779777127
    vertex 1071.012510279912 151.59166932423648 1.4004187804517112
    vertex 1071.1160636712723 151.51221001467306 1.4004187797771308
  endloop
endfacet
facet normal -0.6087614178017909 -0.7933533488906136 4.162305981779257e-08
  outer loop
    vertex 1071.012510279912 151.59166932423648 1.4004187804517112
    vertex 1071.116063789027 151.51221013417552 5.400418779777127
    vertex 1071.0125103976668 151.59166944373894 5.400418780451707
  endloop
endfacet
facet normal -0.3826834193143977 -0.9238795379170597 3.886716971713092e-08
  outer loop
    vertex 1071.0125103976668 151.59166944373894 5.400418780451707
    vertex 1070.8919198021715 151.6416195336139 1.4004187825094434
    vertex 1071.012510279912 151.59166932423648 1.4004187804517112
  endloop
endfacet
facet normal -0.3826834193143977 -0.9238795379170597 3.886716971713092e-08
  outer loop
    vertex 1070.8919198021715 151.6416195336139 1.4004187825094434
    vertex 1071.0125103976668 151.59166944373894 5.400418780451707
    vertex 1070.8919199199263 151.64161965311635 5.400418782509439
  endloop
endfacet
facet normal 3.5571986370078385e-06 3.820742624050542e-06 0.9999999999863742
  outer loop
    vertex 1070.2795336908266 124.5292319275392 1.4004218030000801
    vertex 1070.2795336871156 124.78805097228621 1.4004208141191372
    vertex 1070.2624966021392 124.65864144966868 1.4004213691639116
  endloop
endfacet
facet normal 3.5571986370078385e-06 3.820742624050542e-06 0.9999999999863742
  outer loop
    vertex 1070.2795336871156 124.78805097228621 1.4004208141191372
    vertex 1070.2795336908266 124.5292319275392 1.4004218030000801
    vertex 1070.3294838965705 124.90864145028483 1.4004201756911405
  endloop
endfacet
facet normal 3.5571986370078385e-06 3.820742624050542e-06 0.9999999999863742
  outer loop
    vertex 1070.3294838965705 124.90864145028483 1.4004201756911405
    vertex 1070.2795336908266 124.5292319275392 1.4004218030000801
    vertex 1070.3294839037394 124.4086414509716 1.4004220860624248
  endloop
endfacet
facet normal 3.5571986370078385e-06 3.820742624050542e-06 0.9999999999863742
  outer loop
    vertex 1070.3294838965705 124.90864145028483 1.4004201756911405
    vertex 1070.3294839037394 124.4086414509716 1.4004220860624248
    vertex 1070.4089432062758 125.01219484187405 1.4004194973877355
  endloop
endfacet
facet normal 3.5571986370078385e-06 3.820742624050542e-06 0.9999999999863742
  outer loop
    vertex 1070.4089432062758 125.01219484187405 1.4004194973877355
    vertex 1070.3294839037394 124.4086414509716 1.4004220860624248
    vertex 1070.408943216414 124.30508806165876 1.4004221990607144
  endloop
endfacet
facet normal 3.5571986370078385e-06 3.820742624050542e-06 0.9999999999863742
  outer loop
    vertex 1070.4089432062758 125.01219484187405 1.4004194973877355
    vertex 1070.408943216414 124.30508806165876 1.4004221990607144
    vertex 1070.5124965955877 125.09165415454719 1.4004188254341774
  endloop
endfacet
facet normal 3.5571986370078385e-06 3.820742624050542e-06 0.9999999999863742
  outer loop
    vertex 1070.5124965955877 125.09165415454719 1.4004188254341774
    vertex 1070.408943216414 124.30508806165876 1.4004221990607144
    vertex 1070.5124966080045 124.22562875195226 1.4004221342943024
  endloop
endfacet
facet normal 3.5571986370078385e-06 3.820742624050542e-06 0.9999999999863742
  outer loop
    vertex 1070.5124965955877 125.09165415454719 1.4004188254341774
    vertex 1070.5124966080045 124.22562875195226 1.4004221342943024
    vertex 1070.6330870721545 125.14160436745824 1.400418205622991
  endloop
endfacet
facet normal 3.5571986370078385e-06 3.820742624050542e-06 0.9999999999863742
  outer loop
    vertex 1070.6330870721545 125.14160436745824 1.400418205622991
    vertex 1070.5124966080045 124.22562875195226 1.4004221342943024
    vertex 1070.6330870860038 124.17567854249594 1.4004218961769128
  endloop
endfacet
facet normal 3.5571986370078385e-06 3.820742624050542e-06 0.9999999999863742
  outer loop
    vertex 1070.6330870721545 125.14160436745824 1.400418205622991
    vertex 1070.6330870860038 124.17567854249594 1.4004218961769128
    vertex 1070.762496594284 125.158641456144 1.4004176801932846
  endloop
endfacet
facet normal 3.5571986370078385e-06 3.820742624050542e-06 0.9999999999863742
  outer loop
    vertex 1070.762496594284 125.158641456144 1.4004176801932846
    vertex 1070.6330870860038 124.17567854249594 1.4004218961769128
    vertex 1070.7624966086219 124.15864145751756 1.4004215009358518
  endloop
endfacet
facet normal 3.5571986370078385e-06 3.820742624050542e-06 0.9999999999863742
  outer loop
    vertex 1070.762496594284 125.158641456144 1.4004176801932846
    vertex 1070.7624966086219 124.15864145751756 1.4004215009358518
    vertex 1070.891906116902 125.14160437116561 1.4004172849522234
  endloop
endfacet
facet normal 3.5571986370078385e-06 3.820742624050542e-06 0.9999999999863742
  outer loop
    vertex 1070.891906116902 125.14160437116561 1.4004172849522234
    vertex 1070.7624966086219 124.15864145751756 1.4004215009358518
    vertex 1070.8919061307513 124.17567854620332 1.4004209755061454
  endloop
endfacet
facet normal 3.5571986370078385e-06 3.820742624050542e-06 0.9999999999863742
  outer loop
    vertex 1070.891906116902 125.14160437116561 1.4004172849522234
    vertex 1070.8919061307513 124.17567854620332 1.4004209755061454
    vertex 1071.0124965949012 125.0916541617093 1.4004170468348338
  endloop
endfacet
facet normal 3.5571986370078385e-06 3.820742624050542e-06 0.9999999999863742
  outer loop
    vertex 1071.0124965949012 125.0916541617093 1.4004170468348338
    vertex 1070.8919061307513 124.17567854620332 1.4004209755061454
    vertex 1071.012496607318 124.22562875911437 1.400420355694959
  endloop
endfacet
facet normal 3.5571986370078385e-06 3.820742624050542e-06 0.9999999999863742
  outer loop
    vertex 1071.0124965949012 125.0916541617093 1.4004170468348338
    vertex 1071.012496607318 124.22562875911437 1.400420355694959
    vertex 1071.1160499864916 125.01219485200279 1.4004169820684218
  endloop
endfacet
facet normal 3.5571986370078385e-06 3.820742624050542e-06 0.9999999999863742
  outer loop
    vertex 1071.1160499864916 125.01219485200279 1.4004169820684218
    vertex 1071.012496607318 124.22562875911437 1.400420355694959
    vertex 1071.11604999663 124.30508807178751 1.400419683741401
  endloop
endfacet
facet normal 3.5571986370078385e-06 3.820742624050542e-06 0.9999999999863742
  outer loop
    vertex 1071.1160499864916 125.01219485200279 1.4004169820684218
    vertex 1071.11604999663 124.30508807178751 1.400419683741401
    vertex 1071.1955092991664 124.90864146268996 1.4004170950667116
  endloop
endfacet
facet normal 3.5571986370078385e-06 3.820742624050542e-06 0.9999999999863742
  outer loop
    vertex 1071.1955092991664 124.90864146268996 1.4004170950667116
    vertex 1071.11604999663 124.30508807178751 1.400419683741401
    vertex 1071.1955093063352 124.40864146337672 1.400419005437996
  endloop
endfacet
facet normal 3.5571986370078385e-06 3.820742624050542e-06 0.9999999999863742
  outer loop
    vertex 1071.1955092991664 124.90864146268996 1.4004170950667116
    vertex 1071.1955093063352 124.40864146337672 1.400419005437996
    vertex 1071.245459512079 124.78805098612236 1.400417378129056
  endloop
endfacet
facet normal 3.5571986370078385e-06 3.820742624050542e-06 0.9999999999863742
  outer loop
    vertex 1071.245459512079 124.78805098612236 1.400417378129056
    vertex 1071.1955093063352 124.40864146337672 1.400419005437996
    vertex 1071.2454595157901 124.52923194137534 1.4004183670099992
  endloop
endfacet
facet normal 3.5571986370078385e-06 3.820742624050542e-06 0.9999999999863742
  outer loop
    vertex 1071.245459512079 124.78805098612236 1.400417378129056
    vertex 1071.2454595157901 124.52923194137534 1.4004183670099992
    vertex 1071.2624966007666 124.65864146399288 1.4004178119652246
  endloop
endfacet
facet normal 0.13052620643430624 -0.991444859496897 3.323747990498965e-06
  outer loop
    vertex 1070.7625108230784 125.15865673911448 5.400417680138782
    vertex 1070.6330870721545 125.14160436745824 1.400418205622991
    vertex 1070.762496594284 125.158641456144 1.4004176801932846
  endloop
endfacet
facet normal 0.13052620643430624 -0.991444859496897 3.323747990498965e-06
  outer loop
    vertex 1070.6330870721545 125.14160436745824 1.400418205622991
    vertex 1070.7625108230784 125.15865673911448 5.400417680138782
    vertex 1070.633101300949 125.14161965042874 5.400418205568488
  endloop
endfacet
facet normal 0.3826834456092059 -0.923879527022849 2.1686248572868716e-06
  outer loop
    vertex 1070.633101300949 125.14161965042874 5.400418205568488
    vertex 1070.5124965955877 125.09165415454719 1.4004188254341774
    vertex 1070.6330870721545 125.14160436745824 1.400418205622991
  endloop
endfacet
facet normal 0.3826834456092059 -0.923879527022849 2.1686248572868716e-06
  outer loop
    vertex 1070.5124965955877 125.09165415454719 1.4004188254341774
    vertex 1070.633101300949 125.14161965042874 5.400418205568488
    vertex 1070.5125108243822 125.09166943751768 5.400418825379675
  endloop
endfacet
facet normal 0.6087614403798968 -0.7933533315653524 8.657135238737426e-07
  outer loop
    vertex 1070.5125108243822 125.09166943751768 5.400418825379675
    vertex 1070.4089432062758 125.01219484187405 1.4004194973877355
    vertex 1070.5124965955877 125.09165415454719 1.4004188254341774
  endloop
endfacet
facet normal 0.6087614403798968 -0.7933533315653524 8.657135238737426e-07
  outer loop
    vertex 1070.4089432062758 125.01219484187405 1.4004194973877355
    vertex 1070.5125108243822 125.09166943751768 5.400418825379675
    vertex 1070.40895743507 125.01221012484453 5.400419497333233
  endloop
endfacet
facet normal 0.79335334901433 -0.60876141764036 -4.961947555301831e-07
  outer loop
    vertex 1070.4089432062758 125.01219484187405 1.4004194973877355
    vertex 1070.329498125365 124.90865673325533 5.400420175636638
    vertex 1070.3294838965705 124.90864145028483 1.4004201756911405
  endloop
endfacet
facet normal 0.79335334901433 -0.60876141764036 -4.961947555301831e-07
  outer loop
    vertex 1070.329498125365 124.90865673325533 5.400420175636638
    vertex 1070.4089432062758 125.01219484187405 1.4004194973877355
    vertex 1070.40895743507 125.01221012484453 5.400419497333233
  endloop
endfacet
facet normal 0.9238795379921384 -0.3826834191287952 -1.8242881823471376e-06
  outer loop
    vertex 1070.3294838965705 124.90864145028483 1.4004201756911405
    vertex 1070.2795479159101 124.78806625525671 5.400420814064633
    vertex 1070.2795336871156 124.78805097228621 1.4004208141191372
  endloop
endfacet
facet normal 0.9238795379921384 -0.3826834191287952 -1.8242881823471376e-06
  outer loop
    vertex 1070.2795479159101 124.78806625525671 5.400420814064633
    vertex 1070.3294838965705 124.90864145028483 1.4004201756911405
    vertex 1070.329498125365 124.90865673325533 5.400420175636638
  endloop
endfacet
facet normal 0.9914448632390803 -0.13052617801679542 -3.02805938432056e-06
  outer loop
    vertex 1070.2795336871156 124.78805097228621 1.4004208141191372
    vertex 1070.2625108309337 124.65865673263916 5.400421369109409
    vertex 1070.2624966021392 124.65864144966868 1.4004213691639116
  endloop
endfacet
facet normal 0.9914448632390803 -0.13052617801679542 -3.02805938432056e-06
  outer loop
    vertex 1070.2625108309337 124.65865673263916 5.400421369109409
    vertex 1070.2795336871156 124.78805097228621 1.4004208141191372
    vertex 1070.2795479159101 124.78806625525671 5.400420814064633
  endloop
endfacet
facet normal 0.9914448594960751 0.13052620642079366 -4.025473343350262e-06
  outer loop
    vertex 1070.2624966021392 124.65864144966868 1.4004213691639116
    vertex 1070.279547919621 124.5292472105097 5.400421802945576
    vertex 1070.2795336908266 124.5292319275392 1.4004218030000801
  endloop
endfacet
facet normal 0.9914448594960751 0.13052620642079366 -4.025473343350262e-06
  outer loop
    vertex 1070.279547919621 124.5292472105097 5.400421802945576
    vertex 1070.2624966021392 124.65864144966868 1.4004213691639116
    vertex 1070.2625108309337 124.65865673263916 5.400421369109409
  endloop
endfacet
facet normal 0.9238795270185768 0.3826834455962032 -4.748557946442571e-06
  outer loop
    vertex 1070.2795336908266 124.5292319275392 1.4004218030000801
    vertex 1070.329498132534 124.4086567339421 5.400422086007921
    vertex 1070.3294839037394 124.4086414509716 1.4004220860624248
  endloop
endfacet
facet normal 0.9238795270185768 0.3826834455962032 -4.748557946442571e-06
  outer loop
    vertex 1070.329498132534 124.4086567339421 5.400422086007921
    vertex 1070.2795336908266 124.5292319275392 1.4004218030000801
    vertex 1070.279547919621 124.5292472105097 5.400421802945576
  endloop
endfacet
facet normal 0.7933533315579749 0.6087614403683596 -5.148036172847595e-06
  outer loop
    vertex 1070.3294839037394 124.4086414509716 1.4004220860624248
    vertex 1070.4089574452084 124.30510334462925 5.400422199006211
    vertex 1070.408943216414 124.30508806165876 1.4004221990607144
  endloop
endfacet
facet normal 0.7933533315579749 0.6087614403683596 -5.148036172847595e-06
  outer loop
    vertex 1070.4089574452084 124.30510334462925 5.400422199006211
    vertex 1070.3294839037394 124.4086414509716 1.4004220860624248
    vertex 1070.329498132534 124.4086567339421 5.400422086007921
  endloop
endfacet
facet normal 0.6087614176300089 0.7933533490054079 -5.1966842416054435e-06
  outer loop
    vertex 1070.408943216414 124.30508806165876 1.4004221990607144
    vertex 1070.512510836799 124.22564403492275 5.400422134239799
    vertex 1070.5124966080045 124.22562875195226 1.4004221342943024
  endloop
endfacet
facet normal 0.6087614176300089 0.7933533490054079 -5.1966842416054435e-06
  outer loop
    vertex 1070.512510836799 124.22564403492275 5.400422134239799
    vertex 1070.408943216414 124.30508806165876 1.4004221990607144
    vertex 1070.4089574452084 124.30510334462925 5.400422199006211
  endloop
endfacet
facet normal 0.3826834191161124 0.9238795379862454 -4.89118686722415e-06
  outer loop
    vertex 1070.5124966080045 124.22562875195226 1.4004221342943024
    vertex 1070.6331013147983 124.17569382546642 5.40042189612241
    vertex 1070.6330870860038 124.17567854249594 1.4004218961769128
  endloop
endfacet
facet normal 0.3826834191161124 0.9238795379862454 -4.89118686722415e-06
  outer loop
    vertex 1070.6331013147983 124.17569382546642 5.40042189612241
    vertex 1070.5124966080045 124.22562875195226 1.4004221342943024
    vertex 1070.512510836799 124.22564403492275 5.400422134239799
  endloop
endfacet
facet normal 0.13052617800403987 0.9914448632362645 -4.25236319091051e-06
  outer loop
    vertex 1070.6330870860038 124.17567854249594 1.4004218961769128
    vertex 1070.7625108374164 124.15865674048806 5.4004215008813485
    vertex 1070.7624966086219 124.15864145751756 1.4004215009358518
  endloop
endfacet
facet normal 0.13052617800403987 0.9914448632362645 -4.25236319091051e-06
  outer loop
    vertex 1070.7625108374164 124.15865674048806 5.4004215008813485
    vertex 1070.6330870860038 124.17567854249594 1.4004218961769128
    vertex 1070.6331013147983 124.17569382546642 5.40042189612241
  endloop
endfacet
facet normal -0.13052620643430624 0.991444859496897 -3.323747990498965e-06
  outer loop
    vertex 1070.7624966086219 124.15864145751756 1.4004215009358518
    vertex 1070.8919203595458 124.17569382917381 5.400420975451643
    vertex 1070.8919061307513 124.17567854620332 1.4004209755061454
  endloop
endfacet
facet normal -0.13052620643430624 0.991444859496897 -3.323747990498965e-06
  outer loop
    vertex 1070.8919203595458 124.17569382917381 5.400420975451643
    vertex 1070.7624966086219 124.15864145751756 1.4004215009358518
    vertex 1070.7625108374164 124.15865674048806 5.4004215008813485
  endloop
endfacet
facet normal -0.3826834456092059 0.923879527022849 -2.1686248572868716e-06
  outer loop
    vertex 1070.8919061307513 124.17567854620332 1.4004209755061454
    vertex 1071.0125108361126 124.22564404208485 5.400420355640456
    vertex 1071.012496607318 124.22562875911437 1.400420355694959
  endloop
endfacet
facet normal -0.3826834456092059 0.923879527022849 -2.1686248572868716e-06
  outer loop
    vertex 1071.0125108361126 124.22564404208485 5.400420355640456
    vertex 1070.8919061307513 124.17567854620332 1.4004209755061454
    vertex 1070.8919203595458 124.17569382917381 5.400420975451643
  endloop
endfacet
facet normal -0.6087614403798968 0.7933533315653524 -8.657135238737426e-07
  outer loop
    vertex 1071.012496607318 124.22562875911437 1.400420355694959
    vertex 1071.1160642254245 124.305103354758 5.400419683686898
    vertex 1071.11604999663 124.30508807178751 1.400419683741401
  endloop
endfacet
facet normal -0.6087614403798968 0.7933533315653524 -8.657135238737426e-07
  outer loop
    vertex 1071.1160642254245 124.305103354758 5.400419683686898
    vertex 1071.012496607318 124.22562875911437 1.400420355694959
    vertex 1071.0125108361126 124.22564404208485 5.400420355640456
  endloop
endfacet
facet normal -0.79335334901433 0.60876141764036 4.961947555301831e-07
  outer loop
    vertex 1071.1160642254245 124.305103354758 5.400419683686898
    vertex 1071.1955093063352 124.40864146337672 1.400419005437996
    vertex 1071.11604999663 124.30508807178751 1.400419683741401
  endloop
endfacet
facet normal -0.79335334901433 0.60876141764036 4.961947555301831e-07
  outer loop
    vertex 1071.1955093063352 124.40864146337672 1.400419005437996
    vertex 1071.1160642254245 124.305103354758 5.400419683686898
    vertex 1071.1955235351297 124.4086567463472 5.400419005383493
  endloop
endfacet
facet normal -0.9238795379921384 0.3826834191287952 1.8242881823471376e-06
  outer loop
    vertex 1071.1955235351297 124.4086567463472 5.400419005383493
    vertex 1071.2454595157901 124.52923194137534 1.4004183670099992
    vertex 1071.1955093063352 124.40864146337672 1.400419005437996
  endloop
endfacet
facet normal -0.9238795379921384 0.3826834191287952 1.8242881823471376e-06
  outer loop
    vertex 1071.2454595157901 124.52923194137534 1.4004183670099992
    vertex 1071.1955235351297 124.4086567463472 5.400419005383493
    vertex 1071.2454737445846 124.52924722434582 5.4004183669554955
  endloop
endfacet
facet normal -0.9914448632390803 0.13052617801679542 3.02805938432056e-06
  outer loop
    vertex 1071.2454737445846 124.52924722434582 5.4004183669554955
    vertex 1071.2624966007666 124.65864146399288 1.4004178119652246
    vertex 1071.2454595157901 124.52923194137534 1.4004183670099992
  endloop
endfacet
facet normal -0.9914448632390803 0.13052617801679542 3.02805938432056e-06
  outer loop
    vertex 1071.2624966007666 124.65864146399288 1.4004178119652246
    vertex 1071.2454737445846 124.52924722434582 5.4004183669554955
    vertex 1071.262510829561 124.65865674696337 5.400417811910723
  endloop
endfacet
facet normal -0.9914448594960751 -0.13052620642079366 4.025473343350262e-06
  outer loop
    vertex 1071.262510829561 124.65865674696337 5.400417811910723
    vertex 1071.245459512079 124.78805098612236 1.400417378129056
    vertex 1071.2624966007666 124.65864146399288 1.4004178119652246
  endloop
endfacet
facet normal -0.9914448594960751 -0.13052620642079366 4.025473343350262e-06
  outer loop
    vertex 1071.245459512079 124.78805098612236 1.400417378129056
    vertex 1071.262510829561 124.65865674696337 5.400417811910723
    vertex 1071.2454737408734 124.78806626909284 5.400417378074552
  endloop
endfacet
facet normal -0.9238795270185768 -0.3826834455962032 4.748557946442571e-06
  outer loop
    vertex 1071.2454737408734 124.78806626909284 5.400417378074552
    vertex 1071.1955092991664 124.90864146268996 1.4004170950667116
    vertex 1071.245459512079 124.78805098612236 1.400417378129056
  endloop
endfacet
facet normal -0.9238795270185768 -0.3826834455962032 4.748557946442571e-06
  outer loop
    vertex 1071.1955092991664 124.90864146268996 1.4004170950667116
    vertex 1071.2454737408734 124.78806626909284 5.400417378074552
    vertex 1071.1955235279609 124.90865674566045 5.400417095012208
  endloop
endfacet
facet normal -0.7933533315579749 -0.6087614403683596 5.148036172847595e-06
  outer loop
    vertex 1071.1955235279609 124.90865674566045 5.400417095012208
    vertex 1071.1160499864916 125.01219485200279 1.4004169820684218
    vertex 1071.1955092991664 124.90864146268996 1.4004170950667116
  endloop
endfacet
facet normal -0.7933533315579749 -0.6087614403683596 5.148036172847595e-06
  outer loop
    vertex 1071.1160499864916 125.01219485200279 1.4004169820684218
    vertex 1071.1955235279609 124.90865674566045 5.400417095012208
    vertex 1071.116064215286 125.01221013497329 5.400416982013919
  endloop
endfacet
facet normal -0.6087614176300089 -0.7933533490054079 5.1966842416054435e-06
  outer loop
    vertex 1071.116064215286 125.01221013497329 5.400416982013919
    vertex 1071.0124965949012 125.0916541617093 1.4004170468348338
    vertex 1071.1160499864916 125.01219485200279 1.4004169820684218
  endloop
endfacet
facet normal -0.6087614176300089 -0.7933533490054079 5.1966842416054435e-06
  outer loop
    vertex 1071.0124965949012 125.0916541617093 1.4004170468348338
    vertex 1071.116064215286 125.01221013497329 5.400416982013919
    vertex 1071.0125108236957 125.09166944467978 5.40041704678033
  endloop
endfacet
facet normal -0.3826834191161124 -0.9238795379862454 4.89118686722415e-06
  outer loop
    vertex 1071.0125108236957 125.09166944467978 5.40041704678033
    vertex 1070.891906116902 125.14160437116561 1.4004172849522234
    vertex 1071.0124965949012 125.0916541617093 1.4004170468348338
  endloop
endfacet
facet normal -0.3826834191161124 -0.9238795379862454 4.89118686722415e-06
  outer loop
    vertex 1070.891906116902 125.14160437116561 1.4004172849522234
    vertex 1071.0125108236957 125.09166944467978 5.40041704678033
    vertex 1070.8919203456965 125.14161965413611 5.4004172848977205
  endloop
endfacet
facet normal -0.13052617800403987 -0.9914448632362645 4.25236319091051e-06
  outer loop
    vertex 1070.8919203456965 125.14161965413611 5.4004172848977205
    vertex 1070.762496594284 125.158641456144 1.4004176801932846
    vertex 1070.891906116902 125.14160437116561 1.4004172849522234
  endloop
endfacet
facet normal -0.13052617800403987 -0.9914448632362645 4.25236319091051e-06
  outer loop
    vertex 1070.762496594284 125.158641456144 1.4004176801932846
    vertex 1070.8919203456965 125.14161965413611 5.4004172848977205
    vertex 1070.7625108230784 125.15865673911448 5.400417680138782
  endloop
endfacet
facet normal 3.557198637007838e-06 3.820742624050541e-06 0.9999999999863742
  outer loop
    vertex 1050.1295340581169 124.52923164937063 1.4003789610568649
    vertex 1050.129534054406 124.78805069411764 1.400377972175922
    vertex 1050.1124969694292 124.6586411715001 1.4003785272206963
  endloop
endfacet
facet normal 3.557198637007838e-06 3.820742624050541e-06 0.9999999999863742
  outer loop
    vertex 1050.129534054406 124.78805069411764 1.400377972175922
    vertex 1050.1295340581169 124.52923164937063 1.4003789610568649
    vertex 1050.1794842638608 124.90864117211626 1.4003773337479253
  endloop
endfacet
facet normal 3.557198637007838e-06 3.820742624050541e-06 0.9999999999863742
  outer loop
    vertex 1050.1794842638608 124.90864117211626 1.4003773337479253
    vertex 1050.1295340581169 124.52923164937063 1.4003789610568649
    vertex 1050.1794842710297 124.40864117280302 1.4003792441192096
  endloop
endfacet
facet normal 3.557198637007838e-06 3.820742624050541e-06 0.9999999999863742
  outer loop
    vertex 1050.1794842638608 124.90864117211626 1.4003773337479253
    vertex 1050.1794842710297 124.40864117280302 1.4003792441192096
    vertex 1050.2589435735658 125.01219456370546 1.4003766554445203
  endloop
endfacet
facet normal 3.557198637007838e-06 3.820742624050541e-06 0.9999999999863742
  outer loop
    vertex 1050.2589435735658 125.01219456370546 1.4003766554445203
    vertex 1050.1794842710297 124.40864117280302 1.4003792441192096
    vertex 1050.2589435837042 124.30508778349018 1.4003793571174992
  endloop
endfacet
facet normal 3.557198637007838e-06 3.820742624050541e-06 0.9999999999863742
  outer loop
    vertex 1050.2589435735658 125.01219456370546 1.4003766554445203
    vertex 1050.2589435837042 124.30508778349018 1.4003793571174992
    vertex 1050.3624969628777 125.09165387637861 1.4003759834909622
  endloop
endfacet
facet normal 3.557198637007838e-06 3.820742624050541e-06 0.9999999999863742
  outer loop
    vertex 1050.3624969628777 125.09165387637861 1.4003759834909622
    vertex 1050.2589435837042 124.30508778349018 1.4003793571174992
    vertex 1050.3624969752946 124.22562847378369 1.4003792923510872
  endloop
endfacet
facet normal 3.557198637007838e-06 3.820742624050541e-06 0.9999999999863742
  outer loop
    vertex 1050.3624969628777 125.09165387637861 1.4003759834909622
    vertex 1050.3624969752946 124.22562847378369 1.4003792923510872
    vertex 1050.4830874394447 125.14160408928966 1.4003753636797758
  endloop
endfacet
facet normal 3.557198637007838e-06 3.820742624050541e-06 0.9999999999863742
  outer loop
    vertex 1050.4830874394447 125.14160408928966 1.4003753636797758
    vertex 1050.3624969752946 124.22562847378369 1.4003792923510872
    vertex 1050.483087453294 124.17567826432736 1.4003790542336976
  endloop
endfacet
facet normal 3.557198637007838e-06 3.820742624050541e-06 0.9999999999863742
  outer loop
    vertex 1050.4830874394447 125.14160408928966 1.4003753636797758
    vertex 1050.483087453294 124.17567826432736 1.4003790542336976
    vertex 1050.6124969615742 125.15864117797541 1.4003748382500694
  endloop
endfacet
facet normal 3.557198637007838e-06 3.820742624050541e-06 0.9999999999863742
  outer loop
    vertex 1050.6124969615742 125.15864117797541 1.4003748382500694
    vertex 1050.483087453294 124.17567826432736 1.4003790542336976
    vertex 1050.6124969759119 124.15864117934899 1.4003786589926366
  endloop
endfacet
facet normal 3.557198637007838e-06 3.820742624050541e-06 0.9999999999863742
  outer loop
    vertex 1050.6124969615742 125.15864117797541 1.4003748382500694
    vertex 1050.6124969759119 124.15864117934899 1.4003786589926366
    vertex 1050.741906484192 125.14160409299704 1.4003744430090082
  endloop
endfacet
facet normal 3.557198637007838e-06 3.820742624050541e-06 0.9999999999863742
  outer loop
    vertex 1050.741906484192 125.14160409299704 1.4003744430090082
    vertex 1050.6124969759119 124.15864117934899 1.4003786589926366
    vertex 1050.7419064980413 124.17567826803474 1.4003781335629302
  endloop
endfacet
facet normal 3.557198637007838e-06 3.820742624050541e-06 0.9999999999863742
  outer loop
    vertex 1050.741906484192 125.14160409299704 1.4003744430090082
    vertex 1050.7419064980413 124.17567826803474 1.4003781335629302
    vertex 1050.8624969621915 125.09165388354072 1.4003742048916186
  endloop
endfacet
facet normal 3.557198637007838e-06 3.820742624050541e-06 0.9999999999863742
  outer loop
    vertex 1050.8624969621915 125.09165388354072 1.4003742048916186
    vertex 1050.7419064980413 124.17567826803474 1.4003781335629302
    vertex 1050.8624969746083 124.22562848094579 1.4003775137517438
  endloop
endfacet
facet normal 3.557198637007838e-06 3.820742624050541e-06 0.9999999999863742
  outer loop
    vertex 1050.8624969621915 125.09165388354072 1.4003742048916186
    vertex 1050.8624969746083 124.22562848094579 1.4003775137517438
    vertex 1050.9660503537818 125.01219457383422 1.4003741401252066
  endloop
endfacet
facet normal 3.557198637007838e-06 3.820742624050541e-06 0.9999999999863742
  outer loop
    vertex 1050.9660503537818 125.01219457383422 1.4003741401252066
    vertex 1050.8624969746083 124.22562848094579 1.4003775137517438
    vertex 1050.9660503639202 124.30508779361894 1.4003768417981857
  endloop
endfacet
facet normal 3.557198637007838e-06 3.820742624050541e-06 0.9999999999863742
  outer loop
    vertex 1050.9660503537818 125.01219457383422 1.4003741401252066
    vertex 1050.9660503639202 124.30508779361894 1.4003768417981857
    vertex 1051.0455096664564 124.90864118452139 1.4003742531234964
  endloop
endfacet
facet normal 3.557198637007838e-06 3.820742624050541e-06 0.9999999999863742
  outer loop
    vertex 1051.0455096664564 124.90864118452139 1.4003742531234964
    vertex 1050.9660503639202 124.30508779361894 1.4003768417981857
    vertex 1051.0455096736255 124.40864118520814 1.4003761634947807
  endloop
endfacet
facet normal 3.557198637007838e-06 3.820742624050541e-06 0.9999999999863742
  outer loop
    vertex 1051.0455096664564 124.90864118452139 1.4003742531234964
    vertex 1051.0455096736255 124.40864118520814 1.4003761634947807
    vertex 1051.0954598793692 124.78805070795377 1.4003745361858408
  endloop
endfacet
facet normal 3.557198637007838e-06 3.820742624050541e-06 0.9999999999863742
  outer loop
    vertex 1051.0954598793692 124.78805070795377 1.4003745361858408
    vertex 1051.0455096736255 124.40864118520814 1.4003761634947807
    vertex 1051.0954598830801 124.52923166320676 1.400375525066784
  endloop
endfacet
facet normal 3.557198637007838e-06 3.820742624050541e-06 0.9999999999863742
  outer loop
    vertex 1051.0954598793692 124.78805070795377 1.4003745361858408
    vertex 1051.0954598830801 124.52923166320676 1.400375525066784
    vertex 1051.1124969680568 124.65864118582431 1.4003749700220094
  endloop
endfacet
facet normal -0.9914448632390803 0.13052617801679542 3.02805938432056e-06
  outer loop
    vertex 1051.0954741118746 124.52924694617725 5.400375525012281
    vertex 1051.1124969680568 124.65864118582431 1.4003749700220094
    vertex 1051.0954598830801 124.52923166320676 1.400375525066784
  endloop
endfacet
facet normal -0.9914448632390803 0.13052617801679542 3.02805938432056e-06
  outer loop
    vertex 1051.1124969680568 124.65864118582431 1.4003749700220094
    vertex 1051.0954741118746 124.52924694617725 5.400375525012281
    vertex 1051.1125111968513 124.6586564687948 5.4003749699675065
  endloop
endfacet
facet normal -0.9914448594960751 -0.13052620642079366 4.025473343350262e-06
  outer loop
    vertex 1051.1125111968513 124.6586564687948 5.4003749699675065
    vertex 1051.0954598793692 124.78805070795377 1.4003745361858408
    vertex 1051.1124969680568 124.65864118582431 1.4003749700220094
  endloop
endfacet
facet normal -0.9914448594960751 -0.13052620642079366 4.025473343350262e-06
  outer loop
    vertex 1051.0954598793692 124.78805070795377 1.4003745361858408
    vertex 1051.1125111968513 124.6586564687948 5.4003749699675065
    vertex 1051.0954741081637 124.78806599092427 5.400374536131338
  endloop
endfacet
facet normal -0.9238795270185768 -0.3826834455962032 4.748557946442571e-06
  outer loop
    vertex 1051.0954741081637 124.78806599092427 5.400374536131338
    vertex 1051.0455096664564 124.90864118452139 1.4003742531234964
    vertex 1051.0954598793692 124.78805070795377 1.4003745361858408
  endloop
endfacet
facet normal -0.9238795270185768 -0.3826834455962032 4.748557946442571e-06
  outer loop
    vertex 1051.0455096664564 124.90864118452139 1.4003742531234964
    vertex 1051.0954741081637 124.78806599092427 5.400374536131338
    vertex 1051.0455238952509 124.90865646749187 5.4003742530689935
  endloop
endfacet
facet normal -0.7933533315579749 -0.6087614403683596 5.1480361728475945e-06
  outer loop
    vertex 1051.0455238952509 124.90865646749187 5.4003742530689935
    vertex 1050.9660503537818 125.01219457383422 1.4003741401252066
    vertex 1051.0455096664564 124.90864118452139 1.4003742531234964
  endloop
endfacet
facet normal -0.7933533315579749 -0.6087614403683596 5.1480361728475945e-06
  outer loop
    vertex 1050.9660503537818 125.01219457383422 1.4003741401252066
    vertex 1051.0455238952509 124.90865646749187 5.4003742530689935
    vertex 1050.9660645825763 125.01220985680472 5.400374140070705
  endloop
endfacet
facet normal -0.6087614176300089 -0.7933533490054079 5.196684241605443e-06
  outer loop
    vertex 1050.9660645825763 125.01220985680472 5.400374140070705
    vertex 1050.8624969621915 125.09165388354072 1.4003742048916186
    vertex 1050.9660503537818 125.01219457383422 1.4003741401252066
  endloop
endfacet
facet normal -0.6087614176300089 -0.7933533490054079 5.196684241605443e-06
  outer loop
    vertex 1050.8624969621915 125.09165388354072 1.4003742048916186
    vertex 1050.9660645825763 125.01220985680472 5.400374140070705
    vertex 1050.862511190986 125.09166916651121 5.4003742048371155
  endloop
endfacet
facet normal -0.3826834191161124 -0.9238795379862454 4.89118686722415e-06
  outer loop
    vertex 1050.862511190986 125.09166916651121 5.4003742048371155
    vertex 1050.741906484192 125.14160409299704 1.4003744430090082
    vertex 1050.8624969621915 125.09165388354072 1.4003742048916186
  endloop
endfacet
facet normal -0.3826834191161124 -0.9238795379862454 4.89118686722415e-06
  outer loop
    vertex 1050.741906484192 125.14160409299704 1.4003744430090082
    vertex 1050.862511190986 125.09166916651121 5.4003742048371155
    vertex 1050.7419207129865 125.14161937596752 5.400374442954506
  endloop
endfacet
facet normal -0.13052617800403987 -0.9914448632362645 4.2523631909105086e-06
  outer loop
    vertex 1050.7419207129865 125.14161937596752 5.400374442954506
    vertex 1050.6124969615742 125.15864117797541 1.4003748382500694
    vertex 1050.741906484192 125.14160409299704 1.4003744430090082
  endloop
endfacet
facet normal -0.13052617800403987 -0.9914448632362645 4.2523631909105086e-06
  outer loop
    vertex 1050.6124969615742 125.15864117797541 1.4003748382500694
    vertex 1050.7419207129865 125.14161937596752 5.400374442954506
    vertex 1050.6125111903687 125.1586564609459 5.400374838195566
  endloop
endfacet
facet normal 0.13052620643430624 -0.991444859496897 3.323747990498964e-06
  outer loop
    vertex 1050.6125111903687 125.1586564609459 5.400374838195566
    vertex 1050.4830874394447 125.14160408928966 1.4003753636797758
    vertex 1050.6124969615742 125.15864117797541 1.4003748382500694
  endloop
endfacet
facet normal 0.13052620643430624 -0.991444859496897 3.323747990498964e-06
  outer loop
    vertex 1050.4830874394447 125.14160408928966 1.4003753636797758
    vertex 1050.6125111903687 125.1586564609459 5.400374838195566
    vertex 1050.4831016682392 125.14161937226015 5.400375363625273
  endloop
endfacet
facet normal 0.3826834456092059 -0.923879527022849 2.168624857286871e-06
  outer loop
    vertex 1050.4831016682392 125.14161937226015 5.400375363625273
    vertex 1050.3624969628777 125.09165387637861 1.4003759834909622
    vertex 1050.4830874394447 125.14160408928966 1.4003753636797758
  endloop
endfacet
facet normal 0.3826834456092059 -0.923879527022849 2.168624857286871e-06
  outer loop
    vertex 1050.3624969628777 125.09165387637861 1.4003759834909622
    vertex 1050.4831016682392 125.14161937226015 5.400375363625273
    vertex 1050.3625111916722 125.0916691593491 5.400375983436459
  endloop
endfacet
facet normal 0.6087614403798968 -0.7933533315653524 8.657135238737422e-07
  outer loop
    vertex 1050.3625111916722 125.0916691593491 5.400375983436459
    vertex 1050.2589435735658 125.01219456370546 1.4003766554445203
    vertex 1050.3624969628777 125.09165387637861 1.4003759834909622
  endloop
endfacet
facet normal 0.6087614403798968 -0.7933533315653524 8.657135238737422e-07
  outer loop
    vertex 1050.2589435735658 125.01219456370546 1.4003766554445203
    vertex 1050.3625111916722 125.0916691593491 5.400375983436459
    vertex 1050.2589578023603 125.01220984667596 5.400376655390017
  endloop
endfacet
facet normal 0.79335334901433 -0.60876141764036 -4.961947555301834e-07
  outer loop
    vertex 1050.2589435735658 125.01219456370546 1.4003766554445203
    vertex 1050.1794984926553 124.90865645508674 5.400377333693422
    vertex 1050.1794842638608 124.90864117211626 1.4003773337479253
  endloop
endfacet
facet normal 0.79335334901433 -0.60876141764036 -4.961947555301834e-07
  outer loop
    vertex 1050.1794984926553 124.90865645508674 5.400377333693422
    vertex 1050.2589435735658 125.01219456370546 1.4003766554445203
    vertex 1050.2589578023603 125.01220984667596 5.400376655390017
  endloop
endfacet
facet normal 0.9238795379921384 -0.3826834191287952 -1.8242881823471371e-06
  outer loop
    vertex 1050.1794842638608 124.90864117211626 1.4003773337479253
    vertex 1050.1295482832004 124.78806597708814 5.400377972121419
    vertex 1050.129534054406 124.78805069411764 1.400377972175922
  endloop
endfacet
facet normal 0.9238795379921384 -0.3826834191287952 -1.8242881823471371e-06
  outer loop
    vertex 1050.1295482832004 124.78806597708814 5.400377972121419
    vertex 1050.1794842638608 124.90864117211626 1.4003773337479253
    vertex 1050.1794984926553 124.90865645508674 5.400377333693422
  endloop
endfacet
facet normal 0.9914448632390803 -0.13052617801679542 -3.02805938432056e-06
  outer loop
    vertex 1050.129534054406 124.78805069411764 1.400377972175922
    vertex 1050.1125111982237 124.65865645447059 5.400378527166193
    vertex 1050.1124969694292 124.6586411715001 1.4003785272206963
  endloop
endfacet
facet normal 0.9914448632390803 -0.13052617801679542 -3.02805938432056e-06
  outer loop
    vertex 1050.1125111982237 124.65865645447059 5.400378527166193
    vertex 1050.129534054406 124.78805069411764 1.400377972175922
    vertex 1050.1295482832004 124.78806597708814 5.400377972121419
  endloop
endfacet
facet normal 0.9914448594960751 0.13052620642079366 -4.025473343350262e-06
  outer loop
    vertex 1050.1124969694292 124.6586411715001 1.4003785272206963
    vertex 1050.1295482869114 124.52924693234112 5.400378961002362
    vertex 1050.1295340581169 124.52923164937063 1.4003789610568649
  endloop
endfacet
facet normal 0.9914448594960751 0.13052620642079366 -4.025473343350262e-06
  outer loop
    vertex 1050.1295482869114 124.52924693234112 5.400378961002362
    vertex 1050.1124969694292 124.6586411715001 1.4003785272206963
    vertex 1050.1125111982237 124.65865645447059 5.400378527166193
  endloop
endfacet
facet normal 0.9238795270185768 0.3826834455962032 -4.748557946442571e-06
  outer loop
    vertex 1050.1295340581169 124.52923164937063 1.4003789610568649
    vertex 1050.1794984998241 124.40865645577351 5.400379244064706
    vertex 1050.1794842710297 124.40864117280302 1.4003792441192096
  endloop
endfacet
facet normal 0.9238795270185768 0.3826834455962032 -4.748557946442571e-06
  outer loop
    vertex 1050.1794984998241 124.40865645577351 5.400379244064706
    vertex 1050.1295340581169 124.52923164937063 1.4003789610568649
    vertex 1050.1295482869114 124.52924693234112 5.400378961002362
  endloop
endfacet
facet normal 0.7933533315579749 0.6087614403683596 -5.1480361728475945e-06
  outer loop
    vertex 1050.1794842710297 124.40864117280302 1.4003792441192096
    vertex 1050.2589578124987 124.30510306646067 5.400379357062995
    vertex 1050.2589435837042 124.30508778349018 1.4003793571174992
  endloop
endfacet
facet normal 0.7933533315579749 0.6087614403683596 -5.1480361728475945e-06
  outer loop
    vertex 1050.2589578124987 124.30510306646067 5.400379357062995
    vertex 1050.1794842710297 124.40864117280302 1.4003792441192096
    vertex 1050.1794984998241 124.40865645577351 5.400379244064706
  endloop
endfacet
facet normal 0.6087614176300089 0.7933533490054079 -5.196684241605443e-06
  outer loop
    vertex 1050.2589435837042 124.30508778349018 1.4003793571174992
    vertex 1050.362511204089 124.22564375675418 5.400379292296584
    vertex 1050.3624969752946 124.22562847378369 1.4003792923510872
  endloop
endfacet
facet normal 0.6087614176300089 0.7933533490054079 -5.196684241605443e-06
  outer loop
    vertex 1050.362511204089 124.22564375675418 5.400379292296584
    vertex 1050.2589435837042 124.30508778349018 1.4003793571174992
    vertex 1050.2589578124987 124.30510306646067 5.400379357062995
  endloop
endfacet
facet normal 0.3826834191161124 0.9238795379862454 -4.89118686722415e-06
  outer loop
    vertex 1050.3624969752946 124.22562847378369 1.4003792923510872
    vertex 1050.4831016820885 124.17569354729785 5.400379054179194
    vertex 1050.483087453294 124.17567826432736 1.4003790542336976
  endloop
endfacet
facet normal 0.3826834191161124 0.9238795379862454 -4.89118686722415e-06
  outer loop
    vertex 1050.4831016820885 124.17569354729785 5.400379054179194
    vertex 1050.3624969752946 124.22562847378369 1.4003792923510872
    vertex 1050.362511204089 124.22564375675418 5.400379292296584
  endloop
endfacet
facet normal 0.13052617800403987 0.9914448632362645 -4.2523631909105086e-06
  outer loop
    vertex 1050.483087453294 124.17567826432736 1.4003790542336976
    vertex 1050.6125112047064 124.15865646231947 5.400378658938134
    vertex 1050.6124969759119 124.15864117934899 1.4003786589926366
  endloop
endfacet
facet normal 0.13052617800403987 0.9914448632362645 -4.2523631909105086e-06
  outer loop
    vertex 1050.6125112047064 124.15865646231947 5.400378658938134
    vertex 1050.483087453294 124.17567826432736 1.4003790542336976
    vertex 1050.4831016820885 124.17569354729785 5.400379054179194
  endloop
endfacet
facet normal -0.13052620643430624 0.991444859496897 -3.323747990498964e-06
  outer loop
    vertex 1050.6124969759119 124.15864117934899 1.4003786589926366
    vertex 1050.7419207268358 124.17569355100522 5.400378133508426
    vertex 1050.7419064980413 124.17567826803474 1.4003781335629302
  endloop
endfacet
facet normal -0.13052620643430624 0.991444859496897 -3.323747990498964e-06
  outer loop
    vertex 1050.7419207268358 124.17569355100522 5.400378133508426
    vertex 1050.6124969759119 124.15864117934899 1.4003786589926366
    vertex 1050.6125112047064 124.15865646231947 5.400378658938134
  endloop
endfacet
facet normal -0.3826834456092059 0.923879527022849 -2.168624857286871e-06
  outer loop
    vertex 1050.7419064980413 124.17567826803474 1.4003781335629302
    vertex 1050.8625112034028 124.22564376391628 5.400377513697241
    vertex 1050.8624969746083 124.22562848094579 1.4003775137517438
  endloop
endfacet
facet normal -0.3826834456092059 0.923879527022849 -2.168624857286871e-06
  outer loop
    vertex 1050.8625112034028 124.22564376391628 5.400377513697241
    vertex 1050.7419064980413 124.17567826803474 1.4003781335629302
    vertex 1050.7419207268358 124.17569355100522 5.400378133508426
  endloop
endfacet
facet normal -0.6087614403798968 0.7933533315653524 -8.657135238737422e-07
  outer loop
    vertex 1050.8624969746083 124.22562848094579 1.4003775137517438
    vertex 1050.9660645927147 124.30510307658943 5.4003768417436815
    vertex 1050.9660503639202 124.30508779361894 1.4003768417981857
  endloop
endfacet
facet normal -0.6087614403798968 0.7933533315653524 -8.657135238737422e-07
  outer loop
    vertex 1050.9660645927147 124.30510307658943 5.4003768417436815
    vertex 1050.8624969746083 124.22562848094579 1.4003775137517438
    vertex 1050.8625112034028 124.22564376391628 5.400377513697241
  endloop
endfacet
facet normal -0.79335334901433 0.60876141764036 4.961947555301834e-07
  outer loop
    vertex 1050.9660645927147 124.30510307658943 5.4003768417436815
    vertex 1051.0455096736255 124.40864118520814 1.4003761634947807
    vertex 1050.9660503639202 124.30508779361894 1.4003768417981857
  endloop
endfacet
facet normal -0.79335334901433 0.60876141764036 4.961947555301834e-07
  outer loop
    vertex 1051.0455096736255 124.40864118520814 1.4003761634947807
    vertex 1050.9660645927147 124.30510307658943 5.4003768417436815
    vertex 1051.04552390242 124.40865646817863 5.400376163440278
  endloop
endfacet
facet normal -0.9238795379921384 0.3826834191287952 1.8242881823471371e-06
  outer loop
    vertex 1051.04552390242 124.40865646817863 5.400376163440278
    vertex 1051.0954598830801 124.52923166320676 1.400375525066784
    vertex 1051.0455096736255 124.40864118520814 1.4003761634947807
  endloop
endfacet
facet normal -0.9238795379921384 0.3826834191287952 1.8242881823471371e-06
  outer loop
    vertex 1051.0954598830801 124.52923166320676 1.400375525066784
    vertex 1051.04552390242 124.40865646817863 5.400376163440278
    vertex 1051.0954741118746 124.52924694617725 5.400375525012281
  endloop
endfacet
facet normal 3.5571986370078398e-06 3.820742624050541e-06 0.9999999999863742
  outer loop
    vertex 1029.9750115803977 124.52923135867837 1.4004112230777064
    vertex 1029.9750115766867 124.78805040342539 1.4004102341967632
    vertex 1029.95797449171 124.65864088080784 1.4004107892415378
  endloop
endfacet
facet normal 3.5571986370078398e-06 3.820742624050541e-06 0.9999999999863742
  outer loop
    vertex 1029.9750115766867 124.78805040342539 1.4004102341967632
    vertex 1029.9750115803977 124.52923135867837 1.4004112230777064
    vertex 1030.0249617861416 124.908640881424 1.4004095957687666
  endloop
endfacet
facet normal 3.5571986370078398e-06 3.820742624050541e-06 0.9999999999863742
  outer loop
    vertex 1030.0249617861416 124.908640881424 1.4004095957687666
    vertex 1029.9750115803977 124.52923135867837 1.4004112230777064
    vertex 1030.0249617933105 124.40864088211077 1.4004115061400508
  endloop
endfacet
facet normal 3.5571986370078398e-06 3.820742624050541e-06 0.9999999999863742
  outer loop
    vertex 1030.0249617861416 124.908640881424 1.4004095957687666
    vertex 1030.0249617933105 124.40864088211077 1.4004115061400508
    vertex 1030.1044210958466 125.01219427301321 1.4004089174653616
  endloop
endfacet
facet normal 3.5571986370078398e-06 3.820742624050541e-06 0.9999999999863742
  outer loop
    vertex 1030.1044210958466 125.01219427301321 1.4004089174653616
    vertex 1030.0249617933105 124.40864088211077 1.4004115061400508
    vertex 1030.104421105985 124.30508749279792 1.4004116191383407
  endloop
endfacet
facet normal 3.5571986370078398e-06 3.820742624050541e-06 0.9999999999863742
  outer loop
    vertex 1030.1044210958466 125.01219427301321 1.4004089174653616
    vertex 1030.104421105985 124.30508749279792 1.4004116191383407
    vertex 1030.2079744851585 125.09165358568636 1.4004082455118034
  endloop
endfacet
facet normal 3.5571986370078398e-06 3.820742624050541e-06 0.9999999999863742
  outer loop
    vertex 1030.2079744851585 125.09165358568636 1.4004082455118034
    vertex 1030.104421105985 124.30508749279792 1.4004116191383407
    vertex 1030.2079744975754 124.22562818309143 1.4004115543719287
  endloop
endfacet
facet normal 3.5571986370078398e-06 3.820742624050541e-06 0.9999999999863742
  outer loop
    vertex 1030.2079744851585 125.09165358568636 1.4004082455118034
    vertex 1030.2079744975754 124.22562818309143 1.4004115543719287
    vertex 1030.3285649617255 125.14160379859742 1.400407625700617
  endloop
endfacet
facet normal 3.5571986370078398e-06 3.820742624050541e-06 0.9999999999863742
  outer loop
    vertex 1030.3285649617255 125.14160379859742 1.400407625700617
    vertex 1030.2079744975754 124.22562818309143 1.4004115543719287
    vertex 1030.3285649755749 124.17567797363512 1.400411316254539
  endloop
endfacet
facet normal 3.5571986370078398e-06 3.820742624050541e-06 0.9999999999863742
  outer loop
    vertex 1030.3285649617255 125.14160379859742 1.400407625700617
    vertex 1030.3285649755749 124.17567797363512 1.400411316254539
    vertex 1030.457974483855 125.15864088728317 1.4004071002709106
  endloop
endfacet
facet normal 3.5571986370078398e-06 3.820742624050541e-06 0.9999999999863742
  outer loop
    vertex 1030.457974483855 125.15864088728317 1.4004071002709106
    vertex 1030.3285649755749 124.17567797363512 1.400411316254539
    vertex 1030.4579744981927 124.15864088865673 1.4004109210134779
  endloop
endfacet
facet normal 3.5571986370078398e-06 3.820742624050541e-06 0.9999999999863742
  outer loop
    vertex 1030.457974483855 125.15864088728317 1.4004071002709106
    vertex 1030.4579744981927 124.15864088865673 1.4004109210134779
    vertex 1030.5873840064728 125.14160380230479 1.4004067050298497
  endloop
endfacet
facet normal 3.5571986370078398e-06 3.820742624050541e-06 0.9999999999863742
  outer loop
    vertex 1030.5873840064728 125.14160380230479 1.4004067050298497
    vertex 1030.4579744981927 124.15864088865673 1.4004109210134779
    vertex 1030.5873840203221 124.17567797734249 1.4004103955837717
  endloop
endfacet
facet normal 3.5571986370078398e-06 3.820742624050541e-06 0.9999999999863742
  outer loop
    vertex 1030.5873840064728 125.14160380230479 1.4004067050298497
    vertex 1030.5873840203221 124.17567797734249 1.4004103955837717
    vertex 1030.7079744844723 125.09165359284846 1.40040646691246
  endloop
endfacet
facet normal 3.5571986370078398e-06 3.820742624050541e-06 0.9999999999863742
  outer loop
    vertex 1030.7079744844723 125.09165359284846 1.40040646691246
    vertex 1030.5873840203221 124.17567797734249 1.4004103955837717
    vertex 1030.7079744968892 124.22562819025354 1.400409775772585
  endloop
endfacet
facet normal 3.5571986370078398e-06 3.820742624050541e-06 0.9999999999863742
  outer loop
    vertex 1030.7079744844723 125.09165359284846 1.40040646691246
    vertex 1030.7079744968892 124.22562819025354 1.400409775772585
    vertex 1030.8115278760627 125.01219428314197 1.400406402146048
  endloop
endfacet
facet normal 3.5571986370078398e-06 3.820742624050541e-06 0.9999999999863742
  outer loop
    vertex 1030.8115278760627 125.01219428314197 1.400406402146048
    vertex 1030.7079744968892 124.22562819025354 1.400409775772585
    vertex 1030.811527886201 124.30508750292668 1.400409103819027
  endloop
endfacet
facet normal 3.5571986370078398e-06 3.820742624050541e-06 0.9999999999863742
  outer loop
    vertex 1030.8115278760627 125.01219428314197 1.400406402146048
    vertex 1030.811527886201 124.30508750292668 1.400409103819027
    vertex 1030.8909871887372 124.90864089382913 1.4004065151443377
  endloop
endfacet
facet normal 3.5571986370078398e-06 3.820742624050541e-06 0.9999999999863742
  outer loop
    vertex 1030.8909871887372 124.90864089382913 1.4004065151443377
    vertex 1030.811527886201 124.30508750292668 1.400409103819027
    vertex 1030.8909871959063 124.4086408945159 1.400408425515622
  endloop
endfacet
facet normal 3.5571986370078398e-06 3.820742624050541e-06 0.9999999999863742
  outer loop
    vertex 1030.8909871887372 124.90864089382913 1.4004065151443377
    vertex 1030.8909871959063 124.4086408945159 1.400408425515622
    vertex 1030.94093740165 124.78805041726152 1.4004067982066823
  endloop
endfacet
facet normal 3.5571986370078398e-06 3.820742624050541e-06 0.9999999999863742
  outer loop
    vertex 1030.94093740165 124.78805041726152 1.4004067982066823
    vertex 1030.8909871959063 124.4086408945159 1.400408425515622
    vertex 1030.940937405361 124.5292313725145 1.4004077870876253
  endloop
endfacet
facet normal 3.5571986370078398e-06 3.820742624050541e-06 0.9999999999863742
  outer loop
    vertex 1030.94093740165 124.78805041726152 1.4004067982066823
    vertex 1030.940937405361 124.5292313725145 1.4004077870876253
    vertex 1030.9579744903376 124.65864089513205 1.400407232042851
  endloop
endfacet
facet normal 0.13052620643430624 -0.991444859496897 3.323747990498964e-06
  outer loop
    vertex 1030.4579887126495 125.15865617025365 5.400407100216407
    vertex 1030.3285649617255 125.14160379859742 1.400407625700617
    vertex 1030.457974483855 125.15864088728317 1.4004071002709106
  endloop
endfacet
facet normal 0.13052620643430624 -0.991444859496897 3.323747990498964e-06
  outer loop
    vertex 1030.3285649617255 125.14160379859742 1.400407625700617
    vertex 1030.4579887126495 125.15865617025365 5.400407100216407
    vertex 1030.32857919052 125.1416190815679 5.400407625646114
  endloop
endfacet
facet normal 0.3826834456092059 -0.923879527022849 2.1686248572868707e-06
  outer loop
    vertex 1030.32857919052 125.1416190815679 5.400407625646114
    vertex 1030.2079744851585 125.09165358568636 1.4004082455118034
    vertex 1030.3285649617255 125.14160379859742 1.400407625700617
  endloop
endfacet
facet normal 0.3826834456092059 -0.923879527022849 2.1686248572868707e-06
  outer loop
    vertex 1030.2079744851585 125.09165358568636 1.4004082455118034
    vertex 1030.32857919052 125.1416190815679 5.400407625646114
    vertex 1030.207988713953 125.09166886865685 5.400408245457301
  endloop
endfacet
facet normal 0.6087614403798968 -0.7933533315653524 8.657135238737409e-07
  outer loop
    vertex 1030.207988713953 125.09166886865685 5.400408245457301
    vertex 1030.1044210958466 125.01219427301321 1.4004089174653616
    vertex 1030.2079744851585 125.09165358568636 1.4004082455118034
  endloop
endfacet
facet normal 0.6087614403798968 -0.7933533315653524 8.657135238737409e-07
  outer loop
    vertex 1030.1044210958466 125.01219427301321 1.4004089174653616
    vertex 1030.207988713953 125.09166886865685 5.400408245457301
    vertex 1030.1044353246411 125.0122095559837 5.400408917410858
  endloop
endfacet
facet normal 0.79335334901433 -0.60876141764036 -4.961947555301848e-07
  outer loop
    vertex 1030.1044210958466 125.01219427301321 1.4004089174653616
    vertex 1030.0249760149359 124.9086561643945 5.400409595714264
    vertex 1030.0249617861416 124.908640881424 1.4004095957687666
  endloop
endfacet
facet normal 0.79335334901433 -0.60876141764036 -4.961947555301848e-07
  outer loop
    vertex 1030.0249760149359 124.9086561643945 5.400409595714264
    vertex 1030.1044210958466 125.01219427301321 1.4004089174653616
    vertex 1030.1044353246411 125.0122095559837 5.400408917410858
  endloop
endfacet
facet normal 0.9238795379921384 -0.3826834191287952 -1.824288182347139e-06
  outer loop
    vertex 1030.0249617861416 124.908640881424 1.4004095957687666
    vertex 1029.9750258054812 124.78806568639588 5.400410234142259
    vertex 1029.9750115766867 124.78805040342539 1.4004102341967632
  endloop
endfacet
facet normal 0.9238795379921384 -0.3826834191287952 -1.824288182347139e-06
  outer loop
    vertex 1029.9750258054812 124.78806568639588 5.400410234142259
    vertex 1030.0249617861416 124.908640881424 1.4004095957687666
    vertex 1030.0249760149359 124.9086561643945 5.400409595714264
  endloop
endfacet
facet normal 0.9914448632390803 -0.13052617801679542 -3.0280593843205612e-06
  outer loop
    vertex 1029.9750115766867 124.78805040342539 1.4004102341967632
    vertex 1029.9579887205045 124.65865616377833 5.400410789187036
    vertex 1029.95797449171 124.65864088080784 1.4004107892415378
  endloop
endfacet
facet normal 0.9914448632390803 -0.13052617801679542 -3.0280593843205612e-06
  outer loop
    vertex 1029.9579887205045 124.65865616377833 5.400410789187036
    vertex 1029.9750115766867 124.78805040342539 1.4004102341967632
    vertex 1029.9750258054812 124.78806568639588 5.400410234142259
  endloop
endfacet
facet normal 0.9914448594960751 0.13052620642079366 -4.025473343350264e-06
  outer loop
    vertex 1029.95797449171 124.65864088080784 1.4004107892415378
    vertex 1029.9750258091922 124.52924664164887 5.400411223023203
    vertex 1029.9750115803977 124.52923135867837 1.4004112230777064
  endloop
endfacet
facet normal 0.9914448594960751 0.13052620642079366 -4.025473343350264e-06
  outer loop
    vertex 1029.9750258091922 124.52924664164887 5.400411223023203
    vertex 1029.95797449171 124.65864088080784 1.4004107892415378
    vertex 1029.9579887205045 124.65865616377833 5.400410789187036
  endloop
endfacet
facet normal 0.9238795270185768 0.3826834455962032 -4.748557946442572e-06
  outer loop
    vertex 1029.9750115803977 124.52923135867837 1.4004112230777064
    vertex 1030.024976022105 124.40865616508125 5.400411506085547
    vertex 1030.0249617933105 124.40864088211077 1.4004115061400508
  endloop
endfacet
facet normal 0.9238795270185768 0.3826834455962032 -4.748557946442572e-06
  outer loop
    vertex 1030.024976022105 124.40865616508125 5.400411506085547
    vertex 1029.9750115803977 124.52923135867837 1.4004112230777064
    vertex 1029.9750258091922 124.52924664164887 5.400411223023203
  endloop
endfacet
facet normal 0.7933533315579749 0.6087614403683596 -5.148036172847596e-06
  outer loop
    vertex 1030.0249617933105 124.40864088211077 1.4004115061400508
    vertex 1030.1044353347795 124.30510277576842 5.400411619083838
    vertex 1030.104421105985 124.30508749279792 1.4004116191383407
  endloop
endfacet
facet normal 0.7933533315579749 0.6087614403683596 -5.148036172847596e-06
  outer loop
    vertex 1030.1044353347795 124.30510277576842 5.400411619083838
    vertex 1030.0249617933105 124.40864088211077 1.4004115061400508
    vertex 1030.024976022105 124.40865616508125 5.400411506085547
  endloop
endfacet
facet normal 0.6087614176300089 0.7933533490054079 -5.1966842416054435e-06
  outer loop
    vertex 1030.104421105985 124.30508749279792 1.4004116191383407
    vertex 1030.2079887263699 124.22564346606192 5.400411554317425
    vertex 1030.2079744975754 124.22562818309143 1.4004115543719287
  endloop
endfacet
facet normal 0.6087614176300089 0.7933533490054079 -5.1966842416054435e-06
  outer loop
    vertex 1030.2079887263699 124.22564346606192 5.400411554317425
    vertex 1030.104421105985 124.30508749279792 1.4004116191383407
    vertex 1030.1044353347795 124.30510277576842 5.400411619083838
  endloop
endfacet
facet normal 0.3826834191161124 0.9238795379862454 -4.89118686722415e-06
  outer loop
    vertex 1030.2079744975754 124.22562818309143 1.4004115543719287
    vertex 1030.3285792043694 124.1756932566056 5.400411316200036
    vertex 1030.3285649755749 124.17567797363512 1.400411316254539
  endloop
endfacet
facet normal 0.3826834191161124 0.9238795379862454 -4.89118686722415e-06
  outer loop
    vertex 1030.3285792043694 124.1756932566056 5.400411316200036
    vertex 1030.2079744975754 124.22562818309143 1.4004115543719287
    vertex 1030.2079887263699 124.22564346606192 5.400411554317425
  endloop
endfacet
facet normal 0.13052617800403987 0.9914448632362645 -4.252363190910509e-06
  outer loop
    vertex 1030.3285649755749 124.17567797363512 1.400411316254539
    vertex 1030.4579887269872 124.15865617162723 5.400410920958975
    vertex 1030.4579744981927 124.15864088865673 1.4004109210134779
  endloop
endfacet
facet normal 0.13052617800403987 0.9914448632362645 -4.252363190910509e-06
  outer loop
    vertex 1030.4579887269872 124.15865617162723 5.400410920958975
    vertex 1030.3285649755749 124.17567797363512 1.400411316254539
    vertex 1030.3285792043694 124.1756932566056 5.400411316200036
  endloop
endfacet
facet normal -0.13052620643430624 0.991444859496897 -3.323747990498964e-06
  outer loop
    vertex 1030.4579744981927 124.15864088865673 1.4004109210134779
    vertex 1030.5873982491166 124.17569326031298 5.400410395529269
    vertex 1030.5873840203221 124.17567797734249 1.4004103955837717
  endloop
endfacet
facet normal -0.13052620643430624 0.991444859496897 -3.323747990498964e-06
  outer loop
    vertex 1030.5873982491166 124.17569326031298 5.400410395529269
    vertex 1030.4579744981927 124.15864088865673 1.4004109210134779
    vertex 1030.4579887269872 124.15865617162723 5.400410920958975
  endloop
endfacet
facet normal -0.3826834456092059 0.923879527022849 -2.1686248572868707e-06
  outer loop
    vertex 1030.5873840203221 124.17567797734249 1.4004103955837717
    vertex 1030.7079887256837 124.22564347322403 5.4004097757180825
    vertex 1030.7079744968892 124.22562819025354 1.400409775772585
  endloop
endfacet
facet normal -0.3826834456092059 0.923879527022849 -2.1686248572868707e-06
  outer loop
    vertex 1030.7079887256837 124.22564347322403 5.4004097757180825
    vertex 1030.5873840203221 124.17567797734249 1.4004103955837717
    vertex 1030.5873982491166 124.17569326031298 5.400410395529269
  endloop
endfacet
facet normal -0.6087614403798968 0.7933533315653524 -8.657135238737409e-07
  outer loop
    vertex 1030.7079744968892 124.22562819025354 1.400409775772585
    vertex 1030.8115421149955 124.30510278589718 5.400409103764524
    vertex 1030.811527886201 124.30508750292668 1.400409103819027
  endloop
endfacet
facet normal -0.6087614403798968 0.7933533315653524 -8.657135238737409e-07
  outer loop
    vertex 1030.8115421149955 124.30510278589718 5.400409103764524
    vertex 1030.7079744968892 124.22562819025354 1.400409775772585
    vertex 1030.7079887256837 124.22564347322403 5.4004097757180825
  endloop
endfacet
facet normal -0.79335334901433 0.60876141764036 4.961947555301848e-07
  outer loop
    vertex 1030.8115421149955 124.30510278589718 5.400409103764524
    vertex 1030.8909871959063 124.4086408945159 1.400408425515622
    vertex 1030.811527886201 124.30508750292668 1.400409103819027
  endloop
endfacet
facet normal -0.79335334901433 0.60876141764036 4.961947555301848e-07
  outer loop
    vertex 1030.8909871959063 124.4086408945159 1.400408425515622
    vertex 1030.8115421149955 124.30510278589718 5.400409103764524
    vertex 1030.8910014247008 124.40865617748638 5.400408425461119
  endloop
endfacet
facet normal -0.9238795379921384 0.3826834191287952 1.824288182347139e-06
  outer loop
    vertex 1030.8910014247008 124.40865617748638 5.400408425461119
    vertex 1030.940937405361 124.5292313725145 1.4004077870876253
    vertex 1030.8909871959063 124.4086408945159 1.400408425515622
  endloop
endfacet
facet normal -0.9238795379921384 0.3826834191287952 1.824288182347139e-06
  outer loop
    vertex 1030.940937405361 124.5292313725145 1.4004077870876253
    vertex 1030.8910014247008 124.40865617748638 5.400408425461119
    vertex 1030.9409516341555 124.529246655485 5.400407787033122
  endloop
endfacet
facet normal -0.9914448632390803 0.13052617801679542 3.0280593843205612e-06
  outer loop
    vertex 1030.9409516341555 124.529246655485 5.400407787033122
    vertex 1030.9579744903376 124.65864089513205 1.400407232042851
    vertex 1030.940937405361 124.5292313725145 1.4004077870876253
  endloop
endfacet
facet normal -0.9914448632390803 0.13052617801679542 3.0280593843205612e-06
  outer loop
    vertex 1030.9579744903376 124.65864089513205 1.400407232042851
    vertex 1030.9409516341555 124.529246655485 5.400407787033122
    vertex 1030.9579887191321 124.65865617810255 5.400407231988348
  endloop
endfacet
facet normal -0.9914448594960751 -0.13052620642079366 4.025473343350264e-06
  outer loop
    vertex 1030.9579887191321 124.65865617810255 5.400407231988348
    vertex 1030.94093740165 124.78805041726152 1.4004067982066823
    vertex 1030.9579744903376 124.65864089513205 1.400407232042851
  endloop
endfacet
facet normal -0.9914448594960751 -0.13052620642079366 4.025473343350264e-06
  outer loop
    vertex 1030.94093740165 124.78805041726152 1.4004067982066823
    vertex 1030.9579887191321 124.65865617810255 5.400407231988348
    vertex 1030.9409516304445 124.78806570023201 5.400406798152178
  endloop
endfacet
facet normal -0.9238795270185768 -0.3826834455962032 4.748557946442572e-06
  outer loop
    vertex 1030.9409516304445 124.78806570023201 5.400406798152178
    vertex 1030.8909871887372 124.90864089382913 1.4004065151443377
    vertex 1030.94093740165 124.78805041726152 1.4004067982066823
  endloop
endfacet
facet normal -0.9238795270185768 -0.3826834455962032 4.748557946442572e-06
  outer loop
    vertex 1030.8909871887372 124.90864089382913 1.4004065151443377
    vertex 1030.9409516304445 124.78806570023201 5.400406798152178
    vertex 1030.8910014175317 124.90865617679962 5.400406515089834
  endloop
endfacet
facet normal -0.7933533315579749 -0.6087614403683596 5.148036172847596e-06
  outer loop
    vertex 1030.8910014175317 124.90865617679962 5.400406515089834
    vertex 1030.8115278760627 125.01219428314197 1.400406402146048
    vertex 1030.8909871887372 124.90864089382913 1.4004065151443377
  endloop
endfacet
facet normal -0.7933533315579749 -0.6087614403683596 5.148036172847596e-06
  outer loop
    vertex 1030.8115278760627 125.01219428314197 1.400406402146048
    vertex 1030.8910014175317 124.90865617679962 5.400406515089834
    vertex 1030.8115421048572 125.01220956611246 5.400406402091545
  endloop
endfacet
facet normal -0.6087614176300089 -0.7933533490054079 5.1966842416054435e-06
  outer loop
    vertex 1030.8115421048572 125.01220956611246 5.400406402091545
    vertex 1030.7079744844723 125.09165359284846 1.40040646691246
    vertex 1030.8115278760627 125.01219428314197 1.400406402146048
  endloop
endfacet
facet normal -0.6087614176300089 -0.7933533490054079 5.1966842416054435e-06
  outer loop
    vertex 1030.7079744844723 125.09165359284846 1.40040646691246
    vertex 1030.8115421048572 125.01220956611246 5.400406402091545
    vertex 1030.7079887132668 125.09166887581895 5.400406466857956
  endloop
endfacet
facet normal -0.3826834191161124 -0.9238795379862454 4.89118686722415e-06
  outer loop
    vertex 1030.7079887132668 125.09166887581895 5.400406466857956
    vertex 1030.5873840064728 125.14160380230479 1.4004067050298497
    vertex 1030.7079744844723 125.09165359284846 1.40040646691246
  endloop
endfacet
facet normal -0.3826834191161124 -0.9238795379862454 4.89118686722415e-06
  outer loop
    vertex 1030.5873840064728 125.14160380230479 1.4004067050298497
    vertex 1030.7079887132668 125.09166887581895 5.400406466857956
    vertex 1030.5873982352673 125.14161908527528 5.400406704975347
  endloop
endfacet
facet normal -0.13052617800403987 -0.9914448632362645 4.252363190910509e-06
  outer loop
    vertex 1030.5873982352673 125.14161908527528 5.400406704975347
    vertex 1030.457974483855 125.15864088728317 1.4004071002709106
    vertex 1030.5873840064728 125.14160380230479 1.4004067050298497
  endloop
endfacet
facet normal -0.13052617800403987 -0.9914448632362645 4.252363190910509e-06
  outer loop
    vertex 1030.457974483855 125.15864088728317 1.4004071002709106
    vertex 1030.5873982352673 125.14161908527528 5.400406704975347
    vertex 1030.4579887126495 125.15865617025365 5.400407100216407
  endloop
endfacet
facet normal 3.5571986370078398e-06 3.820742624050542e-06 0.9999999999863742
  outer loop
    vertex 1009.8250119476878 124.5292310805098 1.4003683811344911
    vertex 1009.8250119439768 124.78805012525682 1.400367392253548
    vertex 1009.8079748590003 124.65864060263927 1.4003679472983226
  endloop
endfacet
facet normal 3.5571986370078398e-06 3.820742624050542e-06 0.9999999999863742
  outer loop
    vertex 1009.8250119439768 124.78805012525682 1.400367392253548
    vertex 1009.8250119476878 124.5292310805098 1.4003683811344911
    vertex 1009.8749621534317 124.90864060325544 1.4003667538255513
  endloop
endfacet
facet normal 3.5571986370078398e-06 3.820742624050542e-06 0.9999999999863742
  outer loop
    vertex 1009.8749621534317 124.90864060325544 1.4003667538255513
    vertex 1009.8250119476878 124.5292310805098 1.4003683811344911
    vertex 1009.8749621606006 124.40864060394219 1.4003686641968356
  endloop
endfacet
facet normal 3.5571986370078398e-06 3.820742624050542e-06 0.9999999999863742
  outer loop
    vertex 1009.8749621534317 124.90864060325544 1.4003667538255513
    vertex 1009.8749621606006 124.40864060394219 1.4003686641968356
    vertex 1009.9544214631369 125.01219399484464 1.4003660755221463
  endloop
endfacet
facet normal 3.5571986370078398e-06 3.820742624050542e-06 0.9999999999863742
  outer loop
    vertex 1009.9544214631369 125.01219399484464 1.4003660755221463
    vertex 1009.8749621606006 124.40864060394219 1.4003686641968356
    vertex 1009.9544214732753 124.30508721462935 1.4003687771951254
  endloop
endfacet
facet normal 3.5571986370078398e-06 3.820742624050542e-06 0.9999999999863742
  outer loop
    vertex 1009.9544214631369 125.01219399484464 1.4003660755221463
    vertex 1009.9544214732753 124.30508721462935 1.4003687771951254
    vertex 1010.0579748524488 125.09165330751779 1.4003654035685882
  endloop
endfacet
facet normal 3.5571986370078398e-06 3.820742624050542e-06 0.9999999999863742
  outer loop
    vertex 1010.0579748524488 125.09165330751779 1.4003654035685882
    vertex 1009.9544214732753 124.30508721462935 1.4003687771951254
    vertex 1010.0579748648656 124.22562790492286 1.4003687124287134
  endloop
endfacet
facet normal 3.5571986370078398e-06 3.820742624050542e-06 0.9999999999863742
  outer loop
    vertex 1010.0579748524488 125.09165330751779 1.4003654035685882
    vertex 1010.0579748648656 124.22562790492286 1.4003687124287134
    vertex 1010.1785653290157 125.14160352042883 1.4003647837574018
  endloop
endfacet
facet normal 3.5571986370078398e-06 3.820742624050542e-06 0.9999999999863742
  outer loop
    vertex 1010.1785653290157 125.14160352042883 1.4003647837574018
    vertex 1010.0579748648656 124.22562790492286 1.4003687124287134
    vertex 1010.178565342865 124.17567769546653 1.4003684743113238
  endloop
endfacet
facet normal 3.5571986370078398e-06 3.820742624050542e-06 0.9999999999863742
  outer loop
    vertex 1010.1785653290157 125.14160352042883 1.4003647837574018
    vertex 1010.178565342865 124.17567769546653 1.4003684743113238
    vertex 1010.3079748511451 125.15864060911458 1.4003642583276954
  endloop
endfacet
facet normal 3.5571986370078398e-06 3.820742624050542e-06 0.9999999999863742
  outer loop
    vertex 1010.3079748511451 125.15864060911458 1.4003642583276954
    vertex 1010.178565342865 124.17567769546653 1.4003684743113238
    vertex 1010.307974865483 124.15864061048816 1.4003680790702626
  endloop
endfacet
facet normal 3.5571986370078398e-06 3.820742624050542e-06 0.9999999999863742
  outer loop
    vertex 1010.3079748511451 125.15864060911458 1.4003642583276954
    vertex 1010.307974865483 124.15864061048816 1.4003680790702626
    vertex 1010.437384373763 125.14160352413622 1.4003638630866344
  endloop
endfacet
facet normal 3.5571986370078398e-06 3.820742624050542e-06 0.9999999999863742
  outer loop
    vertex 1010.437384373763 125.14160352413622 1.4003638630866344
    vertex 1010.307974865483 124.15864061048816 1.4003680790702626
    vertex 1010.4373843876124 124.1756776991739 1.4003675536405562
  endloop
endfacet
facet normal 3.5571986370078398e-06 3.820742624050542e-06 0.9999999999863742
  outer loop
    vertex 1010.437384373763 125.14160352413622 1.4003638630866344
    vertex 1010.4373843876124 124.1756776991739 1.4003675536405562
    vertex 1010.5579748517624 125.09165331467989 1.4003636249692448
  endloop
endfacet
facet normal 3.5571986370078398e-06 3.820742624050542e-06 0.9999999999863742
  outer loop
    vertex 1010.5579748517624 125.09165331467989 1.4003636249692448
    vertex 1010.4373843876124 124.1756776991739 1.4003675536405562
    vertex 1010.5579748641793 124.22562791208496 1.4003669338293698
  endloop
endfacet
facet normal 3.5571986370078398e-06 3.820742624050542e-06 0.9999999999863742
  outer loop
    vertex 1010.5579748517624 125.09165331467989 1.4003636249692448
    vertex 1010.5579748641793 124.22562791208496 1.4003669338293698
    vertex 1010.6615282433529 125.0121940049734 1.4003635602028328
  endloop
endfacet
facet normal 3.5571986370078398e-06 3.820742624050542e-06 0.9999999999863742
  outer loop
    vertex 1010.6615282433529 125.0121940049734 1.4003635602028328
    vertex 1010.5579748641793 124.22562791208496 1.4003669338293698
    vertex 1010.6615282534912 124.30508722475811 1.4003662618758117
  endloop
endfacet
facet normal 3.5571986370078398e-06 3.820742624050542e-06 0.9999999999863742
  outer loop
    vertex 1010.6615282433529 125.0121940049734 1.4003635602028328
    vertex 1010.6615282534912 124.30508722475811 1.4003662618758117
    vertex 1010.7409875560274 124.90864061566054 1.4003636732011224
  endloop
endfacet
facet normal 3.5571986370078398e-06 3.820742624050542e-06 0.9999999999863742
  outer loop
    vertex 1010.7409875560274 124.90864061566054 1.4003636732011224
    vertex 1010.6615282534912 124.30508722475811 1.4003662618758117
    vertex 1010.7409875631964 124.40864061634731 1.4003655835724067
  endloop
endfacet
facet normal 3.5571986370078398e-06 3.820742624050542e-06 0.9999999999863742
  outer loop
    vertex 1010.7409875560274 124.90864061566054 1.4003636732011224
    vertex 1010.7409875631964 124.40864061634731 1.4003655835724067
    vertex 1010.7909377689402 124.78805013909295 1.400363956263467
  endloop
endfacet
facet normal 3.5571986370078398e-06 3.820742624050542e-06 0.9999999999863742
  outer loop
    vertex 1010.7909377689402 124.78805013909295 1.400363956263467
    vertex 1010.7409875631964 124.40864061634731 1.4003655835724067
    vertex 1010.7909377726512 124.52923109434593 1.40036494514441
  endloop
endfacet
facet normal 3.5571986370078398e-06 3.820742624050542e-06 0.9999999999863742
  outer loop
    vertex 1010.7909377689402 124.78805013909295 1.400363956263467
    vertex 1010.7909377726512 124.52923109434593 1.40036494514441
    vertex 1010.8079748576278 124.65864061696348 1.4003643900996356
  endloop
endfacet
facet normal 0.7933533315579749 0.6087614403683596 -5.148036172847596e-06
  outer loop
    vertex 1009.8749621606006 124.40864060394219 1.4003686641968356
    vertex 1009.9544357020698 124.30510249759985 5.4003687771406215
    vertex 1009.9544214732753 124.30508721462935 1.4003687771951254
  endloop
endfacet
facet normal 0.7933533315579749 0.6087614403683596 -5.148036172847596e-06
  outer loop
    vertex 1009.9544357020698 124.30510249759985 5.4003687771406215
    vertex 1009.8749621606006 124.40864060394219 1.4003686641968356
    vertex 1009.8749763893951 124.40865588691268 5.4003686641423325
  endloop
endfacet
facet normal 0.6087614176300089 0.7933533490054079 -5.1966842416054435e-06
  outer loop
    vertex 1009.9544214732753 124.30508721462935 1.4003687771951254
    vertex 1010.0579890936601 124.22564318789334 5.400368712374211
    vertex 1010.0579748648656 124.22562790492286 1.4003687124287134
  endloop
endfacet
facet normal 0.6087614176300089 0.7933533490054079 -5.1966842416054435e-06
  outer loop
    vertex 1010.0579890936601 124.22564318789334 5.400368712374211
    vertex 1009.9544214732753 124.30508721462935 1.4003687771951254
    vertex 1009.9544357020698 124.30510249759985 5.4003687771406215
  endloop
endfacet
facet normal 0.3826834191161124 0.9238795379862454 -4.891186867224151e-06
  outer loop
    vertex 1010.0579748648656 124.22562790492286 1.4003687124287134
    vertex 1010.1785795716595 124.17569297843703 5.40036847425682
    vertex 1010.178565342865 124.17567769546653 1.4003684743113238
  endloop
endfacet
facet normal 0.3826834191161124 0.9238795379862454 -4.891186867224151e-06
  outer loop
    vertex 1010.1785795716595 124.17569297843703 5.40036847425682
    vertex 1010.0579748648656 124.22562790492286 1.4003687124287134
    vertex 1010.0579890936601 124.22564318789334 5.400368712374211
  endloop
endfacet
facet normal 0.13052617800403987 0.9914448632362645 -4.25236319091051e-06
  outer loop
    vertex 1010.178565342865 124.17567769546653 1.4003684743113238
    vertex 1010.3079890942774 124.15865589345864 5.40036807901576
    vertex 1010.307974865483 124.15864061048816 1.4003680790702626
  endloop
endfacet
facet normal 0.13052617800403987 0.9914448632362645 -4.25236319091051e-06
  outer loop
    vertex 1010.3079890942774 124.15865589345864 5.40036807901576
    vertex 1010.178565342865 124.17567769546653 1.4003684743113238
    vertex 1010.1785795716595 124.17569297843703 5.40036847425682
  endloop
endfacet
facet normal -0.13052620643430624 0.991444859496897 -3.323747990498965e-06
  outer loop
    vertex 1010.307974865483 124.15864061048816 1.4003680790702626
    vertex 1010.4373986164069 124.1756929821444 5.400367553586053
    vertex 1010.4373843876124 124.1756776991739 1.4003675536405562
  endloop
endfacet
facet normal -0.13052620643430624 0.991444859496897 -3.323747990498965e-06
  outer loop
    vertex 1010.4373986164069 124.1756929821444 5.400367553586053
    vertex 1010.307974865483 124.15864061048816 1.4003680790702626
    vertex 1010.3079890942774 124.15865589345864 5.40036807901576
  endloop
endfacet
facet normal -0.3826834456092059 0.923879527022849 -2.168624857286871e-06
  outer loop
    vertex 1010.4373843876124 124.1756776991739 1.4003675536405562
    vertex 1010.5579890929738 124.22564319505545 5.400366933774866
    vertex 1010.5579748641793 124.22562791208496 1.4003669338293698
  endloop
endfacet
facet normal -0.3826834456092059 0.923879527022849 -2.168624857286871e-06
  outer loop
    vertex 1010.5579890929738 124.22564319505545 5.400366933774866
    vertex 1010.4373843876124 124.1756776991739 1.4003675536405562
    vertex 1010.4373986164069 124.1756929821444 5.400367553586053
  endloop
endfacet
facet normal -0.6087614403798968 0.7933533315653524 -8.657135238737415e-07
  outer loop
    vertex 1010.5579748641793 124.22562791208496 1.4003669338293698
    vertex 1010.6615424822857 124.30510250772859 5.400366261821308
    vertex 1010.6615282534912 124.30508722475811 1.4003662618758117
  endloop
endfacet
facet normal -0.6087614403798968 0.7933533315653524 -8.657135238737415e-07
  outer loop
    vertex 1010.6615424822857 124.30510250772859 5.400366261821308
    vertex 1010.5579748641793 124.22562791208496 1.4003669338293698
    vertex 1010.5579890929738 124.22564319505545 5.400366933774866
  endloop
endfacet
facet normal -0.79335334901433 0.60876141764036 4.96194755530184e-07
  outer loop
    vertex 1010.6615424822857 124.30510250772859 5.400366261821308
    vertex 1010.7409875631964 124.40864061634731 1.4003655835724067
    vertex 1010.6615282534912 124.30508722475811 1.4003662618758117
  endloop
endfacet
facet normal -0.79335334901433 0.60876141764036 4.96194755530184e-07
  outer loop
    vertex 1010.7409875631964 124.40864061634731 1.4003655835724067
    vertex 1010.6615424822857 124.30510250772859 5.400366261821308
    vertex 1010.7410017919909 124.40865589931781 5.400365583517903
  endloop
endfacet
facet normal -0.9238795379921384 0.3826834191287952 1.8242881823471388e-06
  outer loop
    vertex 1010.7410017919909 124.40865589931781 5.400365583517903
    vertex 1010.7909377726512 124.52923109434593 1.40036494514441
    vertex 1010.7409875631964 124.40864061634731 1.4003655835724067
  endloop
endfacet
facet normal -0.9238795379921384 0.3826834191287952 1.8242881823471388e-06
  outer loop
    vertex 1010.7909377726512 124.52923109434593 1.40036494514441
    vertex 1010.7410017919909 124.40865589931781 5.400365583517903
    vertex 1010.7909520014457 124.52924637731643 5.4003649450899065
  endloop
endfacet
facet normal -0.9914448632390803 0.13052617801679542 3.0280593843205612e-06
  outer loop
    vertex 1010.7909520014457 124.52924637731643 5.4003649450899065
    vertex 1010.8079748576278 124.65864061696348 1.4003643900996356
    vertex 1010.7909377726512 124.52923109434593 1.40036494514441
  endloop
endfacet
facet normal -0.9914448632390803 0.13052617801679542 3.0280593843205612e-06
  outer loop
    vertex 1010.8079748576278 124.65864061696348 1.4003643900996356
    vertex 1010.7909520014457 124.52924637731643 5.4003649450899065
    vertex 1010.8079890864223 124.65865589993396 5.400364390045133
  endloop
endfacet
facet normal -0.9914448594960751 -0.13052620642079366 4.025473343350264e-06
  outer loop
    vertex 1010.8079890864223 124.65865589993396 5.400364390045133
    vertex 1010.7909377689402 124.78805013909295 1.400363956263467
    vertex 1010.8079748576278 124.65864061696348 1.4003643900996356
  endloop
endfacet
facet normal -0.9914448594960751 -0.13052620642079366 4.025473343350264e-06
  outer loop
    vertex 1010.7909377689402 124.78805013909295 1.400363956263467
    vertex 1010.8079890864223 124.65865589993396 5.400364390045133
    vertex 1010.7909519977347 124.78806542206344 5.400363956208964
  endloop
endfacet
facet normal -0.9238795270185768 -0.3826834455962032 4.748557946442572e-06
  outer loop
    vertex 1010.7909519977347 124.78806542206344 5.400363956208964
    vertex 1010.7409875560274 124.90864061566054 1.4003636732011224
    vertex 1010.7909377689402 124.78805013909295 1.400363956263467
  endloop
endfacet
facet normal -0.9238795270185768 -0.3826834455962032 4.748557946442572e-06
  outer loop
    vertex 1010.7409875560274 124.90864061566054 1.4003636732011224
    vertex 1010.7909519977347 124.78806542206344 5.400363956208964
    vertex 1010.741001784822 124.90865589863104 5.400363673146619
  endloop
endfacet
facet normal -0.7933533315579749 -0.6087614403683596 5.148036172847596e-06
  outer loop
    vertex 1010.741001784822 124.90865589863104 5.400363673146619
    vertex 1010.6615282433529 125.0121940049734 1.4003635602028328
    vertex 1010.7409875560274 124.90864061566054 1.4003636732011224
  endloop
endfacet
facet normal -0.7933533315579749 -0.6087614403683596 5.148036172847596e-06
  outer loop
    vertex 1010.6615282433529 125.0121940049734 1.4003635602028328
    vertex 1010.741001784822 124.90865589863104 5.400363673146619
    vertex 1010.6615424721473 125.01220928794388 5.40036356014833
  endloop
endfacet
facet normal -0.6087614176300089 -0.7933533490054079 5.1966842416054435e-06
  outer loop
    vertex 1010.6615424721473 125.01220928794388 5.40036356014833
    vertex 1010.5579748517624 125.09165331467989 1.4003636249692448
    vertex 1010.6615282433529 125.0121940049734 1.4003635602028328
  endloop
endfacet
facet normal -0.6087614176300089 -0.7933533490054079 5.1966842416054435e-06
  outer loop
    vertex 1010.5579748517624 125.09165331467989 1.4003636249692448
    vertex 1010.6615424721473 125.01220928794388 5.40036356014833
    vertex 1010.5579890805569 125.09166859765038 5.400363624914742
  endloop
endfacet
facet normal -0.3826834191161124 -0.9238795379862454 4.891186867224151e-06
  outer loop
    vertex 1010.5579890805569 125.09166859765038 5.400363624914742
    vertex 1010.437384373763 125.14160352413622 1.4003638630866344
    vertex 1010.5579748517624 125.09165331467989 1.4003636249692448
  endloop
endfacet
facet normal -0.3826834191161124 -0.9238795379862454 4.891186867224151e-06
  outer loop
    vertex 1010.437384373763 125.14160352413622 1.4003638630866344
    vertex 1010.5579890805569 125.09166859765038 5.400363624914742
    vertex 1010.4373986025576 125.1416188071067 5.400363863032132
  endloop
endfacet
facet normal -0.13052617800403987 -0.9914448632362645 4.25236319091051e-06
  outer loop
    vertex 1010.4373986025576 125.1416188071067 5.400363863032132
    vertex 1010.3079748511451 125.15864060911458 1.4003642583276954
    vertex 1010.437384373763 125.14160352413622 1.4003638630866344
  endloop
endfacet
facet normal -0.13052617800403987 -0.9914448632362645 4.25236319091051e-06
  outer loop
    vertex 1010.3079748511451 125.15864060911458 1.4003642583276954
    vertex 1010.4373986025576 125.1416188071067 5.400363863032132
    vertex 1010.3079890799396 125.15865589208508 5.400364258273192
  endloop
endfacet
facet normal 0.13052620643430624 -0.991444859496897 3.323747990498965e-06
  outer loop
    vertex 1010.3079890799396 125.15865589208508 5.400364258273192
    vertex 1010.1785653290157 125.14160352042883 1.4003647837574018
    vertex 1010.3079748511451 125.15864060911458 1.4003642583276954
  endloop
endfacet
facet normal 0.13052620643430624 -0.991444859496897 3.323747990498965e-06
  outer loop
    vertex 1010.1785653290157 125.14160352042883 1.4003647837574018
    vertex 1010.3079890799396 125.15865589208508 5.400364258273192
    vertex 1010.1785795578102 125.14161880339933 5.4003647837029
  endloop
endfacet
facet normal 0.3826834456092059 -0.923879527022849 2.168624857286871e-06
  outer loop
    vertex 1010.1785795578102 125.14161880339933 5.4003647837029
    vertex 1010.0579748524488 125.09165330751779 1.4003654035685882
    vertex 1010.1785653290157 125.14160352042883 1.4003647837574018
  endloop
endfacet
facet normal 0.3826834456092059 -0.923879527022849 2.168624857286871e-06
  outer loop
    vertex 1010.0579748524488 125.09165330751779 1.4003654035685882
    vertex 1010.1785795578102 125.14161880339933 5.4003647837029
    vertex 1010.0579890812432 125.09166859048827 5.400365403514085
  endloop
endfacet
facet normal 0.6087614403798968 -0.7933533315653524 8.657135238737415e-07
  outer loop
    vertex 1010.0579890812432 125.09166859048827 5.400365403514085
    vertex 1009.9544214631369 125.01219399484464 1.4003660755221463
    vertex 1010.0579748524488 125.09165330751779 1.4003654035685882
  endloop
endfacet
facet normal 0.6087614403798968 -0.7933533315653524 8.657135238737415e-07
  outer loop
    vertex 1009.9544214631369 125.01219399484464 1.4003660755221463
    vertex 1010.0579890812432 125.09166859048827 5.400365403514085
    vertex 1009.9544356919314 125.01220927781513 5.400366075467644
  endloop
endfacet
facet normal 0.79335334901433 -0.60876141764036 -4.96194755530184e-07
  outer loop
    vertex 1009.9544214631369 125.01219399484464 1.4003660755221463
    vertex 1009.8749763822261 124.90865588622592 5.400366753771048
    vertex 1009.8749621534317 124.90864060325544 1.4003667538255513
  endloop
endfacet
facet normal 0.79335334901433 -0.60876141764036 -4.96194755530184e-07
  outer loop
    vertex 1009.8749763822261 124.90865588622592 5.400366753771048
    vertex 1009.9544214631369 125.01219399484464 1.4003660755221463
    vertex 1009.9544356919314 125.01220927781513 5.400366075467644
  endloop
endfacet
facet normal 0.9238795379921384 -0.3826834191287952 -1.8242881823471388e-06
  outer loop
    vertex 1009.8749621534317 124.90864060325544 1.4003667538255513
    vertex 1009.8250261727713 124.7880654082273 5.400367392199045
    vertex 1009.8250119439768 124.78805012525682 1.400367392253548
  endloop
endfacet
facet normal 0.9238795379921384 -0.3826834191287952 -1.8242881823471388e-06
  outer loop
    vertex 1009.8250261727713 124.7880654082273 5.400367392199045
    vertex 1009.8749621534317 124.90864060325544 1.4003667538255513
    vertex 1009.8749763822261 124.90865588622592 5.400366753771048
  endloop
endfacet
facet normal 0.9914448632390803 -0.13052617801679542 -3.0280593843205612e-06
  outer loop
    vertex 1009.8250119439768 124.78805012525682 1.400367392253548
    vertex 1009.8079890877948 124.65865588560976 5.4003679472438195
    vertex 1009.8079748590003 124.65864060263927 1.4003679472983226
  endloop
endfacet
facet normal 0.9914448632390803 -0.13052617801679542 -3.0280593843205612e-06
  outer loop
    vertex 1009.8079890877948 124.65865588560976 5.4003679472438195
    vertex 1009.8250119439768 124.78805012525682 1.400367392253548
    vertex 1009.8250261727713 124.7880654082273 5.400367392199045
  endloop
endfacet
facet normal 0.9914448594960751 0.13052620642079366 -4.025473343350264e-06
  outer loop
    vertex 1009.8079748590003 124.65864060263927 1.4003679472983226
    vertex 1009.8250261764823 124.52924636348028 5.400368381079988
    vertex 1009.8250119476878 124.5292310805098 1.4003683811344911
  endloop
endfacet
facet normal 0.9914448594960751 0.13052620642079366 -4.025473343350264e-06
  outer loop
    vertex 1009.8250261764823 124.52924636348028 5.400368381079988
    vertex 1009.8079748590003 124.65864060263927 1.4003679472983226
    vertex 1009.8079890877948 124.65865588560976 5.4003679472438195
  endloop
endfacet
facet normal 0.9238795270185768 0.3826834455962032 -4.748557946442572e-06
  outer loop
    vertex 1009.8250119476878 124.5292310805098 1.4003683811344911
    vertex 1009.8749763893951 124.40865588691268 5.4003686641423325
    vertex 1009.8749621606006 124.40864060394219 1.4003686641968356
  endloop
endfacet
facet normal 0.9238795270185768 0.3826834455962032 -4.748557946442572e-06
  outer loop
    vertex 1009.8749763893951 124.40865588691268 5.4003686641423325
    vertex 1009.8250119476878 124.5292310805098 1.4003683811344911
    vertex 1009.8250261764823 124.52924636348028 5.400368381079988
  endloop
endfacet
facet normal 4.910263050591595e-08 6.307019576355764e-07 0.9999999999997999
  outer loop
    vertex 1019.5825884939079 160.17332467495564 22.800355085847528
    vertex 1020.5825741552607 163.1733294543369 22.80036223304585
    vertex 1019.5825741552947 163.17332467480273 22.800357445934605
  endloop
endfacet
facet normal 4.910263050591595e-08 6.307019576355764e-07 0.9999999999997999
  outer loop
    vertex 1020.5825741552607 163.1733294543369 22.80036223304585
    vertex 1019.5825884939079 160.17332467495564 22.800355085847528
    vertex 1020.5825914722498 160.17332945450224 22.80036216367432
  endloop
endfacet
facet normal 4.910263050591595e-08 6.307019576355764e-07 0.9999999999997999
  outer loop
    vertex 1039.7324637158179 160.1733466944659 22.800592794791385
    vertex 1040.7325709691781 163.1733514744283 22.80059994199736
    vertex 1039.7324493772046 163.17334669431304 22.800595154878465
  endloop
endfacet
facet normal 4.910263050591595e-08 6.307019576355764e-07 0.9999999999997999
  outer loop
    vertex 1040.7325709691781 163.1733514744283 22.80059994199736
    vertex 1039.7324637158179 160.1733466944659 22.800592794791385
    vertex 1040.7325882861674 160.17335147459366 22.800599872625828
  endloop
endfacet
facet normal 4.910263050591595e-08 6.307019576355764e-07 0.9999999999997999
  outer loop
    vertex 1060.8826346791332 163.17333069563992 22.80065103108715
    vertex 1060.8826316821821 175.8855936733264 22.80052377324795
    vertex 1060.8826290386814 164.05892406474888 22.800644361201552
  endloop
endfacet
facet normal 4.910263050591595e-08 6.307019576355764e-07 0.9999999999997999
  outer loop
    vertex 1060.8826249642432 160.173330695871 22.80067564813232
    vertex 1059.8826346826283 163.173334926048 22.800567665071082
    vertex 1059.8826219895416 160.17333492627526 22.800589991164987
  endloop
endfacet
facet normal 4.910263050591595e-08 6.307019576355764e-07 0.9999999999997999
  outer loop
    vertex 1059.8826346826283 163.173334926048 22.800567665071082
    vertex 1060.8826249642432 160.173330695871 22.80067564813232
    vertex 1060.8826346791332 163.17333069563992 22.80065103108715
  endloop
endfacet
facet normal 4.910263050591595e-08 6.307019576355764e-07 0.9999999999997999
  outer loop
    vertex 1060.8826346791332 163.17333069563992 22.80065103108715
    vertex 1060.8826249642432 160.173330695871 22.80067564813232
    vertex 1060.8826497516704 123.91913079735922 22.800503454247224
  endloop
endfacet
facet normal 4.910263050591595e-08 6.307019576355764e-07 0.9999999999997999
  outer loop
    vertex 1060.8826316821821 175.8855936733264 22.80052377324795
    vertex 1059.8826108944515 178.88559485174986 22.80034183727418
    vertex 1059.8826105265775 175.88559485196765 22.800366157055887
  endloop
endfacet
facet normal 4.910263050591595e-08 6.307019576355764e-07 0.9999999999997999
  outer loop
    vertex 1059.8826108944515 178.88559485174986 22.80034183727418
    vertex 1060.8826316821821 175.8855936733264 22.80052377324795
    vertex 1060.8826108789847 178.88559473040087 22.800499152872888
  endloop
endfacet
facet normal 4.910263050591595e-08 6.307019576355764e-07 0.9999999999997999
  outer loop
    vertex 1060.8826108789847 178.88559473040087 22.800499152872888
    vertex 1060.8826316821821 175.8855936733264 22.80052377324795
    vertex 1060.8826497517737 206.962175183356 22.800823604348302
  endloop
endfacet
facet normal 4.910263050591595e-08 6.307019576355764e-07 0.9999999999997999
  outer loop
    vertex 1060.8826497517737 206.962175183356 22.800823604348302
    vertex 1060.8826316821821 175.8855936733264 22.80052377324795
    vertex 1060.8826346791332 163.17333069563992 22.80065103108715
  endloop
endfacet
facet normal 4.910263050591595e-08 6.307019576355764e-07 0.9999999999997999
  outer loop
    vertex 1060.8826497517737 206.962175183356 22.800823604348302
    vertex 1060.8826346791332 163.17333069563992 22.80065103108715
    vertex 1060.8826497516704 123.91913079735922 22.800503454247224
  endloop
endfacet
facet normal 4.910263050591595e-08 6.307019576355764e-07 0.9999999999997999
  outer loop
    vertex 1039.732405230024 175.885606620876 22.800522947848158
    vertex 1040.7323785598103 178.88561550862156 22.800602051942676
    vertex 1039.732378566043 178.8856066206377 22.800523315217017
  endloop
endfacet
facet normal 4.910263050591595e-08 6.307019576355764e-07 0.9999999999997999
  outer loop
    vertex 1040.7323785598103 178.88561550862156 22.800602051942676
    vertex 1039.732405230024 175.885606620876 22.800522947848158
    vertex 1040.7324263948958 175.88561445175708 22.800601983495344
  endloop
endfacet
facet normal 4.910263050591595e-08 6.307019576355764e-07 0.9999999999997999
  outer loop
    vertex 1040.7323785598103 178.88561550862156 22.800602051942676
    vertex 1040.7324263948958 175.88561445175708 22.800601983495344
    vertex 1040.7326497515396 206.962175183356 22.800883162514296
  endloop
endfacet
facet normal 4.910263050591595e-08 6.307019576355764e-07 0.9999999999997999
  outer loop
    vertex 1040.7326497515396 206.962175183356 22.800883162514296
    vertex 1040.7324263948958 175.88561445175708 22.800601983495344
    vertex 1040.7325709691781 163.1733514744283 22.80059994199736
  endloop
endfacet
facet normal 4.910263050591595e-08 6.307019576355764e-07 0.9999999999997999
  outer loop
    vertex 1040.7326497515396 206.962175183356 22.800883162514296
    vertex 1040.7325709691781 163.1733514744283 22.80059994199736
    vertex 1040.7325882861674 160.17335147459366 22.800599872625828
  endloop
endfacet
facet normal 4.910263050591595e-08 6.307019576355764e-07 0.9999999999997999
  outer loop
    vertex 1040.7326497515396 206.962175183356 22.800883162514296
    vertex 1040.7325882861674 160.17335147459366 22.800599872625828
    vertex 1040.7326497516929 123.91913079730914 22.800524845499915
  endloop
endfacet
facet normal 4.910263050591595e-08 6.307019576355764e-07 0.9999999999997999
  outer loop
    vertex 1040.7326497515396 206.962175183356 22.800883162514296
    vertex 1040.7326497516929 123.91913079730914 22.800524845499915
    vertex 1043.7326497515398 208.12462496995556 22.800883162488734
  endloop
endfacet
facet normal 4.910263050591595e-08 6.307019576355764e-07 0.9999999999997999
  outer loop
    vertex 1043.7326497515398 208.12462496995556 22.800883162488734
    vertex 1040.7326497516929 123.91913079730914 22.800524845499915
    vertex 1041.6079893188412 143.42337095948366 22.80065709840891
  endloop
endfacet
facet normal 4.910263050591595e-08 6.307019576355764e-07 0.9999999999997999
  outer loop
    vertex 1043.7326497515398 208.12462496995556 22.800883162488734
    vertex 1041.6079893188412 143.42337095948366 22.80065709840891
    vertex 1041.642237036037 144.20777264454088 22.800657004817506
  endloop
endfacet
facet normal 4.910263050591595e-08 6.307019576355764e-07 0.9999999999997999
  outer loop
    vertex 1043.7326497515398 208.12462496995556 22.800883162488734
    vertex 1041.642237036037 144.20777264454088 22.800657004817506
    vertex 1041.7447195417521 144.98620455881448 22.800656890091524
  endloop
endfacet
facet normal 4.910263050591595e-08 6.307019576355764e-07 0.9999999999997999
  outer loop
    vertex 1043.7326497515398 208.12462496995556 22.800883162488734
    vertex 1041.7447195417521 144.98620455881448 22.800656890091524
    vertex 1041.9146568823912 145.75274236603653 22.800656755104065
  endloop
endfacet
facet normal 4.910263050591595e-08 6.307019576355764e-07 0.9999999999997999
  outer loop
    vertex 1043.7326497515398 208.12462496995556 22.800883162488734
    vertex 1041.9146568823912 145.75274236603653 22.800656755104065
    vertex 1042.1507557319185 146.50155225004528 22.800656600882597
  endloop
endfacet
facet normal 4.910263050591595e-08 6.307019576355764e-07 0.9999999999997999
  outer loop
    vertex 1043.7326497515398 208.12462496995556 22.800883162488734
    vertex 1042.1507557319185 146.50155225004528 22.800656600882597
    vertex 1042.4512192358884 147.2269353160192 22.80065642860071
  endloop
endfacet
facet normal 4.910263050591595e-08 6.307019576355764e-07 0.9999999999997999
  outer loop
    vertex 1043.7326497515398 208.12462496995556 22.800883162488734
    vertex 1042.4512192358884 147.2269353160192 22.80065642860071
    vertex 1042.8137606852983 147.92337096043988 22.80065623956962
  endloop
endfacet
facet normal 4.910263050591595e-08 6.307019576355764e-07 0.9999999999997999
  outer loop
    vertex 1043.7326497515398 208.12462496995556 22.800883162488734
    vertex 1042.8137606852983 147.92337096043988 22.80065623956962
    vertex 1043.235620920756 148.5855588876002 22.80065603522793
  endloop
endfacet
facet normal 4.910263050591595e-08 6.307019576355764e-07 0.9999999999997999
  outer loop
    vertex 1043.7326497515398 208.12462496995556 22.800883162488734
    vertex 1043.235620920756 148.5855588876002 22.80065603522793
    vertex 1043.7135893314405 149.20845944767996 22.800655817130867
  endloop
endfacet
facet normal 4.910263050591595e-08 6.307019576355764e-07 0.9999999999997999
  outer loop
    vertex 1043.7326497515398 208.12462496995556 22.800883162488734
    vertex 1043.7135893314405 149.20845944767996 22.800655817130867
    vertex 1043.732649752058 195.07149149584126 22.800836290671416
  endloop
endfacet
facet normal 4.910263050591595e-08 6.307019576355764e-07 0.9999999999997999
  outer loop
    vertex 1043.732649752058 195.07149149584126 22.800836290671416
    vertex 1043.7135893314405 149.20845944767996 22.800655817130867
    vertex 1044.3079711085832 149.8571326082164 22.80065555918715
  endloop
endfacet
facet normal 4.910263050591595e-08 6.307019576355764e-07 0.9999999999997999
  outer loop
    vertex 1043.732649752058 195.07149149584126 22.800836290671416
    vertex 1044.3079711085832 149.8571326082164 22.80065555918715
    vertex 1044.3079695067045 154.17331802344128 22.800655104305463
  endloop
endfacet
facet normal 4.910263050591595e-08 6.307019576355764e-07 0.9999999999997999
  outer loop
    vertex 1044.3079695067045 154.17331802344128 22.800655104305463
    vertex 1054.5818170459358 175.8855797021923 22.800617772563466
    vertex 1054.5817997289464 178.88557970202686 22.800617703191936
  endloop
endfacet
facet normal 4.910263050591595e-08 6.307019576355764e-07 0.9999999999997999
  outer loop
    vertex 1054.5818170459358 175.8855797021923 22.800617772563466
    vertex 1044.3079695067045 154.17331802344128 22.800655104305463
    vertex 1054.5819616202177 163.1733167248634 22.80061645774055
  endloop
endfacet
facet normal 4.910263050591595e-08 6.307019576355764e-07 0.9999999999997999
  outer loop
    vertex 1054.5819616202177 163.1733167248634 22.80061645774055
    vertex 1044.3079695067045 154.17331802344128 22.800655104305463
    vertex 1054.582009455303 160.17331566799885 22.800616526187877
  endloop
endfacet
facet normal 4.910263050591595e-08 6.307019576355764e-07 0.9999999999997999
  outer loop
    vertex 1054.582009455303 160.17331566799885 22.800616526187877
    vertex 1044.3079695067045 154.17331802344128 22.800655104305463
    vertex 1054.5821795151824 154.17331672489112 22.80061827367337
  endloop
endfacet
facet normal 4.910263050591595e-08 6.307019576355764e-07 0.9999999999997999
  outer loop
    vertex 1080.0326219859635 160.17332809250965 22.80059039737777
    vertex 1081.0326076473161 163.17333287189086 22.800597544574146
    vertex 1080.0326076473502 163.1733280923568 22.80059275746485
  endloop
endfacet
facet normal 4.910263050591595e-08 6.307019576355764e-07 0.9999999999997999
  outer loop
    vertex 1081.0326076473161 163.17333287189086 22.800597544574146
    vertex 1080.0326219859635 160.17332809250965 22.80059039737777
    vertex 1081.0326249643053 160.17333287205625 22.80059747520262
  endloop
endfacet
facet normal 4.910263050591595e-08 6.307019576355764e-07 0.9999999999997999
  outer loop
    vertex 1082.3009953943827 122.72609710753383 22.799051389261393
    vertex 1082.150564313269 197.87611007551777 22.797765452552362
    vertex 1081.9752122180569 122.30152820610141 22.79905156543134
  endloop
endfacet
facet normal 4.910263050591595e-08 6.307019576355764e-07 0.9999999999997999
  outer loop
    vertex 1082.150564313269 197.87611007551777 22.797765452552362
    vertex 1082.3009953943827 122.72609710753383 22.799051389261393
    vertex 1082.2050829912062 197.46199960335377 22.797765653767012
  endloop
endfacet
facet normal 4.910263050591595e-08 6.307019576355764e-07 0.9999999999997999
  outer loop
    vertex 1082.2050829912062 197.46199960335377 22.797765653767012
    vertex 1082.3009953943827 122.72609710753383 22.799051389261393
    vertex 1082.3649236672136 197.07611007551787 22.79776584987568
  endloop
endfacet
facet normal 4.910263050591595e-08 6.307019576355764e-07 0.9999999999997999
  outer loop
    vertex 1082.3649236672136 197.07611007551787 22.79776584987568
    vertex 1082.3009953943827 122.72609710753383 22.799051389261393
    vertex 1082.7255642958153 123.05188028385949 22.799051267861792
  endloop
endfacet
facet normal 4.910263050591595e-08 6.307019576355764e-07 0.9999999999997999
  outer loop
    vertex 1082.3649236672136 197.07611007551787 22.79776584987568
    vertex 1082.7255642958153 123.05188028385949 22.799051267861792
    vertex 1082.6191934633703 196.74473922561944 22.797766027513884
  endloop
endfacet
facet normal 4.910263050591595e-08 6.307019576355764e-07 0.9999999999997999
  outer loop
    vertex 1082.6191934633703 196.74473922561944 22.797766027513884
    vertex 1082.7255642958153 123.05188028385949 22.799051267861792
    vertex 1082.9505643132688 196.49046942946288 22.79776617457587
  endloop
endfacet
facet normal 4.910263050591595e-08 6.307019576355764e-07 0.9999999999997999
  outer loop
    vertex 1082.9505643132688 196.49046942946288 22.79776617457587
    vertex 1082.7255642958153 123.05188028385949 22.799051267861792
    vertex 1083.219985253355 123.25667614999398 22.799051209505723
  endloop
endfacet
facet normal 4.910263050591595e-08 6.307019576355764e-07 0.9999999999997999
  outer loop
    vertex 1082.9505643132688 196.49046942946288 22.79776617457587
    vertex 1083.219985253355 123.25667614999398 22.799051209505723
    vertex 1083.3364538411047 196.3306287534555 22.79776628103961
  endloop
endfacet
facet normal 4.910263050591595e-08 6.307019576355764e-07 0.9999999999997999
  outer loop
    vertex 1083.3364538411047 196.3306287534555 22.79776628103961
    vertex 1083.219985253355 123.25667614999398 22.799051209505723
    vertex 1083.7505642958151 123.3265282061014 22.799051218170057
  endloop
endfacet
facet normal 4.910263050591595e-08 6.307019576355764e-07 0.9999999999997999
  outer loop
    vertex 1083.3364538411047 196.3306287534555 22.79776628103961
    vertex 1083.7505642958151 123.3265282061014 22.799051218170057
    vertex 1083.7505643132688 196.27611007551803 22.79776633964978
  endloop
endfacet
facet normal 4.910263050591595e-08 6.307019576355764e-07 0.9999999999997999
  outer loop
    vertex 1083.7505643132688 196.27611007551803 22.79776633964978
    vertex 1083.7505642958151 123.3265282061014 22.799051218170057
    vertex 1084.2811433382753 123.25667614999402 22.799051293264334
  endloop
endfacet
facet normal 4.910263050591595e-08 6.307019576355764e-07 0.9999999999997999
  outer loop
    vertex 1083.7505643132688 196.27611007551803 22.79776633964978
    vertex 1084.2811433382753 123.25667614999402 22.799051293264334
    vertex 1084.164674785433 196.33062875345553 22.797766346412185
  endloop
endfacet
facet normal 4.910263050591595e-08 6.307019576355764e-07 0.9999999999997999
  outer loop
    vertex 1084.164674785433 196.33062875345553 22.797766346412185
    vertex 1084.2811433382753 123.25667614999402 22.799051293264334
    vertex 1084.5505643132688 196.49046942946293 22.797766300865987
  endloop
endfacet
facet normal 4.910263050591595e-08 6.307019576355764e-07 0.9999999999997999
  outer loop
    vertex 1084.5505643132688 196.49046942946293 22.797766300865987
    vertex 1084.2811433382753 123.25667614999402 22.799051293264334
    vertex 1084.7755642958152 123.05188028385956 22.799051429671003
  endloop
endfacet
facet normal 4.910263050591595e-08 6.307019576355764e-07 0.9999999999997999
  outer loop
    vertex 1084.5505643132688 196.49046942946293 22.797766300865987
    vertex 1084.7755642958152 123.05188028385956 22.799051429671003
    vertex 1084.8819351631673 196.74473922561953 22.797766206115078
  endloop
endfacet
facet normal 4.910263050591595e-08 6.307019576355764e-07 0.9999999999997999
  outer loop
    vertex 1084.8819351631673 196.74473922561953 22.797766206115078
    vertex 1084.7755642958152 123.05188028385956 22.799051429671003
    vertex 1085.2001331972476 122.72609710753392 22.799051618094175
  endloop
endfacet
facet normal 4.910263050591595e-08 6.307019576355764e-07 0.9999999999997999
  outer loop
    vertex 1084.8819351631673 196.74473922561953 22.797766206115078
    vertex 1085.2001331972476 122.72609710753392 22.799051618094175
    vertex 1085.136204959324 197.076110075518 22.79776606861658
  endloop
endfacet
facet normal 4.910263050591595e-08 6.307019576355764e-07 0.9999999999997999
  outer loop
    vertex 1085.136204959324 197.076110075518 22.79776606861658
    vertex 1085.2001331972476 122.72609710753392 22.799051618094175
    vertex 1085.2960456353314 197.46199960335392 22.797765897740785
  endloop
endfacet
facet normal 4.910263050591595e-08 6.307019576355764e-07 0.9999999999997999
  outer loop
    vertex 1085.2960456353314 197.46199960335392 22.797765897740785
    vertex 1085.2001331972476 122.72609710753392 22.799051618094175
    vertex 1085.5259163735734 122.30152820610155 22.799051845693125
  endloop
endfacet
facet normal 4.910263050591595e-08 6.307019576355764e-07 0.9999999999997999
  outer loop
    vertex 1085.2960456353314 197.46199960335392 22.797765897740785
    vertex 1085.5259163735734 122.30152820610155 22.799051845693125
    vertex 1085.350564313269 197.87611007551791 22.797765705132598
  endloop
endfacet
facet normal 4.910263050591595e-08 6.307019576355764e-07 0.9999999999997999
  outer loop
    vertex 989.5505636108084 118.2764468707523 22.80076212772979
    vertex 995.4005637883471 121.27645369186993 22.797405935094368
    vertex 989.5505637792238 192.1426738907556 22.80076420050829
  endloop
endfacet
facet normal 4.910263050591595e-08 6.307019576355764e-07 0.9999999999997999
  outer loop
    vertex 995.4005637883471 121.27645369186993 22.797405935094368
    vertex 989.5505636108084 118.2764468707523 22.80076212772979
    vertex 995.4704158444546 120.7458746494098 22.797406192900638
  endloop
endfacet
facet normal 4.910263050591595e-08 6.307019576355764e-07 0.9999999999997999
  outer loop
    vertex 995.4704158444546 120.7458746494098 22.797406192900638
    vertex 989.5505636108084 118.2764468707523 22.80076212772979
    vertex 995.6752117105889 120.25145369187001 22.797406444164867
  endloop
endfacet
facet normal 4.910263050591595e-08 6.307019576355764e-07 0.9999999999997999
  outer loop
    vertex 995.6752117105889 120.25145369187001 22.797406444164867
    vertex 989.5505636108084 118.2764468707523 22.80076212772979
    vertex 996.0009948869147 119.82688479043763 22.797406671763817
  endloop
endfacet
facet normal 4.910263050591595e-08 6.307019576355764e-07 0.9999999999997999
  outer loop
    vertex 996.0009948869147 119.82688479043763 22.797406671763817
    vertex 989.5505636108084 118.2764468707523 22.80076212772979
    vertex 996.425563788347 119.50110161411199 22.79740686018699
  endloop
endfacet
facet normal 4.910263050591595e-08 6.307019576355764e-07 0.9999999999997999
  outer loop
    vertex 996.425563788347 119.50110161411199 22.79740686018699
    vertex 989.5505636108084 118.2764468707523 22.80076212772979
    vertex 996.919984745887 119.29630574797753 22.797406996593658
  endloop
endfacet
facet normal 4.910263050591595e-08 6.307019576355764e-07 0.9999999999997999
  outer loop
    vertex 996.919984745887 119.29630574797753 22.797406996593658
    vertex 989.5505636108084 118.2764468707523 22.80076212772979
    vertex 997.4505637883472 119.22645369187015 22.797407071687935
  endloop
endfacet
facet normal 4.910263050591595e-08 6.307019576355764e-07 0.9999999999997999
  outer loop
    vertex 997.4505637883472 119.22645369187015 22.797407071687935
    vertex 989.5505636108084 118.2764468707523 22.80076212772979
    vertex 1086.7505571384734 118.27653079639288 22.800407936838276
  endloop
endfacet
facet normal 4.910263050591595e-08 6.307019576355764e-07 0.9999999999997999
  outer loop
    vertex 989.5505637792238 192.1426738907556 22.80076420050829
    vertex 995.4005637883471 121.27645369186993 22.797405935094368
    vertex 991.9705574449241 192.1426738778276 22.800763625157476
  endloop
endfacet
facet normal 4.910263050591595e-08 6.307019576355764e-07 0.9999999999997999
  outer loop
    vertex 991.9705574449241 192.1426738778276 22.800763625157476
    vertex 995.4005637883471 121.27645369186993 22.797405935094368
    vertex 993.7400456682727 165.72915311991528 22.800764045883717
  endloop
endfacet
facet normal 4.910263050591595e-08 6.307019576355764e-07 0.9999999999997999
  outer loop
    vertex 991.9705574449241 192.1426738778276 22.800763625157476
    vertex 993.7400456682727 165.72915311991528 22.800764045883717
    vertex 991.9705574449241 215.87915370048617 22.80086754143381
  endloop
endfacet
facet normal 4.910263050591595e-08 6.307019576355764e-07 0.9999999999997999
  outer loop
    vertex 997.4505637883472 119.22645369187015 22.797407071687935
    vertex 1086.7505571384734 118.27653079639288 22.800407936838276
    vertex 997.9811428308072 119.29630574797757 22.79740708035227
  endloop
endfacet
facet normal 4.910263050591595e-08 6.307019576355764e-07 0.9999999999997999
  outer loop
    vertex 997.9811428308072 119.29630574797757 22.79740708035227
    vertex 1086.7505571384734 118.27653079639288 22.800407936838276
    vertex 998.4755637883471 119.50110161411206 22.7974070219962
  endloop
endfacet
facet normal 4.910263050591595e-08 6.307019576355764e-07 0.9999999999997999
  outer loop
    vertex 998.4755637883471 119.50110161411206 22.7974070219962
    vertex 1086.7505571384734 118.27653079639288 22.800407936838276
    vertex 998.9001326897796 119.82688479043772 22.7974069005966
  endloop
endfacet
facet normal 4.910263050591595e-08 6.307019576355764e-07 0.9999999999997999
  outer loop
    vertex 998.9001326897796 119.82688479043772 22.7974069005966
    vertex 1086.7505571384734 118.27653079639288 22.800407936838276
    vertex 999.2259158661053 120.25145369187014 22.79740672442665
  endloop
endfacet
facet normal 4.910263050591595e-08 6.307019576355764e-07 0.9999999999997999
  outer loop
    vertex 999.2259158661053 120.25145369187014 22.79740672442665
    vertex 1086.7505571384734 118.27653079639288 22.800407936838276
    vertex 999.4307117322397 120.74587464940994 22.797406505492038
  endloop
endfacet
facet normal 4.910263050591595e-08 6.307019576355764e-07 0.9999999999997999
  outer loop
    vertex 999.4307117322397 120.74587464940994 22.797406505492038
    vertex 1086.7505571384734 118.27653079639288 22.800407936838276
    vertex 1004.0079894732528 120.6733705073593 22.800613629542834
  endloop
endfacet
facet normal 4.910263050591595e-08 6.307019576355764e-07 0.9999999999997999
  outer loop
    vertex 999.4307117322397 120.74587464940994 22.797406505492038
    vertex 1004.0079894732528 120.6733705073593 22.800613629542834
    vertex 999.5005637883472 121.27645369187006 22.797406258712797
  endloop
endfacet
facet normal 4.910263050591595e-08 6.307019576355764e-07 0.9999999999997999
  outer loop
    vertex 999.5005637883472 121.27645369187006 22.797406258712797
    vertex 1004.0079894732528 120.6733705073593 22.800613629542834
    vertex 1001.3422374061324 142.6389692748892 22.800762226026897
  endloop
endfacet
facet normal 4.910263050591595e-08 6.307019576355764e-07 0.9999999999997999
  outer loop
    vertex 999.5005637883472 121.27645369187006 22.797406258712797
    vertex 1001.3422374061324 142.6389692748892 22.800762226026897
    vertex 1001.3079896889581 143.42337095961813 22.80076220361993
  endloop
endfacet
facet normal 4.910263050591595e-08 6.307019576355764e-07 0.9999999999997999
  outer loop
    vertex 1001.3422374061324 142.6389692748892 22.800762226026897
    vertex 1004.0079894732528 120.6733705073593 22.800613629542834
    vertex 1001.4447199118481 141.86053736061578 22.800762246323227
  endloop
endfacet
facet normal 4.910263050591595e-08 6.307019576355764e-07 0.9999999999997999
  outer loop
    vertex 1001.4447199118481 141.86053736061578 22.800762246323227
    vertex 1004.0079894732528 120.6733705073593 22.800613629542834
    vertex 1001.6146572523566 141.09399955369548 22.800762264354447
  endloop
endfacet
facet normal 4.910263050591595e-08 6.307019576355764e-07 0.9999999999997999
  outer loop
    vertex 1001.6146572523566 141.09399955369548 22.800762264354447
    vertex 1004.0079894732528 120.6733705073593 22.800613629542834
    vertex 1001.8507561018849 140.34518966968716 22.800762279983374
  endloop
endfacet
facet normal 4.910263050591595e-08 6.307019576355764e-07 0.9999999999997999
  outer loop
    vertex 1001.8507561018849 140.34518966968716 22.800762279983374
    vertex 1004.0079894732528 120.6733705073593 22.800613629542834
    vertex 1002.1512196056283 139.61980660395184 22.800762293091005
  endloop
endfacet
facet normal 4.910263050591595e-08 6.307019576355764e-07 0.9999999999997999
  outer loop
    vertex 1002.1512196056283 139.61980660395184 22.800762293091005
    vertex 1004.0079894732528 120.6733705073593 22.800613629542834
    vertex 1002.513761054898 138.92337095961813 22.800762303577567
  endloop
endfacet
facet normal 4.910263050591595e-08 6.307019576355764e-07 0.9999999999997999
  outer loop
    vertex 1002.513761054898 138.92337095961813 22.800762303577567
    vertex 1004.0079894732528 120.6733705073593 22.800613629542834
    vertex 1002.9356212903573 138.2611830324588 22.80076231136337
  endloop
endfacet
facet normal 4.910263050591595e-08 6.307019576355764e-07 0.9999999999997999
  outer loop
    vertex 1002.9356212903573 138.2611830324588 22.80076231136337
    vertex 1004.0079894732528 120.6733705073593 22.800613629542834
    vertex 1003.4135897008873 137.63828247243936 22.80076231638907
  endloop
endfacet
facet normal 4.910263050591595e-08 6.307019576355764e-07 0.9999999999997999
  outer loop
    vertex 1003.4135897008873 137.63828247243936 22.80076231638907
    vertex 1004.0079894732528 120.6733705073593 22.800613629542834
    vertex 1003.9440286582792 137.0594099289393 22.800762318616414
  endloop
endfacet
facet normal 4.910263050591595e-08 6.307019576355764e-07 0.9999999999997999
  outer loop
    vertex 1003.9440286582792 137.0594099289393 22.800762318616414
    vertex 1004.0079894732528 120.6733705073593 22.800613629542834
    vertex 1004.0079893746667 136.9896090553981 22.800685693099577
  endloop
endfacet
facet normal 4.910263050591595e-08 6.307019576355764e-07 0.9999999999997999
  outer loop
    vertex 1004.0079894732528 120.6733705073593 22.800613629542834
    vertex 1086.7505571384734 118.27653079639288 22.800407936838276
    vertex 1016.6079894823539 120.67336220187958 22.800612948315532
  endloop
endfacet
facet normal 4.910263050591595e-08 6.307019576355764e-07 0.9999999999997999
  outer loop
    vertex 1016.6079894823539 120.67336220187958 22.800612948315532
    vertex 1086.7505571384734 118.27653079639288 22.800407936838276
    vertex 1024.1579891050935 120.67336836976988 22.80066359018282
  endloop
endfacet
facet normal 4.910263050591595e-08 6.307019576355764e-07 0.9999999999997999
  outer loop
    vertex 1016.6079894823539 120.67336220187958 22.800612948315532
    vertex 1024.1579891050935 120.67336836976988 22.80066359018282
    vertex 1016.607989893672 123.91913067050903 22.800435272430775
  endloop
endfacet
facet normal 4.910263050591595e-08 6.307019576355764e-07 0.9999999999997999
  outer loop
    vertex 1016.607989893672 123.91913067050903 22.800435272430775
    vertex 1024.1579891050935 120.67336836976988 22.80066359018282
    vertex 1020.5826501198432 123.91913079739305 22.80043594598973
  endloop
endfacet
facet normal 4.910263050591595e-08 6.307019576355764e-07 0.9999999999997999
  outer loop
    vertex 1020.5826501198432 123.91913079739305 22.80043594598973
    vertex 1024.1579891050935 120.67336836976988 22.80066359018282
    vertex 1021.4922370358997 142.63896927452885 22.800663273122733
  endloop
endfacet
facet normal 4.910263050591595e-08 6.307019576355764e-07 0.9999999999997999
  outer loop
    vertex 1020.5826501198432 123.91913079739305 22.80043594598973
    vertex 1021.4922370358997 142.63896927452885 22.800663273122733
    vertex 1021.4579893186889 143.42337095961722 22.800663248247513
  endloop
endfacet
facet normal 4.910263050591595e-08 6.307019576355764e-07 0.9999999999997999
  outer loop
    vertex 1021.4922370358997 142.63896927452885 22.800663273122733
    vertex 1024.1579891050935 120.67336836976988 22.80066359018282
    vertex 1021.5947195416798 141.860537360086 22.80066328257735
  endloop
endfacet
facet normal 4.910263050591595e-08 6.307019576355764e-07 0.9999999999997999
  outer loop
    vertex 1021.5947195416798 141.860537360086 22.80066328257735
    vertex 1024.1579891050935 120.67336836976988 22.80066359018282
    vertex 1021.7646568821881 141.0939995531656 22.8006632765394
  endloop
endfacet
facet normal 4.910263050591595e-08 6.307019576355764e-07 0.9999999999997999
  outer loop
    vertex 1021.7646568821881 141.0939995531656 22.8006632765394
    vertex 1024.1579891050935 120.67336836976988 22.80066359018282
    vertex 1022.0007557318089 140.34518966900137 22.800663255054904
  endloop
endfacet
facet normal 4.910263050591595e-08 6.307019576355764e-07 0.9999999999997999
  outer loop
    vertex 1022.0007557318089 140.34518966900137 22.800663255054904
    vertex 1024.1579891050935 120.67336836976988 22.80066359018282
    vertex 1022.301219235812 139.61980660301452 22.800663218287287
  endloop
endfacet
facet normal 4.910263050591595e-08 6.307019576355764e-07 0.9999999999997999
  outer loop
    vertex 1022.301219235812 139.61980660301452 22.800663218287287
    vertex 1024.1579891050935 120.67336836976988 22.80066359018282
    vertex 1022.6637606852395 138.92337095859224 22.80066316651643
  endloop
endfacet
facet normal 4.910263050591595e-08 6.307019576355764e-07 0.9999999999997999
  outer loop
    vertex 1022.6637606852395 138.92337095859224 22.80066316651643
    vertex 1024.1579891050935 120.67336836976988 22.80066359018282
    vertex 1023.0856209206985 138.26118303143252 22.800663100136276
  endloop
endfacet
facet normal 4.910263050591595e-08 6.307019576355764e-07 0.9999999999997999
  outer loop
    vertex 1023.0856209206985 138.26118303143252 22.800663100136276
    vertex 1024.1579891050935 120.67336836976988 22.80066359018282
    vertex 1023.5635893315539 137.63828247130172 22.800663019652095
  endloop
endfacet
facet normal 4.910263050591595e-08 6.307019576355764e-07 0.9999999999997999
  outer loop
    vertex 1023.5635893315539 137.63828247130172 22.800663019652095
    vertex 1024.1579891050935 120.67336836976988 22.80066359018282
    vertex 1024.1579890056266 136.98960905451682 22.80066291434471
  endloop
endfacet
facet normal 4.910263050591595e-08 6.307019576355764e-07 0.9999999999997999
  outer loop
    vertex 1024.1579891050935 120.67336836976988 22.80066359018282
    vertex 1086.7505571384734 118.27653079639288 22.800407936838276
    vertex 1036.7579891141957 120.67336433903814 22.80066078833055
  endloop
endfacet
facet normal 4.910263050591595e-08 6.307019576355764e-07 0.9999999999997999
  outer loop
    vertex 1036.7579891141957 120.67336433903814 22.80066078833055
    vertex 1086.7505571384734 118.27653079639288 22.800407936838276
    vertex 1044.3079891050718 120.67336836987398 22.800658634854365
  endloop
endfacet
facet normal 4.910263050591595e-08 6.307019576355764e-07 0.9999999999997999
  outer loop
    vertex 1036.7579891141957 120.67336433903814 22.80066078833055
    vertex 1044.3079891050718 120.67336836987398 22.800658634854365
    vertex 1036.7579929014 123.91913079730917 22.80047314345819
  endloop
endfacet
facet normal 4.910263050591595e-08 6.307019576355764e-07 0.9999999999997999
  outer loop
    vertex 1036.7579929014 123.91913079730917 22.80047314345819
    vertex 1044.3079891050718 120.67336836987398 22.800658634854365
    vertex 1040.7326497516929 123.91913079730914 22.800524845499915
  endloop
endfacet
facet normal 4.910263050591595e-08 6.307019576355764e-07 0.9999999999997999
  outer loop
    vertex 1040.7326497516929 123.91913079730914 22.800524845499915
    vertex 1044.3079891050718 120.67336836987398 22.800658634854365
    vertex 1041.6422370360476 142.63896927459274 22.80065717015348
  endloop
endfacet
facet normal 4.910263050591595e-08 6.307019576355764e-07 0.9999999999997999
  outer loop
    vertex 1040.7326497516929 123.91913079730914 22.800524845499915
    vertex 1041.6422370360476 142.63896927459274 22.80065717015348
    vertex 1041.6079893188412 143.42337095948366 22.80065709840891
  endloop
endfacet
facet normal 4.910263050591595e-08 6.307019576355764e-07 0.9999999999997999
  outer loop
    vertex 1041.6422370360476 142.63896927459274 22.80065717015348
    vertex 1044.3079891050718 120.67336836987398 22.800658634854365
    vertex 1041.7447195417637 141.86053736031934 22.800657219505165
  endloop
endfacet
facet normal 4.910263050591595e-08 6.307019576355764e-07 0.9999999999997999
  outer loop
    vertex 1041.7447195417637 141.86053736031934 22.800657219505165
    vertex 1044.3079891050718 120.67336836987398 22.800658634854365
    vertex 1041.9146568823317 141.0939995532451 22.800657246088342
  endloop
endfacet
facet normal 4.910263050591595e-08 6.307019576355764e-07 0.9999999999997999
  outer loop
    vertex 1041.9146568823317 141.0939995532451 22.800657246088342
    vertex 1044.3079891050718 120.67336836987398 22.800658634854365
    vertex 1042.1507557320544 140.3451896689713 22.800657249700812
  endloop
endfacet
facet normal 4.910263050591595e-08 6.307019576355764e-07 0.9999999999997999
  outer loop
    vertex 1042.1507557320544 140.3451896689713 22.800657249700812
    vertex 1044.3079891050718 120.67336836987398 22.800658634854365
    vertex 1042.451219235927 139.61980660313276 22.80065723031497
  endloop
endfacet
facet normal 4.910263050591595e-08 6.307019576355764e-07 0.9999999999997999
  outer loop
    vertex 1042.451219235927 139.61980660313276 22.80065723031497
    vertex 1044.3079891050718 120.67336836987398 22.800658634854365
    vertex 1042.813760685196 138.92337095879876 22.800657188078397
  endloop
endfacet
facet normal 4.910263050591595e-08 6.307019576355764e-07 0.9999999999997999
  outer loop
    vertex 1042.813760685196 138.92337095879876 22.800657188078397
    vertex 1044.3079891050718 120.67336836987398 22.800658634854365
    vertex 1043.2356209209552 138.2611830315058 22.800657123312515
  endloop
endfacet
facet normal 4.910263050591595e-08 6.307019576355764e-07 0.9999999999997999
  outer loop
    vertex 1043.2356209209552 138.2611830315058 22.800657123312515
    vertex 1044.3079891050718 120.67336836987398 22.800658634854365
    vertex 1043.7135893314846 137.6382824714859 22.800657036510252
  endloop
endfacet
facet normal 4.910263050591595e-08 6.307019576355764e-07 0.9999999999997999
  outer loop
    vertex 1043.7135893314846 137.6382824714859 22.800657036510252
    vertex 1044.3079891050718 120.67336836987398 22.800658634854365
    vertex 1044.3079758841452 136.9896090553493 22.800656915292194
  endloop
endfacet
facet normal 4.910263050591595e-08 6.307019576355764e-07 0.9999999999997999
  outer loop
    vertex 1044.3079891050718 120.67336836987398 22.800658634854365
    vertex 1086.7505571384734 118.27653079639288 22.800407936838276
    vertex 1056.9079891141737 120.67336433913827 22.80065461604156
  endloop
endfacet
facet normal 4.910263050591595e-08 6.307019576355764e-07 0.9999999999997999
  outer loop
    vertex 1056.9079891141737 120.67336433913827 22.80065461604156
    vertex 1086.7505571384734 118.27653079639288 22.800407936838276
    vertex 1064.4579819396674 120.67337050708502 22.80066058731789
  endloop
endfacet
facet normal 4.910263050591595e-08 6.307019576355764e-07 0.9999999999997999
  outer loop
    vertex 1056.9079891141737 120.67336433913827 22.80065461604156
    vertex 1064.4579819396674 120.67337050708502 22.80066058731789
    vertex 1056.9079929013774 123.91913079735922 22.800451749937405
  endloop
endfacet
facet normal 4.910263050591595e-08 6.307019576355764e-07 0.9999999999997999
  outer loop
    vertex 1056.9079929013774 123.91913079735922 22.800451749937405
    vertex 1064.4579819396674 120.67337050708502 22.80066058731789
    vertex 1060.8826497516704 123.91913079735922 22.800503454247224
  endloop
endfacet
facet normal 4.910263050591595e-08 6.307019576355764e-07 0.9999999999997999
  outer loop
    vertex 1060.8826497516704 123.91913079735922 22.800503454247224
    vertex 1064.4579819396674 120.67337050708502 22.80066058731789
    vertex 1061.7922370350466 142.63896927447607 22.80065936222798
  endloop
endfacet
facet normal 4.910263050591595e-08 6.307019576355764e-07 0.9999999999997999
  outer loop
    vertex 1060.8826497516704 123.91913079735922 22.800503454247224
    vertex 1061.7922370350466 142.63896927447607 22.80065936222798
    vertex 1061.757989317872 143.4233709592049 22.800659303909825
  endloop
endfacet
facet normal 4.910263050591595e-08 6.307019576355764e-07 0.9999999999997999
  outer loop
    vertex 1060.8826497516704 123.91913079735922 22.800503454247224
    vertex 1061.757989317872 143.4233709592049 22.800659303909825
    vertex 1060.8826497517737 206.962175183356 22.800823604348302
  endloop
endfacet
facet normal 4.910263050591595e-08 6.307019576355764e-07 0.9999999999997999
  outer loop
    vertex 1061.7922370350466 142.63896927447607 22.80065936222798
    vertex 1064.4579819396674 120.67337050708502 22.80066058731789
    vertex 1061.894719540812 141.8605373599493 22.80065940372825
  endloop
endfacet
facet normal 4.910263050591595e-08 6.307019576355764e-07 0.9999999999997999
  outer loop
    vertex 1061.894719540812 141.8605373599493 22.80065940372825
    vertex 1064.4579819396674 120.67337050708502 22.80066058731789
    vertex 1062.0646568815466 141.09399955256717 22.800659428094797
  endloop
endfacet
facet normal 4.910263050591595e-08 6.307019576355764e-07 0.9999999999997999
  outer loop
    vertex 1062.0646568815466 141.09399955256717 22.800659428094797
    vertex 1064.4579819396674 120.67337050708502 22.80066058731789
    vertex 1062.300755731075 140.34518966855882 22.80065943514224
  endloop
endfacet
facet normal 4.910263050591595e-08 6.307019576355764e-07 0.9999999999997999
  outer loop
    vertex 1062.300755731075 140.34518966855882 22.80065943514224
    vertex 1064.4579819396674 120.67337050708502 22.80066058731789
    vertex 1062.6012192349879 139.61980660262887 22.800659424816857
  endloop
endfacet
facet normal 4.910263050591595e-08 6.307019576355764e-07 0.9999999999997999
  outer loop
    vertex 1062.6012192349879 139.61980660262887 22.800659424816857
    vertex 1064.4579819396674 120.67337050708502 22.80066058731789
    vertex 1062.9637606846845 138.92337095800838 22.800659397197265
  endloop
endfacet
facet normal 4.910263050591595e-08 6.307019576355764e-07 0.9999999999997999
  outer loop
    vertex 1062.9637606846845 138.92337095800838 22.800659397197265
    vertex 1064.4579819396674 120.67337050708502 22.80066058731789
    vertex 1063.3856209203868 138.26118303076456 22.800659352493653
  endloop
endfacet
facet normal 4.910263050591595e-08 6.307019576355764e-07 0.9999999999997999
  outer loop
    vertex 1063.3856209203868 138.26118303076456 22.800659352493653
    vertex 1064.4579819396674 120.67337050708502 22.80066058731789
    vertex 1063.8635893311473 137.63828247068258 22.800659291046255
  endloop
endfacet
facet normal 4.910263050591595e-08 6.307019576355764e-07 0.9999999999997999
  outer loop
    vertex 1063.8635893311473 137.63828247068258 22.800659291046255
    vertex 1064.4579819396674 120.67337050708502 22.80066058731789
    vertex 1064.4579758841742 136.9896090551154 22.80065920395395
  endloop
endfacet
facet normal 4.910263050591595e-08 6.307019576355764e-07 0.9999999999997999
  outer loop
    vertex 1064.4579819396674 120.67337050708502 22.80066058731789
    vertex 1086.7505571384734 118.27653079639288 22.800407936838276
    vertex 1077.057989114257 120.67336433859995 22.800657575249915
  endloop
endfacet
facet normal 4.910263050591595e-08 6.307019576355764e-07 0.9999999999997999
  outer loop
    vertex 1077.057989114257 120.67336433859995 22.800657575249915
    vertex 1086.7505571384734 118.27653079639288 22.800407936838276
    vertex 1083.219985253355 119.29638026220908 22.79905309264448
  endloop
endfacet
facet normal 4.910263050591595e-08 6.307019576355764e-07 0.9999999999997999
  outer loop
    vertex 1077.057989114257 120.67336433859995 22.800657575249915
    vertex 1083.219985253355 119.29638026220908 22.79905309264448
    vertex 1082.725564295815 119.50117612834354 22.799052956237812
  endloop
endfacet
facet normal 4.910263050591595e-08 6.307019576355764e-07 0.9999999999997999
  outer loop
    vertex 1077.057989114257 120.67336433859995 22.800657575249915
    vertex 1082.725564295815 119.50117612834354 22.799052956237812
    vertex 1082.3009953943827 119.82695930466919 22.79905276781464
  endloop
endfacet
facet normal 4.910263050591595e-08 6.307019576355764e-07 0.9999999999997999
  outer loop
    vertex 1077.057989114257 120.67336433859995 22.800657575249915
    vertex 1082.3009953943827 119.82695930466919 22.79905276781464
    vertex 1077.0579929015364 123.91913079673368 22.800593394097962
  endloop
endfacet
facet normal 4.910263050591595e-08 6.307019576355764e-07 0.9999999999997999
  outer loop
    vertex 1077.0579929015364 123.91913079673368 22.800593394097962
    vertex 1082.3009953943827 119.82695930466919 22.79905276781464
    vertex 1081.9752122180569 120.25152820610157 22.799052540215694
  endloop
endfacet
facet normal 4.910263050591595e-08 6.307019576355764e-07 0.9999999999997999
  outer loop
    vertex 1077.0579929015364 123.91913079673368 22.800593394097962
    vertex 1081.9752122180569 120.25152820610157 22.799052540215694
    vertex 1081.7704163519227 120.74594916364136 22.799052288951465
  endloop
endfacet
facet normal 4.910263050591595e-08 6.307019576355764e-07 0.9999999999997999
  outer loop
    vertex 1077.0579929015364 123.91913079673368 22.800593394097962
    vertex 1081.7704163519227 120.74594916364136 22.799052288951465
    vertex 1081.032649751774 123.91913079713147 22.800600880659783
  endloop
endfacet
facet normal 4.910263050591595e-08 6.307019576355764e-07 0.9999999999997999
  outer loop
    vertex 1081.032649751774 123.91913079713147 22.800600880659783
    vertex 1081.7704163519227 120.74594916364136 22.799052288951465
    vertex 1081.7005642958152 121.27652820610149 22.799052031145195
  endloop
endfacet
facet normal 4.910263050591595e-08 6.307019576355764e-07 0.9999999999997999
  outer loop
    vertex 1083.219985253355 119.29638026220908 22.79905309264448
    vertex 1086.7505571384734 118.27653079639288 22.800407936838276
    vertex 1083.7505642958151 119.2265282061017 22.79905316773876
  endloop
endfacet
facet normal 4.910263050591595e-08 6.307019576355764e-07 0.9999999999997999
  outer loop
    vertex 1083.7505642958151 119.2265282061017 22.79905316773876
    vertex 1086.7505571384734 118.27653079639288 22.800407936838276
    vertex 1084.2811433382753 119.29638026220913 22.799053176403095
  endloop
endfacet
facet normal 4.910263050591595e-08 6.307019576355764e-07 0.9999999999997999
  outer loop
    vertex 1084.2811433382753 119.29638026220913 22.799053176403095
    vertex 1086.7505571384734 118.27653079639288 22.800407936838276
    vertex 1084.7755642958152 119.50117612834362 22.799053118047027
  endloop
endfacet
facet normal 4.910263050591595e-08 6.307019576355764e-07 0.9999999999997999
  outer loop
    vertex 1084.7755642958152 119.50117612834362 22.799053118047027
    vertex 1086.7505571384734 118.27653079639288 22.800407936838276
    vertex 1085.2001331972476 119.82695930466929 22.799052996647426
  endloop
endfacet
facet normal 4.910263050591595e-08 6.307019576355764e-07 0.9999999999997999
  outer loop
    vertex 1085.2001331972476 119.82695930466929 22.799052996647426
    vertex 1086.7505571384734 118.27653079639288 22.800407936838276
    vertex 1085.5259163735734 120.2515282061017 22.799052820477474
  endloop
endfacet
facet normal 4.910263050591595e-08 6.307019576355764e-07 0.9999999999997999
  outer loop
    vertex 1085.5259163735734 120.2515282061017 22.799052820477474
    vertex 1086.7505571384734 118.27653079639288 22.800407936838276
    vertex 1085.7307122397078 120.7459491636415 22.799052601542865
  endloop
endfacet
facet normal 4.910263050591595e-08 6.307019576355764e-07 0.9999999999997999
  outer loop
    vertex 1085.7307122397078 120.7459491636415 22.799052601542865
    vertex 1086.7505571384734 118.27653079639288 22.800407936838276
    vertex 1085.8005642958153 121.27652820610163 22.799052354763624
  endloop
endfacet
facet normal 4.910263050591595e-08 6.307019576355764e-07 0.9999999999997999
  outer loop
    vertex 1080.032441908162 175.88558801833858 22.80052055042494
    vertex 1081.0324152379483 178.88559690608415 22.800599654519463
    vertex 1080.032415244181 178.88558801810026 22.800520917793804
  endloop
endfacet
facet normal 4.910263050591595e-08 6.307019576355764e-07 0.9999999999997999
  outer loop
    vertex 1081.0324152379483 178.88559690608415 22.800599654519463
    vertex 1080.032441908162 175.88558801833858 22.80052055042494
    vertex 1081.0324630730338 175.88559584921967 22.800599586072135
  endloop
endfacet
facet normal 4.910263050591595e-08 6.307019576355764e-07 0.9999999999997999
  outer loop
    vertex 1081.0324152379483 178.88559690608415 22.800599654519463
    vertex 1081.0324630730338 175.88559584921967 22.800599586072135
    vertex 1081.0326497517733 206.83917880538306 22.800764046060095
  endloop
endfacet
facet normal 4.910263050591595e-08 6.307019576355764e-07 0.9999999999997999
  outer loop
    vertex 1081.0326497517733 206.83917880538306 22.800764046060095
    vertex 1081.0324630730338 175.88559584921967 22.800599586072135
    vertex 1081.0326076473161 163.17333287189086 22.800597544574146
  endloop
endfacet
facet normal 4.910263050591595e-08 6.307019576355764e-07 0.9999999999997999
  outer loop
    vertex 1081.0326497517733 206.83917880538306 22.800764046060095
    vertex 1081.0326076473161 163.17333287189086 22.800597544574146
    vertex 1081.0326249643053 160.17333287205625 22.80059747520262
  endloop
endfacet
facet normal 4.910263050591595e-08 6.307019576355764e-07 0.9999999999997999
  outer loop
    vertex 1081.0326497517733 206.83917880538306 22.800764046060095
    vertex 1081.0326249643053 160.17333287205625 22.80059747520262
    vertex 1081.032649751774 123.91913079713147 22.800600880659783
  endloop
endfacet
facet normal 4.910263050591595e-08 6.307019576355764e-07 0.9999999999997999
  outer loop
    vertex 1081.0326497517733 206.83917880538306 22.800764046060095
    vertex 1081.032649751774 123.91913079713147 22.800600880659783
    vertex 1082.1909497517736 207.61414532978284 22.800764046064607
  endloop
endfacet
facet normal 4.910263050591595e-08 6.307019576355764e-07 0.9999999999997999
  outer loop
    vertex 1082.1909497517736 207.61414532978284 22.800764046064607
    vertex 1081.032649751774 123.91913079713147 22.800600880659783
    vertex 1081.7005642958152 121.27652820610149 22.799052031145195
  endloop
endfacet
facet normal 4.910263050591595e-08 6.307019576355764e-07 0.9999999999997999
  outer loop
    vertex 1082.1909497517736 207.61414532978284 22.800764046064607
    vertex 1081.7005642958152 121.27652820610149 22.799052031145195
    vertex 1081.7704163519227 121.80710724856162 22.799051784365954
  endloop
endfacet
facet normal 4.910263050591595e-08 6.307019576355764e-07 0.9999999999997999
  outer loop
    vertex 1082.1909497517736 207.61414532978284 22.800764046064607
    vertex 1081.7704163519227 121.80710724856162 22.799051784365954
    vertex 1082.150564313269 197.87611007551777 22.797765452552362
  endloop
endfacet
facet normal 4.910263050591595e-08 6.307019576355764e-07 0.9999999999997999
  outer loop
    vertex 1082.150564313269 197.87611007551777 22.797765452552362
    vertex 1081.7704163519227 121.80710724856162 22.799051784365954
    vertex 1081.9752122180569 122.30152820610141 22.79905156543134
  endloop
endfacet
facet normal 4.910263050591595e-08 6.307019576355764e-07 0.9999999999997999
  outer loop
    vertex 1082.1909497517736 207.61414532978284 22.800764046064607
    vertex 1082.150564313269 197.87611007551777 22.797765452552362
    vertex 1082.2050829912062 198.29022054768177 22.79776525994418
  endloop
endfacet
facet normal 4.910263050591595e-08 6.307019576355764e-07 0.9999999999997999
  outer loop
    vertex 1082.1909497517736 207.61414532978284 22.800764046064607
    vertex 1082.2050829912062 198.29022054768177 22.79776525994418
    vertex 1082.1909497517736 210.98240799704584 22.800764046064607
  endloop
endfacet
facet normal 4.910263050591595e-08 6.307019576355764e-07 0.9999999999997999
  outer loop
    vertex 1082.1909497517736 210.98240799704584 22.800764046064607
    vertex 1082.2050829912062 198.29022054768177 22.79776525994418
    vertex 1086.7505573068881 210.98240799704575 22.80076404608276
  endloop
endfacet
facet normal 4.910263050591595e-08 6.307019576355764e-07 0.9999999999997999
  outer loop
    vertex 1086.7505573068881 210.98240799704575 22.80076404608276
    vertex 1082.2050829912062 198.29022054768177 22.79776525994418
    vertex 1082.3649236672136 198.67611007551767 22.79776508906838
  endloop
endfacet
facet normal 4.910263050591595e-08 6.307019576355764e-07 0.9999999999997999
  outer loop
    vertex 1086.7505573068881 210.98240799704575 22.80076404608276
    vertex 1082.3649236672136 198.67611007551767 22.79776508906838
    vertex 1082.6191934633703 199.00748092541616 22.797764951569885
  endloop
endfacet
facet normal 4.910263050591595e-08 6.307019576355764e-07 0.9999999999997999
  outer loop
    vertex 1086.7505573068881 210.98240799704575 22.80076404608276
    vertex 1082.6191934633703 199.00748092541616 22.797764951569885
    vertex 1082.9505643132688 199.26175072157275 22.797764856818972
  endloop
endfacet
facet normal 4.910263050591595e-08 6.307019576355764e-07 0.9999999999997999
  outer loop
    vertex 1086.7505573068881 210.98240799704575 22.80076404608276
    vertex 1082.9505643132688 199.26175072157275 22.797764856818972
    vertex 1083.3364538411047 199.42159139758016 22.797764811272774
  endloop
endfacet
facet normal 4.910263050591595e-08 6.307019576355764e-07 0.9999999999997999
  outer loop
    vertex 1086.7505573068881 210.98240799704575 22.80076404608276
    vertex 1083.3364538411047 199.42159139758016 22.797764811272774
    vertex 1083.7505643132688 199.47611007551765 22.79776481803518
  endloop
endfacet
facet normal 4.910263050591595e-08 6.307019576355764e-07 0.9999999999997999
  outer loop
    vertex 1086.7505573068881 210.98240799704575 22.80076404608276
    vertex 1083.7505643132688 199.47611007551765 22.79776481803518
    vertex 1084.164674785433 199.4215913975802 22.79776487664535
  endloop
endfacet
facet normal 4.910263050591595e-08 6.307019576355764e-07 0.9999999999997999
  outer loop
    vertex 1086.7505573068881 210.98240799704575 22.80076404608276
    vertex 1084.164674785433 199.4215913975802 22.79776487664535
    vertex 1084.5505643132688 199.2617507215728 22.79776498310909
  endloop
endfacet
facet normal 4.910263050591595e-08 6.307019576355764e-07 0.9999999999997999
  outer loop
    vertex 1086.7505573068881 210.98240799704575 22.80076404608276
    vertex 1084.5505643132688 199.2617507215728 22.79776498310909
    vertex 1084.8819351631673 199.00748092541625 22.79776513017108
  endloop
endfacet
facet normal 4.910263050591595e-08 6.307019576355764e-07 0.9999999999997999
  outer loop
    vertex 1086.7505573068881 210.98240799704575 22.80076404608276
    vertex 1084.8819351631673 199.00748092541625 22.79776513017108
    vertex 1085.136204959324 198.6761100755178 22.797765307809282
  endloop
endfacet
facet normal 4.910263050591595e-08 6.307019576355764e-07 0.9999999999997999
  outer loop
    vertex 1086.7505573068881 210.98240799704575 22.80076404608276
    vertex 1085.136204959324 198.6761100755178 22.797765307809282
    vertex 1085.2960456353314 198.29022054768188 22.797765503917947
  endloop
endfacet
facet normal 4.910263050591595e-08 6.307019576355764e-07 0.9999999999997999
  outer loop
    vertex 1086.7505573068881 210.98240799704575 22.80076404608276
    vertex 1085.2960456353314 198.29022054768188 22.797765503917947
    vertex 1085.350564313269 197.87611007551791 22.797765705132598
  endloop
endfacet
facet normal 4.910263050591595e-08 6.307019576355764e-07 0.9999999999997999
  outer loop
    vertex 1086.7505573068881 210.98240799704575 22.80076404608276
    vertex 1085.350564313269 197.87611007551791 22.797765705132598
    vertex 1085.5259163735734 122.30152820610155 22.799051845693125
  endloop
endfacet
facet normal 4.910263050591595e-08 6.307019576355764e-07 0.9999999999997999
  outer loop
    vertex 1086.7505573068881 210.98240799704575 22.80076404608276
    vertex 1085.5259163735734 122.30152820610155 22.799051845693125
    vertex 1085.7307122397078 121.80710724856175 22.799052096957354
  endloop
endfacet
facet normal 4.910263050591595e-08 6.307019576355764e-07 0.9999999999997999
  outer loop
    vertex 1086.7505573068881 210.98240799704575 22.80076404608276
    vertex 1085.7307122397078 121.80710724856175 22.799052096957354
    vertex 1085.8005642958153 121.27652820610163 22.799052354763624
  endloop
endfacet
facet normal 4.910263050591595e-08 6.307019576355764e-07 0.9999999999997999
  outer loop
    vertex 1086.7505573068881 210.98240799704575 22.80076404608276
    vertex 1085.8005642958153 121.27652820610163 22.799052354763624
    vertex 1086.7505571384734 118.27653079639288 22.800407936838276
  endloop
endfacet
facet normal 4.910263050591595e-08 6.307019576355764e-07 0.9999999999997999
  outer loop
    vertex 1061.757989317872 143.4233709592049 22.800659303909825
    vertex 1063.8826497517737 208.12462496995556 22.80082360432274
    vertex 1060.8826497517737 206.962175183356 22.800823604348302
  endloop
endfacet
facet normal 4.910263050591595e-08 6.307019576355764e-07 0.9999999999997999
  outer loop
    vertex 1063.8826497517737 208.12462496995556 22.80082360432274
    vertex 1061.757989317872 143.4233709592049 22.800659303909825
    vertex 1061.792237035041 144.207772644192 22.800659229217647
  endloop
endfacet
facet normal 4.910263050591595e-08 6.307019576355764e-07 0.9999999999997999
  outer loop
    vertex 1063.8826497517737 208.12462496995556 22.80082360432274
    vertex 1061.792237035041 144.207772644192 22.800659229217647
    vertex 1061.8947195408803 144.98620455896477 22.800659138719883
  endloop
endfacet
facet normal 4.910263050591595e-08 6.307019576355764e-07 0.9999999999997999
  outer loop
    vertex 1063.8826497517737 208.12462496995556 22.80082360432274
    vertex 1061.8947195408803 144.98620455896477 22.800659138719883
    vertex 1062.0646568815118 145.7527423661115 22.80065903310525
  endloop
endfacet
facet normal 4.910263050591595e-08 6.307019576355764e-07 0.9999999999997999
  outer loop
    vertex 1063.8826497517737 208.12462496995556 22.80082360432274
    vertex 1062.0646568815118 145.7527423661115 22.80065903310525
    vertex 1062.3007557310393 146.5015522501201 22.80065891317763
  endloop
endfacet
facet normal 4.910263050591595e-08 6.307019576355764e-07 0.9999999999997999
  outer loop
    vertex 1063.8826497517737 208.12462496995556 22.80082360432274
    vertex 1062.3007557310393 146.5015522501201 22.80065891317763
    vertex 1062.6012192351388 147.22693531622676 22.800658779849655
  endloop
endfacet
facet normal 4.910263050591595e-08 6.307019576355764e-07 0.9999999999997999
  outer loop
    vertex 1063.8826497517737 208.12462496995556 22.80082360432274
    vertex 1062.6012192351388 147.22693531622676 22.800658779849655
    vertex 1062.963760684408 147.923370960561 22.80065863413607
  endloop
endfacet
facet normal 4.910263050591595e-08 6.307019576355764e-07 0.9999999999997999
  outer loop
    vertex 1063.8826497517737 208.12462496995556 22.80082360432274
    vertex 1062.963760684408 147.923370960561 22.80065863413607
    vertex 1063.3856209203288 148.58555888794746 22.800658477145806
  endloop
endfacet
facet normal 4.910263050591595e-08 6.307019576355764e-07 0.9999999999997999
  outer loop
    vertex 1063.8826497517737 208.12462496995556 22.80082360432274
    vertex 1063.3856209203288 148.58555888794746 22.800658477145806
    vertex 1063.8635893310723 149.2084594480539 22.800658310073686
  endloop
endfacet
facet normal 4.910263050591595e-08 6.307019576355764e-07 0.9999999999997999
  outer loop
    vertex 1063.8826497517737 208.12462496995556 22.80082360432274
    vertex 1063.8635893310723 149.2084594480539 22.800658310073686
    vertex 1063.8826497520329 195.07149149584126 22.800776732505422
  endloop
endfacet
facet normal 4.910263050591595e-08 6.307019576355764e-07 0.9999999999997999
  outer loop
    vertex 1063.8826497520329 195.07149149584126 22.800776732505422
    vertex 1063.8635893310723 149.2084594480539 22.800658310073686
    vertex 1064.4579711086124 149.85713260798278 22.800658112987534
  endloop
endfacet
facet normal 4.910263050591595e-08 6.307019576355764e-07 0.9999999999997999
  outer loop
    vertex 1063.8826497520329 195.07149149584126 22.800776732505422
    vertex 1064.4579711086124 149.85713260798278 22.800658112987534
    vertex 1064.4579695067337 154.17331802320592 22.800657747041928
  endloop
endfacet
facet normal 4.910263050591595e-08 6.307019576355764e-07 0.9999999999997999
  outer loop
    vertex 1064.4579695067337 154.17331802320592 22.800657747041928
    vertex 1074.7319451554688 181.8823317773654 22.800434930414774
    vertex 1063.8826497520329 195.07149149584126 22.800776732505422
  endloop
endfacet
facet normal 4.910263050591595e-08 6.307019576355764e-07 0.9999999999997999
  outer loop
    vertex 1074.7319451554688 181.8823317773654 22.800434930414774
    vertex 1064.4579695067337 154.17331802320592 22.800657747041928
    vertex 1074.7324517865954 160.1733260382914 22.80055722305211
  endloop
endfacet
facet normal 4.910263050591595e-08 6.307019576355764e-07 0.9999999999997999
  outer loop
    vertex 1074.7324517865954 160.1733260382914 22.80055722305211
    vertex 1064.4579695067337 154.17331802320592 22.800657747041928
    vertex 1074.7326218464748 154.17332709518377 22.800558970537594
  endloop
endfacet
facet normal 4.910263050591595e-08 6.307019576355764e-07 0.9999999999997999
  outer loop
    vertex 1074.7319451554688 181.8823317773654 22.800434930414774
    vertex 1074.7324517865954 160.1733260382914 22.80055722305211
    vertex 1074.7324039515102 163.17332709515603 22.800557154604768
  endloop
endfacet
facet normal 4.910263050591595e-08 6.307019576355764e-07 0.9999999999997999
  outer loop
    vertex 1074.7319451554688 181.8823317773654 22.800434930414774
    vertex 1074.7324039515102 163.17332709515603 22.800557154604768
    vertex 1074.7322593772283 175.88559007248486 22.8005584694277
  endloop
endfacet
facet normal 4.910263050591595e-08 6.307019576355764e-07 0.9999999999997999
  outer loop
    vertex 1074.7319451554688 181.8823317773654 22.800434930414774
    vertex 1074.7322593772283 175.88559007248486 22.8005584694277
    vertex 1074.7322420602388 178.8855900723195 22.80055840005617
  endloop
endfacet
facet normal 4.910263050591595e-08 6.307019576355764e-07 0.9999999999997999
  outer loop
    vertex 1074.7324517865954 160.1733260382914 22.80055722305211
    vertex 1075.732425116382 163.17333492603717 22.800478197886633
    vertex 1074.7324039515102 163.17332709515603 22.800557154604768
  endloop
endfacet
facet normal 4.910263050591595e-08 6.307019576355764e-07 0.9999999999997999
  outer loop
    vertex 1075.732425116382 163.17333492603717 22.800478197886633
    vertex 1074.7324517865954 160.1733260382914 22.80055722305211
    vertex 1075.7324517803627 160.17333492627526 22.800478565255503
  endloop
endfacet
facet normal 4.910263050591595e-08 6.307019576355764e-07 0.9999999999997999
  outer loop
    vertex 1074.7322593772283 175.88559007248486 22.8005584694277
    vertex 1075.7322450385807 178.8855948518661 22.800551401162316
    vertex 1074.7322420602388 178.8855900723195 22.80055840005617
  endloop
endfacet
facet normal 4.910263050591595e-08 6.307019576355764e-07 0.9999999999997999
  outer loop
    vertex 1075.7322450385807 178.8855948518661 22.800551401162316
    vertex 1074.7322593772283 175.88559007248486 22.8005584694277
    vertex 1075.7322593771942 175.88559485201907 22.800553761249393
  endloop
endfacet
facet normal 4.910263050591595e-08 6.307019576355764e-07 0.9999999999997999
  outer loop
    vertex 1054.582009455303 160.17331566799885 22.800616526187877
    vertex 1055.5819827850896 163.17332455574456 22.800537501022404
    vertex 1054.5819616202177 163.1733167248634 22.80061645774055
  endloop
endfacet
facet normal 4.910263050591595e-08 6.307019576355764e-07 0.9999999999997999
  outer loop
    vertex 1055.5819827850896 163.17332455574456 22.800537501022404
    vertex 1054.582009455303 160.17331566799885 22.800616526187877
    vertex 1055.5820094490703 160.1733245559827 22.800537868391267
  endloop
endfacet
facet normal 4.910263050591595e-08 6.307019576355764e-07 0.9999999999997999
  outer loop
    vertex 1054.5818170459358 175.8855797021923 22.800617772563466
    vertex 1055.5818027072883 178.88558448157346 22.800610704298084
    vertex 1054.5817997289464 178.88557970202686 22.800617703191936
  endloop
endfacet
facet normal 4.910263050591595e-08 6.307019576355764e-07 0.9999999999997999
  outer loop
    vertex 1055.5818027072883 178.88558448157346 22.800610704298084
    vertex 1054.5818170459358 175.8855797021923 22.800617772563466
    vertex 1055.5818170459017 175.88558448172645 22.800613064385168
  endloop
endfacet
facet normal 4.910263050591595e-08 6.307019576355764e-07 0.9999999999997999
  outer loop
    vertex 1044.3079695067045 154.17331802344128 22.800655104305463
    vertex 1054.5819451554685 181.8823317773654 22.800434930336458
    vertex 1043.732649752058 195.07149149584126 22.800836290671416
  endloop
endfacet
facet normal 4.910263050591595e-08 6.307019576355764e-07 0.9999999999997999
  outer loop
    vertex 1054.5819451554685 181.8823317773654 22.800434930336458
    vertex 1044.3079695067045 154.17331802344128 22.800655104305463
    vertex 1054.5817997289464 178.88557970202686 22.800617703191936
  endloop
endfacet
facet normal 4.910263050591595e-08 6.307019576355764e-07 0.9999999999997999
  outer loop
    vertex 1019.5824592923038 175.88558460123687 22.800285238898716
    vertex 1020.5823817458928 178.88559348853022 22.800364342991166
    vertex 1019.5824326283231 178.88558460099858 22.800285606267582
  endloop
endfacet
facet normal 4.910263050591595e-08 6.307019576355764e-07 0.9999999999997999
  outer loop
    vertex 1020.5823817458928 178.88559348853022 22.800364342991166
    vertex 1019.5824592923038 175.88558460123687 22.800285238898716
    vertex 1020.5824295809782 175.88559243166577 22.800364274543835
  endloop
endfacet
facet normal 4.910263050591595e-08 6.307019576355764e-07 0.9999999999997999
  outer loop
    vertex 1020.5823817458928 178.88559348853022 22.800364342991166
    vertex 1020.5824295809782 175.88559243166577 22.800364274543835
    vertex 1020.582649751515 206.96543006048609 22.800919039634262
  endloop
endfacet
facet normal 4.910263050591595e-08 6.307019576355764e-07 0.9999999999997999
  outer loop
    vertex 1020.582649751515 206.96543006048609 22.800919039634262
    vertex 1020.5824295809782 175.88559243166577 22.800364274543835
    vertex 1020.5825741552607 163.1733294543369 22.80036223304585
  endloop
endfacet
facet normal 4.910263050591595e-08 6.307019576355764e-07 0.9999999999997999
  outer loop
    vertex 1020.582649751515 206.96543006048609 22.800919039634262
    vertex 1020.5825741552607 163.1733294543369 22.80036223304585
    vertex 1020.5825914722498 160.17332945450224 22.80036216367432
  endloop
endfacet
facet normal 4.910263050591595e-08 6.307019576355764e-07 0.9999999999997999
  outer loop
    vertex 1020.582649751515 206.96543006048609 22.800919039634262
    vertex 1020.5825914722498 160.17332945450224 22.80036216367432
    vertex 1020.5826501198432 123.91913079739305 22.80043594598973
  endloop
endfacet
facet normal 4.910263050591595e-08 6.307019576355764e-07 0.9999999999997999
  outer loop
    vertex 1020.582649751515 206.96543006048609 22.800919039634262
    vertex 1020.5826501198432 123.91913079739305 22.80043594598973
    vertex 1023.5826497515146 208.12787984708572 22.800919039608708
  endloop
endfacet
facet normal 4.910263050591595e-08 6.307019576355764e-07 0.9999999999997999
  outer loop
    vertex 1023.5826497515146 208.12787984708572 22.800919039608708
    vertex 1020.5826501198432 123.91913079739305 22.80043594598973
    vertex 1021.4579893186889 143.42337095961722 22.800663248247513
  endloop
endfacet
facet normal 4.910263050591595e-08 6.307019576355764e-07 0.9999999999997999
  outer loop
    vertex 1023.5826497515146 208.12787984708572 22.800919039608708
    vertex 1021.4579893186889 143.42337095961722 22.800663248247513
    vertex 1021.4922370358629 144.20777264434614 22.80066320814104
  endloop
endfacet
facet normal 4.910263050591595e-08 6.307019576355764e-07 0.9999999999997999
  outer loop
    vertex 1023.5826497515146 208.12787984708572 22.800919039608708
    vertex 1021.4922370358629 144.20777264434614 22.80066320814104
    vertex 1021.5947195416076 144.98620455879856 22.80066315310849
  endloop
endfacet
facet normal 4.910263050591595e-08 6.307019576355764e-07 0.9999999999997999
  outer loop
    vertex 1023.5826497515146 208.12787984708572 22.800919039608708
    vertex 1021.5947195416076 144.98620455879856 22.80066315310849
    vertex 1021.7646568822626 145.75274236604878 22.80066308356871
  endloop
endfacet
facet normal 4.910263050591595e-08 6.307019576355764e-07 0.9999999999997999
  outer loop
    vertex 1023.5826497515146 208.12787984708572 22.800919039608708
    vertex 1021.7646568822626 145.75274236604878 22.80066308356871
    vertex 1022.000755731906 146.5015522501977 22.80066300005102
  endloop
endfacet
facet normal 4.910263050591595e-08 6.307019576355764e-07 0.9999999999997999
  outer loop
    vertex 1023.5826497515146 208.12787984708572 22.800919039608708
    vertex 1022.000755731906 146.5015522501977 22.80066300005102
    vertex 1022.3012192357847 147.2269353160523 22.800662903190947
  endloop
endfacet
facet normal 4.910263050591595e-08 6.307019576355764e-07 0.9999999999997999
  outer loop
    vertex 1023.5826497515146 208.12787984708572 22.800919039608708
    vertex 1022.3012192357847 147.2269353160523 22.800662903190947
    vertex 1022.6637606850545 147.92337096038636 22.800662793725696
  endloop
endfacet
facet normal 4.910263050591595e-08 6.307019576355764e-07 0.9999999999997999
  outer loop
    vertex 1023.5826497515146 208.12787984708572 22.800919039608708
    vertex 1022.6637606850545 147.92337096038636 22.800662793725696
    vertex 1023.0856209208383 148.5855588877039 22.800662672488333
  endloop
endfacet
facet normal 4.910263050591595e-08 6.307019576355764e-07 0.9999999999997999
  outer loop
    vertex 1023.5826497515146 208.12787984708572 22.800919039608708
    vertex 1023.0856209208383 148.5855588877039 22.800662672488333
    vertex 1023.5635893313678 149.2084594477239 22.800662540401564
  endloop
endfacet
facet normal 4.910263050591595e-08 6.307019576355764e-07 0.9999999999997999
  outer loop
    vertex 1023.5826497515146 208.12787984708572 22.800919039608708
    vertex 1023.5635893313678 149.2084594477239 22.800662540401564
    vertex 1023.5826497520326 195.07474637297145 22.800872167791372
  endloop
endfacet
facet normal 4.910263050591595e-08 6.307019576355764e-07 0.9999999999997999
  outer loop
    vertex 1023.5826497520326 195.07474637297145 22.800872167791372
    vertex 1023.5635893313678 149.2084594477239 22.800662540401564
    vertex 1024.1579711085944 149.85713260817255 22.800662381360514
  endloop
endfacet
facet normal 4.910263050591595e-08 6.307019576355764e-07 0.9999999999997999
  outer loop
    vertex 1023.5826497520326 195.07474637297145 22.800872167791372
    vertex 1024.1579711085944 149.85713260817255 22.800662381360514
    vertex 1024.1579886950358 154.17331758597197 22.800662202575086
  endloop
endfacet
facet normal 4.910263050591595e-08 6.307019576355764e-07 0.9999999999997999
  outer loop
    vertex 1023.5826497520326 195.07474637297145 22.800872167791372
    vertex 1024.1579886950358 154.17331758597197 22.800662202575086
    vertex 1034.4319451554686 181.88558665449554 22.800434930095136
  endloop
endfacet
facet normal 4.910263050591595e-08 6.307019576355764e-07 0.9999999999997999
  outer loop
    vertex 1034.4319451554686 181.88558665449554 22.800434930095136
    vertex 1024.1579886950358 154.17331758597197 22.800662202575086
    vertex 1034.4340390640969 154.17334569772117 22.800133689694928
  endloop
endfacet
facet normal 4.910263050591595e-08 6.307019576355764e-07 0.9999999999997999
  outer loop
    vertex 1034.4319451554686 181.88558665449554 22.800434930095136
    vertex 1034.4340390640969 154.17334569772117 22.800133689694928
    vertex 1034.4338690042175 160.17334464082884 22.800131942209433
  endloop
endfacet
facet normal 4.910263050591595e-08 6.307019576355764e-07 0.9999999999997999
  outer loop
    vertex 1034.4319451554686 181.88558665449554 22.800434930095136
    vertex 1034.4338690042175 160.17334464082884 22.800131942209433
    vertex 1034.4338211691322 163.17334569769346 22.8001318737621
  endloop
endfacet
facet normal 4.910263050591595e-08 6.307019576355764e-07 0.9999999999997999
  outer loop
    vertex 1034.4319451554686 181.88558665449554 22.800434930095136
    vertex 1034.4338211691322 163.17334569769346 22.8001318737621
    vertex 1034.4336765948503 175.88560867502238 22.800133188585015
  endloop
endfacet
facet normal 4.910263050591595e-08 6.307019576355764e-07 0.9999999999997999
  outer loop
    vertex 1034.4319451554686 181.88558665449554 22.800434930095136
    vertex 1034.4336765948503 175.88560867502238 22.800133188585015
    vertex 1034.433659277861 178.88560867485697 22.800133119213495
  endloop
endfacet
facet normal 4.910263050591595e-08 6.307019576355764e-07 0.9999999999997999
  outer loop
    vertex 1034.4338690042175 160.17334464082884 22.800131942209433
    vertex 1035.433842334004 163.17335352857458 22.800052917043967
    vertex 1034.4338211691322 163.17334569769346 22.8001318737621
  endloop
endfacet
facet normal 4.910263050591595e-08 6.307019576355764e-07 0.9999999999997999
  outer loop
    vertex 1035.433842334004 163.17335352857458 22.800052917043967
    vertex 1034.4338690042175 160.17334464082884 22.800131942209433
    vertex 1035.4338689979847 160.17335352881267 22.800053284412826
  endloop
endfacet
facet normal 4.910263050591595e-08 6.307019576355764e-07 0.9999999999997999
  outer loop
    vertex 1034.4336765948503 175.88560867502238 22.800133188585015
    vertex 1035.4337818580057 178.88561345497516 22.800126120329086
    vertex 1034.433659277861 178.88560867485697 22.800133119213495
  endloop
endfacet
facet normal 4.910263050591595e-08 6.307019576355764e-07 0.9999999999997999
  outer loop
    vertex 1035.4337818580057 178.88561345497516 22.800126120329086
    vertex 1034.4336765948503 175.88560867502238 22.800133188585015
    vertex 1035.4337961966191 175.8856134551282 22.80012848041617
  endloop
endfacet
facet normal 4.910263050591595e-08 6.307019576355764e-07 0.9999999999997999
  outer loop
    vertex 997.5505574449245 172.32915311991536 22.800764045898543
    vertex 995.8505655037485 197.87611136174982 22.797739088367816
    vertex 993.7400456682727 170.12915311991532 22.800764045883717
  endloop
endfacet
facet normal 4.910263050591595e-08 6.307019576355764e-07 0.9999999999997999
  outer loop
    vertex 995.8505655037485 197.87611136174982 22.797739088367816
    vertex 997.5505574449245 172.32915311991536 22.800764045898543
    vertex 995.905084181686 197.46200088958585 22.797739289582466
  endloop
endfacet
facet normal 4.910263050591595e-08 6.307019576355764e-07 0.9999999999997999
  outer loop
    vertex 995.905084181686 197.46200088958585 22.797739289582466
    vertex 997.5505574449245 172.32915311991536 22.800764045898543
    vertex 996.0649248576934 197.07611136174992 22.797739485691135
  endloop
endfacet
facet normal 4.910263050591595e-08 6.307019576355764e-07 0.9999999999997999
  outer loop
    vertex 996.0649248576934 197.07611136174992 22.797739485691135
    vertex 997.5505574449245 172.32915311991536 22.800764045898543
    vertex 996.31919465385 196.7447405118515 22.797739663329335
  endloop
endfacet
facet normal 4.910263050591595e-08 6.307019576355764e-07 0.9999999999997999
  outer loop
    vertex 996.31919465385 196.7447405118515 22.797739663329335
    vertex 997.5505574449245 172.32915311991536 22.800764045898543
    vertex 996.6505655037486 196.49047071569493 22.797739810391324
  endloop
endfacet
facet normal 4.910263050591595e-08 6.307019576355764e-07 0.9999999999997999
  outer loop
    vertex 996.6505655037486 196.49047071569493 22.797739810391324
    vertex 997.5505574449245 172.32915311991536 22.800764045898543
    vertex 997.0364550315845 196.33063003968755 22.797739916855065
  endloop
endfacet
facet normal 4.910263050591595e-08 6.307019576355764e-07 0.9999999999997999
  outer loop
    vertex 997.0364550315845 196.33063003968755 22.797739916855065
    vertex 997.5505574449245 172.32915311991536 22.800764045898543
    vertex 997.4505655037485 196.27611136175008 22.797739975465234
  endloop
endfacet
facet normal 4.910263050591595e-08 6.307019576355764e-07 0.9999999999997999
  outer loop
    vertex 997.4505655037485 196.27611136175008 22.797739975465234
    vertex 997.5505574449245 172.32915311991536 22.800764045898543
    vertex 997.8646759759126 196.33063003968758 22.79773998222764
  endloop
endfacet
facet normal 4.910263050591595e-08 6.307019576355764e-07 0.9999999999997999
  outer loop
    vertex 997.8646759759126 196.33063003968758 22.79773998222764
    vertex 997.5505574449245 172.32915311991536 22.800764045898543
    vertex 1001.361069221576 170.12915311991534 22.800764045913343
  endloop
endfacet
facet normal 4.910263050591595e-08 6.307019576355764e-07 0.9999999999997999
  outer loop
    vertex 997.8646759759126 196.33063003968758 22.79773998222764
    vertex 1001.361069221576 170.12915311991534 22.800764045913343
    vertex 998.2505655037486 196.49047071569498 22.79773993668144
  endloop
endfacet
facet normal 4.910263050591595e-08 6.307019576355764e-07 0.9999999999997999
  outer loop
    vertex 998.2505655037486 196.49047071569498 22.79773993668144
    vertex 1001.361069221576 170.12915311991534 22.800764045913343
    vertex 998.581936353647 196.74474051185157 22.797739841930532
  endloop
endfacet
facet normal 4.910263050591595e-08 6.307019576355764e-07 0.9999999999997999
  outer loop
    vertex 998.581936353647 196.74474051185157 22.797739841930532
    vertex 1001.361069221576 170.12915311991534 22.800764045913343
    vertex 998.8362061498036 197.07611136175007 22.797739704432033
  endloop
endfacet
facet normal 4.910263050591595e-08 6.307019576355764e-07 0.9999999999997999
  outer loop
    vertex 998.8362061498036 197.07611136175007 22.797739704432033
    vertex 1001.361069221576 170.12915311991534 22.800764045913343
    vertex 998.996046825811 197.46200088958597 22.79773953355624
  endloop
endfacet
facet normal 4.910263050591595e-08 6.307019576355764e-07 0.9999999999997999
  outer loop
    vertex 998.996046825811 197.46200088958597 22.79773953355624
    vertex 1001.361069221576 170.12915311991534 22.800764045913343
    vertex 999.0505655037485 197.87611136174996 22.797739340948052
  endloop
endfacet
facet normal 4.910263050591595e-08 6.307019576355764e-07 0.9999999999997999
  outer loop
    vertex 999.0505655037485 197.87611136174996 22.797739340948052
    vertex 1001.361069221576 170.12915311991534 22.800764045913343
    vertex 1000.4326497516985 217.97915368362564 22.800612875277622
  endloop
endfacet
facet normal 4.910263050591595e-08 6.307019576355764e-07 0.9999999999997999
  outer loop
    vertex 1000.4326497516985 217.97915368362564 22.800612875277622
    vertex 1001.361069221576 170.12915311991534 22.800764045913343
    vertex 1000.8242283287947 217.95348826770953 22.800613598278236
  endloop
endfacet
facet normal 4.910263050591595e-08 6.307019576355764e-07 0.9999999999997999
  outer loop
    vertex 1000.8242283287947 217.95348826770953 22.800613598278236
    vertex 1001.361069221576 170.12915311991534 22.800764045913343
    vertex 1001.2091068878647 217.87693116234445 22.800612399261812
  endloop
endfacet
facet normal 4.910263050591595e-08 6.307019576355764e-07 0.9999999999997999
  outer loop
    vertex 1001.2091068878647 217.87693116234445 22.800612399261812
    vertex 1001.361069221576 170.12915311991534 22.800764045913343
    vertex 1001.5807000500413 217.7507922808316 22.80060929874387
  endloop
endfacet
facet normal 4.910263050591595e-08 6.307019576355764e-07 0.9999999999997999
  outer loop
    vertex 1001.5807000500413 217.7507922808316 22.80060929874387
    vertex 1001.361069221576 170.12915311991534 22.800764045913343
    vertex 1001.4447199118482 144.98620455862053 22.800762153171014
  endloop
endfacet
facet normal 4.910263050591595e-08 6.307019576355764e-07 0.9999999999997999
  outer loop
    vertex 1001.5807000500413 217.7507922808316 22.80060929874387
    vertex 1001.4447199118482 144.98620455862053 22.800762153171014
    vertex 1001.6146572523566 145.75274236554083 22.800762125512982
  endloop
endfacet
facet normal 4.910263050591595e-08 6.307019576355764e-07 0.9999999999997999
  outer loop
    vertex 1001.5807000500413 217.7507922808316 22.80060929874387
    vertex 1001.6146572523566 145.75274236554083 22.800762125512982
    vertex 1001.9326497532808 217.57722989441044 22.80060434977509
  endloop
endfacet
facet normal 4.910263050591595e-08 6.307019576355764e-07 0.9999999999997999
  outer loop
    vertex 1001.9326497532808 217.57722989441044 22.80060434977509
    vertex 1001.6146572523566 145.75274236554083 22.800762125512982
    vertex 1001.8507561018852 146.50155224954923 22.800762096509313
  endloop
endfacet
facet normal 4.910263050591595e-08 6.307019576355764e-07 0.9999999999997999
  outer loop
    vertex 1001.9326497532808 217.57722989441044 22.80060434977509
    vertex 1001.8507561018852 146.50155224954923 22.800762096509313
    vertex 1002.1512196056282 147.22693531528446 22.80076206638072
  endloop
endfacet
facet normal 4.910263050591595e-08 6.307019576355764e-07 0.9999999999997999
  outer loop
    vertex 1001.9326497532808 217.57722989441044 22.80060434977509
    vertex 1002.1512196056282 147.22693531528446 22.80076206638072
    vertex 1002.2589340405699 217.3592137036393 22.80059763703372
  endloop
endfacet
facet normal 4.910263050591595e-08 6.307019576355764e-07 0.9999999999997999
  outer loop
    vertex 1002.2589340405699 217.3592137036393 22.80059763703372
    vertex 1002.1512196056282 147.22693531528446 22.80076206638072
    vertex 1002.5137610548983 147.92337095961815 22.800762035356442
  endloop
endfacet
facet normal 4.910263050591595e-08 6.307019576355764e-07 0.9999999999997999
  outer loop
    vertex 1002.2589340405699 217.3592137036393 22.80059763703372
    vertex 1002.5137610548983 147.92337095961815 22.800762035356442
    vertex 1002.5539700972788 217.10047402599548 22.8005892753767
  endloop
endfacet
facet normal 4.910263050591595e-08 6.307019576355764e-07 0.9999999999997999
  outer loop
    vertex 1002.5539700972788 217.10047402599548 22.8005892753767
    vertex 1002.5137610548983 147.92337095961815 22.800762035356442
    vertex 1002.9356212903571 148.5855588867776 22.800762003672745
  endloop
endfacet
facet normal 4.910263050591595e-08 6.307019576355764e-07 0.9999999999997999
  outer loop
    vertex 1002.5539700972788 217.10047402599548 22.8005892753767
    vertex 1002.9356212903571 148.5855588867776 22.800762003672745
    vertex 1002.8127097746662 216.80543796910888 22.80057940787418
  endloop
endfacet
facet normal 4.910263050591595e-08 6.307019576355764e-07 0.9999999999997999
  outer loop
    vertex 1002.8127097746662 216.80543796910888 22.80057940787418
    vertex 1002.9356212903571 148.5855588867776 22.800762003672745
    vertex 1003.0307259651075 216.47915368172266 22.800568203361916
  endloop
endfacet
facet normal 4.910263050591595e-08 6.307019576355764e-07 0.9999999999997999
  outer loop
    vertex 1003.0307259651075 216.47915368172266 22.800568203361916
    vertex 1002.9356212903571 148.5855588867776 22.800762003672745
    vertex 1003.4135897008873 149.20845944679704 22.800761971570644
  endloop
endfacet
facet normal 4.910263050591595e-08 6.307019576355764e-07 0.9999999999997999
  outer loop
    vertex 1003.0307259651075 216.47915368172266 22.800568203361916
    vertex 1003.4135897008873 149.20845944679704 22.800761971570644
    vertex 1003.2042883511309 216.12720397846869 22.800555853552144
  endloop
endfacet
facet normal 4.910263050591595e-08 6.307019576355764e-07 0.9999999999997999
  outer loop
    vertex 1003.2042883511309 216.12720397846869 22.800555853552144
    vertex 1003.4135897008873 149.20845944679704 22.800761971570644
    vertex 1003.3304272321847 215.75561081636093 22.80054256975378
  endloop
endfacet
facet normal 4.910263050591595e-08 6.307019576355764e-07 0.9999999999997999
  outer loop
    vertex 1003.3304272321847 215.75561081636093 22.80054256975378
    vertex 1003.4135897008873 149.20845944679704 22.800761971570644
    vertex 1003.4069843370373 215.37073225744135 22.800528579256046
  endloop
endfacet
facet normal 4.910263050591595e-08 6.307019576355764e-07 0.9999999999997999
  outer loop
    vertex 1003.4069843370373 215.37073225744135 22.800528579256046
    vertex 1003.4135897008873 149.20845944679704 22.800761971570644
    vertex 1003.4326497523969 214.97915368057497 22.800514121440298
  endloop
endfacet
facet normal 4.910263050591595e-08 6.307019576355764e-07 0.9999999999997999
  outer loop
    vertex 1003.4326497523969 214.97915368057497 22.800514121440298
    vertex 1003.4135897008873 149.20845944679704 22.800761971570644
    vertex 1003.4326582165653 195.07474793584268 22.80061174834322
  endloop
endfacet
facet normal 4.910263050591595e-08 6.307019576355764e-07 0.9999999999997999
  outer loop
    vertex 1003.4326582165653 195.07474793584268 22.80061174834322
    vertex 1003.4135897008873 149.20845944679704 22.800761971570644
    vertex 1003.9440286582792 149.7873319902971 22.800761939294464
  endloop
endfacet
facet normal 4.910263050591595e-08 6.307019576355764e-07 0.9999999999997999
  outer loop
    vertex 1003.4326582165653 195.07474793584268 22.80061174834322
    vertex 1003.9440286582792 149.7873319902971 22.800761939294464
    vertex 1004.0079890631936 154.1733180234843 22.80060773855297
  endloop
endfacet
facet normal 4.910263050591595e-08 6.307019576355764e-07 0.9999999999997999
  outer loop
    vertex 1003.4326582165653 195.07474793584268 22.80061174834322
    vertex 1004.0079890631936 154.1733180234843 22.80060773855297
    vertex 1014.2819451554685 181.88558665449554 22.800434930179783
  endloop
endfacet
facet normal 4.910263050591595e-08 6.307019576355764e-07 0.9999999999997999
  outer loop
    vertex 1014.2819451554685 181.88558665449554 22.800434930179783
    vertex 1004.0079890631936 154.1733180234843 22.80060773855297
    vertex 1014.2819995585373 175.88558665493085 22.800435068925268
  endloop
endfacet
facet normal 4.910263050591595e-08 6.307019576355764e-07 0.9999999999997999
  outer loop
    vertex 1014.2819995585373 175.88558665493085 22.800435068925268
    vertex 1004.0079890631936 154.1733180234843 22.80060773855297
    vertex 1014.2821441328191 163.173323677602 22.80043375410235
  endloop
endfacet
facet normal 4.910263050591595e-08 6.307019576355764e-07 0.9999999999997999
  outer loop
    vertex 1014.2821441328191 163.173323677602 22.80043375410235
    vertex 1004.0079890631936 154.1733180234843 22.80060773855297
    vertex 1014.2821919679046 160.1733226207374 22.80043382254968
  endloop
endfacet
facet normal 4.910263050591595e-08 6.307019576355764e-07 0.9999999999997999
  outer loop
    vertex 1014.2821919679046 160.1733226207374 22.80043382254968
    vertex 1004.0079890631936 154.1733180234843 22.80060773855297
    vertex 1014.282362027784 154.17332367762972 22.800435570035162
  endloop
endfacet
facet normal 4.910263050591595e-08 6.307019576355764e-07 0.9999999999997999
  outer loop
    vertex 1014.2819451554685 181.88558665449554 22.800434930179783
    vertex 1014.2819995585373 175.88558665493085 22.800435068925268
    vertex 1014.281982241548 178.8855866547655 22.800434999553733
  endloop
endfacet
facet normal 4.910263050591595e-08 6.307019576355764e-07 0.9999999999997999
  outer loop
    vertex 1014.2821919679046 160.1733226207374 22.80043382254968
    vertex 1015.2821652976912 163.17333150848316 22.800354797386145
    vertex 1014.2821441328191 163.173323677602 22.80043375410235
  endloop
endfacet
facet normal 4.910263050591595e-08 6.307019576355764e-07 0.9999999999997999
  outer loop
    vertex 1015.2821652976912 163.17333150848316 22.800354797386145
    vertex 1014.2821919679046 160.1733226207374 22.80043382254968
    vertex 1015.2821919616717 160.17333150872125 22.800355164755004
  endloop
endfacet
facet normal 4.910263050591595e-08 6.307019576355764e-07 0.9999999999997999
  outer loop
    vertex 1014.2819995585373 175.88558665493085 22.800435068925268
    vertex 1015.2821006491974 178.88559143486376 22.800428000670937
    vertex 1014.281982241548 178.8855866547655 22.800434999553733
  endloop
endfacet
facet normal 4.910263050591595e-08 6.307019576355764e-07 0.9999999999997999
  outer loop
    vertex 1015.2821006491974 178.88559143486376 22.800428000670937
    vertex 1014.2819995585373 175.88558665493085 22.800435068925268
    vertex 1015.282114987811 175.88559143501675 22.80043036075802
  endloop
endfacet
facet normal 4.910263050591595e-08 6.307019576355764e-07 0.9999999999997999
  outer loop
    vertex 995.4005637883471 121.27645369186993 22.797405935094368
    vertex 997.5505574449245 163.5291531199153 22.800764045898543
    vertex 993.7400456682727 165.72915311991528 22.800764045883717
  endloop
endfacet
facet normal 4.910263050591595e-08 6.307019576355764e-07 0.9999999999997999
  outer loop
    vertex 997.5505574449245 163.5291531199153 22.800764045898543
    vertex 995.4005637883471 121.27645369186993 22.797405935094368
    vertex 995.4704158444546 121.80703273433005 22.797405688315127
  endloop
endfacet
facet normal 4.910263050591595e-08 6.307019576355764e-07 0.9999999999997999
  outer loop
    vertex 997.5505574449245 163.5291531199153 22.800764045898543
    vertex 995.4704158444546 121.80703273433005 22.797405688315127
    vertex 995.6752117105889 122.30145369186985 22.797405469380518
  endloop
endfacet
facet normal 4.910263050591595e-08 6.307019576355764e-07 0.9999999999997999
  outer loop
    vertex 997.5505574449245 163.5291531199153 22.800764045898543
    vertex 995.6752117105889 122.30145369186985 22.797405469380518
    vertex 996.0009948869147 122.72602259330228 22.797405293210566
  endloop
endfacet
facet normal 4.910263050591595e-08 6.307019576355764e-07 0.9999999999997999
  outer loop
    vertex 997.5505574449245 163.5291531199153 22.800764045898543
    vertex 996.0009948869147 122.72602259330228 22.797405293210566
    vertex 996.4255637883472 123.05180576962793 22.797405171810965
  endloop
endfacet
facet normal 4.910263050591595e-08 6.307019576355764e-07 0.9999999999997999
  outer loop
    vertex 997.5505574449245 163.5291531199153 22.800764045898543
    vertex 996.4255637883472 123.05180576962793 22.797405171810965
    vertex 996.919984745887 123.25660163576242 22.797405113454897
  endloop
endfacet
facet normal 4.910263050591595e-08 6.307019576355764e-07 0.9999999999997999
  outer loop
    vertex 997.5505574449245 163.5291531199153 22.800764045898543
    vertex 996.919984745887 123.25660163576242 22.797405113454897
    vertex 997.4505637883472 123.32645369186984 22.797405122119233
  endloop
endfacet
facet normal 4.910263050591595e-08 6.307019576355764e-07 0.9999999999997999
  outer loop
    vertex 997.5505574449245 163.5291531199153 22.800764045898543
    vertex 997.4505637883472 123.32645369186984 22.797405122119233
    vertex 997.9811428308072 123.25660163576246 22.79740519721351
  endloop
endfacet
facet normal 4.910263050591595e-08 6.307019576355764e-07 0.9999999999997999
  outer loop
    vertex 997.5505574449245 163.5291531199153 22.800764045898543
    vertex 997.9811428308072 123.25660163576246 22.79740519721351
    vertex 1001.361069221576 165.72915311991534 22.800764045913343
  endloop
endfacet
facet normal 4.910263050591595e-08 6.307019576355764e-07 0.9999999999997999
  outer loop
    vertex 1001.361069221576 165.72915311991534 22.800764045913343
    vertex 997.9811428308072 123.25660163576246 22.79740519721351
    vertex 998.4755637883472 123.051805769628 22.79740533362018
  endloop
endfacet
facet normal 4.910263050591595e-08 6.307019576355764e-07 0.9999999999997999
  outer loop
    vertex 1001.361069221576 165.72915311991534 22.800764045913343
    vertex 998.4755637883472 123.051805769628 22.79740533362018
    vertex 998.9001326897796 122.72602259330236 22.797405522043352
  endloop
endfacet
facet normal 4.910263050591595e-08 6.307019576355764e-07 0.9999999999997999
  outer loop
    vertex 1001.361069221576 165.72915311991534 22.800764045913343
    vertex 998.9001326897796 122.72602259330236 22.797405522043352
    vertex 999.2259158661053 122.30145369187 22.797405749642298
  endloop
endfacet
facet normal 4.910263050591595e-08 6.307019576355764e-07 0.9999999999997999
  outer loop
    vertex 1001.361069221576 165.72915311991534 22.800764045913343
    vertex 999.2259158661053 122.30145369187 22.797405749642298
    vertex 999.4307117322397 121.80703273433019 22.797406000906527
  endloop
endfacet
facet normal 4.910263050591595e-08 6.307019576355764e-07 0.9999999999997999
  outer loop
    vertex 1001.361069221576 165.72915311991534 22.800764045913343
    vertex 999.4307117322397 121.80703273433019 22.797406000906527
    vertex 999.5005637883472 121.27645369187006 22.797406258712797
  endloop
endfacet
facet normal 4.910263050591595e-08 6.307019576355764e-07 0.9999999999997999
  outer loop
    vertex 1001.361069221576 165.72915311991534 22.800764045913343
    vertex 999.5005637883472 121.27645369187006 22.797406258712797
    vertex 1001.3079896889581 143.42337095961813 22.80076220361993
  endloop
endfacet
facet normal 4.910263050591595e-08 6.307019576355764e-07 0.9999999999997999
  outer loop
    vertex 1001.361069221576 165.72915311991534 22.800764045913343
    vertex 1001.3079896889581 143.42337095961813 22.80076220361993
    vertex 1001.3422374061324 144.20777264434707 22.800762179272873
  endloop
endfacet
facet normal 4.910263050591595e-08 6.307019576355764e-07 0.9999999999997999
  outer loop
    vertex 1001.361069221576 165.72915311991534 22.800764045913343
    vertex 1001.3422374061324 144.20777264434707 22.800762179272873
    vertex 1001.4447199118482 144.98620455862053 22.800762153171014
  endloop
endfacet
facet normal 4.910263050591595e-08 6.307019576355764e-07 0.9999999999997999
  outer loop
    vertex 1001.361069221576 165.72915311991534 22.800764045913343
    vertex 1001.4447199118482 144.98620455862053 22.800762153171014
    vertex 1001.361069221576 170.12915311991534 22.800764045913343
  endloop
endfacet
facet normal 4.910263050591595e-08 6.307019576355764e-07 0.9999999999997999
  outer loop
    vertex 1004.0079891411003 149.85713260826802 22.800694627247076
    vertex 1004.0079890631936 154.1733180234843 22.80060773855297
    vertex 1003.9440286582792 149.7873319902971 22.800761939294464
  endloop
endfacet
facet normal 4.910263050591595e-08 6.307019576355764e-07 0.9999999999997999
  outer loop
    vertex 978.5766213025106 194.75156560108246 22.800522862659278
    vertex 978.5505574449246 214.97915368349555 22.80052554271334
    vertex 978.5505573621939 195.14267390417845 22.80052286503271
  endloop
endfacet
facet normal 4.910263050591595e-08 6.307019576355764e-07 0.9999999999997999
  outer loop
    vertex 978.5505574449246 214.97915368349555 22.80052554271334
    vertex 978.5766213025106 194.75156560108246 22.800522862659278
    vertex 978.5762228608032 215.37073226015573 22.800525542713434
  endloop
endfacet
facet normal 4.910263050591595e-08 6.307019576355764e-07 0.9999999999997999
  outer loop
    vertex 978.5762228608032 215.37073226015573 22.800525542713434
    vertex 978.5766213025106 194.75156560108246 22.800522862659278
    vertex 978.6527799660577 215.75561081880306 22.800525542713736
  endloop
endfacet
facet normal 4.910263050591595e-08 6.307019576355764e-07 0.9999999999997999
  outer loop
    vertex 978.6527799660577 215.75561081880306 22.800525542713736
    vertex 978.5766213025106 194.75156560108246 22.800522862659278
    vertex 978.6535121397534 194.36720531062116 22.800522860043785
  endloop
endfacet
facet normal 4.910263050591595e-08 6.307019576355764e-07 0.9999999999997999
  outer loop
    vertex 978.6527799660577 215.75561081880306 22.800525542713736
    vertex 978.6535121397534 194.36720531062116 22.800522860043785
    vertex 978.7789188473909 216.12720398059082 22.800525542714222
  endloop
endfacet
facet normal 4.910263050591595e-08 6.307019576355764e-07 0.9999999999997999
  outer loop
    vertex 978.7789188473909 216.12720398059082 22.800525542714222
    vertex 978.6535121397534 194.36720531062116 22.800522860043785
    vertex 978.7799142503795 193.99616954392906 22.800522857231012
  endloop
endfacet
facet normal 4.910263050591595e-08 6.307019576355764e-07 0.9999999999997999
  outer loop
    vertex 978.7789188473909 216.12720398059082 22.800525542714222
    vertex 978.7799142503795 193.99616954392906 22.800522857231012
    vertex 978.9524812335715 216.47915368349558 22.8005255427149
  endloop
endfacet
facet normal 4.910263050591595e-08 6.307019576355764e-07 0.9999999999997999
  outer loop
    vertex 978.9524812335715 216.47915368349558 22.8005255427149
    vertex 978.7799142503795 193.99616954392906 22.800522857231012
    vertex 978.9536648592298 193.6448068258448 22.80052285426911
  endloop
endfacet
facet normal 4.910263050591595e-08 6.307019576355764e-07 0.9999999999997999
  outer loop
    vertex 978.9524812335715 216.47915368349558 22.8005255427149
    vertex 978.9536648592298 193.6448068258448 22.80052285426911
    vertex 979.170497424051 216.80543797052167 22.80052554271576
  endloop
endfacet
facet normal 4.910263050591595e-08 6.307019576355764e-07 0.9999999999997999
  outer loop
    vertex 979.170497424051 216.80543797052167 22.80052554271576
    vertex 978.9536648592298 193.6448068258448 22.80052285426911
    vertex 979.1717910452151 193.319129069891 22.8005228512086
  endloop
endfacet
facet normal 4.910263050591595e-08 6.307019576355764e-07 0.9999999999997999
  outer loop
    vertex 979.170497424051 216.80543797052167 22.80052554271576
    vertex 979.1717910452151 193.319129069891 22.8005228512086
    vertex 979.4292371013651 217.10047402705524 22.80052554271675
  endloop
endfacet
facet normal 4.910263050591595e-08 6.307019576355764e-07 0.9999999999997999
  outer loop
    vertex 979.4292371013651 217.10047402705524 22.80052554271675
    vertex 979.1717910452151 193.319129069891 22.8005228512086
    vertex 979.4305606088166 193.02470871276702 22.800522848102176
  endloop
endfacet
facet normal 4.910263050591595e-08 6.307019576355764e-07 0.9999999999997999
  outer loop
    vertex 979.4292371013651 217.10047402705524 22.80052554271675
    vertex 979.4305606088166 193.02470871276702 22.800522848102176
    vertex 979.7242731578984 217.35921370436927 22.800525542717903
  endloop
endfacet
facet normal 4.910263050591595e-08 6.307019576355764e-07 0.9999999999997999
  outer loop
    vertex 979.7242731578984 217.35921370436927 22.800525542717903
    vertex 979.4305606088166 193.02470871276702 22.800522848102176
    vertex 979.7255459310562 192.7665833684119 22.800522845002703
  endloop
endfacet
facet normal 4.910263050591595e-08 6.307019576355764e-07 0.9999999999997999
  outer loop
    vertex 979.7242731578984 217.35921370436927 22.800525542717903
    vertex 979.7255459310562 192.7665833684119 22.800522845002703
    vertex 980.0505574449246 217.5772298948488 22.80052554271918
  endloop
endfacet
facet normal 4.910263050591595e-08 6.307019576355764e-07 0.9999999999997999
  outer loop
    vertex 980.0505574449246 217.5772298948488 22.80052554271918
    vertex 979.7255459310562 192.7665833684119 22.800522845002703
    vertex 980.051699731286 192.54916963303344 22.80052284196328
  endloop
endfacet
facet normal 4.910263050591595e-08 6.307019576355764e-07 0.9999999999997999
  outer loop
    vertex 980.0505574449246 217.5772298948488 22.80052554271918
    vertex 980.051699731286 192.54916963303344 22.80052284196328
    vertex 980.4025071478294 217.75079228102942 22.800525542720546
  endloop
endfacet
facet normal 4.910263050591595e-08 6.307019576355764e-07 0.9999999999997999
  outer loop
    vertex 980.4025071478294 217.75079228102942 22.800525542720546
    vertex 980.051699731286 192.54916963303344 22.80052284196328
    vertex 980.4034414275567 192.37618751592245 22.800522839035942
  endloop
endfacet
facet normal 4.910263050591595e-08 6.307019576355764e-07 0.9999999999997999
  outer loop
    vertex 980.4025071478294 217.75079228102942 22.800525542720546
    vertex 980.4034414275567 192.37618751592245 22.800522839035942
    vertex 980.7741003096172 217.87693116236278 22.80052554272197
  endloop
endfacet
facet normal 4.910263050591595e-08 6.307019576355764e-07 0.9999999999997999
  outer loop
    vertex 980.7741003096172 217.87693116236278 22.80052554272197
    vertex 980.4034414275567 192.37618751592245 22.800522839035942
    vertex 980.7747526219232 192.25059678906248 22.800522836270773
  endloop
endfacet
facet normal 4.910263050591595e-08 6.307019576355764e-07 0.9999999999997999
  outer loop
    vertex 980.7741003096172 217.87693116236278 22.80052554272197
    vertex 980.7747526219232 192.25059678906248 22.800522836270773
    vertex 981.1589788682646 217.95348826761693 22.800525542723488
  endloop
endfacet
facet normal 4.910263050591595e-08 6.307019576355764e-07 0.9999999999997999
  outer loop
    vertex 981.1589788682646 217.95348826761693 22.800525542723488
    vertex 980.7747526219232 192.25059678906248 22.800522836270773
    vertex 980.8297454937302 192.23949705206465 22.80052283591406
  endloop
endfacet
facet normal 4.910263050591595e-08 6.307019576355764e-07 0.9999999999997999
  outer loop
    vertex 981.1589788682646 217.95348826761693 22.800525542723488
    vertex 980.8297454937302 192.23949705206465 22.80052283591406
    vertex 981.1592800769043 192.17454634461038 22.800522833715075
  endloop
endfacet
facet normal 4.910263050591595e-08 6.307019576355764e-07 0.9999999999997999
  outer loop
    vertex 981.1589788682646 217.95348826761693 22.800525542723488
    vertex 981.1592800769043 192.17454634461038 22.800522833715075
    vertex 981.4505574449247 215.87915368329575 22.800867909568222
  endloop
endfacet
facet normal 4.910263050591595e-08 6.307019576355764e-07 0.9999999999997999
  outer loop
    vertex 981.1589788682646 217.95348826761693 22.800525542723488
    vertex 981.4505574449247 215.87915368329575 22.800867909568222
    vertex 981.5505574449247 217.97915368349553 22.800525542724976
  endloop
endfacet
facet normal 4.910263050591595e-08 6.307019576355764e-07 0.9999999999997999
  outer loop
    vertex 981.4505574449247 215.87915368329575 22.800867909568222
    vertex 981.1592800769043 192.17454634461038 22.800522833715075
    vertex 981.2008727587271 192.17093134295922 22.800522833464914
  endloop
endfacet
facet normal 4.910263050591595e-08 6.307019576355764e-07 0.9999999999997999
  outer loop
    vertex 981.4505574449247 215.87915368329575 22.800867909568222
    vertex 981.2008727587271 192.17093134295922 22.800522833464914
    vertex 981.450557362194 192.14922825039724 22.80052283196323
  endloop
endfacet
facet normal 4.910263050591595e-08 6.307019576355764e-07 0.9999999999997999
  outer loop
    vertex 981.5505574449247 217.97915368349553 22.800525542724976
    vertex 981.4505574449247 215.87915368329575 22.800867909568222
    vertex 991.9705574449241 215.87915370048617 22.80086754143381
  endloop
endfacet
facet normal 4.910263050591595e-08 6.307019576355764e-07 0.9999999999997999
  outer loop
    vertex 981.5505574449247 217.97915368349553 22.800525542724976
    vertex 991.9705574449241 215.87915370048617 22.80086754143381
    vertex 1000.4326497516985 217.97915368362564 22.800612875277622
  endloop
endfacet
facet normal 4.910263050591595e-08 6.307019576355764e-07 0.9999999999997999
  outer loop
    vertex 1000.4326497516985 217.97915368362564 22.800612875277622
    vertex 991.9705574449241 215.87915370048617 22.80086754143381
    vertex 995.905084181686 198.29022183391382 22.79773889575963
  endloop
endfacet
facet normal 4.910263050591595e-08 6.307019576355764e-07 0.9999999999997999
  outer loop
    vertex 995.905084181686 198.29022183391382 22.79773889575963
    vertex 991.9705574449241 215.87915370048617 22.80086754143381
    vertex 995.8505655037485 197.87611136174982 22.797739088367816
  endloop
endfacet
facet normal 4.910263050591595e-08 6.307019576355764e-07 0.9999999999997999
  outer loop
    vertex 995.8505655037485 197.87611136174982 22.797739088367816
    vertex 991.9705574449241 215.87915370048617 22.80086754143381
    vertex 993.7400456682727 170.12915311991532 22.800764045883717
  endloop
endfacet
facet normal 4.910263050591595e-08 6.307019576355764e-07 0.9999999999997999
  outer loop
    vertex 993.7400456682727 170.12915311991532 22.800764045883717
    vertex 991.9705574449241 215.87915370048617 22.80086754143381
    vertex 993.7400456682727 165.72915311991528 22.800764045883717
  endloop
endfacet
facet normal 4.910263050591595e-08 6.307019576355764e-07 0.9999999999997999
  outer loop
    vertex 1000.4326497516985 217.97915368362564 22.800612875277622
    vertex 995.905084181686 198.29022183391382 22.79773889575963
    vertex 996.0649248576934 198.67611136174975 22.797738724883835
  endloop
endfacet
facet normal 4.910263050591595e-08 6.307019576355764e-07 0.9999999999997999
  outer loop
    vertex 1000.4326497516985 217.97915368362564 22.800612875277622
    vertex 996.0649248576934 198.67611136174975 22.797738724883835
    vertex 996.31919465385 199.0074822116482 22.797738587385336
  endloop
endfacet
facet normal 4.910263050591595e-08 6.307019576355764e-07 0.9999999999997999
  outer loop
    vertex 1000.4326497516985 217.97915368362564 22.800612875277622
    vertex 996.31919465385 199.0074822116482 22.797738587385336
    vertex 996.6505655037486 199.2617520078048 22.797738492634426
  endloop
endfacet
facet normal 4.910263050591595e-08 6.307019576355764e-07 0.9999999999997999
  outer loop
    vertex 1000.4326497516985 217.97915368362564 22.800612875277622
    vertex 996.6505655037486 199.2617520078048 22.797738492634426
    vertex 997.0364550315845 199.4215926838122 22.79773844708823
  endloop
endfacet
facet normal 4.910263050591595e-08 6.307019576355764e-07 0.9999999999997999
  outer loop
    vertex 1000.4326497516985 217.97915368362564 22.800612875277622
    vertex 997.0364550315845 199.4215926838122 22.79773844708823
    vertex 997.4505655037485 199.4761113617497 22.797738453850634
  endloop
endfacet
facet normal 4.910263050591595e-08 6.307019576355764e-07 0.9999999999997999
  outer loop
    vertex 1000.4326497516985 217.97915368362564 22.800612875277622
    vertex 997.4505655037485 199.4761113617497 22.797738453850634
    vertex 997.8646759759126 199.42159268381224 22.797738512460803
  endloop
endfacet
facet normal 4.910263050591595e-08 6.307019576355764e-07 0.9999999999997999
  outer loop
    vertex 1000.4326497516985 217.97915368362564 22.800612875277622
    vertex 997.8646759759126 199.42159268381224 22.797738512460803
    vertex 998.2505655037486 199.26175200780486 22.797738618924544
  endloop
endfacet
facet normal 4.910263050591595e-08 6.307019576355764e-07 0.9999999999997999
  outer loop
    vertex 1000.4326497516985 217.97915368362564 22.800612875277622
    vertex 998.2505655037486 199.26175200780486 22.797738618924544
    vertex 998.581936353647 199.0074822116483 22.797738765986534
  endloop
endfacet
facet normal 4.910263050591595e-08 6.307019576355764e-07 0.9999999999997999
  outer loop
    vertex 1000.4326497516985 217.97915368362564 22.800612875277622
    vertex 998.581936353647 199.0074822116483 22.797738765986534
    vertex 998.8362061498036 198.67611136174986 22.797738943624736
  endloop
endfacet
facet normal 4.910263050591595e-08 6.307019576355764e-07 0.9999999999997999
  outer loop
    vertex 1000.4326497516985 217.97915368362564 22.800612875277622
    vertex 998.8362061498036 198.67611136174986 22.797738943624736
    vertex 998.996046825811 198.29022183391396 22.7977391397334
  endloop
endfacet
facet normal 4.910263050591595e-08 6.307019576355764e-07 0.9999999999997999
  outer loop
    vertex 1000.4326497516985 217.97915368362564 22.800612875277622
    vertex 998.996046825811 198.29022183391396 22.7977391397334
    vertex 999.0505655037485 197.87611136174996 22.797739340948052
  endloop
endfacet
facet normal 0.9999999999605018 8.887993523199278e-06 1.4909412993025396e-08
  outer loop
    vertex 1015.2821652978747 163.1733307661693 21.50035479738636
    vertex 1015.2821919616717 160.17333150872125 22.800355164755004
    vertex 1015.2821919618553 160.1733307664074 21.500355164755224
  endloop
endfacet
facet normal 0.9999999999605018 8.887993523199278e-06 1.4909412993025396e-08
  outer loop
    vertex 1015.2821919616717 160.17333150872125 22.800355164755004
    vertex 1015.2821652978747 163.1733307661693 21.50035479738636
    vertex 1015.2821652976912 163.17333150848316 22.800354797386145
  endloop
endfacet
facet normal 0.9999999933283368 4.779447051892537e-06 -0.00011541439956853304
  outer loop
    vertex 1015.2819995586727 175.88559274637902 21.50043036074815
    vertex 1015.2821006491974 178.88559143486376 22.800428000670937
    vertex 1015.282114987811 175.88559143501675 22.80043036075802
  endloop
endfacet
facet normal 0.9999999933283368 4.779447051892537e-06 -0.00011541439956853304
  outer loop
    vertex 1015.2821006491974 178.88559143486376 22.800428000670937
    vertex 1015.2819995586727 175.88559274637902 21.50043036074815
    vertex 1015.2819852200591 178.88559274622602 21.500428000661067
  endloop
endfacet
facet normal -0.999999999988578 -4.779537747686974e-06 -1.49116853936285e-08
  outer loop
    vertex 1019.5825884939079 160.17332467495564 22.800355085847528
    vertex 1019.5825741554781 163.17332393248887 21.500357445934824
    vertex 1019.5825884940914 160.17332393264175 21.500355085847747
  endloop
endfacet
facet normal -0.999999999988578 -4.779537747686974e-06 -1.49116853936285e-08
  outer loop
    vertex 1019.5825741554781 163.17332393248887 21.500357445934824
    vertex 1019.5825884939079 160.17332467495564 22.800355085847528
    vertex 1019.5825741552947 163.17332467480273 22.800357445934605
  endloop
endfacet
facet normal -0.9999999986670667 -8.88799979832131e-06 5.086128378388002e-05
  outer loop
    vertex 1019.5824326283231 178.88558460099858 22.800285606267582
    vertex 1019.5824084162758 175.8855859126987 21.500285238893944
    vertex 1019.5824592923038 175.88558460123687 22.800285238898716
  endloop
endfacet
facet normal -0.9999999986670667 -8.88799979832131e-06 5.086128378388002e-05
  outer loop
    vertex 1019.5824084162758 175.8855859126987 21.500285238893944
    vertex 1019.5824326283231 178.88558460099858 22.800285606267582
    vertex 1019.5823817522951 178.8855859124604 21.500285606262807
  endloop
endfacet
facet normal 0.9999999999605018 8.887993523199278e-06 1.4909412993025396e-08
  outer loop
    vertex 1035.4338423341878 163.17335278626072 21.500052917044183
    vertex 1035.4338689979847 160.17335352881267 22.800053284412826
    vertex 1035.4338689981682 160.17335278649884 21.500053284413045
  endloop
endfacet
facet normal 0.9999999999605018 8.887993523199278e-06 1.4909412993025396e-08
  outer loop
    vertex 1035.4338689979847 160.17335352881267 22.800053284412826
    vertex 1035.4338423341878 163.17335278626072 21.500052917044183
    vertex 1035.433842334004 163.17335352857458 22.800052917043967
  endloop
endfacet
facet normal 0.9999999928380658 4.779443767065445e-06 -0.00011958689462223846
  outer loop
    vertex 1035.4336765949859 175.8856147664705 21.50012848040597
    vertex 1035.4337818580057 178.88561345497516 22.800126120329086
    vertex 1035.4337961966191 175.8856134551282 22.80012848041617
  endloop
endfacet
facet normal 0.9999999928380658 4.779443767065445e-06 -0.00011958689462223846
  outer loop
    vertex 1035.4337818580057 178.88561345497516 22.800126120329086
    vertex 1035.4336765949859 175.8856147664705 21.50012848040597
    vertex 1035.4336622563721 178.88561476631745 21.500126120318885
  endloop
endfacet
facet normal -0.9999999925700069 -8.888008403726122e-06 0.00012157709297538152
  outer loop
    vertex 1039.732378566043 178.8856066206377 22.800523315217017
    vertex 1039.732283638186 175.88560793220893 21.5005229478378
    vertex 1039.732405230024 175.885606620876 22.800522947848158
  endloop
endfacet
facet normal -0.9999999925700069 -8.888008403726122e-06 0.00012157709297538152
  outer loop
    vertex 1039.732283638186 175.88560793220893 21.5005229478378
    vertex 1039.732378566043 178.8856066206377 22.800523315217017
    vertex 1039.732256974205 178.8856079319706 21.500523315206664
  endloop
endfacet
facet normal -0.999999999988578 -4.779537747686903e-06 -1.491168539384506e-08
  outer loop
    vertex 1039.7324637158179 160.1733466944659 22.800592794791385
    vertex 1039.732449377388 163.1733459519992 21.50059515487868
    vertex 1039.7324637160016 160.17334595215206 21.5005927947916
  endloop
endfacet
facet normal -0.999999999988578 -4.779537747686903e-06 -1.491168539384506e-08
  outer loop
    vertex 1039.732449377388 163.1733459519992 21.50059515487868
    vertex 1039.7324637158179 160.1733466944659 22.800592794791385
    vertex 1039.7324493772046 163.17334669431304 22.800595154878465
  endloop
endfacet
facet normal 0.999999999988578 4.779537891464254e-06 1.490742638056083e-08
  outer loop
    vertex 1055.5818170460714 175.8855857936404 21.500613064384407
    vertex 1055.5818027072883 178.88558448157346 22.800610704298084
    vertex 1055.5818170459017 175.88558448172645 22.800613064385168
  endloop
endfacet
facet normal 0.999999999988578 4.779537891464254e-06 1.490742638056083e-08
  outer loop
    vertex 1055.5818027072883 178.88558448157346 22.800610704298084
    vertex 1055.5818170460714 175.8855857936404 21.500613064384407
    vertex 1055.5818027074577 178.88558579348742 21.500610704297323
  endloop
endfacet
facet normal 0.9999999999605018 8.887993523199412e-06 1.4909412993022898e-08
  outer loop
    vertex 1055.5819827852733 163.1733238134307 21.500537501022617
    vertex 1055.5820094490703 160.1733245559827 22.800537868391267
    vertex 1055.5820094492537 160.17332381366884 21.50053786839148
  endloop
endfacet
facet normal 0.9999999999605018 8.887993523199412e-06 1.4909412993022898e-08
  outer loop
    vertex 1055.5820094490703 160.1733245559827 22.800537868391267
    vertex 1055.5819827852733 163.1733238134307 21.500537501022617
    vertex 1055.5819827850896 163.17332455574456 22.800537501022404
  endloop
endfacet
facet normal -0.9999999999605018 -8.887993579707148e-06 -1.4913593685183063e-08
  outer loop
    vertex 1080.032415244181 178.88558801810026 22.800520917793804
    vertex 1080.0324419083313 175.88558933025269 21.500520550424184
    vertex 1080.032441908162 175.88558801833858 22.80052055042494
  endloop
endfacet
facet normal -0.9999999999605018 -8.887993579707148e-06 -1.4913593685183063e-08
  outer loop
    vertex 1080.0324419083313 175.88558933025269 21.500520550424184
    vertex 1080.032415244181 178.88558801810026 22.800520917793804
    vertex 1080.0324152443507 178.88558933001437 21.500520917793043
  endloop
endfacet
facet normal -0.999999999988578 -4.779537747686902e-06 -1.491168539384416e-08
  outer loop
    vertex 1080.0326219859635 160.17332809250965 22.80059039737777
    vertex 1080.0326076475337 163.17332735004297 21.500592757465068
    vertex 1080.032621986147 160.17332735019582 21.500590397377987
  endloop
endfacet
facet normal -0.999999999988578 -4.779537747686902e-06 -1.491168539384416e-08
  outer loop
    vertex 1080.0326076475337 163.17332735004297 21.500592757465068
    vertex 1080.0326219859635 160.17332809250965 22.80059039737777
    vertex 1080.0326076473502 163.1733280923568 22.80059275746485
  endloop
endfacet
facet normal 0.999999999988578 4.779537891464219e-06 1.4907426380561043e-08
  outer loop
    vertex 1075.7322593773638 175.885596163933 21.500553761248632
    vertex 1075.7322450385807 178.8855948518661 22.800551401162316
    vertex 1075.7322593771942 175.88559485201907 22.800553761249393
  endloop
endfacet
facet normal 0.999999999988578 4.779537891464219e-06 1.4907426380561043e-08
  outer loop
    vertex 1075.7322450385807 178.8855948518661 22.800551401162316
    vertex 1075.7322593773638 175.885596163933 21.500553761248632
    vertex 1075.73224503875 178.88559616378004 21.500551401161555
  endloop
endfacet
facet normal 0.9999999999605018 8.887993523199278e-06 1.490941299302285e-08
  outer loop
    vertex 1075.7324251165658 163.1733341837233 21.500478197886846
    vertex 1075.7324517803627 160.17333492627526 22.800478565255503
    vertex 1075.7324517805462 160.1733341839614 21.500478565255715
  endloop
endfacet
facet normal 0.9999999999605018 8.887993523199278e-06 1.490941299302285e-08
  outer loop
    vertex 1075.7324517803627 160.17333492627526 22.800478565255503
    vertex 1075.7324251165658 163.1733341837233 21.500478197886846
    vertex 1075.732425116382 163.17333492603717 22.800478197886633
  endloop
endfacet
facet normal -0.9999999992275768 1.2230618170507857e-07 -3.9304348452415666e-05
  outer loop
    vertex 1059.8826105265775 175.88559485196765 22.800366157055887
    vertex 1059.882650184069 178.88558999490533 21.500341838839894
    vertex 1059.8826498161943 175.8855899951234 21.50036615862286
  endloop
endfacet
facet normal -0.9999999992275768 1.2230618170507857e-07 -3.9304348452415666e-05
  outer loop
    vertex 1059.882650184069 178.88558999490533 21.500341838839894
    vertex 1059.8826105265775 175.88559485196765 22.800366157055887
    vertex 1059.8826108944515 178.88559485174986 22.80034183727418
  endloop
endfacet
facet normal -3.5440130050412348e-06 -0.999999999975967 5.958707966903771e-06
  outer loop
    vertex 1060.8826249642432 160.173330695871 22.80067564813232
    vertex 1059.8826549326147 160.17332795420754 21.500629321649306
    vertex 1060.8827053110738 160.17332211791322 21.000692598429865
  endloop
endfacet
facet normal -3.5440130050412348e-06 -0.999999999975967 5.958707966903771e-06
  outer loop
    vertex 1059.8826549326147 160.17332795420754 21.500629321649306
    vertex 1060.8826249642432 160.173330695871 22.80067564813232
    vertex 1059.8826219895416 160.17333492627526 22.800589991164987
  endloop
endfacet
facet normal -0.4471480098799196 -3.8129161547312506e-06 -0.8944599807961724
  outer loop
    vertex 1059.8826676257022 163.17332795398158 21.50060699555504
    vertex 1060.8827053110738 160.17332211791322 21.000692598429865
    vertex 1059.8826549326147 160.17332795420754 21.500629321649306
  endloop
endfacet
facet normal -0.4471480098799196 -3.8129161547312506e-06 -0.8944599807961724
  outer loop
    vertex 1060.8827053110738 160.17332211791322 21.000692598429865
    vertex 1059.8826676257022 163.17332795398158 21.50060699555504
    vertex 1060.8827209821254 163.17332211775923 21.000675168172734
  endloop
endfacet
facet normal 7.834828176504489e-07 0.9999999999847815 -5.461073960855065e-06
  outer loop
    vertex 1059.882650184069 178.88558999490533 21.500341838839894
    vertex 1060.8826108789847 178.88559473040087 22.800499152872888
    vertex 1060.8827893103266 178.88558582080077 21.000568123183896
  endloop
endfacet
facet normal 7.834828176504489e-07 0.9999999999847815 -5.461073960855065e-06
  outer loop
    vertex 1060.8826108789847 178.88559473040087 22.800499152872888
    vertex 1059.882650184069 178.88558999490533 21.500341838839894
    vertex 1059.8826108944515 178.88559485174986 22.80034183727418
  endloop
endfacet
facet normal 3.543991160715753e-06 0.9999999999759672 -5.958683485937997e-06
  outer loop
    vertex 1059.8826676257022 163.17332795398158 21.50060699555504
    vertex 1060.8826346791332 163.17333069563992 22.80065103108715
    vertex 1060.8827209821254 163.17332211775923 21.000675168172734
  endloop
endfacet
facet normal 3.543991160715753e-06 0.9999999999759672 -5.958683485937997e-06
  outer loop
    vertex 1060.8826346791332 163.17333069563992 22.80065103108715
    vertex 1059.8826676257022 163.17332795398158 21.50060699555504
    vertex 1059.8826346826283 163.173334926048 22.800567665071082
  endloop
endfacet
facet normal -0.44700814754571877 -4.592259525884473e-06 -0.8945298854742955
  outer loop
    vertex 1059.882650184069 178.88558999490533 21.500341838839894
    vertex 1060.882767772928 175.88558582096488 21.000585552025996
    vertex 1059.8826498161943 175.8855899951234 21.50036615862286
  endloop
endfacet
facet normal -0.44700814754571877 -4.592259525884473e-06 -0.8945298854742955
  outer loop
    vertex 1060.882767772928 175.88558582096488 21.000585552025996
    vertex 1059.882650184069 178.88558999490533 21.500341838839894
    vertex 1060.8827893103266 178.88558582080077 21.000568123183896
  endloop
endfacet
facet normal -0.9999999994478981 4.230783756663296e-06 -3.295912926511465e-05
  outer loop
    vertex 1059.8826219895416 160.17333492627526 22.800589991164987
    vertex 1059.8826676257022 163.17332795398158 21.50060699555504
    vertex 1059.8826549326147 160.17332795420754 21.500629321649306
  endloop
endfacet
facet normal -0.9999999994478981 4.230783756663296e-06 -3.295912926511465e-05
  outer loop
    vertex 1059.8826676257022 163.17332795398158 21.50060699555504
    vertex 1059.8826219895416 160.17333492627526 22.800589991164987
    vertex 1059.8826346826283 163.173334926048 22.800567665071082
  endloop
endfacet
facet normal -1.4339796365447917e-06 -0.9999999999866063 4.973063168144615e-06
  outer loop
    vertex 1060.8826316821821 175.8855936733264 22.80052377324795
    vertex 1059.8826498161943 175.8855899951234 21.50036615862286
    vertex 1060.882767772928 175.88558582096488 21.000585552025996
  endloop
endfacet
facet normal -1.4339796365447917e-06 -0.9999999999866063 4.973063168144615e-06
  outer loop
    vertex 1059.8826498161943 175.8855899951234 21.50036615862286
    vertex 1060.8826316821821 175.8855936733264 22.80052377324795
    vertex 1059.8826105265775 175.88559485196765 22.800366157055887
  endloop
endfacet
facet normal -0.9999999999998481 8.018930094324997e-08 -5.454187664201311e-07
  outer loop
    vertex 1060.8826249642432 160.173330695871 22.80067564813232
    vertex 1060.8826461240078 123.9191382440217 17.700308780438505
    vertex 1060.8826497516704 123.91913079735922 22.800503454247224
  endloop
endfacet
facet normal -0.9999999999998481 8.018930094324997e-08 -5.454187664201311e-07
  outer loop
    vertex 1060.8826461240078 123.9191382440217 17.700308780438505
    vertex 1060.8826249642432 160.173330695871 22.80067564813232
    vertex 1060.8827053110738 160.17332211791322 21.000692598429865
  endloop
endfacet
facet normal -0.9999999999998481 8.018930094324997e-08 -5.454187664201311e-07
  outer loop
    vertex 1060.8826316821821 175.8855936733264 22.80052377324795
    vertex 1060.882767772928 175.88558582096488 21.000585552025996
    vertex 1060.8826290386814 164.05892406474888 22.800644361201552
  endloop
endfacet
facet normal -0.9999999999998481 8.018930094324997e-08 -5.454187664201311e-07
  outer loop
    vertex 1060.8827053110738 160.17332211791322 21.000692598429865
    vertex 1060.8826461240076 202.97916056673967 17.70049631335415
    vertex 1060.8826461240078 123.9191382440217 17.700308780438505
  endloop
endfacet
facet normal -0.9999999999998481 8.018930094324997e-08 -5.454187664201311e-07
  outer loop
    vertex 1060.8826461240076 202.97916056673967 17.70049631335415
    vertex 1060.8827053110738 160.17332211791322 21.000692598429865
    vertex 1060.8827209821254 163.17332211775923 21.000675168172734
  endloop
endfacet
facet normal -0.9999999999998481 8.018930094324997e-08 -5.454187664201311e-07
  outer loop
    vertex 1060.8826461240076 202.97916056673967 17.70049631335415
    vertex 1060.8827209821254 163.17332211775923 21.000675168172734
    vertex 1060.882767772928 175.88558582096488 21.000585552025996
  endloop
endfacet
facet normal -0.9999999999998481 8.018930094324997e-08 -5.454187664201311e-07
  outer loop
    vertex 1060.882767772928 175.88558582096488 21.000585552025996
    vertex 1060.8827209821254 163.17332211775923 21.000675168172734
    vertex 1060.8826346791332 163.17333069563992 22.80065103108715
  endloop
endfacet
facet normal -0.9999999999998481 8.018930094324997e-08 -5.454187664201311e-07
  outer loop
    vertex 1060.882767772928 175.88558582096488 21.000585552025996
    vertex 1060.8826346791332 163.17333069563992 22.80065103108715
    vertex 1060.8826290386814 164.05892406474888 22.800644361201552
  endloop
endfacet
facet normal -0.9999999999998481 8.018930094324997e-08 -5.454187664201311e-07
  outer loop
    vertex 1060.8826461240076 202.97916056673967 17.70049631335415
    vertex 1060.882767772928 175.88558582096488 21.000585552025996
    vertex 1060.8827893103266 178.88558582080077 21.000568123183896
  endloop
endfacet
facet normal -0.9999999999998481 8.018930094324997e-08 -5.454187664201311e-07
  outer loop
    vertex 1060.8826461240076 202.97916056673967 17.70049631335415
    vertex 1060.8827893103266 178.88558582080077 21.000568123183896
    vertex 1060.8826108789847 178.88559473040087 22.800499152872888
  endloop
endfacet
facet normal -0.9999999999998481 8.018930094324997e-08 -5.454187664201311e-07
  outer loop
    vertex 1060.8826461240076 202.97916056673967 17.70049631335415
    vertex 1060.8826108789847 178.88559473040087 22.800499152872888
    vertex 1060.8826497517737 206.962175183356 22.800823604348302
  endloop
endfacet
facet normal -0.9999999999998481 8.018930094324997e-08 -5.454187664201311e-07
  outer loop
    vertex 1060.8826461240076 202.97916056673967 17.70049631335415
    vertex 1060.8826497517737 206.962175183356 22.800823604348302
    vertex 1060.8826461240076 206.96218263024593 17.700531507523763
  endloop
endfacet
endsolid changer.v.3.0
