#VRML V2.0 utf8
# 3D model generated by easyeda2kicad.py (https://github.com/uPesy/easyeda2kicad.py)

Shape{
    appearance Appearance {
        material  Material 	{
            diffuseColor 0.25098039215686274 0.25098039215686274 0.25098039215686274
            specularColor 0.12549019607843137 0.12549019607843137 0.12549019607843137
            ambientIntensity 0.251
            transparency 0.0
            shininess 0.5
        }
    }
    geometry IndexedFaceSet {
        ccw TRUE
        solid FALSE
        coord DEF co Coordinate {
            point [
                1.498 -0.8268 0.2756, 1.498 -0.7874 0.2756, 1.498 -0.7874 0.3543, 1.498 0.7874 0.2756, 1.498 0.8268 0.2756, 1.498 0.7874 0.3543, 1.498 0.8268 1.2598, 1.498 0.5 0.3543, 1.498 0.5 1.2598, 1.498 0.0 0.3543, 1.498 0.0 1.2598, 1.498 -0.7067 0.3543, 1.498 -0.8051 1.2598, 1.498 -0.8268 1.2598, -1.3445 0.9843 0.2756, -0.6594 0.9843 0.2756, -1.502 0.8268 0.2756, -0.502 0.8268 0.2756, -1.502 0.7874 0.2756, 0.6555 0.9843 0.2756, 1.3406 0.9843 0.2756, 0.498 0.8268 0.2756, -0.3445 0.9843 0.2756, 0.3406 0.9843 0.2756, 1.3406 0.9843 1.2598, 0.6555 0.9843 1.2598, 1.3406 -0.9843 1.2598, 0.6555 -0.9843 1.2598, 1.3406 -0.9843 0.2756, 0.6555 -0.9843 0.2756, 0.3406 -0.9843 1.2598, 0.498 -0.8268 1.2598, 0.498 -0.8051 1.2598, -0.6594 0.9843 1.2598, -1.315 0.9843 1.2598, -1.128 0.626 1.2598, -1.128 0.5 1.2598, -1.315 0.5 1.2598, -1.128 0.374 1.2598, -1.315 0.0 1.2598, -0.876 0.374 1.2598, -0.502 0.0 1.2598, -0.876 0.5 1.2598, -0.502 0.5 1.2598, -0.876 0.626 1.2598, -0.128 0.5 1.2598, -0.128 0.626 1.2598, -0.502 0.8268 1.2598, -0.3445 0.9843 1.2598, 0.3406 0.9843 1.2598, -0.128 0.374 1.2598, 0.124 0.374 1.2598, 0.498 0.0 1.2598, 0.124 0.5 1.2598, 0.498 0.5 1.2598, 0.124 0.626 1.2598, -0.502 -0.8268 1.2598, -0.3445 -0.9843 1.2598, -0.502 -0.8051 1.2598, -0.6594 -0.9843 1.2598, -1.315 -0.8051 1.2598, -1.315 -0.9843 1.2598, -1.502 -0.8268 1.2598, -1.3445 -0.9843 1.2598, -1.3445 0.9843 1.2598, 0.872 0.5 1.2598, 0.872 0.626 1.2598, 0.498 0.8268 1.2598, 0.872 0.374 1.2598, 1.124 0.374 1.2598, 1.124 0.5 1.2598, 1.124 0.626 1.2598, 0.872 -0.374 1.2598, 0.872 -0.626 1.2598, 1.124 -0.626 1.2598, 1.124 -0.374 1.2598, -0.128 -0.374 1.2598, -0.128 -0.626 1.2598, 0.124 -0.626 1.2598, 0.124 -0.374 1.2598, -1.128 -0.374 1.2598, -1.128 -0.626 1.2598, -0.876 -0.626 1.2598, -0.876 -0.374 1.2598, -1.502 0.8268 1.2598, -1.502 0.5 1.2598, -1.502 0.0 1.2598, -1.502 -0.8051 1.2598, 0.498 -0.8268 0.2756, -0.6594 -0.9843 0.2756, -1.3445 -0.9843 0.2756, -0.502 -0.8268 0.2756, -1.502 -0.8268 0.2756, -1.502 -0.7874 0.2756, 0.3406 -0.9843 0.2756, -0.3445 -0.9843 0.2756, -1.128 0.626 0.3543, -1.502 0.7874 0.3543, -0.876 0.626 0.3543, -0.502 0.7874 0.3543, -0.876 0.5 0.3543, -0.502 0.5 0.3543, -0.876 0.374 0.3543, -0.502 0.0 0.3543, -1.128 0.374 0.3543, -1.502 0.0 0.3543, -1.128 0.5 0.3543, -1.502 0.5 0.3543, -0.128 0.626 0.3543, 0.124 0.626 0.3543, 0.498 0.7874 0.3543, 0.124 0.5 0.3543, 0.498 0.5 0.3543, 0.124 0.374 0.3543, 0.498 0.0 0.3543, -0.128 0.374 0.3543, -0.128 0.5 0.3543, 0.872 0.626 0.3543, 1.124 0.626 0.3543, 1.311 0.7874 0.3543, 1.124 0.5 0.3543, 1.311 0.5 0.3543, 1.124 0.374 0.3543, 1.311 0.0 0.3543, 0.872 0.374 0.3543, 0.872 0.5 0.3543, -1.502 -0.7874 0.3543, -1.502 -0.7067 0.3543, -0.502 -0.7067 0.3543, -0.876 -0.626 0.3543, -0.876 -0.374 0.3543, -1.128 -0.374 0.3543, -1.128 -0.626 0.3543, 0.124 -0.374 0.3543, 0.124 -0.626 0.3543, 0.498 -0.7067 0.3543, -0.128 -0.626 0.3543, -0.128 -0.374 0.3543, 1.124 -0.374 0.3543, 1.124 -0.626 0.3543, 1.311 -0.7067 0.3543, 0.872 -0.626 0.3543, 0.872 -0.374 0.3543, -0.502 -0.7874 0.3543, 0.498 -0.7874 0.3543, 1.311 -0.7874 0.3543
            ]
        }
        coordIndex [
            0,1,2,-1,3,4,5,-1,5,4,6,-1,5,6,7,-1,7,6,8,-1,7,8,9,-1,9,8,10,-1,9,10,11,-1,11,10,12,-1,11,12,2,-1,2,12,13,-1,2,13,0,-1,14,15,16,-1,16,15,17,-1,16,17,18,-1,18,17,3,-1,19,20,21,-1,21,20,4,-1,22,23,17,-1,17,23,21,-1,17,21,3,-1,3,21,4,-1,20,19,24,-1,24,19,25,-1,26,27,28,-1,28,27,29,-1,30,31,32,-1,33,34,35,-1,36,37,38,-1,38,37,39,-1,38,39,40,-1,40,39,41,-1,40,41,42,-1,42,41,43,-1,42,43,44,-1,43,45,46,-1,35,44,33,-1,33,44,43,-1,33,43,47,-1,47,43,46,-1,47,46,48,-1,48,46,49,-1,45,43,50,-1,50,43,41,-1,50,41,51,-1,51,41,52,-1,51,52,53,-1,53,52,54,-1,53,54,55,-1,32,31,12,-1,27,26,31,-1,31,26,13,-1,31,13,12,-1,56,57,30,-1,30,32,56,-1,56,32,58,-1,56,58,59,-1,59,58,60,-1,59,60,61,-1,61,60,62,-1,61,62,63,-1,64,37,34,-1,34,37,36,-1,34,36,35,-1,54,65,66,-1,46,55,49,-1,49,55,54,-1,49,54,67,-1,67,54,66,-1,8,6,24,-1,65,54,68,-1,68,54,52,-1,68,52,69,-1,69,52,10,-1,69,10,70,-1,70,10,8,-1,70,8,71,-1,71,8,24,-1,71,24,66,-1,66,24,25,-1,66,25,67,-1,72,52,73,-1,73,52,32,-1,73,32,74,-1,74,32,12,-1,74,12,75,-1,75,12,10,-1,75,10,72,-1,72,10,52,-1,76,41,77,-1,77,41,58,-1,77,58,78,-1,78,58,32,-1,78,32,79,-1,79,32,52,-1,79,52,76,-1,76,52,41,-1,80,39,81,-1,81,39,60,-1,81,60,82,-1,82,60,58,-1,82,58,83,-1,83,58,41,-1,83,41,80,-1,80,41,39,-1,64,84,37,-1,37,84,85,-1,37,85,39,-1,39,85,86,-1,39,86,60,-1,60,86,87,-1,60,87,62,-1,28,29,0,-1,0,29,88,-1,0,88,1,-1,89,90,91,-1,91,90,92,-1,91,92,93,-1,94,95,88,-1,88,95,91,-1,88,91,1,-1,1,91,93,-1,28,0,26,-1,26,0,13,-1,88,29,31,-1,31,29,27,-1,4,20,6,-1,6,20,24,-1,19,21,25,-1,25,21,67,-1,96,97,98,-1,98,97,99,-1,98,99,100,-1,100,99,101,-1,100,101,102,-1,102,101,103,-1,102,103,104,-1,104,103,105,-1,104,105,106,-1,106,105,107,-1,106,107,96,-1,96,107,97,-1,108,99,109,-1,109,99,110,-1,109,110,111,-1,111,110,112,-1,111,112,113,-1,113,112,114,-1,113,114,115,-1,115,114,103,-1,115,103,116,-1,116,103,101,-1,116,101,108,-1,108,101,99,-1,117,110,118,-1,118,110,119,-1,118,119,120,-1,120,119,121,-1,120,121,122,-1,122,121,123,-1,122,123,124,-1,124,123,114,-1,124,114,125,-1,125,114,112,-1,125,112,117,-1,117,112,110,-1,126,127,128,-1,128,127,129,-1,128,129,103,-1,103,129,130,-1,103,130,105,-1,105,130,131,-1,105,131,127,-1,127,131,132,-1,127,132,129,-1,133,114,134,-1,134,114,135,-1,134,135,136,-1,136,135,128,-1,136,128,137,-1,137,128,103,-1,137,103,133,-1,133,103,114,-1,138,123,139,-1,139,123,140,-1,139,140,141,-1,141,140,135,-1,141,135,142,-1,142,135,114,-1,142,114,138,-1,138,114,123,-1,126,128,143,-1,143,128,135,-1,143,135,144,-1,144,135,140,-1,144,140,145,-1,119,5,121,-1,121,5,7,-1,121,7,123,-1,123,7,9,-1,123,9,140,-1,140,9,11,-1,140,11,145,-1,145,11,2,-1,5,119,3,-1,3,119,110,-1,3,110,18,-1,18,110,99,-1,18,99,97,-1,145,2,1,-1,93,126,143,-1,93,143,1,-1,1,143,144,-1,1,144,145,-1,
        ]
    }
}
Shape{
    appearance Appearance {
        material  Material 	{
            diffuseColor 0.7529411764705882 0.7529411764705882 0.7529411764705882
            specularColor 0.3764705882352941 0.3764705882352941 0.3764705882352941
            ambientIntensity 0.7529
            transparency 0.0
            shininess 0.5
        }
    }
    geometry IndexedFaceSet {
        ccw TRUE
        solid FALSE
        coord DEF co Coordinate {
            point [
                1.124 0.374 0.2441, 0.872 0.374 0.2441, 0.872 0.3823 0.1809, 1.124 0.3823 0.1809, 0.872 0.4067 0.122, 1.124 0.4067 0.122, 0.872 0.4455 0.0715, 1.124 0.4455 0.0715, 0.872 0.4961 0.0327, 1.124 0.4961 0.0327, 0.872 0.5549 0.0083, 1.124 0.5549 0.0083, 0.872 0.6181 0.0, 1.124 0.6181 0.0, 1.124 1.3189 0.0, 0.872 1.3189 0.0, 0.9294 1.4764 0.0573, 0.9294 1.4764 0.1947, 1.0667 1.4764 0.0573, 1.0667 1.4764 0.1947, 0.872 1.3189 0.252, 0.872 0.626 0.252, 1.124 1.3189 0.252, 1.124 0.626 0.252, 1.124 0.626 0.3543, 1.124 0.5 0.3543, 1.124 0.374 0.3543, 0.872 0.5 0.3543, 0.872 0.626 0.3543, 0.872 0.374 0.3543, 1.124 0.626 3.4646, 1.124 0.626 1.2598, 0.872 0.626 3.4646, 0.872 0.626 1.2598, 0.872 0.374 3.4646, 0.872 0.374 1.2598, 1.124 0.374 3.4646, 1.124 0.374 1.2598, 1.124 0.5 1.2598, 0.872 0.5 1.2598, 0.9294 0.5687 3.622, 0.9294 0.4313 3.622, 1.0667 0.5687 3.622, 1.0667 0.4313 3.622, 1.124 -1.3189 0.252, 1.124 -0.626 0.252, 0.872 -1.3189 0.252, 0.872 -0.626 0.252, 0.9294 -1.4764 0.1947, 0.9294 -1.4764 0.0573, 1.0667 -1.4764 0.1947, 1.0667 -1.4764 0.0573, 0.872 -1.3189 0.0, 0.872 -0.6181 0.0, 1.124 -1.3189 0.0, 1.124 -0.6181 0.0, 0.872 -0.5549 0.0083, 1.124 -0.5549 0.0083, 0.872 -0.4961 0.0327, 1.124 -0.4961 0.0327, 0.872 -0.4455 0.0715, 1.124 -0.4455 0.0715, 0.872 -0.4067 0.122, 1.124 -0.4067 0.122, 0.872 -0.3823 0.1809, 1.124 -0.3823 0.1809, 0.872 -0.374 0.2441, 1.124 -0.374 0.2441, 1.124 -0.374 0.3543, 1.124 -0.626 0.3543, 0.872 -0.626 0.3543, 0.872 -0.374 0.3543, 1.124 -0.374 3.4646, 1.124 -0.374 1.2598, 0.872 -0.374 3.4646, 0.872 -0.374 1.2598, 0.872 -0.626 3.4646, 0.872 -0.626 1.2598, 1.124 -0.626 3.4646, 1.124 -0.626 1.2598, 0.9294 -0.4313 3.622, 0.9294 -0.5687 3.622, 1.0667 -0.4313 3.622, 1.0667 -0.5687 3.622
            ]
        }
        coordIndex [
            0,1,2,-1,0,2,3,-1,3,2,4,-1,3,4,5,-1,5,4,6,-1,5,6,7,-1,7,6,8,-1,7,8,9,-1,9,8,10,-1,9,10,11,-1,11,10,12,-1,11,12,13,-1,14,13,15,-1,15,13,12,-1,16,17,18,-1,18,17,19,-1,20,21,22,-1,22,21,23,-1,14,22,13,-1,13,22,23,-1,13,23,11,-1,24,25,7,-1,25,26,0,-1,24,7,23,-1,23,7,9,-1,23,9,11,-1,0,3,25,-1,25,3,5,-1,25,5,7,-1,27,28,21,-1,1,29,27,-1,1,27,2,-1,20,15,21,-1,21,15,12,-1,21,12,10,-1,10,8,21,-1,21,8,6,-1,21,6,27,-1,27,6,4,-1,27,4,2,-1,1,0,29,-1,29,0,26,-1,24,23,28,-1,28,23,21,-1,30,31,32,-1,32,31,33,-1,34,35,36,-1,36,35,37,-1,31,30,38,-1,38,30,36,-1,38,36,37,-1,35,34,39,-1,39,34,32,-1,39,32,33,-1,40,41,42,-1,42,41,43,-1,36,43,34,-1,34,43,41,-1,30,42,36,-1,36,42,43,-1,40,32,41,-1,41,32,34,-1,32,40,30,-1,30,40,42,-1,22,19,20,-1,20,19,17,-1,14,18,22,-1,22,18,19,-1,16,15,17,-1,17,15,20,-1,15,16,14,-1,14,16,18,-1,44,45,46,-1,46,45,47,-1,48,49,50,-1,50,49,51,-1,52,53,54,-1,54,53,55,-1,55,53,56,-1,55,56,57,-1,57,56,58,-1,57,58,59,-1,59,58,60,-1,59,60,61,-1,61,60,62,-1,61,62,63,-1,63,62,64,-1,63,64,65,-1,65,64,66,-1,65,66,67,-1,45,61,63,-1,44,54,45,-1,45,54,55,-1,68,69,67,-1,67,69,45,-1,67,45,65,-1,65,45,63,-1,55,57,45,-1,45,57,59,-1,45,59,61,-1,47,60,58,-1,70,71,47,-1,47,71,66,-1,52,46,53,-1,53,46,47,-1,53,47,56,-1,56,47,58,-1,66,64,47,-1,47,64,62,-1,47,62,60,-1,47,45,70,-1,70,45,69,-1,68,67,71,-1,71,67,66,-1,72,73,74,-1,74,73,75,-1,76,77,78,-1,78,77,79,-1,78,79,72,-1,72,79,73,-1,74,75,76,-1,76,75,77,-1,80,81,82,-1,82,81,83,-1,78,83,76,-1,76,83,81,-1,72,82,78,-1,78,82,83,-1,80,74,81,-1,81,74,76,-1,74,80,72,-1,72,80,82,-1,54,51,52,-1,52,51,49,-1,44,50,54,-1,54,50,51,-1,48,46,49,-1,49,46,52,-1,46,48,44,-1,44,48,50,-1,
        ]
    }
}
Shape{
    appearance Appearance {
        material  Material 	{
            diffuseColor 0.25098039215686274 0.25098039215686274 0.25098039215686274
            specularColor 0.12549019607843137 0.12549019607843137 0.12549019607843137
            ambientIntensity 0.251
            transparency 0.0
            shininess 0.5
        }
    }
    geometry IndexedFaceSet {
        ccw TRUE
        solid FALSE
        coord DEF co Coordinate {
            point [
                0.3406 0.9843 0.2756, -0.3445 0.9843 0.2756, 0.3406 0.9843 1.2598, -0.3445 0.9843 1.2598, 0.3406 -0.9843 1.2598, -0.3445 -0.9843 1.2598, 0.3406 -0.9843 0.2756, -0.3445 -0.9843 0.2756, 0.498 -0.8268 0.2756, 0.498 -0.8268 1.2598, -0.502 -0.8268 0.2756, -0.502 -0.8268 1.2598, 0.498 0.8268 0.2756, 0.498 0.8268 1.2598, -0.502 0.8268 0.2756, -0.502 0.8268 1.2598
            ]
        }
        coordIndex [
            0,1,2,-1,2,1,3,-1,4,5,6,-1,6,5,7,-1,6,8,4,-1,4,8,9,-1,10,7,11,-1,11,7,5,-1,12,0,13,-1,13,0,2,-1,1,14,3,-1,3,14,15,-1,
        ]
    }
}
Shape{
    appearance Appearance {
        material  Material 	{
            diffuseColor 0.7529411764705882 0.7529411764705882 0.7529411764705882
            specularColor 0.3764705882352941 0.3764705882352941 0.3764705882352941
            ambientIntensity 0.7529
            transparency 0.0
            shininess 0.5
        }
    }
    geometry IndexedFaceSet {
        ccw TRUE
        solid FALSE
        coord DEF co Coordinate {
            point [
                0.124 0.374 0.2441, -0.128 0.374 0.2441, -0.128 0.3823 0.1809, 0.124 0.3823 0.1809, -0.128 0.4067 0.122, 0.124 0.4067 0.122, -0.128 0.4455 0.0715, 0.124 0.4455 0.0715, -0.128 0.4961 0.0327, 0.124 0.4961 0.0327, -0.128 0.5549 0.0083, 0.124 0.5549 0.0083, -0.128 0.6181 0.0, 0.124 0.6181 0.0, 0.124 1.3189 0.0, -0.128 1.3189 0.0, -0.0706 1.4764 0.0573, -0.0706 1.4764 0.1947, 0.0667 1.4764 0.0573, 0.0667 1.4764 0.1947, -0.128 1.3189 0.252, -0.128 0.626 0.252, 0.124 1.3189 0.252, 0.124 0.626 0.252, 0.124 0.626 0.3543, 0.124 0.5 0.3543, 0.124 0.374 0.3543, -0.128 0.5 0.3543, -0.128 0.626 0.3543, -0.128 0.374 0.3543, 0.124 0.626 3.4646, 0.124 0.626 1.2598, -0.128 0.626 3.4646, -0.128 0.626 1.2598, -0.128 0.374 3.4646, -0.128 0.374 1.2598, 0.124 0.374 3.4646, 0.124 0.374 1.2598, 0.124 0.5 1.2598, -0.128 0.5 1.2598, -0.0706 0.5687 3.622, -0.0706 0.4313 3.622, 0.0667 0.5687 3.622, 0.0667 0.4313 3.622, 0.124 -1.3189 0.252, 0.124 -0.626 0.252, -0.128 -1.3189 0.252, -0.128 -0.626 0.252, -0.0706 -1.4764 0.1947, -0.0706 -1.4764 0.0573, 0.0667 -1.4764 0.1947, 0.0667 -1.4764 0.0573, -0.128 -1.3189 0.0, -0.128 -0.6181 0.0, 0.124 -1.3189 0.0, 0.124 -0.6181 0.0, -0.128 -0.5549 0.0083, 0.124 -0.5549 0.0083, -0.128 -0.4961 0.0327, 0.124 -0.4961 0.0327, -0.128 -0.4455 0.0715, 0.124 -0.4455 0.0715, -0.128 -0.4067 0.122, 0.124 -0.4067 0.122, -0.128 -0.3823 0.1809, 0.124 -0.3823 0.1809, -0.128 -0.374 0.2441, 0.124 -0.374 0.2441, 0.124 -0.374 0.3543, 0.124 -0.626 0.3543, -0.128 -0.626 0.3543, -0.128 -0.374 0.3543, 0.124 -0.374 3.4646, 0.124 -0.374 1.2598, -0.128 -0.374 3.4646, -0.128 -0.374 1.2598, -0.128 -0.626 3.4646, -0.128 -0.626 1.2598, 0.124 -0.626 3.4646, 0.124 -0.626 1.2598, -0.0706 -0.4313 3.622, -0.0706 -0.5687 3.622, 0.0667 -0.4313 3.622, 0.0667 -0.5687 3.622
            ]
        }
        coordIndex [
            0,1,2,-1,0,2,3,-1,3,2,4,-1,3,4,5,-1,5,4,6,-1,5,6,7,-1,7,6,8,-1,7,8,9,-1,9,8,10,-1,9,10,11,-1,11,10,12,-1,11,12,13,-1,14,13,15,-1,15,13,12,-1,16,17,18,-1,18,17,19,-1,20,21,22,-1,22,21,23,-1,14,22,13,-1,13,22,23,-1,13,23,11,-1,24,25,7,-1,25,26,0,-1,24,7,23,-1,23,7,9,-1,23,9,11,-1,0,3,25,-1,25,3,5,-1,25,5,7,-1,27,28,21,-1,1,29,27,-1,1,27,2,-1,20,15,21,-1,21,15,12,-1,21,12,10,-1,10,8,21,-1,21,8,6,-1,21,6,27,-1,27,6,4,-1,27,4,2,-1,1,0,29,-1,29,0,26,-1,24,23,28,-1,28,23,21,-1,30,31,32,-1,32,31,33,-1,34,35,36,-1,36,35,37,-1,31,30,38,-1,38,30,36,-1,38,36,37,-1,35,34,39,-1,39,34,32,-1,39,32,33,-1,40,41,42,-1,42,41,43,-1,36,43,34,-1,34,43,41,-1,30,42,36,-1,36,42,43,-1,40,32,41,-1,41,32,34,-1,32,40,30,-1,30,40,42,-1,22,19,20,-1,20,19,17,-1,14,18,22,-1,22,18,19,-1,16,15,17,-1,17,15,20,-1,15,16,14,-1,14,16,18,-1,44,45,46,-1,46,45,47,-1,48,49,50,-1,50,49,51,-1,52,53,54,-1,54,53,55,-1,55,53,56,-1,55,56,57,-1,57,56,58,-1,57,58,59,-1,59,58,60,-1,59,60,61,-1,61,60,62,-1,61,62,63,-1,63,62,64,-1,63,64,65,-1,65,64,66,-1,65,66,67,-1,45,61,63,-1,44,54,45,-1,45,54,55,-1,68,69,67,-1,67,69,45,-1,67,45,65,-1,65,45,63,-1,55,57,45,-1,45,57,59,-1,45,59,61,-1,47,60,58,-1,70,71,47,-1,47,71,66,-1,52,46,53,-1,53,46,47,-1,53,47,56,-1,56,47,58,-1,66,64,47,-1,47,64,62,-1,47,62,60,-1,47,45,70,-1,70,45,69,-1,68,67,71,-1,71,67,66,-1,72,73,74,-1,74,73,75,-1,76,77,78,-1,78,77,79,-1,78,79,72,-1,72,79,73,-1,74,75,76,-1,76,75,77,-1,80,81,82,-1,82,81,83,-1,78,83,76,-1,76,83,81,-1,72,82,78,-1,78,82,83,-1,80,74,81,-1,81,74,76,-1,74,80,72,-1,72,80,82,-1,54,51,52,-1,52,51,49,-1,44,50,54,-1,54,50,51,-1,48,46,49,-1,49,46,52,-1,46,48,44,-1,44,48,50,-1,
        ]
    }
}
Shape{
    appearance Appearance {
        material  Material 	{
            diffuseColor 0.25098039215686274 0.25098039215686274 0.25098039215686274
            specularColor 0.12549019607843137 0.12549019607843137 0.12549019607843137
            ambientIntensity 0.251
            transparency 0.0
            shininess 0.5
        }
    }
    geometry IndexedFaceSet {
        ccw TRUE
        solid FALSE
        coord DEF co Coordinate {
            point [
                -1.502 -0.7874 0.3543, -1.502 -0.7874 0.2756, -1.502 -0.8268 0.2756, -1.502 0.8268 1.2598, -1.502 0.8268 0.2756, -1.502 0.7874 0.3543, -1.502 0.7874 0.2756, -1.502 -0.8268 1.2598, -1.502 -0.8051 1.2598, -1.502 -0.7067 0.3543, -1.502 0.0 1.2598, -1.502 0.5 1.2598, -1.502 0.5 0.3543, -1.502 0.0 0.3543, -0.6594 0.9843 1.2598, -0.6594 0.9843 0.2756, -1.315 0.9843 1.2598, -1.3445 0.9843 0.2756, -1.3445 0.9843 1.2598, -1.3445 -0.9843 1.2598, -1.3445 -0.9843 0.2756, -1.315 -0.9843 1.2598, -0.6594 -0.9843 0.2756, -0.6594 -0.9843 1.2598, -0.502 -0.8268 0.2756, -0.502 -0.8268 1.2598, -0.502 0.8268 0.2756, -0.502 0.8268 1.2598
            ]
        }
        coordIndex [
            0,1,2,-1,3,4,5,-1,5,4,6,-1,2,7,0,-1,0,7,8,-1,0,8,9,-1,9,8,10,-1,3,5,11,-1,11,5,12,-1,11,12,10,-1,10,12,13,-1,10,13,9,-1,14,15,16,-1,16,15,17,-1,16,17,18,-1,19,20,21,-1,21,20,22,-1,21,22,23,-1,22,24,23,-1,23,24,25,-1,2,20,7,-1,7,20,19,-1,26,15,27,-1,27,15,14,-1,17,4,18,-1,18,4,3,-1,
        ]
    }
}
Shape{
    appearance Appearance {
        material  Material 	{
            diffuseColor 0.7529411764705882 0.7529411764705882 0.7529411764705882
            specularColor 0.3764705882352941 0.3764705882352941 0.3764705882352941
            ambientIntensity 0.7529
            transparency 0.0
            shininess 0.5
        }
    }
    geometry IndexedFaceSet {
        ccw TRUE
        solid FALSE
        coord DEF co Coordinate {
            point [
                -0.876 0.374 0.2441, -1.128 0.374 0.2441, -1.128 0.3823 0.1809, -0.876 0.3823 0.1809, -1.128 0.4067 0.122, -0.876 0.4067 0.122, -1.128 0.4455 0.0715, -0.876 0.4455 0.0715, -1.128 0.4961 0.0327, -0.876 0.4961 0.0327, -1.128 0.5549 0.0083, -0.876 0.5549 0.0083, -1.128 0.6181 0.0, -0.876 0.6181 0.0, -0.876 1.3189 0.0, -1.128 1.3189 0.0, -1.0706 1.4764 0.0573, -1.0706 1.4764 0.1947, -0.9333 1.4764 0.0573, -0.9333 1.4764 0.1947, -1.128 1.3189 0.252, -1.128 0.626 0.252, -0.876 1.3189 0.252, -0.876 0.626 0.252, -0.876 0.626 0.3543, -0.876 0.5 0.3543, -0.876 0.374 0.3543, -1.128 0.5 0.3543, -1.128 0.626 0.3543, -1.128 0.374 0.3543, -0.876 0.626 3.4646, -0.876 0.626 1.2598, -1.128 0.626 3.4646, -1.128 0.626 1.2598, -1.128 0.374 3.4646, -1.128 0.374 1.2598, -0.876 0.374 3.4646, -0.876 0.374 1.2598, -0.876 0.5 1.2598, -1.128 0.5 1.2598, -1.0706 0.5687 3.622, -1.0706 0.4313 3.622, -0.9333 0.5687 3.622, -0.9333 0.4313 3.622, -0.876 -1.3189 0.252, -0.876 -0.626 0.252, -1.128 -1.3189 0.252, -1.128 -0.626 0.252, -1.0706 -1.4764 0.1947, -1.0706 -1.4764 0.0573, -0.9333 -1.4764 0.1947, -0.9333 -1.4764 0.0573, -1.128 -1.3189 0.0, -1.128 -0.6181 0.0, -0.876 -1.3189 0.0, -0.876 -0.6181 0.0, -1.128 -0.5549 0.0083, -0.876 -0.5549 0.0083, -1.128 -0.4961 0.0327, -0.876 -0.4961 0.0327, -1.128 -0.4455 0.0715, -0.876 -0.4455 0.0715, -1.128 -0.4067 0.122, -0.876 -0.4067 0.122, -1.128 -0.3823 0.1809, -0.876 -0.3823 0.1809, -1.128 -0.374 0.2441, -0.876 -0.374 0.2441, -0.876 -0.374 0.3543, -0.876 -0.626 0.3543, -1.128 -0.626 0.3543, -1.128 -0.374 0.3543, -0.876 -0.374 3.4646, -0.876 -0.374 1.2598, -1.128 -0.374 3.4646, -1.128 -0.374 1.2598, -1.128 -0.626 3.4646, -1.128 -0.626 1.2598, -0.876 -0.626 3.4646, -0.876 -0.626 1.2598, -1.0706 -0.4313 3.622, -1.0706 -0.5687 3.622, -0.9333 -0.4313 3.622, -0.9333 -0.5687 3.622
            ]
        }
        coordIndex [
            0,1,2,-1,0,2,3,-1,3,2,4,-1,3,4,5,-1,5,4,6,-1,5,6,7,-1,7,6,8,-1,7,8,9,-1,9,8,10,-1,9,10,11,-1,11,10,12,-1,11,12,13,-1,14,13,15,-1,15,13,12,-1,16,17,18,-1,18,17,19,-1,20,21,22,-1,22,21,23,-1,14,22,13,-1,13,22,23,-1,13,23,11,-1,24,25,7,-1,25,26,0,-1,24,7,23,-1,23,7,9,-1,23,9,11,-1,0,3,25,-1,25,3,5,-1,25,5,7,-1,27,28,21,-1,1,29,27,-1,1,27,2,-1,20,15,21,-1,21,15,12,-1,21,12,10,-1,10,8,21,-1,21,8,6,-1,21,6,27,-1,27,6,4,-1,27,4,2,-1,1,0,29,-1,29,0,26,-1,24,23,28,-1,28,23,21,-1,30,31,32,-1,32,31,33,-1,34,35,36,-1,36,35,37,-1,31,30,38,-1,38,30,36,-1,38,36,37,-1,35,34,39,-1,39,34,32,-1,39,32,33,-1,40,41,42,-1,42,41,43,-1,36,43,34,-1,34,43,41,-1,30,42,36,-1,36,42,43,-1,40,32,41,-1,41,32,34,-1,32,40,30,-1,30,40,42,-1,22,19,20,-1,20,19,17,-1,14,18,22,-1,22,18,19,-1,16,15,17,-1,17,15,20,-1,15,16,14,-1,14,16,18,-1,44,45,46,-1,46,45,47,-1,48,49,50,-1,50,49,51,-1,52,53,54,-1,54,53,55,-1,55,53,56,-1,55,56,57,-1,57,56,58,-1,57,58,59,-1,59,58,60,-1,59,60,61,-1,61,60,62,-1,61,62,63,-1,63,62,64,-1,63,64,65,-1,65,64,66,-1,65,66,67,-1,45,61,63,-1,44,54,45,-1,45,54,55,-1,68,69,67,-1,67,69,45,-1,67,45,65,-1,65,45,63,-1,55,57,45,-1,45,57,59,-1,45,59,61,-1,47,60,58,-1,70,71,47,-1,47,71,66,-1,52,46,53,-1,53,46,47,-1,53,47,56,-1,56,47,58,-1,66,64,47,-1,47,64,62,-1,47,62,60,-1,47,45,70,-1,70,45,69,-1,68,67,71,-1,71,67,66,-1,72,73,74,-1,74,73,75,-1,76,77,78,-1,78,77,79,-1,78,79,72,-1,72,79,73,-1,74,75,76,-1,76,75,77,-1,80,81,82,-1,82,81,83,-1,78,83,76,-1,76,83,81,-1,72,82,78,-1,78,82,83,-1,80,74,81,-1,81,74,76,-1,74,80,72,-1,72,80,82,-1,54,51,52,-1,52,51,49,-1,44,50,54,-1,54,50,51,-1,48,46,49,-1,49,46,52,-1,46,48,44,-1,44,48,50,-1,
        ]
    }
}
Shape{
    appearance Appearance {
        material  Material 	{
            diffuseColor 1.0 1.0 1.0
            specularColor 0.5019607843137255 0.5019607843137255 0.5019607843137255
            ambientIntensity 1.0
            transparency 0.0
            shininess 0.5
        }
    }
    geometry IndexedFaceSet {
        ccw TRUE
        solid FALSE
        coord DEF co Coordinate {
            point [
                1.502 -0.5392 0.5503, 1.502 -0.5288 0.5416, 1.502 -0.5619 0.6517, 1.502 -0.4805 0.8234, 1.502 -0.4736 0.8196, 1.502 -0.5031 0.8889, 1.502 -0.4182 0.8902, 1.502 -0.4021 0.8989, 1.502 -0.4316 0.9483, 1.502 -0.2295 0.8414, 1.502 -0.2217 0.8247, 1.502 -0.1672 0.8433, 1.502 -0.2163 0.8071, 1.502 -0.2137 0.7921, 1.502 -0.4672 0.654, 1.502 -0.4583 0.6512, 1.502 -0.4384 0.708, 1.502 -0.1777 0.6494, 1.502 -0.1908 0.6454, 1.502 -0.1768 0.589, 1.502 -0.5628 0.5881, 1.502 -0.557 0.5742, 1.502 -0.5491 0.5616, 1.502 -0.245 0.6982, 1.502 -0.2744 0.7485, 1.502 -0.3778 0.628, 1.502 -0.4015 0.682, 1.502 -0.3778 0.6185, 1.502 -0.4291 0.5342, 1.502 -0.3786 0.6063, 1.502 -0.4163 0.5423, 1.502 -0.4057 0.5515, 1.502 -0.4821 0.5815, 1.502 -0.4858 0.5245, 1.502 -0.4736 0.5805, 1.502 -0.4727 0.5236, 1.502 -0.4646 0.5816, 1.502 -0.4984 0.5901, 1.502 -0.4909 0.5848, 1.502 -0.5156 0.5336, 1.502 -0.5011 0.5278, 1.502 -0.4396 0.6321, 1.502 -0.4371 0.6235, 1.502 -0.4368 0.6143, 1.502 -0.4388 0.6051, 1.502 -0.443 0.5968, 1.502 -0.5513 0.8298, 1.502 -0.5635 0.8859, 1.502 -0.582 0.8797, 1.502 -0.1947 0.5862, 1.502 -0.2004 0.6441, 1.502 -0.2507 0.5862, 1.502 -0.2431 0.6441, 1.502 -0.2554 0.5869, 1.502 -0.4115 0.9567, 1.502 -0.3848 0.9053, 1.502 -0.3907 0.9627, 1.502 -0.5756 0.6593, 1.502 -0.5917 0.5986, 1.502 -0.5736 0.5913, 1.502 -0.5658 0.8241, 1.502 -0.5997 0.8713, 1.502 -0.5791 0.816, 1.502 -0.6162 0.8605, 1.502 -0.5909 0.806, 1.502 -0.3956 0.5633, 1.502 -0.3876 0.5766, 1.502 -0.3819 0.5911, 1.502 -0.5104 0.6137, 1.502 -0.5084 0.6049, 1.502 -0.5044 0.597, 1.502 -0.4246 0.7014, 1.502 -0.4504 0.6463, 1.502 -0.4122 0.6926, 1.502 -0.1352 0.7394, 1.502 -0.0849 0.7705, 1.502 -0.1404 0.7521, 1.502 -0.0935 0.7863, 1.502 -0.1478 0.7637, 1.502 -0.1043 0.8012, 1.502 -0.1572 0.7736, 1.502 -0.1171 0.8145, 1.502 -0.168 0.7816, 1.502 -0.5985 0.6805, 1.502 -0.6387 0.6337, 1.502 -0.5878 0.669, 1.502 -0.6243 0.6198, 1.502 -0.6086 0.6081, 1.502 -0.5444 0.8895, 1.502 -0.5361 0.8331, 1.502 -0.5249 0.8908, 1.502 -0.5239 0.8339, 1.502 -0.514 0.8902, 1.502 -0.5091 0.8326, 1.502 -0.4947 0.8291, 1.502 -0.5103 0.6229, 1.502 -0.5077 0.6319, 1.502 -0.5576 0.6614, 1.502 -0.5031 0.64, 1.502 -0.4736 0.6545, 1.502 -0.4878 0.7131, 1.502 -0.4826 0.6534, 1.502 -0.5022 0.7095, 1.502 -0.4909 0.6502, 1.502 -0.4533 0.7124, 1.502 -0.4678 0.7142, 1.502 -0.4727 0.7143, 1.502 -0.449 0.5899, 1.502 -0.4563 0.5848, 1.502 -0.443 0.5284, 1.502 -0.4575 0.5248, 1.502 -0.1596 0.5942, 1.502 -0.1433 0.6016, 1.502 -0.1656 0.6558, 1.502 -0.1279 0.6114, 1.502 -0.1549 0.6642, 1.502 -0.1138 0.6233, 1.502 -0.1506 0.6687, 1.502 -0.1083 0.6289, 1.502 -0.1426 0.6796, 1.502 -0.451 0.9375, 1.502 -0.4613 0.9306, 1.502 -0.433 0.8794, 1.502 -0.4764 0.9185, 1.502 -0.4461 0.8667, 1.502 -0.4901 0.9046, 1.502 -0.4574 0.8523, 1.502 -0.4666 0.8366, 1.502 -0.1755 0.8624, 1.502 -0.186 0.8805, 1.502 -0.2396 0.8569, 1.502 -0.1989 0.8978, 1.502 -0.2516 0.8709, 1.502 -0.6173 0.7219, 1.502 -0.6736 0.6986, 1.502 -0.6132 0.7069, 1.502 -0.6675 0.68, 1.502 -0.6066 0.6927, 1.502 -0.659 0.6621, 1.502 -0.6483 0.6454, 1.502 -0.444 0.6397, 1.502 -0.1333 0.7045, 1.502 -0.0735 0.7108, 1.502 -0.1321 0.7181, 1.502 -0.0732 0.7191, 1.502 -0.1325 0.7259, 1.502 -0.0748 0.7368, 1.502 -0.0787 0.7539, 1.502 -0.097 0.643, 1.502 -0.0878 0.6584, 1.502 -0.1368 0.6916, 1.502 -0.0807 0.675, 1.502 -0.0759 0.6926, 1.502 -0.516 0.7037, 1.502 -0.5276 0.6965, 1.502 -0.4983 0.645, 1.502 -0.5394 0.6866, 1.502 -0.5495 0.6748, 1.502 -0.2477 0.645, 1.502 -0.2708 0.5963, 1.502 -0.268 0.5935, 1.502 -0.3474 0.9676, 1.502 -0.3465 0.9107, 1.502 -0.3408 0.9675, 1.502 -0.3284 0.9095, 1.502 -0.6082 0.7825, 1.502 -0.6663 0.7973, 1.502 -0.614 0.7687, 1.502 -0.6728 0.7788, 1.502 -0.6176 0.7542, 1.502 -0.6769 0.7595, 1.502 -0.6188 0.739, 1.502 -0.6785 0.7411, 1.502 -0.6188 0.7362, 1.502 -0.6786 0.7371, 1.502 -0.6773 0.7176, 1.502 -0.2061 0.7921, 1.502 -0.1926 0.7909, 1.502 -0.1636 0.8422, 1.502 -0.1799 0.7873, 1.502 -0.1477 0.8355, 1.502 -0.1317 0.826, 1.502 -0.2782 0.6156, 1.502 -0.2773 0.6088, 1.502 -0.2749 0.6023, 1.502 -0.2448 0.6443, 1.502 -0.2617 0.5892, 1.502 -0.3694 0.9664, 1.502 -0.3667 0.9092, 1.502 -0.3493 0.9107, 1.502 -0.2559 0.6442, 1.502 -0.2624 0.6417, 1.502 -0.278 0.6185, 1.502 -0.2682 0.6376, 1.502 -0.2729 0.6324, 1.502 -0.2764 0.6257, 1.502 -0.6307 0.8485, 1.502 -0.634 0.8452, 1.502 -0.6001 0.7954, 1.502 -0.6468 0.8307, 1.502 -0.6576 0.8147, 1.502 -0.2488 0.645, 1.502 -0.214 0.9142, 1.502 -0.2184 0.9183, 1.502 -0.2633 0.8814, 1.502 -0.2365 0.9323, 1.502 -0.2782 0.8918, 1.502 -0.2558 0.9442, 1.502 -0.2942 0.9, 1.502 -0.2762 0.9537, 1.502 -0.311 0.9059, 1.502 -0.2973 0.9609, 1.502 -0.3189 0.9655, 1.498 -0.2744 0.7485, 1.498 -0.245 0.6982, 1.498 -0.4015 0.682, 1.498 -0.3778 0.628, 1.498 -0.4291 0.5342, 1.498 -0.3778 0.6185, 1.498 -0.3786 0.6063, 1.498 -0.4163 0.5423, 1.498 -0.4057 0.5515, 1.498 -0.4826 0.6534, 1.498 -0.4909 0.6502, 1.498 -0.5619 0.6517, 1.498 -0.4983 0.645, 1.498 -0.4021 0.8989, 1.498 -0.4182 0.8902, 1.498 -0.451 0.9375, 1.498 -0.5392 0.5503, 1.498 -0.5491 0.5616, 1.498 -0.5077 0.6319, 1.498 -0.557 0.5742, 1.498 -0.5628 0.5881, 1.498 -0.443 0.5968, 1.498 -0.4388 0.6051, 1.498 -0.4368 0.6143, 1.498 -0.4371 0.6235, 1.498 -0.6132 0.7069, 1.498 -0.6066 0.6927, 1.498 -0.659 0.6621, 1.498 -0.3819 0.5911, 1.498 -0.3876 0.5766, 1.498 -0.3956 0.5633, 1.498 -0.4736 0.5805, 1.498 -0.4646 0.5816, 1.498 -0.4575 0.5248, 1.498 -0.5658 0.8241, 1.498 -0.582 0.8797, 1.498 -0.5513 0.8298, 1.498 -0.5635 0.8859, 1.498 -0.5361 0.8331, 1.498 -0.5444 0.8895, 1.498 -0.5239 0.8339, 1.498 -0.6483 0.6454, 1.498 -0.5985 0.6805, 1.498 -0.6387 0.6337, 1.498 -0.5878 0.669, 1.498 -0.6243 0.6198, 1.498 -0.6086 0.6081, 1.498 -0.5756 0.6593, 1.498 -0.5917 0.5986, 1.498 -0.5736 0.5913, 1.498 -0.5031 0.64, 1.498 -0.2396 0.8569, 1.498 -0.186 0.8805, 1.498 -0.2295 0.8414, 1.498 -0.1755 0.8624, 1.498 -0.2217 0.8247, 1.498 -0.1672 0.8433, 1.498 -0.2163 0.8071, 1.498 -0.4613 0.9306, 1.498 -0.433 0.8794, 1.498 -0.4764 0.9185, 1.498 -0.1799 0.7873, 1.498 -0.1926 0.7909, 1.498 -0.5103 0.6229, 1.498 -0.5104 0.6137, 1.498 -0.5084 0.6049, 1.498 -0.4901 0.9046, 1.498 -0.4461 0.8667, 1.498 -0.5031 0.8889, 1.498 -0.4574 0.8523, 1.498 -0.4666 0.8366, 1.498 -0.1368 0.6916, 1.498 -0.0878 0.6584, 1.498 -0.1426 0.6796, 1.498 -0.097 0.643, 1.498 -0.1506 0.6687, 1.498 -0.1083 0.6289, 1.498 -0.1549 0.6642, 1.498 -0.1138 0.6233, 1.498 -0.1656 0.6558, 1.498 -0.1404 0.7521, 1.498 -0.0849 0.7705, 1.498 -0.1352 0.7394, 1.498 -0.0787 0.7539, 1.498 -0.1325 0.7259, 1.498 -0.0748 0.7368, 1.498 -0.1321 0.7181, 1.498 -0.2061 0.7921, 1.498 -0.2137 0.7921, 1.498 -0.4909 0.5848, 1.498 -0.5288 0.5416, 1.498 -0.4984 0.5901, 1.498 -0.5044 0.597, 1.498 -0.4736 0.6545, 1.498 -0.4678 0.7142, 1.498 -0.4672 0.654, 1.498 -0.4533 0.7124, 1.498 -0.4583 0.6512, 1.498 -0.5249 0.8908, 1.498 -0.514 0.8902, 1.498 -0.5091 0.8326, 1.498 -0.4947 0.8291, 1.498 -0.443 0.5284, 1.498 -0.4563 0.5848, 1.498 -0.449 0.5899, 1.498 -0.4384 0.708, 1.498 -0.4246 0.7014, 1.498 -0.4504 0.6463, 1.498 -0.4122 0.6926, 1.498 -0.444 0.6397, 1.498 -0.4396 0.6321, 1.498 -0.516 0.7037, 1.498 -0.5022 0.7095, 1.498 -0.4805 0.8234, 1.498 -0.4736 0.8196, 1.498 -0.268 0.5935, 1.498 -0.2708 0.5963, 1.498 -0.2477 0.645, 1.498 -0.2749 0.6023, 1.498 -0.0732 0.7191, 1.498 -0.0735 0.7108, 1.498 -0.1333 0.7045, 1.498 -0.0759 0.6926, 1.498 -0.0807 0.675, 1.498 -0.1636 0.8422, 1.498 -0.1477 0.8355, 1.498 -0.168 0.7816, 1.498 -0.1317 0.826, 1.498 -0.1572 0.7736, 1.498 -0.1171 0.8145, 1.498 -0.1478 0.7637, 1.498 -0.1043 0.8012, 1.498 -0.0935 0.7863, 1.498 -0.4727 0.5236, 1.498 -0.4858 0.5245, 1.498 -0.4821 0.5815, 1.498 -0.5011 0.5278, 1.498 -0.5156 0.5336, 1.498 -0.5495 0.6748, 1.498 -0.5394 0.6866, 1.498 -0.5276 0.6965, 1.498 -0.4878 0.7131, 1.498 -0.4727 0.7143, 1.498 -0.614 0.7687, 1.498 -0.6663 0.7973, 1.498 -0.6082 0.7825, 1.498 -0.6576 0.8147, 1.498 -0.6001 0.7954, 1.498 -0.6675 0.68, 1.498 -0.6736 0.6986, 1.498 -0.6173 0.7219, 1.498 -0.6773 0.7176, 1.498 -0.6188 0.7362, 1.498 -0.6786 0.7371, 1.498 -0.6188 0.739, 1.498 -0.6785 0.7411, 1.498 -0.6176 0.7542, 1.498 -0.6769 0.7595, 1.498 -0.6728 0.7788, 1.498 -0.1279 0.6114, 1.498 -0.1433 0.6016, 1.498 -0.1777 0.6494, 1.498 -0.1596 0.5942, 1.498 -0.1908 0.6454, 1.498 -0.1768 0.589, 1.498 -0.2004 0.6441, 1.498 -0.1947 0.5862, 1.498 -0.2431 0.6441, 1.498 -0.2507 0.5862, 1.498 -0.2448 0.6443, 1.498 -0.2554 0.5869, 1.498 -0.2617 0.5892, 1.498 -0.2773 0.6088, 1.498 -0.2782 0.6156, 1.498 -0.278 0.6185, 1.498 -0.5576 0.6614, 1.498 -0.6468 0.8307, 1.498 -0.634 0.8452, 1.498 -0.5909 0.806, 1.498 -0.6307 0.8485, 1.498 -0.5791 0.816, 1.498 -0.6162 0.8605, 1.498 -0.5997 0.8713, 1.498 -0.2764 0.6257, 1.498 -0.2729 0.6324, 1.498 -0.2682 0.6376, 1.498 -0.2624 0.6417, 1.498 -0.2633 0.8814, 1.498 -0.2184 0.9183, 1.498 -0.2516 0.8709, 1.498 -0.214 0.9142, 1.498 -0.1989 0.8978, 1.498 -0.4316 0.9483, 1.498 -0.4115 0.9567, 1.498 -0.3848 0.9053, 1.498 -0.3907 0.9627, 1.498 -0.3667 0.9092, 1.498 -0.3694 0.9664, 1.498 -0.3493 0.9107, 1.498 -0.3474 0.9676, 1.498 -0.3465 0.9107, 1.498 -0.3408 0.9675, 1.498 -0.3284 0.9095, 1.498 -0.3189 0.9655, 1.498 -0.311 0.9059, 1.498 -0.2973 0.9609, 1.498 -0.2942 0.9, 1.498 -0.2762 0.9537, 1.498 -0.2782 0.8918, 1.498 -0.2558 0.9442, 1.498 -0.2365 0.9323, 1.498 -0.2559 0.6442, 1.498 -0.2488 0.645, 1.502 0.1064 0.8136, 1.502 0.1064 0.7984, 1.498 0.1064 0.8136, 1.498 0.1064 0.7984, 1.502 0.0533 0.8136, 1.498 0.0533 0.8136, 1.502 0.0533 0.9318, 1.498 0.0533 0.9318, 1.502 0.0361 0.9318, 1.498 0.0361 0.9318, 1.502 0.0361 0.7984, 1.498 0.0361 0.7984, 1.502 0.1749 0.7961, 1.498 0.1749 0.7961, 1.498 0.183 0.7964, 1.502 0.183 0.7964, 1.498 0.1906 0.7972, 1.502 0.1906 0.7972, 1.498 0.1974 0.7986, 1.502 0.1974 0.7986, 1.498 0.2036 0.8004, 1.502 0.2036 0.8004, 1.498 0.2091 0.8026, 1.502 0.2091 0.8026, 1.498 0.2118 0.8039, 1.502 0.2118 0.8039, 1.502 0.2118 0.8204, 1.498 0.2118 0.8204, 1.498 0.2068 0.8177, 1.502 0.2068 0.8177, 1.498 0.2015 0.8155, 1.502 0.2015 0.8155, 1.498 0.1958 0.8137, 1.502 0.1958 0.8137, 1.498 0.1899 0.8125, 1.502 0.1899 0.8125, 1.498 0.1836 0.8117, 1.502 0.1836 0.8117, 1.498 0.1773 0.8115, 1.502 0.1773 0.8115, 1.498 0.1715 0.8118, 1.502 0.1715 0.8118, 1.498 0.1661 0.8126, 1.502 0.1661 0.8126, 1.498 0.161 0.8139, 1.502 0.161 0.8139, 1.498 0.1564 0.8158, 1.502 0.1564 0.8158, 1.498 0.1521 0.8181, 1.502 0.1521 0.8181, 1.498 0.1481 0.8209, 1.502 0.1481 0.8209, 1.498 0.1443 0.8242, 1.502 0.1443 0.8242, 1.498 0.1431 0.8255, 1.502 0.1431 0.8255, 1.498 0.1398 0.8294, 1.502 0.1398 0.8294, 1.498 0.1371 0.8337, 1.502 0.1371 0.8337, 1.498 0.1347 0.8383, 1.502 0.1347 0.8383, 1.498 0.1329 0.8432, 1.502 0.1329 0.8432, 1.498 0.1314 0.8486, 1.502 0.1314 0.8486, 1.498 0.1305 0.8544, 1.502 0.1305 0.8544, 1.498 0.13 0.8608, 1.502 0.13 0.8608, 1.498 0.13 0.8636, 1.502 0.13 0.8636, 1.498 0.1302 0.8705, 1.502 0.1302 0.8705, 1.498 0.1311 0.877, 1.502 0.1311 0.877, 1.498 0.1324 0.8829, 1.502 0.1324 0.8829, 1.498 0.1342 0.8883, 1.502 0.1342 0.8883, 1.498 0.1365 0.8932, 1.502 0.1365 0.8932, 1.498 0.1392 0.8978, 1.502 0.1392 0.8978, 1.498 0.1424 0.9019, 1.502 0.1424 0.9019, 1.498 0.144 0.9037, 1.502 0.144 0.9037, 1.498 0.1478 0.9074, 1.502 0.1478 0.9074, 1.498 0.152 0.9105, 1.502 0.152 0.9105, 1.498 0.1563 0.9131, 1.502 0.1563 0.9131, 1.498 0.1609 0.9152, 1.502 0.1609 0.9152, 1.498 0.1658 0.9167, 1.502 0.1658 0.9167, 1.498 0.1711 0.9178, 1.502 0.1711 0.9178, 1.498 0.1767 0.9184, 1.502 0.1767 0.9184, 1.498 0.1804 0.9185, 1.502 0.1804 0.9185, 1.498 0.1868 0.9182, 1.502 0.1868 0.9182, 1.498 0.1929 0.9174, 1.502 0.1929 0.9174, 1.498 0.1988 0.916, 1.502 0.1988 0.916, 1.498 0.2044 0.9141, 1.502 0.2044 0.9141, 1.498 0.2098 0.9117, 1.502 0.2098 0.9117, 1.498 0.2118 0.9106, 1.502 0.2118 0.9106, 1.502 0.2118 0.9286, 1.498 0.2118 0.9286, 1.498 0.2067 0.9305, 1.502 0.2067 0.9305, 1.498 0.201 0.9321, 1.502 0.201 0.9321, 1.498 0.1946 0.9332, 1.502 0.1946 0.9332, 1.498 0.1874 0.9339, 1.502 0.1874 0.9339, 1.498 0.1802 0.9341, 1.502 0.1802 0.9341, 1.498 0.1732 0.9338, 1.502 0.1732 0.9338, 1.498 0.1666 0.933, 1.502 0.1666 0.933, 1.498 0.1603 0.9316, 1.502 0.1603 0.9316, 1.498 0.1545 0.9297, 1.502 0.1545 0.9297, 1.498 0.149 0.9274, 1.502 0.149 0.9274, 1.498 0.1437 0.9245, 1.502 0.1437 0.9245, 1.498 0.1388 0.9211, 1.502 0.1388 0.9211, 1.498 0.1341 0.9173, 1.502 0.1341 0.9173, 1.498 0.1312 0.9144, 1.502 0.1312 0.9144, 1.498 0.1271 0.9099, 1.502 0.1271 0.9099, 1.498 0.1235 0.905, 1.502 0.1235 0.905, 1.498 0.1204 0.8999, 1.502 0.1204 0.8999, 1.498 0.1178 0.8944, 1.502 0.1178 0.8944, 1.498 0.1156 0.8886, 1.502 0.1156 0.8886, 1.498 0.114 0.8824, 1.502 0.114 0.8824, 1.498 0.1128 0.8759, 1.502 0.1128 0.8759, 1.498 0.1121 0.8689, 1.502 0.1121 0.8689, 1.498 0.1119 0.8626, 1.502 0.1119 0.8626, 1.498 0.1122 0.8551, 1.502 0.1122 0.8551, 1.498 0.113 0.848, 1.502 0.113 0.848, 1.498 0.1144 0.8415, 1.502 0.1144 0.8415, 1.498 0.1162 0.8354, 1.502 0.1162 0.8354, 1.498 0.1185 0.8298, 1.502 0.1185 0.8298, 1.498 0.1213 0.8246, 1.502 0.1213 0.8246, 1.498 0.1245 0.8198, 1.502 0.1245 0.8198, 1.498 0.1279 0.8155, 1.502 0.1279 0.8155, 1.498 0.129 0.8143, 1.502 0.129 0.8143, 1.498 0.1332 0.8104, 1.502 0.1332 0.8104, 1.498 0.1376 0.8069, 1.502 0.1376 0.8069, 1.498 0.1423 0.8039, 1.502 0.1423 0.8039, 1.498 0.1473 0.8014, 1.502 0.1473 0.8014, 1.498 0.1527 0.7994, 1.502 0.1527 0.7994, 1.498 0.1584 0.7978, 1.502 0.1584 0.7978, 1.498 0.1644 0.7968, 1.502 0.1644 0.7968, 1.498 0.1709 0.7962, 1.502 0.1709 0.7962, 1.502 0.3103 0.8136, 1.502 0.3103 0.7984, 1.498 0.3103 0.8136, 1.498 0.3103 0.7984, 1.502 0.2557 0.8136, 1.498 0.2557 0.8136, 1.502 0.2557 0.8585, 1.498 0.2557 0.8585, 1.502 0.3035 0.8585, 1.498 0.3035 0.8585, 1.502 0.3035 0.8738, 1.498 0.3035 0.8738, 1.502 0.2557 0.8738, 1.498 0.2557 0.8738, 1.502 0.2557 0.9165, 1.498 0.2557 0.9165, 1.502 0.3072 0.9165, 1.498 0.3072 0.9165, 1.502 0.3072 0.9318, 1.498 0.3072 0.9318, 1.502 0.2385 0.9318, 1.498 0.2385 0.9318, 1.502 0.2385 0.7984, 1.498 0.2385 0.7984, 1.502 0.3969 0.8179, 1.502 0.4061 0.8051, 1.502 0.4017 0.8202, 1.502 0.4117 0.808, 1.502 0.4061 0.8228, 1.502 0.4169 0.8113, 1.502 0.4101 0.826, 1.502 0.4218 0.8151, 1.502 0.4118 0.8275, 1.502 0.424 0.8171, 1.502 0.4151 0.8312, 1.502 0.4283 0.8214, 1.502 0.4181 0.8352, 1.502 0.432 0.8261, 1.502 0.4205 0.8396, 1.502 0.4352 0.831, 1.502 0.4225 0.8443, 1.502 0.4249 0.8792, 1.502 0.4416 0.8862, 1.502 0.4236 0.8847, 1.502 0.4398 0.8919, 1.502 0.4218 0.8897, 1.502 0.4374 0.8971, 1.502 0.4195 0.8941, 1.502 0.4346 0.902, 1.502 0.4169 0.8981, 1.502 0.4313 0.9066, 1.502 0.4274 0.9109, 1.502 0.4138 0.9016, 1.502 0.424 0.9142, 1.502 0.4114 0.9039, 1.502 0.4191 0.9181, 1.502 0.4073 0.9071, 1.502 0.4139 0.9216, 1.502 0.4028 0.9098, 1.502 0.4084 0.9245, 1.502 0.398 0.9121, 1.502 0.4026 0.927, 1.502 0.3928 0.9139, 1.502 0.3965 0.9289, 1.502 0.3871 0.9152, 1.502 0.3901 0.9304, 1.502 0.381 0.9161, 1.502 0.3833 0.9314, 1.502 0.3746 0.9165, 1.502 0.376 0.9318, 1.502 0.3729 0.9165, 1.502 0.3736 0.9318, 1.502 0.3527 0.9165, 1.502 0.3355 0.9318, 1.502 0.3527 0.8136, 1.502 0.3355 0.7984, 1.502 0.3721 0.8136, 1.502 0.3722 0.7984, 1.502 0.3791 0.8139, 1.502 0.3798 0.7987, 1.502 0.3856 0.8147, 1.502 0.3871 0.7995, 1.502 0.3915 0.8161, 1.502 0.3939 0.8009, 1.502 0.4002 0.8028, 1.502 0.438 0.8362, 1.502 0.4402 0.8417, 1.502 0.4241 0.8495, 1.502 0.4419 0.8476, 1.502 0.4252 0.8551, 1.502 0.4432 0.8538, 1.502 0.4259 0.8613, 1.502 0.4439 0.8604, 1.502 0.426 0.8663, 1.502 0.4441 0.8668, 1.502 0.4257 0.873, 1.502 0.4439 0.8737, 1.502 0.443 0.8802, 1.498 0.4073 0.9071, 1.498 0.4191 0.9181, 1.498 0.4114 0.9039, 1.498 0.424 0.9142, 1.498 0.4138 0.9016, 1.498 0.4274 0.9109, 1.498 0.4169 0.8981, 1.498 0.4313 0.9066, 1.498 0.4195 0.8941, 1.498 0.4346 0.902, 1.498 0.4218 0.8897, 1.498 0.4374 0.8971, 1.498 0.4236 0.8847, 1.498 0.4017 0.8202, 1.498 0.4061 0.8051, 1.498 0.3969 0.8179, 1.498 0.4002 0.8028, 1.498 0.3915 0.8161, 1.498 0.3939 0.8009, 1.498 0.3856 0.8147, 1.498 0.3871 0.7995, 1.498 0.3791 0.8139, 1.498 0.3798 0.7987, 1.498 0.3721 0.8136, 1.498 0.3722 0.7984, 1.498 0.3527 0.8136, 1.498 0.3355 0.7984, 1.498 0.3527 0.9165, 1.498 0.3355 0.9318, 1.498 0.3729 0.9165, 1.498 0.3736 0.9318, 1.498 0.3746 0.9165, 1.498 0.376 0.9318, 1.498 0.381 0.9161, 1.498 0.3833 0.9314, 1.498 0.3871 0.9152, 1.498 0.3901 0.9304, 1.498 0.3928 0.9139, 1.498 0.3965 0.9289, 1.498 0.398 0.9121, 1.498 0.4026 0.927, 1.498 0.4028 0.9098, 1.498 0.4084 0.9245, 1.498 0.4139 0.9216, 1.498 0.4241 0.8495, 1.498 0.4402 0.8417, 1.498 0.4225 0.8443, 1.498 0.438 0.8362, 1.498 0.4205 0.8396, 1.498 0.4352 0.831, 1.498 0.4181 0.8352, 1.498 0.432 0.8261, 1.498 0.4151 0.8312, 1.498 0.4283 0.8214, 1.498 0.4118 0.8275, 1.498 0.424 0.8171, 1.498 0.4101 0.826, 1.498 0.4218 0.8151, 1.498 0.4061 0.8228, 1.498 0.4169 0.8113, 1.498 0.4117 0.808, 1.498 0.4398 0.8919, 1.498 0.4416 0.8862, 1.498 0.4249 0.8792, 1.498 0.443 0.8802, 1.498 0.4257 0.873, 1.498 0.4439 0.8737, 1.498 0.426 0.8663, 1.498 0.4441 0.8668, 1.498 0.4259 0.8613, 1.498 0.4439 0.8604, 1.498 0.4252 0.8551, 1.498 0.4432 0.8538, 1.498 0.4419 0.8476, 1.502 0.4889 0.85, 1.502 0.4834 0.8349, 1.502 0.5337 0.85, 1.502 0.539 0.8349, 1.502 0.5088 0.9054, 1.502 0.5024 0.9318, 1.502 0.4515 0.7984, 1.502 0.4706 0.7984, 1.502 0.51 0.9094, 1.502 0.511 0.9148, 1.502 0.5208 0.9318, 1.502 0.5114 0.9148, 1.502 0.5125 0.9091, 1.502 0.5135 0.9054, 1.502 0.5716 0.7984, 1.502 0.5526 0.7984, 1.498 0.5337 0.85, 1.498 0.5135 0.9054, 1.498 0.5208 0.9318, 1.498 0.5125 0.9091, 1.498 0.5114 0.9148, 1.498 0.5024 0.9318, 1.498 0.511 0.9148, 1.498 0.51 0.9094, 1.498 0.5088 0.9054, 1.498 0.4889 0.85, 1.498 0.4515 0.7984, 1.498 0.5716 0.7984, 1.498 0.5526 0.7984, 1.498 0.539 0.8349, 1.498 0.4706 0.7984, 1.498 0.4834 0.8349, 1.502 0.1078 0.6019, 1.502 0.1078 0.5867, 1.498 0.1078 0.6019, 1.498 0.1078 0.5867, 1.502 0.0533 0.6019, 1.498 0.0533 0.6019, 1.502 0.0533 0.6468, 1.498 0.0533 0.6468, 1.502 0.101 0.6468, 1.498 0.101 0.6468, 1.502 0.101 0.6621, 1.498 0.101 0.6621, 1.502 0.0533 0.6621, 1.498 0.0533 0.6621, 1.502 0.0533 0.7048, 1.498 0.0533 0.7048, 1.502 0.1048 0.7048, 1.498 0.1048 0.7048, 1.502 0.1048 0.7201, 1.498 0.1048 0.7201, 1.502 0.0361 0.7201, 1.498 0.0361 0.7201, 1.502 0.0361 0.5867, 1.498 0.0361 0.5867, 1.502 0.1837 0.5867, 1.502 0.2004 0.5867, 1.502 0.1837 0.6014, 1.502 0.2004 0.648, 1.502 0.1709 0.6698, 1.502 0.1735 0.6688, 1.502 0.1804 0.6821, 1.502 0.1412 0.6395, 1.502 0.1376 0.6377, 1.502 0.1471 0.6271, 1.502 0.1452 0.6256, 1.502 0.1838 0.6808, 1.502 0.1758 0.6676, 1.502 0.1867 0.6792, 1.502 0.1777 0.666, 1.502 0.1894 0.6773, 1.502 0.1439 0.6042, 1.502 0.1426 0.6062, 1.502 0.1286 0.5957, 1.502 0.1345 0.6357, 1.502 0.1319 0.6335, 1.502 0.1437 0.6238, 1.502 0.1453 0.6411, 1.502 0.1494 0.6284, 1.502 0.1501 0.6424, 1.502 0.1524 0.6295, 1.502 0.1554 0.6433, 1.502 0.1918 0.6752, 1.502 0.1794 0.6641, 1.502 0.1939 0.6726, 1.502 0.1808 0.6618, 1.502 0.1958 0.6697, 1.502 0.1313 0.6329, 1.502 0.1292 0.6304, 1.502 0.1424 0.6218, 1.502 0.1275 0.6277, 1.502 0.1416 0.6194, 1.502 0.1804 0.6113, 1.502 0.1832 0.6014, 1.502 0.1787 0.6085, 1.502 0.1824 0.6, 1.502 0.1619 0.5983, 1.502 0.1657 0.5863, 1.502 0.1651 0.599, 1.502 0.169 0.5876, 1.502 0.1681 0.6, 1.502 0.1721 0.5893, 1.502 0.1709 0.6013, 1.502 0.1837 0.6245, 1.502 0.1834 0.6209, 1.502 0.1828 0.6175, 1.502 0.1818 0.6143, 1.502 0.1973 0.6664, 1.502 0.1819 0.6592, 1.502 0.1986 0.6626, 1.502 0.1828 0.6562, 1.502 0.1996 0.6583, 1.502 0.1456 0.6024, 1.502 0.1375 0.5881, 1.502 0.1477 0.6009, 1.502 0.1406 0.5867, 1.502 0.1499 0.5997, 1.502 0.1439 0.5856, 1.502 0.1525 0.5988, 1.502 0.1307 0.5933, 1.502 0.132 0.5919, 1.502 0.1346 0.5899, 1.502 0.141 0.6108, 1.502 0.1246 0.6046, 1.502 0.1416 0.6084, 1.502 0.1256 0.6014, 1.502 0.127 0.5984, 1.502 0.1837 0.6345, 1.502 0.1837 0.6473, 1.502 0.1614 0.6315, 1.502 0.1562 0.6306, 1.502 0.1749 0.5914, 1.502 0.1776 0.5939, 1.502 0.1735 0.6031, 1.502 0.1801 0.5967, 1.502 0.1758 0.6052, 1.502 0.1765 0.6059, 1.502 0.2002 0.6534, 1.502 0.1834 0.6526, 1.502 0.1837 0.6485, 1.502 0.1837 0.6254, 1.502 0.1477 0.5849, 1.502 0.1517 0.5845, 1.502 0.1553 0.5983, 1.502 0.154 0.5844, 1.502 0.1584 0.5981, 1.502 0.1582 0.5846, 1.502 0.1621 0.5853, 1.502 0.126 0.6248, 1.502 0.125 0.6216, 1.502 0.141 0.6168, 1.502 0.1242 0.6181, 1.502 0.1408 0.6136, 1.502 0.1767 0.6831, 1.502 0.1726 0.6838, 1.502 0.1678 0.6704, 1.502 0.168 0.6841, 1.502 0.1644 0.6706, 1.502 0.166 0.6842, 1.502 0.1627 0.6706, 1.502 0.1603 0.684, 1.502 0.1582 0.6702, 1.502 0.1549 0.6833, 1.502 0.1539 0.6694, 1.502 0.1499 0.6823, 1.502 0.1496 0.6683, 1.502 0.145 0.6809, 1.502 0.1454 0.6666, 1.502 0.1405 0.6792, 1.502 0.1413 0.6646, 1.502 0.1361 0.677, 1.502 0.1371 0.6621, 1.502 0.1331 0.6753, 1.502 0.1331 0.6591, 1.502 0.1239 0.6142, 1.502 0.1238 0.6122, 1.502 0.124 0.6083, 1.498 0.1371 0.6621, 1.498 0.1331 0.6591, 1.498 0.1331 0.6753, 1.498 0.1758 0.6676, 1.498 0.1867 0.6792, 1.498 0.1777 0.666, 1.498 0.1894 0.6773, 1.498 0.1794 0.6641, 1.498 0.1828 0.6175, 1.498 0.1834 0.6209, 1.498 0.2004 0.648, 1.498 0.1439 0.6042, 1.498 0.1286 0.5957, 1.498 0.1426 0.6062, 1.498 0.127 0.5984, 1.498 0.1416 0.6084, 1.498 0.1918 0.6752, 1.498 0.1939 0.6726, 1.498 0.1808 0.6618, 1.498 0.1958 0.6697, 1.498 0.1819 0.6592, 1.498 0.1678 0.6704, 1.498 0.1726 0.6838, 1.498 0.1709 0.6698, 1.498 0.1767 0.6831, 1.498 0.1735 0.6688, 1.498 0.1804 0.6821, 1.498 0.1838 0.6808, 1.498 0.1818 0.6143, 1.498 0.1837 0.6014, 1.498 0.1837 0.5867, 1.498 0.2004 0.5867, 1.498 0.1452 0.6256, 1.498 0.1376 0.6377, 1.498 0.1471 0.6271, 1.498 0.1412 0.6395, 1.498 0.1494 0.6284, 1.498 0.1453 0.6411, 1.498 0.1524 0.6295, 1.498 0.1501 0.6424, 1.498 0.1562 0.6306, 1.498 0.1554 0.6433, 1.498 0.1437 0.6238, 1.498 0.1319 0.6335, 1.498 0.1345 0.6357, 1.498 0.1456 0.6024, 1.498 0.132 0.5919, 1.498 0.1307 0.5933, 1.498 0.1477 0.6009, 1.498 0.1375 0.5881, 1.498 0.1346 0.5899, 1.498 0.1837 0.6345, 1.498 0.2002 0.6534, 1.498 0.1837 0.6254, 1.498 0.1837 0.6245, 1.498 0.1424 0.6218, 1.498 0.1292 0.6304, 1.498 0.1313 0.6329, 1.498 0.1973 0.6664, 1.498 0.1986 0.6626, 1.498 0.1828 0.6562, 1.498 0.1996 0.6583, 1.498 0.1834 0.6526, 1.498 0.1837 0.6485, 1.498 0.1256 0.6014, 1.498 0.1246 0.6046, 1.498 0.141 0.6108, 1.498 0.1837 0.6473, 1.498 0.1614 0.6315, 1.498 0.1413 0.6646, 1.498 0.1361 0.677, 1.498 0.1454 0.6666, 1.498 0.1405 0.6792, 1.498 0.1496 0.6683, 1.498 0.145 0.6809, 1.498 0.1539 0.6694, 1.498 0.1499 0.6823, 1.498 0.1582 0.6702, 1.498 0.1549 0.6833, 1.498 0.1627 0.6706, 1.498 0.1603 0.684, 1.498 0.1644 0.6706, 1.498 0.166 0.6842, 1.498 0.168 0.6841, 1.498 0.141 0.6168, 1.498 0.125 0.6216, 1.498 0.1416 0.6194, 1.498 0.126 0.6248, 1.498 0.1275 0.6277, 1.498 0.124 0.6083, 1.498 0.1238 0.6122, 1.498 0.1408 0.6136, 1.498 0.1239 0.6142, 1.498 0.1242 0.6181, 1.498 0.1824 0.6, 1.498 0.1801 0.5967, 1.498 0.1735 0.6031, 1.498 0.1776 0.5939, 1.498 0.1709 0.6013, 1.498 0.1749 0.5914, 1.498 0.1681 0.6, 1.498 0.1721 0.5893, 1.498 0.1651 0.599, 1.498 0.1553 0.5983, 1.498 0.1517 0.5845, 1.498 0.1525 0.5988, 1.498 0.1477 0.5849, 1.498 0.1499 0.5997, 1.498 0.1439 0.5856, 1.498 0.1406 0.5867, 1.498 0.169 0.5876, 1.498 0.1657 0.5863, 1.498 0.1619 0.5983, 1.498 0.1621 0.5853, 1.498 0.1584 0.5981, 1.498 0.1582 0.5846, 1.498 0.154 0.5844, 1.498 0.1758 0.6052, 1.498 0.1765 0.6059, 1.498 0.1832 0.6014, 1.498 0.1787 0.6085, 1.498 0.1804 0.6113, 1.502 0.2506 0.5981, 1.498 0.2506 0.5981, 1.498 0.2463 0.5983, 1.502 0.2463 0.5983, 1.498 0.2421 0.5989, 1.502 0.2421 0.5989, 1.498 0.238 0.5998, 1.502 0.238 0.5998, 1.498 0.2341 0.6012, 1.502 0.2341 0.6012, 1.498 0.2301 0.603, 1.502 0.2301 0.603, 1.498 0.2263 0.6051, 1.502 0.2263 0.6051, 1.498 0.2231 0.6073, 1.502 0.2231 0.6073, 1.502 0.2231 0.59, 1.498 0.2231 0.59, 1.498 0.2271 0.5882, 1.502 0.2271 0.5882, 1.498 0.2313 0.5868, 1.502 0.2313 0.5868, 1.498 0.2358 0.5857, 1.502 0.2358 0.5857, 1.498 0.2405 0.5849, 1.502 0.2405 0.5849, 1.498 0.2456 0.5845, 1.502 0.2456 0.5845, 1.498 0.2489 0.5844, 1.502 0.2489 0.5844, 1.498 0.2542 0.5846, 1.502 0.2542 0.5846, 1.498 0.2592 0.5852, 1.502 0.2592 0.5852, 1.498 0.2637 0.5861, 1.502 0.2637 0.5861, 1.498 0.2678 0.5874, 1.502 0.2678 0.5874, 1.498 0.2715 0.589, 1.502 0.2715 0.589, 1.498 0.2749 0.5908, 1.502 0.2749 0.5908, 1.498 0.2767 0.592, 1.502 0.2767 0.592, 1.498 0.2794 0.5941, 1.502 0.2794 0.5941, 1.498 0.2817 0.5964, 1.502 0.2817 0.5964, 1.498 0.2835 0.5989, 1.502 0.2835 0.5989, 1.498 0.285 0.6015, 1.502 0.285 0.6015, 1.498 0.2862 0.6042, 1.502 0.2862 0.6042, 1.498 0.2869 0.6072, 1.502 0.2869 0.6072, 1.498 0.2873 0.6104, 1.502 0.2873 0.6104, 1.498 0.2874 0.6126, 1.502 0.2874 0.6126, 1.498 0.2872 0.616, 1.502 0.2872 0.616, 1.498 0.2867 0.6192, 1.502 0.2867 0.6192, 1.498 0.2857 0.6221, 1.502 0.2857 0.6221, 1.498 0.2844 0.6247, 1.502 0.2844 0.6247, 1.498 0.2828 0.6272, 1.502 0.2828 0.6272, 1.498 0.2818 0.6284, 1.502 0.2818 0.6284, 1.498 0.2797 0.6304, 1.502 0.2797 0.6304, 1.498 0.2771 0.6325, 1.502 0.2771 0.6325, 1.498 0.2736 0.6347, 1.502 0.2736 0.6347, 1.498 0.2693 0.6369, 1.502 0.2693 0.6369, 1.498 0.2639 0.6393, 1.502 0.2639 0.6393, 1.498 0.2603 0.6407, 1.502 0.2603 0.6407, 1.498 0.253 0.6437, 1.502 0.253 0.6437, 1.498 0.2485 0.646, 1.502 0.2485 0.646, 1.498 0.2456 0.6477, 1.502 0.2456 0.6477, 1.498 0.244 0.6489, 1.502 0.244 0.6489, 1.498 0.2426 0.6504, 1.502 0.2426 0.6504, 1.498 0.2416 0.6521, 1.502 0.2416 0.6521, 1.498 0.2409 0.654, 1.502 0.2409 0.654, 1.498 0.2405 0.6562, 1.502 0.2405 0.6562, 1.498 0.2404 0.6578, 1.502 0.2404 0.6578, 1.498 0.2406 0.6599, 1.502 0.2406 0.6599, 1.498 0.2412 0.6619, 1.502 0.2412 0.6619, 1.498 0.2421 0.6637, 1.502 0.2421 0.6637, 1.498 0.2434 0.6653, 1.502 0.2434 0.6653, 1.498 0.245 0.6667, 1.502 0.245 0.6667, 1.498 0.2455 0.667, 1.502 0.2455 0.667, 1.498 0.2477 0.6684, 1.502 0.2477 0.6684, 1.498 0.2501 0.6694, 1.502 0.2501 0.6694, 1.498 0.2529 0.6701, 1.502 0.2529 0.6701, 1.498 0.2561 0.6705, 1.502 0.2561 0.6705, 1.498 0.2586 0.6706, 1.502 0.2586 0.6706, 1.498 0.2631 0.6704, 1.502 0.2631 0.6704, 1.498 0.2674 0.6698, 1.502 0.2674 0.6698, 1.498 0.2715 0.6689, 1.502 0.2715 0.6689, 1.498 0.2754 0.6675, 1.502 0.2754 0.6675, 1.498 0.2791 0.6659, 1.502 0.2791 0.6659, 1.498 0.2829 0.6637, 1.502 0.2829 0.6637, 1.502 0.2829 0.6799, 1.498 0.2829 0.6799, 1.498 0.2785 0.6815, 1.502 0.2785 0.6815, 1.498 0.2741 0.6827, 1.502 0.2741 0.6827, 1.498 0.2694 0.6836, 1.502 0.2694 0.6836, 1.498 0.2645 0.684, 1.502 0.2645 0.684, 1.498 0.2603 0.6842, 1.502 0.2603 0.6842, 1.498 0.2554 0.684, 1.502 0.2554 0.684, 1.498 0.2507 0.6834, 1.502 0.2507 0.6834, 1.498 0.2465 0.6825, 1.502 0.2465 0.6825, 1.498 0.2425 0.6812, 1.502 0.2425 0.6812, 1.498 0.2388 0.6796, 1.502 0.2388 0.6796, 1.498 0.2354 0.6776, 1.502 0.2354 0.6776, 1.498 0.2339 0.6766, 1.502 0.2339 0.6766, 1.498 0.2311 0.6744, 1.502 0.2311 0.6744, 1.498 0.2288 0.672, 1.502 0.2288 0.672, 1.498 0.2269 0.6695, 1.502 0.2269 0.6695, 1.498 0.2254 0.6669, 1.502 0.2254 0.6669, 1.498 0.2243 0.6641, 1.502 0.2243 0.6641, 1.498 0.2236 0.6611, 1.502 0.2236 0.6611, 1.498 0.2232 0.658, 1.502 0.2232 0.658, 1.498 0.2232 0.6563, 1.502 0.2232 0.6563, 1.498 0.2234 0.6528, 1.502 0.2234 0.6528, 1.498 0.2239 0.6495, 1.502 0.2239 0.6495, 1.498 0.2249 0.6466, 1.502 0.2249 0.6466, 1.498 0.2262 0.6438, 1.502 0.2262 0.6438, 1.498 0.2277 0.6415, 1.502 0.2277 0.6415, 1.498 0.2279 0.6412, 1.502 0.2279 0.6412, 1.498 0.2296 0.6393, 1.502 0.2296 0.6393, 1.498 0.2319 0.6373, 1.502 0.2319 0.6373, 1.498 0.2349 0.6352, 1.502 0.2349 0.6352, 1.498 0.2388 0.633, 1.502 0.2388 0.633, 1.498 0.2438 0.6306, 1.502 0.2438 0.6306, 1.498 0.2485 0.6286, 1.502 0.2485 0.6286, 1.498 0.2558 0.6256, 1.502 0.2558 0.6256, 1.498 0.2606 0.6234, 1.502 0.2606 0.6234, 1.498 0.2639 0.6215, 1.502 0.2639 0.6215, 1.498 0.266 0.62, 1.502 0.266 0.62, 1.498 0.2676 0.6184, 1.502 0.2676 0.6184, 1.498 0.2689 0.6166, 1.502 0.2689 0.6166, 1.498 0.2697 0.6147, 1.502 0.2697 0.6147, 1.498 0.2702 0.6127, 1.502 0.2702 0.6127, 1.498 0.2703 0.611, 1.502 0.2703 0.611, 1.498 0.2701 0.6085, 1.502 0.2701 0.6085, 1.498 0.2695 0.6064, 1.502 0.2695 0.6064, 1.498 0.2686 0.6046, 1.502 0.2686 0.6046, 1.498 0.2674 0.603, 1.502 0.2674 0.603, 1.498 0.2658 0.6016, 1.502 0.2658 0.6016, 1.498 0.2638 0.6004, 1.502 0.2638 0.6004, 1.498 0.2615 0.5995, 1.502 0.2615 0.5995, 1.498 0.2586 0.5988, 1.502 0.2586 0.5988, 1.498 0.2551 0.5983, 1.502 0.2551 0.5983, 1.502 0.3703 0.682, 1.502 0.3876 0.682, 1.498 0.3703 0.682, 1.498 0.3876 0.682, 1.502 0.3443 0.6102, 1.498 0.3443 0.6102, 1.498 0.343 0.6058, 1.502 0.343 0.6058, 1.498 0.3422 0.6025, 1.502 0.3422 0.6025, 1.502 0.3418 0.6025, 1.498 0.3418 0.6025, 1.502 0.3397 0.6104, 1.498 0.3397 0.6104, 1.502 0.3148 0.682, 1.498 0.3148 0.682, 1.502 0.2961 0.682, 1.498 0.2961 0.682, 1.502 0.3335 0.5869, 1.498 0.3335 0.5869, 1.502 0.3262 0.5696, 1.498 0.3262 0.5696, 1.498 0.3242 0.5656, 1.502 0.3242 0.5656, 1.498 0.3222 0.5626, 1.502 0.3222 0.5626, 1.498 0.3199 0.5601, 1.502 0.3199 0.5601, 1.498 0.3174 0.5583, 1.502 0.3174 0.5583, 1.498 0.3148 0.5571, 1.502 0.3148 0.5571, 1.498 0.3119 0.5563, 1.502 0.3119 0.5563, 1.498 0.3091 0.5561, 1.502 0.3091 0.5561, 1.498 0.3055 0.5564, 1.502 0.3055 0.5564, 1.498 0.3018 0.5573, 1.502 0.3018 0.5573, 1.498 0.2996 0.558, 1.502 0.2996 0.558, 1.502 0.2996 0.5432, 1.498 0.2996 0.5432, 1.498 0.3035 0.5423, 1.502 0.3035 0.5423, 1.498 0.3081 0.5418, 1.502 0.3081 0.5418, 1.498 0.3104 0.5418, 1.502 0.3104 0.5418, 1.498 0.3144 0.5421, 1.502 0.3144 0.5421, 1.498 0.3183 0.5429, 1.502 0.3183 0.5429, 1.498 0.322 0.5442, 1.502 0.322 0.5442, 1.498 0.3255 0.5461, 1.502 0.3255 0.5461, 1.498 0.3288 0.5486, 1.502 0.3288 0.5486, 1.498 0.3321 0.5517, 1.502 0.3321 0.5517, 1.498 0.3352 0.5554, 1.502 0.3352 0.5554, 1.498 0.3383 0.5598, 1.502 0.3383 0.5598, 1.498 0.3412 0.5651, 1.502 0.3412 0.5651, 1.498 0.3439 0.5712, 1.502 0.3439 0.5712, 1.498 0.3444 0.5723, 1.502 0.3444 0.5723, 1.502 0.4774 0.6019, 1.502 0.4774 0.5867, 1.498 0.4774 0.6019, 1.498 0.4774 0.5867, 1.502 0.4229 0.6019, 1.498 0.4229 0.6019, 1.502 0.4229 0.6468, 1.498 0.4229 0.6468, 1.502 0.4706 0.6468, 1.498 0.4706 0.6468, 1.502 0.4706 0.6621, 1.498 0.4706 0.6621, 1.502 0.4229 0.6621, 1.498 0.4229 0.6621, 1.502 0.4229 0.7048, 1.498 0.4229 0.7048, 1.502 0.4744 0.7048, 1.498 0.4744 0.7048, 1.502 0.4744 0.7201, 1.498 0.4744 0.7201, 1.502 0.4056 0.7201, 1.498 0.4056 0.7201, 1.502 0.4056 0.5867, 1.498 0.4056 0.5867, 1.502 0.564 0.6062, 1.502 0.5732 0.5934, 1.502 0.5689 0.6084, 1.502 0.5788 0.5963, 1.502 0.5732 0.6111, 1.502 0.584 0.5996, 1.502 0.5772 0.6143, 1.502 0.5889 0.6034, 1.502 0.5789 0.6158, 1.502 0.5911 0.6054, 1.502 0.5823 0.6195, 1.502 0.5954 0.6097, 1.502 0.5852 0.6235, 1.502 0.5991 0.6144, 1.502 0.5876 0.6278, 1.502 0.6024 0.6193, 1.502 0.5896 0.6326, 1.502 0.592 0.6675, 1.502 0.6088 0.6745, 1.502 0.5907 0.673, 1.502 0.6069 0.6801, 1.502 0.5889 0.678, 1.502 0.6045 0.6854, 1.502 0.5867 0.6824, 1.502 0.6017 0.6903, 1.502 0.584 0.6864, 1.502 0.5984 0.6949, 1.502 0.5945 0.6992, 1.502 0.5809 0.6899, 1.502 0.5911 0.7025, 1.502 0.5785 0.6922, 1.502 0.5862 0.7064, 1.502 0.5744 0.6954, 1.502 0.581 0.7099, 1.502 0.5699 0.6981, 1.502 0.5755 0.7128, 1.502 0.5651 0.7004, 1.502 0.5697 0.7153, 1.502 0.5599 0.7022, 1.502 0.5636 0.7172, 1.502 0.5542 0.7035, 1.502 0.5572 0.7187, 1.502 0.5481 0.7044, 1.502 0.5504 0.7197, 1.502 0.5417 0.7048, 1.502 0.5431 0.7201, 1.502 0.54 0.7048, 1.502 0.5407 0.7201, 1.502 0.5198 0.7048, 1.502 0.5026 0.7201, 1.502 0.5198 0.6019, 1.502 0.5026 0.5867, 1.502 0.5392 0.6019, 1.502 0.5393 0.5867, 1.502 0.5462 0.6022, 1.502 0.547 0.587, 1.502 0.5528 0.603, 1.502 0.5542 0.5878, 1.502 0.5587 0.6044, 1.502 0.561 0.5892, 1.502 0.5673 0.5911, 1.502 0.6051 0.6245, 1.502 0.6073 0.63, 1.502 0.5912 0.6378, 1.502 0.609 0.6359, 1.502 0.5923 0.6434, 1.502 0.6103 0.6421, 1.502 0.593 0.6496, 1.502 0.611 0.6487, 1.502 0.5931 0.6546, 1.502 0.6113 0.6551, 1.502 0.5929 0.6613, 1.502 0.611 0.662, 1.502 0.6101 0.6685, 1.498 0.5744 0.6954, 1.498 0.5862 0.7064, 1.498 0.5785 0.6922, 1.498 0.5911 0.7025, 1.498 0.5809 0.6899, 1.498 0.5945 0.6992, 1.498 0.584 0.6864, 1.498 0.5984 0.6949, 1.498 0.5867 0.6824, 1.498 0.6017 0.6903, 1.498 0.5889 0.678, 1.498 0.6045 0.6854, 1.498 0.5907 0.673, 1.498 0.5689 0.6084, 1.498 0.5732 0.5934, 1.498 0.564 0.6062, 1.498 0.5673 0.5911, 1.498 0.5587 0.6044, 1.498 0.561 0.5892, 1.498 0.5528 0.603, 1.498 0.5542 0.5878, 1.498 0.5462 0.6022, 1.498 0.547 0.587, 1.498 0.5392 0.6019, 1.498 0.5393 0.5867, 1.498 0.5198 0.6019, 1.498 0.5026 0.5867, 1.498 0.5198 0.7048, 1.498 0.5026 0.7201, 1.498 0.54 0.7048, 1.498 0.5407 0.7201, 1.498 0.5417 0.7048, 1.498 0.5431 0.7201, 1.498 0.5481 0.7044, 1.498 0.5504 0.7197, 1.498 0.5542 0.7035, 1.498 0.5572 0.7187, 1.498 0.5599 0.7022, 1.498 0.5636 0.7172, 1.498 0.5651 0.7004, 1.498 0.5697 0.7153, 1.498 0.5699 0.6981, 1.498 0.5755 0.7128, 1.498 0.581 0.7099, 1.498 0.5912 0.6378, 1.498 0.6073 0.63, 1.498 0.5896 0.6326, 1.498 0.6051 0.6245, 1.498 0.5876 0.6278, 1.498 0.6024 0.6193, 1.498 0.5852 0.6235, 1.498 0.5991 0.6144, 1.498 0.5823 0.6195, 1.498 0.5954 0.6097, 1.498 0.5789 0.6158, 1.498 0.5911 0.6054, 1.498 0.5772 0.6143, 1.498 0.5889 0.6034, 1.498 0.5732 0.6111, 1.498 0.584 0.5996, 1.498 0.5788 0.5963, 1.498 0.6069 0.6801, 1.498 0.6088 0.6745, 1.498 0.592 0.6675, 1.498 0.6101 0.6685, 1.498 0.5929 0.6613, 1.498 0.611 0.662, 1.498 0.5931 0.6546, 1.498 0.6113 0.6551, 1.498 0.593 0.6496, 1.498 0.611 0.6487, 1.498 0.5923 0.6434, 1.498 0.6103 0.6421, 1.498 0.609 0.6359, 1.502 0.656 0.6383, 1.502 0.6505 0.6232, 1.502 0.7008 0.6383, 1.502 0.7061 0.6232, 1.502 0.6759 0.6937, 1.502 0.6695 0.7201, 1.502 0.6187 0.5867, 1.502 0.6377 0.5867, 1.502 0.6771 0.6977, 1.502 0.6781 0.7031, 1.502 0.6879 0.7201, 1.502 0.6785 0.7031, 1.502 0.6796 0.6974, 1.502 0.6806 0.6937, 1.502 0.7387 0.5867, 1.502 0.7197 0.5867, 1.498 0.7008 0.6383, 1.498 0.6806 0.6937, 1.498 0.6879 0.7201, 1.498 0.6796 0.6974, 1.498 0.6785 0.7031, 1.498 0.6695 0.7201, 1.498 0.6781 0.7031, 1.498 0.6771 0.6977, 1.498 0.6759 0.6937, 1.498 0.656 0.6383, 1.498 0.6187 0.5867, 1.498 0.7387 0.5867, 1.498 0.7197 0.5867, 1.498 0.7061 0.6232, 1.498 0.6377 0.5867, 1.498 0.6505 0.6232
            ]
        }
        coordIndex [
            0,1,2,-1,3,4,5,-1,6,7,8,-1,9,10,11,-1,11,10,12,-1,11,12,13,-1,14,15,16,-1,17,18,19,-1,20,21,2,-1,2,21,22,-1,2,22,0,-1,23,24,25,-1,25,24,26,-1,25,26,27,-1,27,26,28,-1,27,28,29,-1,29,28,30,-1,29,30,31,-1,32,33,34,-1,34,33,35,-1,34,35,36,-1,37,1,38,-1,38,1,39,-1,38,39,32,-1,32,39,40,-1,32,40,33,-1,41,42,26,-1,26,42,43,-1,26,43,28,-1,28,43,44,-1,28,44,45,-1,46,47,48,-1,19,18,49,-1,49,18,50,-1,49,50,51,-1,51,50,52,-1,51,52,53,-1,8,7,54,-1,54,7,55,-1,54,55,56,-1,57,58,2,-1,2,58,59,-1,2,59,20,-1,46,48,60,-1,60,48,61,-1,60,61,62,-1,62,61,63,-1,62,63,64,-1,31,65,29,-1,29,65,66,-1,29,66,67,-1,68,2,69,-1,69,2,1,-1,69,1,70,-1,70,1,37,-1,16,15,71,-1,71,15,72,-1,71,72,73,-1,74,75,76,-1,76,75,77,-1,76,77,78,-1,78,77,79,-1,78,79,80,-1,80,79,81,-1,80,81,82,-1,83,84,85,-1,85,84,86,-1,85,86,57,-1,57,86,87,-1,57,87,58,-1,47,46,88,-1,88,46,89,-1,88,89,90,-1,90,89,91,-1,90,91,92,-1,92,91,93,-1,92,93,5,-1,5,93,94,-1,5,94,3,-1,68,95,2,-1,2,95,96,-1,2,96,97,-1,97,96,98,-1,99,100,101,-1,101,100,102,-1,101,102,103,-1,16,104,14,-1,14,104,105,-1,14,105,99,-1,99,105,106,-1,99,106,100,-1,45,107,28,-1,28,107,108,-1,28,108,109,-1,109,108,36,-1,109,36,110,-1,110,36,35,-1,19,111,17,-1,17,111,112,-1,17,112,113,-1,113,112,114,-1,113,114,115,-1,115,114,116,-1,115,116,117,-1,117,116,118,-1,117,118,119,-1,8,120,6,-1,6,120,121,-1,6,121,122,-1,122,121,123,-1,122,123,124,-1,124,123,125,-1,124,125,126,-1,126,125,5,-1,126,5,127,-1,127,5,4,-1,11,128,9,-1,9,128,129,-1,9,129,130,-1,130,129,131,-1,130,131,132,-1,133,134,135,-1,135,134,136,-1,135,136,137,-1,137,136,138,-1,137,138,83,-1,83,138,139,-1,83,139,84,-1,73,72,26,-1,26,72,140,-1,26,140,41,-1,141,142,143,-1,143,142,144,-1,143,144,145,-1,145,144,146,-1,145,146,74,-1,74,146,147,-1,74,147,75,-1,118,148,119,-1,119,148,149,-1,119,149,150,-1,150,149,151,-1,150,151,141,-1,141,151,152,-1,141,152,142,-1,102,153,103,-1,103,153,154,-1,103,154,155,-1,155,154,156,-1,155,156,98,-1,98,156,157,-1,98,157,97,-1,158,159,160,-1,161,162,163,-1,163,162,164,-1,165,166,167,-1,167,166,168,-1,167,168,169,-1,169,168,170,-1,169,170,171,-1,171,170,172,-1,171,172,173,-1,173,172,174,-1,173,174,133,-1,133,174,175,-1,133,175,134,-1,13,176,11,-1,11,176,177,-1,11,177,178,-1,178,177,179,-1,178,179,180,-1,180,179,82,-1,180,82,181,-1,181,82,81,-1,182,183,158,-1,158,183,184,-1,158,184,159,-1,52,185,53,-1,53,185,158,-1,53,158,186,-1,186,158,160,-1,56,55,187,-1,187,55,188,-1,187,188,161,-1,161,188,189,-1,161,189,162,-1,190,191,192,-1,191,193,192,-1,192,193,194,-1,192,194,195,-1,63,196,64,-1,64,196,197,-1,64,197,198,-1,198,197,199,-1,198,199,165,-1,165,199,200,-1,165,200,166,-1,182,158,192,-1,192,158,201,-1,192,201,190,-1,131,202,132,-1,132,202,203,-1,132,203,204,-1,204,203,205,-1,204,205,206,-1,206,205,207,-1,206,207,208,-1,208,207,209,-1,208,209,210,-1,210,209,211,-1,210,211,164,-1,164,211,212,-1,164,212,163,-1,213,214,215,-1,215,214,216,-1,215,216,217,-1,216,218,217,-1,217,218,219,-1,217,219,220,-1,220,219,221,-1,222,223,224,-1,224,223,225,-1,226,227,228,-1,229,230,231,-1,231,230,232,-1,231,232,233,-1,234,235,217,-1,217,235,236,-1,217,236,215,-1,215,236,237,-1,238,239,240,-1,241,242,219,-1,219,242,243,-1,219,243,221,-1,244,245,246,-1,247,248,249,-1,249,248,250,-1,249,250,251,-1,251,250,252,-1,251,252,253,-1,240,239,254,-1,254,239,255,-1,254,255,256,-1,256,255,257,-1,256,257,258,-1,258,257,259,-1,259,257,260,-1,259,260,261,-1,261,260,224,-1,261,224,262,-1,262,224,225,-1,262,225,233,-1,233,225,263,-1,233,263,231,-1,264,265,266,-1,266,265,267,-1,266,267,268,-1,268,267,269,-1,268,269,270,-1,228,227,271,-1,271,227,272,-1,271,272,273,-1,274,275,269,-1,231,276,229,-1,229,276,277,-1,229,277,278,-1,273,272,279,-1,279,272,280,-1,279,280,281,-1,281,280,282,-1,281,282,283,-1,284,285,286,-1,286,285,287,-1,286,287,288,-1,288,287,289,-1,288,289,290,-1,290,289,291,-1,290,291,292,-1,293,294,295,-1,295,294,296,-1,295,296,297,-1,297,296,298,-1,297,298,299,-1,275,300,269,-1,269,300,301,-1,269,301,270,-1,302,303,304,-1,304,303,229,-1,304,229,305,-1,305,229,278,-1,306,307,308,-1,308,307,309,-1,308,309,310,-1,252,311,253,-1,253,311,312,-1,253,312,313,-1,313,312,281,-1,313,281,314,-1,246,245,315,-1,315,245,316,-1,315,316,217,-1,217,316,317,-1,217,317,234,-1,309,318,310,-1,310,318,319,-1,310,319,320,-1,320,319,321,-1,320,321,322,-1,322,321,215,-1,322,215,323,-1,323,215,237,-1,306,324,325,-1,314,281,326,-1,326,281,283,-1,326,283,327,-1,328,329,330,-1,330,329,331,-1,298,332,299,-1,299,332,333,-1,299,333,334,-1,334,333,335,-1,334,335,284,-1,284,335,336,-1,284,336,285,-1,269,337,274,-1,274,337,338,-1,274,338,339,-1,339,338,340,-1,339,340,341,-1,341,340,342,-1,341,342,343,-1,343,342,344,-1,343,344,293,-1,293,344,345,-1,293,345,294,-1,246,346,244,-1,244,346,347,-1,244,347,348,-1,348,347,349,-1,348,349,302,-1,302,349,350,-1,302,350,303,-1,351,352,306,-1,306,352,353,-1,306,353,324,-1,325,354,306,-1,306,354,355,-1,306,355,307,-1,356,357,358,-1,358,357,359,-1,358,359,360,-1,240,361,238,-1,238,361,362,-1,238,362,363,-1,363,362,364,-1,363,364,365,-1,365,364,366,-1,365,366,367,-1,367,366,368,-1,367,368,369,-1,369,368,370,-1,369,370,356,-1,356,370,371,-1,356,371,357,-1,291,372,292,-1,292,372,373,-1,292,373,374,-1,374,373,375,-1,374,375,376,-1,376,375,377,-1,376,377,378,-1,378,377,379,-1,378,379,380,-1,380,379,381,-1,380,381,382,-1,382,381,383,-1,382,383,330,-1,330,383,384,-1,330,384,328,-1,331,385,330,-1,330,385,386,-1,330,386,387,-1,222,224,306,-1,306,224,388,-1,306,388,351,-1,359,389,360,-1,360,389,390,-1,360,390,391,-1,391,390,392,-1,391,392,393,-1,393,392,394,-1,393,394,247,-1,247,394,395,-1,247,395,248,-1,396,397,387,-1,387,397,398,-1,387,398,399,-1,400,401,402,-1,402,401,403,-1,402,403,264,-1,264,403,404,-1,264,404,265,-1,228,405,226,-1,226,405,406,-1,226,406,407,-1,407,406,408,-1,407,408,409,-1,409,408,410,-1,409,410,411,-1,411,410,412,-1,411,412,413,-1,413,412,414,-1,413,414,415,-1,415,414,416,-1,415,416,417,-1,417,416,418,-1,417,418,419,-1,419,418,420,-1,419,420,421,-1,421,420,422,-1,421,422,400,-1,400,422,423,-1,400,423,401,-1,399,424,387,-1,387,424,425,-1,387,425,330,-1,144,332,298,-1,144,298,146,-1,146,298,296,-1,146,296,147,-1,147,296,294,-1,147,294,75,-1,75,294,345,-1,75,345,77,-1,77,345,344,-1,77,344,79,-1,79,344,342,-1,79,342,81,-1,81,342,340,-1,81,340,181,-1,181,340,338,-1,181,338,180,-1,180,338,337,-1,180,337,178,-1,178,337,269,-1,178,269,11,-1,11,269,267,-1,11,267,128,-1,128,267,265,-1,128,265,129,-1,129,265,404,-1,129,404,131,-1,131,404,403,-1,131,403,202,-1,202,403,401,-1,202,401,203,-1,203,401,423,-1,203,423,205,-1,205,423,422,-1,205,422,207,-1,207,422,420,-1,207,420,209,-1,209,420,418,-1,209,418,211,-1,211,418,416,-1,211,416,212,-1,212,416,414,-1,212,414,163,-1,163,414,412,-1,163,412,161,-1,161,412,410,-1,161,410,187,-1,187,410,408,-1,187,408,56,-1,56,408,406,-1,56,406,54,-1,54,406,405,-1,54,405,8,-1,8,405,228,-1,8,228,120,-1,120,228,271,-1,120,271,121,-1,121,271,273,-1,121,273,123,-1,123,273,279,-1,123,279,125,-1,125,279,281,-1,125,281,5,-1,5,281,312,-1,5,312,92,-1,92,312,311,-1,92,311,90,-1,90,311,252,-1,90,252,88,-1,88,252,250,-1,88,250,47,-1,47,250,248,-1,47,248,48,-1,48,248,395,-1,48,395,61,-1,61,395,394,-1,61,394,63,-1,63,394,392,-1,63,392,196,-1,196,392,390,-1,196,390,197,-1,197,390,389,-1,197,389,199,-1,199,389,359,-1,199,359,200,-1,200,359,357,-1,200,357,166,-1,166,357,371,-1,166,371,168,-1,168,371,370,-1,168,370,170,-1,170,370,368,-1,170,368,172,-1,172,368,366,-1,172,366,174,-1,174,366,364,-1,174,364,175,-1,175,364,362,-1,175,362,134,-1,134,362,361,-1,134,361,136,-1,136,361,240,-1,136,240,138,-1,138,240,254,-1,138,254,139,-1,139,254,256,-1,139,256,84,-1,84,256,258,-1,84,258,86,-1,86,258,259,-1,86,259,87,-1,87,259,261,-1,87,261,58,-1,58,261,262,-1,58,262,59,-1,59,262,233,-1,59,233,20,-1,20,233,232,-1,20,232,21,-1,21,232,230,-1,21,230,22,-1,22,230,229,-1,22,229,0,-1,0,229,303,-1,0,303,1,-1,1,303,350,-1,1,350,39,-1,39,350,349,-1,39,349,40,-1,40,349,347,-1,40,347,33,-1,33,347,346,-1,33,346,35,-1,35,346,246,-1,35,246,110,-1,110,246,315,-1,110,315,109,-1,109,315,217,-1,109,217,28,-1,28,217,220,-1,28,220,30,-1,30,220,221,-1,30,221,31,-1,31,221,243,-1,31,243,65,-1,65,243,242,-1,65,242,66,-1,66,242,241,-1,66,241,67,-1,67,241,219,-1,67,219,29,-1,29,219,218,-1,29,218,27,-1,25,27,216,-1,216,27,218,-1,23,25,214,-1,214,25,216,-1,24,23,213,-1,213,23,214,-1,26,24,215,-1,215,24,213,-1,26,215,321,-1,26,321,73,-1,73,321,319,-1,73,319,71,-1,71,319,318,-1,71,318,16,-1,16,318,309,-1,16,309,104,-1,104,309,307,-1,104,307,105,-1,105,307,355,-1,105,355,106,-1,106,355,354,-1,106,354,100,-1,100,354,325,-1,100,325,102,-1,102,325,324,-1,102,324,153,-1,153,324,353,-1,153,353,154,-1,154,353,352,-1,154,352,156,-1,156,352,351,-1,156,351,157,-1,157,351,388,-1,157,388,97,-1,97,388,224,-1,97,224,2,-1,2,224,260,-1,2,260,57,-1,57,260,257,-1,57,257,85,-1,85,257,255,-1,85,255,83,-1,83,255,239,-1,83,239,137,-1,137,239,238,-1,137,238,135,-1,135,238,363,-1,135,363,133,-1,133,363,365,-1,133,365,173,-1,173,365,367,-1,173,367,171,-1,171,367,369,-1,171,369,169,-1,169,369,356,-1,169,356,167,-1,167,356,358,-1,167,358,165,-1,165,358,360,-1,165,360,198,-1,198,360,391,-1,198,391,64,-1,64,391,393,-1,64,393,62,-1,62,393,247,-1,62,247,60,-1,60,247,249,-1,60,249,46,-1,46,249,251,-1,46,251,89,-1,89,251,253,-1,89,253,91,-1,91,253,313,-1,91,313,93,-1,93,313,314,-1,93,314,94,-1,94,314,326,-1,94,326,3,-1,3,326,327,-1,3,327,4,-1,4,327,283,-1,4,283,127,-1,127,283,282,-1,127,282,126,-1,126,282,280,-1,126,280,124,-1,124,280,272,-1,124,272,122,-1,122,272,227,-1,122,227,6,-1,6,227,226,-1,6,226,7,-1,7,226,407,-1,7,407,55,-1,55,407,409,-1,55,409,188,-1,188,409,411,-1,188,411,189,-1,189,411,413,-1,189,413,162,-1,162,413,415,-1,162,415,164,-1,164,415,417,-1,164,417,210,-1,210,417,419,-1,210,419,208,-1,208,419,421,-1,208,421,206,-1,206,421,400,-1,206,400,204,-1,204,400,402,-1,204,402,132,-1,132,402,264,-1,132,264,130,-1,130,264,266,-1,130,266,9,-1,9,266,268,-1,9,268,10,-1,10,268,270,-1,10,270,12,-1,12,270,301,-1,12,301,13,-1,176,13,300,-1,300,13,301,-1,176,300,275,-1,176,275,177,-1,177,275,274,-1,177,274,179,-1,179,274,339,-1,179,339,82,-1,82,339,341,-1,82,341,80,-1,80,341,343,-1,80,343,78,-1,78,343,293,-1,78,293,76,-1,76,293,295,-1,76,295,74,-1,74,295,297,-1,74,297,145,-1,145,297,299,-1,145,299,143,-1,143,299,334,-1,143,334,141,-1,141,334,284,-1,141,284,150,-1,150,284,286,-1,150,286,119,-1,119,286,288,-1,119,288,117,-1,117,288,290,-1,117,290,115,-1,115,290,292,-1,115,292,113,-1,113,292,374,-1,113,374,17,-1,17,374,376,-1,17,376,18,-1,18,376,378,-1,18,378,50,-1,52,50,380,-1,380,50,378,-1,52,380,382,-1,52,382,185,-1,185,382,330,-1,185,330,158,-1,158,330,425,-1,158,425,201,-1,201,425,424,-1,201,424,190,-1,190,424,399,-1,190,399,191,-1,191,399,398,-1,191,398,193,-1,193,398,397,-1,193,397,194,-1,194,397,396,-1,194,396,195,-1,195,396,387,-1,195,387,192,-1,192,387,386,-1,192,386,182,-1,182,386,385,-1,182,385,183,-1,183,385,331,-1,183,331,184,-1,184,331,329,-1,184,329,159,-1,159,329,328,-1,159,328,160,-1,160,328,384,-1,160,384,186,-1,186,384,383,-1,186,383,53,-1,53,383,381,-1,53,381,51,-1,49,51,379,-1,379,51,381,-1,49,379,377,-1,49,377,19,-1,19,377,375,-1,19,375,111,-1,111,375,373,-1,111,373,112,-1,112,373,372,-1,112,372,114,-1,114,372,291,-1,114,291,116,-1,116,291,289,-1,116,289,118,-1,118,289,287,-1,118,287,148,-1,148,287,285,-1,148,285,149,-1,149,285,336,-1,149,336,151,-1,151,336,335,-1,151,335,152,-1,152,335,333,-1,152,333,142,-1,142,333,332,-1,142,332,144,-1,99,306,308,-1,99,308,14,-1,14,308,310,-1,14,310,15,-1,15,310,320,-1,15,320,72,-1,72,320,322,-1,72,322,140,-1,140,322,323,-1,140,323,41,-1,41,323,237,-1,41,237,42,-1,42,237,236,-1,42,236,43,-1,43,236,235,-1,43,235,44,-1,44,235,234,-1,44,234,45,-1,45,234,317,-1,45,317,107,-1,107,317,316,-1,107,316,108,-1,108,316,245,-1,108,245,36,-1,36,245,244,-1,36,244,34,-1,34,244,348,-1,34,348,32,-1,32,348,302,-1,32,302,38,-1,38,302,304,-1,38,304,37,-1,37,304,305,-1,37,305,70,-1,70,305,278,-1,70,278,69,-1,69,278,277,-1,69,277,68,-1,68,277,276,-1,68,276,95,-1,95,276,231,-1,95,231,96,-1,96,231,263,-1,96,263,98,-1,98,263,225,-1,98,225,155,-1,155,225,223,-1,155,223,103,-1,103,223,222,-1,103,222,101,-1,101,222,306,-1,101,306,99,-1,426,427,428,-1,428,427,429,-1,430,426,431,-1,431,426,428,-1,432,430,433,-1,433,430,431,-1,434,432,435,-1,435,432,433,-1,436,434,437,-1,437,434,435,-1,427,436,429,-1,429,436,437,-1,432,434,430,-1,430,434,436,-1,430,436,426,-1,426,436,427,-1,428,429,431,-1,431,429,437,-1,431,437,433,-1,433,437,435,-1,438,439,440,-1,438,440,441,-1,441,440,442,-1,441,442,443,-1,443,442,444,-1,443,444,445,-1,445,444,446,-1,445,446,447,-1,447,446,448,-1,447,448,449,-1,449,448,450,-1,449,450,451,-1,452,451,453,-1,453,451,450,-1,452,453,454,-1,452,454,455,-1,455,454,456,-1,455,456,457,-1,457,456,458,-1,457,458,459,-1,459,458,460,-1,459,460,461,-1,461,460,462,-1,461,462,463,-1,463,462,464,-1,463,464,465,-1,465,464,466,-1,465,466,467,-1,467,466,468,-1,467,468,469,-1,469,468,470,-1,469,470,471,-1,471,470,472,-1,471,472,473,-1,473,472,474,-1,473,474,475,-1,475,474,476,-1,475,476,477,-1,477,476,478,-1,477,478,479,-1,479,478,480,-1,479,480,481,-1,481,480,482,-1,481,482,483,-1,483,482,484,-1,483,484,485,-1,485,484,486,-1,485,486,487,-1,487,486,488,-1,487,488,489,-1,489,488,490,-1,489,490,491,-1,491,490,492,-1,491,492,493,-1,493,492,494,-1,493,494,495,-1,495,494,496,-1,495,496,497,-1,497,496,498,-1,497,498,499,-1,499,498,500,-1,499,500,501,-1,501,500,502,-1,501,502,503,-1,503,502,504,-1,503,504,505,-1,505,504,506,-1,505,506,507,-1,507,506,508,-1,507,508,509,-1,509,508,510,-1,509,510,511,-1,511,510,512,-1,511,512,513,-1,513,512,514,-1,513,514,515,-1,515,514,516,-1,515,516,517,-1,517,516,518,-1,517,518,519,-1,519,518,520,-1,519,520,521,-1,521,520,522,-1,521,522,523,-1,523,522,524,-1,523,524,525,-1,525,524,526,-1,525,526,527,-1,527,526,528,-1,527,528,529,-1,529,528,530,-1,529,530,531,-1,531,530,532,-1,531,532,533,-1,533,532,534,-1,533,534,535,-1,535,534,536,-1,535,536,537,-1,537,536,538,-1,537,538,539,-1,539,538,540,-1,539,540,541,-1,542,541,543,-1,543,541,540,-1,542,543,544,-1,542,544,545,-1,545,544,546,-1,545,546,547,-1,547,546,548,-1,547,548,549,-1,549,548,550,-1,549,550,551,-1,551,550,552,-1,551,552,553,-1,553,552,554,-1,553,554,555,-1,555,554,556,-1,555,556,557,-1,557,556,558,-1,557,558,559,-1,559,558,560,-1,559,560,561,-1,561,560,562,-1,561,562,563,-1,563,562,564,-1,563,564,565,-1,565,564,566,-1,565,566,567,-1,567,566,568,-1,567,568,569,-1,569,568,570,-1,569,570,571,-1,571,570,572,-1,571,572,573,-1,573,572,574,-1,573,574,575,-1,575,574,576,-1,575,576,577,-1,577,576,578,-1,577,578,579,-1,579,578,580,-1,579,580,581,-1,581,580,582,-1,581,582,583,-1,583,582,584,-1,583,584,585,-1,585,584,586,-1,585,586,587,-1,587,586,588,-1,587,588,589,-1,589,588,590,-1,589,590,591,-1,591,590,592,-1,591,592,593,-1,593,592,594,-1,593,594,595,-1,595,594,596,-1,595,596,597,-1,597,596,598,-1,597,598,599,-1,599,598,600,-1,599,600,601,-1,601,600,602,-1,601,602,603,-1,603,602,604,-1,603,604,605,-1,605,604,606,-1,605,606,607,-1,607,606,608,-1,607,608,609,-1,609,608,610,-1,609,610,611,-1,611,610,612,-1,611,612,613,-1,613,612,614,-1,613,614,615,-1,615,614,616,-1,615,616,617,-1,617,616,618,-1,617,618,619,-1,619,618,620,-1,619,620,621,-1,621,620,622,-1,621,622,623,-1,623,622,439,-1,623,439,438,-1,539,541,542,-1,483,603,605,-1,483,605,481,-1,481,605,607,-1,481,607,479,-1,479,607,609,-1,479,609,477,-1,477,609,611,-1,477,611,475,-1,475,611,613,-1,475,613,473,-1,459,447,457,-1,457,447,449,-1,457,449,455,-1,455,449,451,-1,455,451,452,-1,613,615,473,-1,473,615,617,-1,473,617,471,-1,471,617,619,-1,471,619,469,-1,469,619,621,-1,469,621,467,-1,467,621,623,-1,467,623,465,-1,465,623,438,-1,465,438,463,-1,463,438,441,-1,463,441,461,-1,461,441,443,-1,461,443,459,-1,459,443,445,-1,459,445,447,-1,515,569,513,-1,513,569,571,-1,513,571,511,-1,511,571,573,-1,511,573,509,-1,509,573,575,-1,509,575,507,-1,507,575,577,-1,507,577,505,-1,505,577,579,-1,505,579,503,-1,503,579,581,-1,503,581,501,-1,539,542,537,-1,537,542,545,-1,537,545,535,-1,535,545,547,-1,535,547,533,-1,533,547,549,-1,533,549,531,-1,531,549,551,-1,531,551,529,-1,529,551,553,-1,529,553,527,-1,527,553,555,-1,527,555,525,-1,525,555,557,-1,525,557,523,-1,523,557,559,-1,523,559,521,-1,521,559,561,-1,521,561,519,-1,519,561,563,-1,519,563,517,-1,517,563,565,-1,517,565,515,-1,515,565,567,-1,515,567,569,-1,603,483,601,-1,601,483,485,-1,601,485,599,-1,599,485,487,-1,599,487,597,-1,597,487,489,-1,597,489,595,-1,595,489,491,-1,595,491,593,-1,593,491,591,-1,591,491,493,-1,591,493,589,-1,581,583,501,-1,501,583,585,-1,501,585,499,-1,499,585,587,-1,499,587,497,-1,497,587,589,-1,497,589,495,-1,495,589,493,-1,454,453,450,-1,454,450,456,-1,470,616,472,-1,472,616,614,-1,472,614,474,-1,474,614,612,-1,474,612,476,-1,476,612,610,-1,476,610,478,-1,478,610,608,-1,478,608,480,-1,540,538,543,-1,543,538,536,-1,543,536,544,-1,544,536,534,-1,608,606,480,-1,480,606,604,-1,480,604,482,-1,482,604,602,-1,482,602,484,-1,484,602,600,-1,484,600,486,-1,486,600,598,-1,486,598,488,-1,450,448,456,-1,456,448,446,-1,456,446,458,-1,458,446,444,-1,458,444,460,-1,460,444,442,-1,460,442,462,-1,462,442,440,-1,462,440,464,-1,464,440,439,-1,464,439,466,-1,466,439,622,-1,466,622,468,-1,468,622,620,-1,468,620,470,-1,470,620,618,-1,470,618,616,-1,508,572,510,-1,510,572,570,-1,510,570,512,-1,512,570,568,-1,512,568,514,-1,514,568,566,-1,514,566,516,-1,516,566,564,-1,516,564,518,-1,518,564,562,-1,518,562,520,-1,520,562,560,-1,520,560,522,-1,522,560,558,-1,522,558,524,-1,524,558,556,-1,524,556,526,-1,526,556,554,-1,526,554,528,-1,528,554,552,-1,528,552,530,-1,530,552,550,-1,530,550,532,-1,532,550,548,-1,532,548,534,-1,534,548,546,-1,534,546,544,-1,588,586,498,-1,498,586,584,-1,498,584,500,-1,500,584,582,-1,500,582,502,-1,502,582,580,-1,502,580,504,-1,504,580,578,-1,504,578,506,-1,506,578,576,-1,506,576,508,-1,508,576,574,-1,508,574,572,-1,598,596,488,-1,488,596,594,-1,488,594,490,-1,490,594,592,-1,490,592,492,-1,492,592,590,-1,492,590,494,-1,494,590,588,-1,494,588,496,-1,496,588,498,-1,624,625,626,-1,626,625,627,-1,628,624,629,-1,629,624,626,-1,630,628,631,-1,631,628,629,-1,632,630,633,-1,633,630,631,-1,634,632,635,-1,635,632,633,-1,636,634,637,-1,637,634,635,-1,638,636,639,-1,639,636,637,-1,640,638,641,-1,641,638,639,-1,642,640,643,-1,643,640,641,-1,644,642,645,-1,645,642,643,-1,646,644,647,-1,647,644,645,-1,625,646,627,-1,627,646,647,-1,646,625,624,-1,624,628,646,-1,646,628,630,-1,646,630,644,-1,640,642,638,-1,638,642,644,-1,638,644,636,-1,636,644,630,-1,636,630,634,-1,634,630,632,-1,626,627,629,-1,629,627,647,-1,629,647,631,-1,643,641,645,-1,645,641,639,-1,645,639,637,-1,635,633,637,-1,637,633,631,-1,637,631,645,-1,645,631,647,-1,648,649,650,-1,650,649,651,-1,650,651,652,-1,652,651,653,-1,652,653,654,-1,654,653,655,-1,654,655,656,-1,656,655,657,-1,656,657,658,-1,658,657,659,-1,658,659,660,-1,660,659,661,-1,660,661,662,-1,662,661,663,-1,662,663,664,-1,665,666,667,-1,667,666,668,-1,667,668,669,-1,669,668,670,-1,669,670,671,-1,671,670,672,-1,671,672,673,-1,672,674,673,-1,673,674,675,-1,673,675,676,-1,676,675,677,-1,676,677,678,-1,678,677,679,-1,678,679,680,-1,680,679,681,-1,680,681,682,-1,682,681,683,-1,682,683,684,-1,684,683,685,-1,684,685,686,-1,686,685,687,-1,686,687,688,-1,688,687,689,-1,688,689,690,-1,690,689,691,-1,690,691,692,-1,692,691,693,-1,692,693,694,-1,694,693,695,-1,694,695,696,-1,696,695,697,-1,696,697,698,-1,698,697,699,-1,698,699,700,-1,700,699,701,-1,700,701,702,-1,702,701,703,-1,702,703,704,-1,704,703,705,-1,704,705,706,-1,706,705,707,-1,706,707,648,-1,648,707,708,-1,648,708,649,-1,663,709,664,-1,664,709,710,-1,664,710,711,-1,711,710,712,-1,711,712,713,-1,713,712,714,-1,713,714,715,-1,715,714,716,-1,715,716,717,-1,717,716,718,-1,717,718,719,-1,719,718,720,-1,719,720,665,-1,665,720,721,-1,665,721,666,-1,722,723,724,-1,724,723,725,-1,724,725,726,-1,726,725,727,-1,726,727,728,-1,728,727,729,-1,728,729,730,-1,730,729,731,-1,730,731,732,-1,732,731,733,-1,732,733,734,-1,735,736,737,-1,737,736,738,-1,737,738,739,-1,739,738,740,-1,739,740,741,-1,741,740,742,-1,741,742,743,-1,743,742,744,-1,743,744,745,-1,745,744,746,-1,745,746,747,-1,747,746,748,-1,747,748,749,-1,749,748,750,-1,749,750,751,-1,751,750,752,-1,751,752,753,-1,753,752,754,-1,753,754,755,-1,755,754,756,-1,755,756,757,-1,757,756,758,-1,757,758,759,-1,759,758,760,-1,759,760,761,-1,761,760,762,-1,761,762,763,-1,763,762,764,-1,763,764,722,-1,722,764,765,-1,722,765,723,-1,766,767,768,-1,768,767,769,-1,768,769,770,-1,770,769,771,-1,770,771,772,-1,772,771,773,-1,772,773,774,-1,774,773,775,-1,774,775,776,-1,776,775,777,-1,776,777,778,-1,778,777,779,-1,778,779,780,-1,780,779,781,-1,780,781,735,-1,735,781,782,-1,735,782,736,-1,733,783,734,-1,734,783,784,-1,734,784,785,-1,785,784,786,-1,785,786,787,-1,787,786,788,-1,787,788,789,-1,789,788,790,-1,789,790,791,-1,791,790,792,-1,791,792,793,-1,793,792,794,-1,793,794,766,-1,766,794,795,-1,766,795,767,-1,701,699,746,-1,746,699,748,-1,701,746,744,-1,701,744,703,-1,703,744,742,-1,703,742,705,-1,705,742,740,-1,705,740,707,-1,707,740,738,-1,707,738,708,-1,708,738,736,-1,708,736,649,-1,649,736,782,-1,649,782,651,-1,651,782,781,-1,651,781,653,-1,653,781,779,-1,653,779,655,-1,655,779,777,-1,655,777,657,-1,657,777,775,-1,657,775,659,-1,659,775,773,-1,659,773,661,-1,661,773,771,-1,661,771,663,-1,663,771,769,-1,663,769,709,-1,709,769,767,-1,709,767,710,-1,710,767,795,-1,710,795,712,-1,712,795,794,-1,712,794,714,-1,714,794,792,-1,714,792,716,-1,716,792,790,-1,716,790,718,-1,718,790,788,-1,718,788,720,-1,720,788,786,-1,720,786,721,-1,721,786,784,-1,721,784,666,-1,666,784,783,-1,666,783,668,-1,668,783,733,-1,668,733,670,-1,670,733,731,-1,670,731,672,-1,672,731,729,-1,672,729,674,-1,674,729,727,-1,674,727,675,-1,675,727,725,-1,675,725,677,-1,677,725,723,-1,677,723,679,-1,679,723,765,-1,679,765,681,-1,681,765,764,-1,681,764,683,-1,683,764,762,-1,683,762,685,-1,685,762,760,-1,685,760,687,-1,687,760,758,-1,687,758,689,-1,689,758,756,-1,689,756,691,-1,691,756,754,-1,691,754,693,-1,693,754,752,-1,693,752,695,-1,697,695,750,-1,750,695,752,-1,699,697,748,-1,748,697,750,-1,694,696,751,-1,751,696,749,-1,696,698,749,-1,749,698,747,-1,698,700,747,-1,747,700,745,-1,656,776,778,-1,656,778,654,-1,654,778,780,-1,654,780,652,-1,652,780,735,-1,652,735,650,-1,650,735,737,-1,650,737,648,-1,648,737,739,-1,648,739,706,-1,706,739,741,-1,706,741,704,-1,704,741,743,-1,704,743,702,-1,702,743,745,-1,702,745,700,-1,717,789,791,-1,717,791,715,-1,715,791,793,-1,715,793,713,-1,713,793,766,-1,713,766,711,-1,711,766,768,-1,711,768,664,-1,664,768,770,-1,664,770,662,-1,662,770,772,-1,662,772,660,-1,660,772,774,-1,660,774,658,-1,658,774,776,-1,658,776,656,-1,678,724,726,-1,678,726,676,-1,676,726,728,-1,676,728,673,-1,673,728,730,-1,673,730,671,-1,671,730,732,-1,671,732,669,-1,669,732,734,-1,669,734,667,-1,667,734,785,-1,667,785,665,-1,665,785,787,-1,665,787,719,-1,719,787,789,-1,719,789,717,-1,694,751,753,-1,694,753,692,-1,692,753,755,-1,692,755,690,-1,690,755,757,-1,690,757,688,-1,688,757,759,-1,688,759,686,-1,686,759,761,-1,686,761,684,-1,684,761,763,-1,684,763,682,-1,682,763,722,-1,682,722,680,-1,680,722,724,-1,680,724,678,-1,796,797,798,-1,798,797,799,-1,800,801,796,-1,796,801,802,-1,796,802,797,-1,797,802,803,-1,800,804,801,-1,801,804,805,-1,801,805,806,-1,806,805,807,-1,806,807,808,-1,808,809,806,-1,806,809,798,-1,806,798,810,-1,810,798,799,-1,810,799,811,-1,812,813,814,-1,813,815,814,-1,814,815,816,-1,814,816,817,-1,817,816,818,-1,817,818,819,-1,819,820,817,-1,817,820,821,-1,817,821,822,-1,823,824,825,-1,826,822,827,-1,827,822,821,-1,827,821,825,-1,825,821,812,-1,825,812,823,-1,823,812,814,-1,806,810,814,-1,814,810,823,-1,801,806,817,-1,817,806,814,-1,802,801,822,-1,822,801,817,-1,803,802,826,-1,826,802,822,-1,797,803,827,-1,827,803,826,-1,799,797,825,-1,825,797,827,-1,811,799,824,-1,824,799,825,-1,810,811,823,-1,823,811,824,-1,796,798,821,-1,821,798,812,-1,798,809,812,-1,812,809,813,-1,807,816,815,-1,807,815,808,-1,808,815,813,-1,808,813,809,-1,807,805,816,-1,816,805,818,-1,800,820,819,-1,800,819,804,-1,804,819,818,-1,804,818,805,-1,800,796,820,-1,820,796,821,-1,828,829,830,-1,830,829,831,-1,832,828,833,-1,833,828,830,-1,834,832,835,-1,835,832,833,-1,836,834,837,-1,837,834,835,-1,838,836,839,-1,839,836,837,-1,840,838,841,-1,841,838,839,-1,842,840,843,-1,843,840,841,-1,844,842,845,-1,845,842,843,-1,846,844,847,-1,847,844,845,-1,848,846,849,-1,849,846,847,-1,850,848,851,-1,851,848,849,-1,829,850,831,-1,831,850,851,-1,850,829,828,-1,828,832,850,-1,850,832,834,-1,850,834,848,-1,844,846,842,-1,842,846,848,-1,842,848,840,-1,840,848,834,-1,840,834,838,-1,838,834,836,-1,849,847,845,-1,845,843,849,-1,849,843,841,-1,849,841,851,-1,830,831,833,-1,833,831,851,-1,833,851,835,-1,835,851,841,-1,835,841,837,-1,837,841,839,-1,852,853,854,-1,854,853,855,-1,856,857,858,-1,859,860,861,-1,861,860,862,-1,858,857,863,-1,863,857,864,-1,863,864,865,-1,865,864,866,-1,865,866,867,-1,868,869,870,-1,860,871,862,-1,862,871,872,-1,862,872,873,-1,859,861,874,-1,874,861,875,-1,874,875,876,-1,876,875,877,-1,876,877,878,-1,867,866,879,-1,879,866,880,-1,879,880,881,-1,881,880,882,-1,881,882,883,-1,872,884,873,-1,873,884,885,-1,873,885,886,-1,886,885,887,-1,886,887,888,-1,854,889,890,-1,890,889,891,-1,890,891,892,-1,893,894,895,-1,895,894,896,-1,895,896,897,-1,897,896,898,-1,897,898,899,-1,900,901,855,-1,855,901,902,-1,855,902,854,-1,854,902,903,-1,854,903,889,-1,883,882,904,-1,904,882,905,-1,904,905,906,-1,906,905,907,-1,906,907,908,-1,909,910,911,-1,911,910,912,-1,911,912,913,-1,913,912,914,-1,913,914,915,-1,870,916,868,-1,868,916,917,-1,868,917,909,-1,909,917,918,-1,909,918,910,-1,919,920,921,-1,921,920,922,-1,921,922,869,-1,869,922,923,-1,869,923,870,-1,924,925,926,-1,926,925,878,-1,926,878,927,-1,927,878,877,-1,898,928,899,-1,899,928,929,-1,899,929,930,-1,930,929,931,-1,930,931,932,-1,932,931,892,-1,932,892,933,-1,933,892,891,-1,908,907,934,-1,934,907,935,-1,934,935,936,-1,936,925,934,-1,934,925,924,-1,934,924,855,-1,855,924,937,-1,855,937,900,-1,914,938,915,-1,915,938,939,-1,915,939,940,-1,940,939,941,-1,940,941,942,-1,942,941,943,-1,942,943,893,-1,893,943,944,-1,893,944,894,-1,887,945,888,-1,888,945,946,-1,888,946,947,-1,947,946,948,-1,947,948,949,-1,858,950,856,-1,856,950,951,-1,856,951,952,-1,952,951,953,-1,952,953,954,-1,954,953,955,-1,954,955,956,-1,956,955,957,-1,956,957,958,-1,958,957,959,-1,958,959,960,-1,960,959,961,-1,960,961,962,-1,962,961,963,-1,962,963,964,-1,964,963,965,-1,964,965,966,-1,966,965,967,-1,966,967,968,-1,968,967,969,-1,968,969,970,-1,948,971,949,-1,949,971,972,-1,949,972,919,-1,919,972,973,-1,919,973,920,-1,974,975,976,-1,977,978,979,-1,979,978,980,-1,979,980,981,-1,982,983,984,-1,985,986,987,-1,987,986,988,-1,987,988,989,-1,980,990,981,-1,981,990,991,-1,981,991,992,-1,992,991,993,-1,992,993,994,-1,995,996,997,-1,997,996,998,-1,997,998,999,-1,999,998,1000,-1,999,1000,977,-1,977,1000,1001,-1,977,1001,978,-1,1002,982,1003,-1,1003,982,984,-1,1003,984,1004,-1,1004,984,1005,-1,1006,1007,1008,-1,1008,1007,1009,-1,1008,1009,1010,-1,1010,1009,1011,-1,1010,1011,1012,-1,1012,1011,1013,-1,1012,1013,1014,-1,1014,1013,1015,-1,1016,1017,1006,-1,1006,1017,1018,-1,1006,1018,1007,-1,1019,1020,985,-1,985,1020,1021,-1,985,1021,986,-1,1022,1023,1019,-1,1019,1023,1024,-1,1019,1024,1020,-1,1025,1026,1027,-1,1027,1026,984,-1,1027,984,1028,-1,1028,984,983,-1,1029,1030,1016,-1,1016,1030,1031,-1,1016,1031,1017,-1,993,1032,994,-1,994,1032,1033,-1,994,1033,1034,-1,1034,1033,1035,-1,1034,1035,1036,-1,1036,1035,1026,-1,1036,1026,1037,-1,988,1038,989,-1,989,1038,1039,-1,989,1039,1040,-1,1037,1026,1041,-1,1041,1026,1025,-1,1041,1025,1015,-1,1015,1025,1042,-1,1015,1042,1014,-1,974,976,1043,-1,1043,976,1044,-1,1043,1044,1045,-1,1045,1044,1046,-1,1045,1046,1047,-1,1047,1046,1048,-1,1047,1048,1049,-1,1049,1048,1050,-1,1049,1050,1051,-1,1051,1050,1052,-1,1051,1052,1053,-1,1053,1052,1054,-1,1053,1054,1055,-1,1055,1054,1056,-1,1055,1056,995,-1,995,1056,1057,-1,995,1057,996,-1,1058,1059,1060,-1,1060,1059,1061,-1,1060,1061,1029,-1,1029,1061,1062,-1,1029,1062,1030,-1,1039,1063,1040,-1,1040,1063,1064,-1,1040,1064,1065,-1,1065,1064,1066,-1,1065,1066,1058,-1,1058,1066,1067,-1,1058,1067,1059,-1,1068,1069,1070,-1,1070,1069,1071,-1,1070,1071,1072,-1,1072,1071,1073,-1,1072,1073,1074,-1,1074,1073,1075,-1,1074,1075,1076,-1,1077,1078,1079,-1,1079,1078,1080,-1,1079,1080,1081,-1,1081,1080,1082,-1,1081,1082,1022,-1,1022,1082,1083,-1,1022,1083,1023,-1,1075,1084,1076,-1,1076,1084,1085,-1,1076,1085,1086,-1,1086,1085,1087,-1,1086,1087,1088,-1,1088,1087,1089,-1,1088,1089,1077,-1,1077,1089,1090,-1,1077,1090,1078,-1,1070,1091,1068,-1,1068,1091,1092,-1,1068,1092,1093,-1,1093,1092,1094,-1,1093,1094,1003,-1,1003,1094,1095,-1,1003,1095,1002,-1,955,1056,1054,-1,955,1054,957,-1,957,1054,1052,-1,957,1052,959,-1,959,1052,1050,-1,959,1050,961,-1,961,1050,1048,-1,961,1048,963,-1,963,1048,1046,-1,963,1046,965,-1,965,1046,1044,-1,965,1044,967,-1,967,1044,976,-1,967,976,969,-1,970,969,975,-1,975,969,976,-1,970,975,974,-1,970,974,968,-1,968,974,1043,-1,968,1043,966,-1,966,1043,1045,-1,966,1045,964,-1,964,1045,1047,-1,964,1047,962,-1,962,1047,1049,-1,962,1049,960,-1,960,1049,1051,-1,960,1051,958,-1,958,1051,1053,-1,958,1053,956,-1,956,1053,1055,-1,956,1055,954,-1,954,1055,995,-1,954,995,952,-1,952,995,997,-1,952,997,856,-1,856,997,999,-1,856,999,857,-1,857,999,977,-1,857,977,864,-1,864,977,979,-1,864,979,866,-1,866,979,981,-1,866,981,880,-1,880,981,992,-1,880,992,882,-1,882,992,994,-1,882,994,905,-1,905,994,1034,-1,905,1034,907,-1,907,1034,1036,-1,907,1036,935,-1,935,1036,1037,-1,935,1037,936,-1,936,1037,1041,-1,936,1041,925,-1,878,925,1015,-1,1015,925,1041,-1,878,1015,1013,-1,878,1013,876,-1,876,1013,1011,-1,876,1011,874,-1,874,1011,1009,-1,874,1009,859,-1,859,1009,1007,-1,859,1007,860,-1,860,1007,1018,-1,860,1018,871,-1,871,1018,1017,-1,871,1017,872,-1,872,1017,1031,-1,872,1031,884,-1,884,1031,1030,-1,884,1030,885,-1,885,1030,1062,-1,885,1062,887,-1,887,1062,1061,-1,887,1061,945,-1,945,1061,1059,-1,945,1059,946,-1,946,1059,1067,-1,946,1067,948,-1,948,1067,1066,-1,948,1066,971,-1,971,1066,1064,-1,971,1064,972,-1,972,1064,1063,-1,972,1063,973,-1,973,1063,1039,-1,973,1039,920,-1,920,1039,1038,-1,920,1038,922,-1,922,1038,988,-1,922,988,923,-1,923,988,986,-1,923,986,870,-1,870,986,1021,-1,870,1021,916,-1,916,1021,1020,-1,916,1020,917,-1,917,1020,1024,-1,917,1024,918,-1,918,1024,1023,-1,918,1023,910,-1,910,1023,1083,-1,910,1083,912,-1,912,1083,1082,-1,912,1082,914,-1,914,1082,1080,-1,914,1080,938,-1,938,1080,1078,-1,938,1078,939,-1,939,1078,1090,-1,939,1090,941,-1,941,1090,1089,-1,941,1089,943,-1,943,1089,1087,-1,943,1087,944,-1,944,1087,1085,-1,944,1085,894,-1,894,1085,1084,-1,894,1084,896,-1,896,1084,1075,-1,896,1075,898,-1,898,1075,1073,-1,898,1073,928,-1,928,1073,1071,-1,928,1071,929,-1,929,1071,1069,-1,929,1069,931,-1,931,1069,1068,-1,931,1068,892,-1,892,1068,1093,-1,892,1093,890,-1,854,890,1003,-1,1003,890,1093,-1,852,854,1004,-1,1004,854,1003,-1,853,852,1005,-1,1005,852,1004,-1,855,853,984,-1,984,853,1005,-1,855,984,1026,-1,855,1026,934,-1,934,1026,1035,-1,934,1035,908,-1,908,1035,1033,-1,908,1033,906,-1,906,1033,1032,-1,906,1032,904,-1,904,1032,993,-1,904,993,883,-1,883,993,991,-1,883,991,881,-1,881,991,990,-1,881,990,879,-1,879,990,980,-1,879,980,867,-1,867,980,978,-1,867,978,865,-1,865,978,1001,-1,865,1001,863,-1,863,1001,1000,-1,863,1000,858,-1,858,1000,998,-1,858,998,950,-1,950,998,996,-1,950,996,951,-1,951,996,1057,-1,951,1057,953,-1,953,1057,1056,-1,953,1056,955,-1,862,1006,1008,-1,862,1008,861,-1,861,1008,1010,-1,861,1010,875,-1,875,1010,1012,-1,875,1012,877,-1,877,1012,1014,-1,877,1014,927,-1,927,1014,1042,-1,927,1042,926,-1,949,1065,1058,-1,949,1058,947,-1,947,1058,1060,-1,947,1060,888,-1,888,1060,1029,-1,888,1029,886,-1,886,1029,1016,-1,886,1016,873,-1,873,1016,1006,-1,873,1006,862,-1,909,1019,985,-1,909,985,868,-1,868,985,987,-1,868,987,869,-1,869,987,989,-1,869,989,921,-1,921,989,1040,-1,921,1040,919,-1,919,1040,1065,-1,919,1065,949,-1,942,1088,1077,-1,942,1077,940,-1,940,1077,1079,-1,940,1079,915,-1,915,1079,1081,-1,915,1081,913,-1,913,1081,1022,-1,913,1022,911,-1,911,1022,1019,-1,911,1019,909,-1,933,1092,1091,-1,933,1091,932,-1,932,1091,1070,-1,932,1070,930,-1,930,1070,1072,-1,930,1072,899,-1,899,1072,1074,-1,899,1074,897,-1,897,1074,1076,-1,897,1076,895,-1,895,1076,1086,-1,895,1086,893,-1,893,1086,1088,-1,893,1088,942,-1,937,1027,1028,-1,937,1028,900,-1,900,1028,983,-1,900,983,901,-1,901,983,982,-1,901,982,902,-1,902,982,1002,-1,902,1002,903,-1,903,1002,1095,-1,903,1095,889,-1,889,1095,1094,-1,889,1094,891,-1,891,1094,1092,-1,891,1092,933,-1,937,924,1027,-1,1027,924,1025,-1,924,926,1025,-1,1025,926,1042,-1,1096,1097,1098,-1,1096,1098,1099,-1,1099,1098,1100,-1,1099,1100,1101,-1,1101,1100,1102,-1,1101,1102,1103,-1,1103,1102,1104,-1,1103,1104,1105,-1,1105,1104,1106,-1,1105,1106,1107,-1,1107,1106,1108,-1,1107,1108,1109,-1,1109,1108,1110,-1,1109,1110,1111,-1,1112,1111,1113,-1,1113,1111,1110,-1,1112,1113,1114,-1,1112,1114,1115,-1,1115,1114,1116,-1,1115,1116,1117,-1,1117,1116,1118,-1,1117,1118,1119,-1,1119,1118,1120,-1,1119,1120,1121,-1,1121,1120,1122,-1,1121,1122,1123,-1,1123,1122,1124,-1,1123,1124,1125,-1,1125,1124,1126,-1,1125,1126,1127,-1,1127,1126,1128,-1,1127,1128,1129,-1,1129,1128,1130,-1,1129,1130,1131,-1,1131,1130,1132,-1,1131,1132,1133,-1,1133,1132,1134,-1,1133,1134,1135,-1,1135,1134,1136,-1,1135,1136,1137,-1,1137,1136,1138,-1,1137,1138,1139,-1,1139,1138,1140,-1,1139,1140,1141,-1,1141,1140,1142,-1,1141,1142,1143,-1,1143,1142,1144,-1,1143,1144,1145,-1,1145,1144,1146,-1,1145,1146,1147,-1,1147,1146,1148,-1,1147,1148,1149,-1,1149,1148,1150,-1,1149,1150,1151,-1,1151,1150,1152,-1,1151,1152,1153,-1,1153,1152,1154,-1,1153,1154,1155,-1,1155,1154,1156,-1,1155,1156,1157,-1,1157,1156,1158,-1,1157,1158,1159,-1,1159,1158,1160,-1,1159,1160,1161,-1,1161,1160,1162,-1,1161,1162,1163,-1,1163,1162,1164,-1,1163,1164,1165,-1,1165,1164,1166,-1,1165,1166,1167,-1,1167,1166,1168,-1,1167,1168,1169,-1,1169,1168,1170,-1,1169,1170,1171,-1,1171,1170,1172,-1,1171,1172,1173,-1,1173,1172,1174,-1,1173,1174,1175,-1,1175,1174,1176,-1,1175,1176,1177,-1,1177,1176,1178,-1,1177,1178,1179,-1,1179,1178,1180,-1,1179,1180,1181,-1,1181,1180,1182,-1,1181,1182,1183,-1,1183,1182,1184,-1,1183,1184,1185,-1,1185,1184,1186,-1,1185,1186,1187,-1,1187,1186,1188,-1,1187,1188,1189,-1,1189,1188,1190,-1,1189,1190,1191,-1,1191,1190,1192,-1,1191,1192,1193,-1,1193,1192,1194,-1,1193,1194,1195,-1,1195,1194,1196,-1,1195,1196,1197,-1,1197,1196,1198,-1,1197,1198,1199,-1,1199,1198,1200,-1,1199,1200,1201,-1,1201,1200,1202,-1,1201,1202,1203,-1,1203,1202,1204,-1,1203,1204,1205,-1,1205,1204,1206,-1,1205,1206,1207,-1,1207,1206,1208,-1,1207,1208,1209,-1,1209,1208,1210,-1,1209,1210,1211,-1,1211,1210,1212,-1,1211,1212,1213,-1,1213,1212,1214,-1,1213,1214,1215,-1,1215,1214,1216,-1,1215,1216,1217,-1,1217,1216,1218,-1,1217,1218,1219,-1,1219,1218,1220,-1,1219,1220,1221,-1,1221,1220,1222,-1,1221,1222,1223,-1,1223,1222,1224,-1,1223,1224,1225,-1,1225,1224,1226,-1,1225,1226,1227,-1,1227,1226,1228,-1,1227,1228,1229,-1,1229,1228,1230,-1,1229,1230,1231,-1,1232,1231,1233,-1,1233,1231,1230,-1,1232,1233,1234,-1,1232,1234,1235,-1,1235,1234,1236,-1,1235,1236,1237,-1,1237,1236,1238,-1,1237,1238,1239,-1,1239,1238,1240,-1,1239,1240,1241,-1,1241,1240,1242,-1,1241,1242,1243,-1,1243,1242,1244,-1,1243,1244,1245,-1,1245,1244,1246,-1,1245,1246,1247,-1,1247,1246,1248,-1,1247,1248,1249,-1,1249,1248,1250,-1,1249,1250,1251,-1,1251,1250,1252,-1,1251,1252,1253,-1,1253,1252,1254,-1,1253,1254,1255,-1,1255,1254,1256,-1,1255,1256,1257,-1,1257,1256,1258,-1,1257,1258,1259,-1,1259,1258,1260,-1,1259,1260,1261,-1,1261,1260,1262,-1,1261,1262,1263,-1,1263,1262,1264,-1,1263,1264,1265,-1,1265,1264,1266,-1,1265,1266,1267,-1,1267,1266,1268,-1,1267,1268,1269,-1,1269,1268,1270,-1,1269,1270,1271,-1,1271,1270,1272,-1,1271,1272,1273,-1,1273,1272,1274,-1,1273,1274,1275,-1,1275,1274,1276,-1,1275,1276,1277,-1,1277,1276,1278,-1,1277,1278,1279,-1,1279,1278,1280,-1,1279,1280,1281,-1,1281,1280,1282,-1,1281,1282,1283,-1,1283,1282,1284,-1,1283,1284,1285,-1,1285,1284,1286,-1,1285,1286,1287,-1,1287,1286,1288,-1,1287,1288,1289,-1,1289,1288,1290,-1,1289,1290,1291,-1,1291,1290,1292,-1,1291,1292,1293,-1,1293,1292,1294,-1,1293,1294,1295,-1,1295,1294,1296,-1,1295,1296,1297,-1,1297,1296,1298,-1,1297,1298,1299,-1,1299,1298,1300,-1,1299,1300,1301,-1,1301,1300,1302,-1,1301,1302,1303,-1,1303,1302,1304,-1,1303,1304,1305,-1,1305,1304,1306,-1,1305,1306,1307,-1,1307,1306,1308,-1,1307,1308,1309,-1,1309,1308,1310,-1,1309,1310,1311,-1,1311,1310,1312,-1,1311,1312,1313,-1,1313,1312,1314,-1,1313,1314,1315,-1,1315,1314,1316,-1,1315,1316,1317,-1,1317,1316,1318,-1,1317,1318,1319,-1,1319,1318,1320,-1,1319,1320,1321,-1,1321,1320,1322,-1,1321,1322,1323,-1,1323,1322,1324,-1,1323,1324,1325,-1,1325,1324,1326,-1,1325,1326,1327,-1,1327,1326,1328,-1,1327,1328,1329,-1,1329,1328,1330,-1,1329,1330,1331,-1,1331,1330,1332,-1,1331,1332,1333,-1,1333,1332,1097,-1,1333,1097,1096,-1,1109,1111,1112,-1,1229,1231,1232,-1,1139,1141,1323,-1,1323,1141,1321,-1,1203,1263,1201,-1,1201,1263,1265,-1,1201,1265,1199,-1,1141,1143,1321,-1,1321,1143,1145,-1,1321,1145,1319,-1,1205,1259,1203,-1,1203,1259,1261,-1,1203,1261,1263,-1,1139,1323,1137,-1,1137,1323,1325,-1,1137,1325,1135,-1,1135,1325,1327,-1,1135,1327,1133,-1,1133,1327,1329,-1,1133,1329,1131,-1,1281,1191,1279,-1,1279,1191,1193,-1,1163,1309,1161,-1,1161,1309,1311,-1,1265,1267,1199,-1,1199,1267,1269,-1,1199,1269,1197,-1,1269,1271,1197,-1,1197,1271,1273,-1,1197,1273,1195,-1,1195,1273,1275,-1,1195,1275,1193,-1,1193,1275,1277,-1,1193,1277,1279,-1,1281,1283,1191,-1,1191,1283,1285,-1,1191,1285,1189,-1,1189,1285,1287,-1,1189,1287,1187,-1,1187,1287,1289,-1,1187,1289,1185,-1,1185,1289,1291,-1,1185,1291,1183,-1,1315,1155,1313,-1,1313,1155,1157,-1,1313,1157,1311,-1,1311,1157,1159,-1,1311,1159,1161,-1,1145,1147,1319,-1,1319,1147,1149,-1,1319,1149,1317,-1,1317,1149,1151,-1,1317,1151,1315,-1,1315,1151,1153,-1,1315,1153,1155,-1,1163,1165,1309,-1,1309,1165,1167,-1,1309,1167,1307,-1,1307,1167,1169,-1,1307,1169,1305,-1,1305,1169,1171,-1,1305,1171,1303,-1,1303,1171,1173,-1,1303,1173,1301,-1,1131,1329,1129,-1,1129,1329,1331,-1,1129,1331,1127,-1,1127,1331,1333,-1,1127,1333,1125,-1,1125,1333,1096,-1,1125,1096,1123,-1,1123,1096,1099,-1,1123,1099,1121,-1,1121,1099,1101,-1,1121,1101,1119,-1,1119,1101,1103,-1,1119,1103,1117,-1,1117,1103,1105,-1,1117,1105,1115,-1,1115,1105,1112,-1,1112,1105,1107,-1,1112,1107,1109,-1,1173,1175,1301,-1,1301,1175,1177,-1,1301,1177,1299,-1,1299,1177,1179,-1,1299,1179,1297,-1,1297,1179,1181,-1,1297,1181,1295,-1,1295,1181,1183,-1,1295,1183,1293,-1,1293,1183,1291,-1,1229,1232,1227,-1,1227,1232,1235,-1,1227,1235,1225,-1,1225,1235,1237,-1,1225,1237,1223,-1,1223,1237,1239,-1,1223,1239,1221,-1,1221,1239,1241,-1,1221,1241,1219,-1,1219,1241,1243,-1,1219,1243,1217,-1,1217,1243,1245,-1,1217,1245,1215,-1,1215,1245,1247,-1,1215,1247,1213,-1,1213,1247,1249,-1,1213,1249,1211,-1,1211,1249,1251,-1,1211,1251,1209,-1,1209,1251,1253,-1,1209,1253,1207,-1,1207,1253,1255,-1,1207,1255,1205,-1,1205,1255,1257,-1,1205,1257,1259,-1,1320,1140,1322,-1,1322,1140,1138,-1,1322,1138,1324,-1,1324,1138,1136,-1,1324,1136,1326,-1,1202,1200,1262,-1,1282,1190,1284,-1,1284,1190,1188,-1,1318,1144,1320,-1,1320,1144,1142,-1,1320,1142,1140,-1,1312,1310,1158,-1,1158,1310,1160,-1,1160,1310,1308,-1,1160,1308,1162,-1,1282,1280,1190,-1,1190,1280,1278,-1,1190,1278,1192,-1,1192,1278,1276,-1,1192,1276,1194,-1,1306,1166,1308,-1,1308,1166,1164,-1,1308,1164,1162,-1,1196,1268,1198,-1,1198,1268,1266,-1,1198,1266,1200,-1,1200,1266,1264,-1,1200,1264,1262,-1,1316,1148,1318,-1,1318,1148,1146,-1,1318,1146,1144,-1,1276,1274,1194,-1,1194,1274,1272,-1,1194,1272,1196,-1,1196,1272,1270,-1,1196,1270,1268,-1,1136,1134,1326,-1,1326,1134,1132,-1,1326,1132,1328,-1,1328,1132,1130,-1,1328,1130,1330,-1,1330,1130,1128,-1,1330,1128,1332,-1,1332,1128,1126,-1,1332,1126,1097,-1,1097,1126,1124,-1,1097,1124,1098,-1,1098,1124,1122,-1,1098,1122,1100,-1,1100,1122,1120,-1,1100,1120,1102,-1,1158,1156,1312,-1,1312,1156,1154,-1,1312,1154,1314,-1,1314,1154,1152,-1,1314,1152,1316,-1,1316,1152,1150,-1,1316,1150,1148,-1,1120,1118,1102,-1,1102,1118,1116,-1,1102,1116,1104,-1,1104,1116,1114,-1,1104,1114,1106,-1,1106,1114,1113,-1,1106,1113,1108,-1,1108,1113,1110,-1,1298,1296,1180,-1,1180,1296,1294,-1,1180,1294,1182,-1,1182,1294,1292,-1,1182,1292,1184,-1,1184,1292,1290,-1,1184,1290,1186,-1,1186,1290,1288,-1,1186,1288,1188,-1,1188,1288,1286,-1,1188,1286,1284,-1,1262,1260,1202,-1,1202,1260,1258,-1,1202,1258,1204,-1,1204,1258,1256,-1,1204,1256,1206,-1,1206,1256,1254,-1,1206,1254,1208,-1,1208,1254,1252,-1,1208,1252,1210,-1,1210,1252,1250,-1,1210,1250,1212,-1,1212,1250,1248,-1,1212,1248,1214,-1,1214,1248,1246,-1,1214,1246,1216,-1,1216,1246,1244,-1,1216,1244,1218,-1,1218,1244,1242,-1,1218,1242,1220,-1,1220,1242,1240,-1,1220,1240,1222,-1,1222,1240,1238,-1,1222,1238,1224,-1,1224,1238,1236,-1,1224,1236,1226,-1,1226,1236,1234,-1,1226,1234,1228,-1,1228,1234,1233,-1,1228,1233,1230,-1,1180,1178,1298,-1,1298,1178,1176,-1,1298,1176,1300,-1,1300,1176,1174,-1,1300,1174,1302,-1,1302,1174,1172,-1,1302,1172,1304,-1,1304,1172,1170,-1,1304,1170,1306,-1,1306,1170,1168,-1,1306,1168,1166,-1,1334,1335,1336,-1,1336,1335,1337,-1,1338,1334,1339,-1,1339,1334,1336,-1,1338,1339,1340,-1,1338,1340,1341,-1,1341,1340,1342,-1,1341,1342,1343,-1,1344,1343,1345,-1,1345,1343,1342,-1,1346,1344,1347,-1,1347,1344,1345,-1,1348,1346,1349,-1,1349,1346,1347,-1,1350,1348,1351,-1,1351,1348,1349,-1,1352,1350,1353,-1,1353,1350,1351,-1,1354,1352,1355,-1,1355,1352,1353,-1,1354,1355,1356,-1,1354,1356,1357,-1,1357,1356,1358,-1,1357,1358,1359,-1,1359,1358,1360,-1,1359,1360,1361,-1,1361,1360,1362,-1,1361,1362,1363,-1,1363,1362,1364,-1,1363,1364,1365,-1,1365,1364,1366,-1,1365,1366,1367,-1,1367,1366,1368,-1,1367,1368,1369,-1,1369,1368,1370,-1,1369,1370,1371,-1,1371,1370,1372,-1,1371,1372,1373,-1,1373,1372,1374,-1,1373,1374,1375,-1,1376,1375,1377,-1,1377,1375,1374,-1,1376,1377,1378,-1,1376,1378,1379,-1,1379,1378,1380,-1,1379,1380,1381,-1,1381,1380,1382,-1,1381,1382,1383,-1,1383,1382,1384,-1,1383,1384,1385,-1,1385,1384,1386,-1,1385,1386,1387,-1,1387,1386,1388,-1,1387,1388,1389,-1,1389,1388,1390,-1,1389,1390,1391,-1,1391,1390,1392,-1,1391,1392,1393,-1,1393,1392,1394,-1,1393,1394,1395,-1,1395,1394,1396,-1,1395,1396,1397,-1,1397,1396,1398,-1,1397,1398,1399,-1,1399,1398,1400,-1,1399,1400,1401,-1,1401,1400,1402,-1,1401,1402,1403,-1,1403,1402,1404,-1,1403,1404,1405,-1,1335,1405,1337,-1,1337,1405,1404,-1,1341,1343,1405,-1,1335,1334,1405,-1,1405,1334,1338,-1,1405,1338,1341,-1,1348,1350,1346,-1,1346,1350,1352,-1,1346,1352,1344,-1,1359,1361,1393,-1,1393,1361,1391,-1,1391,1361,1363,-1,1391,1363,1389,-1,1389,1363,1365,-1,1389,1365,1387,-1,1387,1365,1385,-1,1385,1365,1367,-1,1385,1367,1383,-1,1383,1367,1369,-1,1383,1369,1381,-1,1393,1395,1359,-1,1359,1395,1397,-1,1359,1397,1357,-1,1357,1397,1399,-1,1357,1399,1354,-1,1381,1369,1379,-1,1379,1369,1371,-1,1379,1371,1376,-1,1376,1371,1373,-1,1376,1373,1375,-1,1399,1401,1354,-1,1354,1401,1403,-1,1354,1403,1352,-1,1352,1403,1405,-1,1352,1405,1344,-1,1344,1405,1343,-1,1366,1364,1386,-1,1353,1351,1349,-1,1336,1337,1339,-1,1339,1337,1404,-1,1386,1364,1388,-1,1388,1364,1362,-1,1388,1362,1390,-1,1386,1384,1366,-1,1366,1384,1382,-1,1366,1382,1368,-1,1368,1382,1380,-1,1368,1380,1370,-1,1370,1380,1378,-1,1370,1378,1372,-1,1372,1378,1377,-1,1372,1377,1374,-1,1390,1362,1392,-1,1392,1362,1360,-1,1392,1360,1394,-1,1394,1360,1358,-1,1394,1358,1396,-1,1396,1358,1356,-1,1396,1356,1398,-1,1398,1356,1400,-1,1400,1356,1355,-1,1400,1355,1402,-1,1345,1342,1404,-1,1404,1342,1340,-1,1404,1340,1339,-1,1349,1347,1353,-1,1353,1347,1345,-1,1353,1345,1355,-1,1355,1345,1404,-1,1355,1404,1402,-1,1406,1407,1408,-1,1408,1407,1409,-1,1410,1406,1411,-1,1411,1406,1408,-1,1412,1410,1413,-1,1413,1410,1411,-1,1414,1412,1415,-1,1415,1412,1413,-1,1416,1414,1417,-1,1417,1414,1415,-1,1418,1416,1419,-1,1419,1416,1417,-1,1420,1418,1421,-1,1421,1418,1419,-1,1422,1420,1423,-1,1423,1420,1421,-1,1424,1422,1425,-1,1425,1422,1423,-1,1426,1424,1427,-1,1427,1424,1425,-1,1428,1426,1429,-1,1429,1426,1427,-1,1407,1428,1409,-1,1409,1428,1429,-1,1422,1424,1420,-1,1420,1424,1426,-1,1420,1426,1418,-1,1407,1406,1428,-1,1428,1406,1410,-1,1428,1410,1412,-1,1414,1416,1412,-1,1412,1416,1418,-1,1412,1418,1428,-1,1428,1418,1426,-1,1427,1425,1423,-1,1423,1421,1427,-1,1427,1421,1419,-1,1427,1419,1429,-1,1408,1409,1411,-1,1411,1409,1429,-1,1411,1429,1413,-1,1413,1429,1419,-1,1413,1419,1415,-1,1415,1419,1417,-1,1430,1431,1432,-1,1432,1431,1433,-1,1432,1433,1434,-1,1434,1433,1435,-1,1434,1435,1436,-1,1436,1435,1437,-1,1436,1437,1438,-1,1438,1437,1439,-1,1438,1439,1440,-1,1440,1439,1441,-1,1440,1441,1442,-1,1442,1441,1443,-1,1442,1443,1444,-1,1444,1443,1445,-1,1444,1445,1446,-1,1447,1448,1449,-1,1449,1448,1450,-1,1449,1450,1451,-1,1451,1450,1452,-1,1451,1452,1453,-1,1453,1452,1454,-1,1453,1454,1455,-1,1454,1456,1455,-1,1455,1456,1457,-1,1455,1457,1458,-1,1458,1457,1459,-1,1458,1459,1460,-1,1460,1459,1461,-1,1460,1461,1462,-1,1462,1461,1463,-1,1462,1463,1464,-1,1464,1463,1465,-1,1464,1465,1466,-1,1466,1465,1467,-1,1466,1467,1468,-1,1468,1467,1469,-1,1468,1469,1470,-1,1470,1469,1471,-1,1470,1471,1472,-1,1472,1471,1473,-1,1472,1473,1474,-1,1474,1473,1475,-1,1474,1475,1476,-1,1476,1475,1477,-1,1476,1477,1478,-1,1478,1477,1479,-1,1478,1479,1480,-1,1480,1479,1481,-1,1480,1481,1482,-1,1482,1481,1483,-1,1482,1483,1484,-1,1484,1483,1485,-1,1484,1485,1486,-1,1486,1485,1487,-1,1486,1487,1488,-1,1488,1487,1489,-1,1488,1489,1430,-1,1430,1489,1490,-1,1430,1490,1431,-1,1445,1491,1446,-1,1446,1491,1492,-1,1446,1492,1493,-1,1493,1492,1494,-1,1493,1494,1495,-1,1495,1494,1496,-1,1495,1496,1497,-1,1497,1496,1498,-1,1497,1498,1499,-1,1499,1498,1500,-1,1499,1500,1501,-1,1501,1500,1502,-1,1501,1502,1447,-1,1447,1502,1503,-1,1447,1503,1448,-1,1504,1505,1506,-1,1506,1505,1507,-1,1506,1507,1508,-1,1508,1507,1509,-1,1508,1509,1510,-1,1510,1509,1511,-1,1510,1511,1512,-1,1512,1511,1513,-1,1512,1513,1514,-1,1514,1513,1515,-1,1514,1515,1516,-1,1517,1518,1519,-1,1519,1518,1520,-1,1519,1520,1521,-1,1521,1520,1522,-1,1521,1522,1523,-1,1523,1522,1524,-1,1523,1524,1525,-1,1525,1524,1526,-1,1525,1526,1527,-1,1527,1526,1528,-1,1527,1528,1529,-1,1529,1528,1530,-1,1529,1530,1531,-1,1531,1530,1532,-1,1531,1532,1533,-1,1533,1532,1534,-1,1533,1534,1535,-1,1535,1534,1536,-1,1535,1536,1537,-1,1537,1536,1538,-1,1537,1538,1539,-1,1539,1538,1540,-1,1539,1540,1541,-1,1541,1540,1542,-1,1541,1542,1543,-1,1543,1542,1544,-1,1543,1544,1545,-1,1545,1544,1546,-1,1545,1546,1504,-1,1504,1546,1547,-1,1504,1547,1505,-1,1548,1549,1550,-1,1550,1549,1551,-1,1550,1551,1552,-1,1552,1551,1553,-1,1552,1553,1554,-1,1554,1553,1555,-1,1554,1555,1556,-1,1556,1555,1557,-1,1556,1557,1558,-1,1558,1557,1559,-1,1558,1559,1560,-1,1560,1559,1561,-1,1560,1561,1562,-1,1562,1561,1563,-1,1562,1563,1517,-1,1517,1563,1564,-1,1517,1564,1518,-1,1515,1565,1516,-1,1516,1565,1566,-1,1516,1566,1567,-1,1567,1566,1568,-1,1567,1568,1569,-1,1569,1568,1570,-1,1569,1570,1571,-1,1571,1570,1572,-1,1571,1572,1573,-1,1573,1572,1574,-1,1573,1574,1575,-1,1575,1574,1576,-1,1575,1576,1548,-1,1548,1576,1577,-1,1548,1577,1549,-1,1483,1481,1528,-1,1528,1481,1530,-1,1483,1528,1526,-1,1483,1526,1485,-1,1485,1526,1524,-1,1485,1524,1487,-1,1487,1524,1522,-1,1487,1522,1489,-1,1489,1522,1520,-1,1489,1520,1490,-1,1490,1520,1518,-1,1490,1518,1431,-1,1431,1518,1564,-1,1431,1564,1433,-1,1433,1564,1563,-1,1433,1563,1435,-1,1435,1563,1561,-1,1435,1561,1437,-1,1437,1561,1559,-1,1437,1559,1439,-1,1439,1559,1557,-1,1439,1557,1441,-1,1441,1557,1555,-1,1441,1555,1443,-1,1443,1555,1553,-1,1443,1553,1445,-1,1445,1553,1551,-1,1445,1551,1491,-1,1491,1551,1549,-1,1491,1549,1492,-1,1492,1549,1577,-1,1492,1577,1494,-1,1494,1577,1576,-1,1494,1576,1496,-1,1496,1576,1574,-1,1496,1574,1498,-1,1498,1574,1572,-1,1498,1572,1500,-1,1500,1572,1570,-1,1500,1570,1502,-1,1502,1570,1568,-1,1502,1568,1503,-1,1503,1568,1566,-1,1503,1566,1448,-1,1448,1566,1565,-1,1448,1565,1450,-1,1450,1565,1515,-1,1450,1515,1452,-1,1452,1515,1513,-1,1452,1513,1454,-1,1454,1513,1511,-1,1454,1511,1456,-1,1456,1511,1509,-1,1456,1509,1457,-1,1457,1509,1507,-1,1457,1507,1459,-1,1459,1507,1505,-1,1459,1505,1461,-1,1461,1505,1547,-1,1461,1547,1463,-1,1463,1547,1546,-1,1463,1546,1465,-1,1465,1546,1544,-1,1465,1544,1467,-1,1467,1544,1542,-1,1467,1542,1469,-1,1469,1542,1540,-1,1469,1540,1471,-1,1471,1540,1538,-1,1471,1538,1473,-1,1473,1538,1536,-1,1473,1536,1475,-1,1475,1536,1534,-1,1475,1534,1477,-1,1479,1477,1532,-1,1532,1477,1534,-1,1481,1479,1530,-1,1530,1479,1532,-1,1476,1478,1533,-1,1533,1478,1531,-1,1478,1480,1531,-1,1531,1480,1529,-1,1480,1482,1529,-1,1529,1482,1527,-1,1438,1558,1560,-1,1438,1560,1436,-1,1436,1560,1562,-1,1436,1562,1434,-1,1434,1562,1517,-1,1434,1517,1432,-1,1432,1517,1519,-1,1432,1519,1430,-1,1430,1519,1521,-1,1430,1521,1488,-1,1488,1521,1523,-1,1488,1523,1486,-1,1486,1523,1525,-1,1486,1525,1484,-1,1484,1525,1527,-1,1484,1527,1482,-1,1499,1571,1573,-1,1499,1573,1497,-1,1497,1573,1575,-1,1497,1575,1495,-1,1495,1575,1548,-1,1495,1548,1493,-1,1493,1548,1550,-1,1493,1550,1446,-1,1446,1550,1552,-1,1446,1552,1444,-1,1444,1552,1554,-1,1444,1554,1442,-1,1442,1554,1556,-1,1442,1556,1440,-1,1440,1556,1558,-1,1440,1558,1438,-1,1460,1506,1508,-1,1460,1508,1458,-1,1458,1508,1510,-1,1458,1510,1455,-1,1455,1510,1512,-1,1455,1512,1453,-1,1453,1512,1514,-1,1453,1514,1451,-1,1451,1514,1516,-1,1451,1516,1449,-1,1449,1516,1567,-1,1449,1567,1447,-1,1447,1567,1569,-1,1447,1569,1501,-1,1501,1569,1571,-1,1501,1571,1499,-1,1476,1533,1535,-1,1476,1535,1474,-1,1474,1535,1537,-1,1474,1537,1472,-1,1472,1537,1539,-1,1472,1539,1470,-1,1470,1539,1541,-1,1470,1541,1468,-1,1468,1541,1543,-1,1468,1543,1466,-1,1466,1543,1545,-1,1466,1545,1464,-1,1464,1545,1504,-1,1464,1504,1462,-1,1462,1504,1506,-1,1462,1506,1460,-1,1578,1579,1580,-1,1580,1579,1581,-1,1582,1583,1578,-1,1578,1583,1584,-1,1578,1584,1579,-1,1579,1584,1585,-1,1582,1586,1583,-1,1583,1586,1587,-1,1583,1587,1588,-1,1588,1587,1589,-1,1588,1589,1590,-1,1590,1591,1588,-1,1588,1591,1580,-1,1588,1580,1592,-1,1592,1580,1581,-1,1592,1581,1593,-1,1594,1595,1596,-1,1595,1597,1596,-1,1596,1597,1598,-1,1596,1598,1599,-1,1599,1598,1600,-1,1599,1600,1601,-1,1601,1602,1599,-1,1599,1602,1603,-1,1599,1603,1604,-1,1605,1606,1607,-1,1608,1604,1609,-1,1609,1604,1603,-1,1609,1603,1607,-1,1607,1603,1594,-1,1607,1594,1605,-1,1605,1594,1596,-1,1588,1592,1596,-1,1596,1592,1605,-1,1583,1588,1599,-1,1599,1588,1596,-1,1584,1583,1604,-1,1604,1583,1599,-1,1585,1584,1608,-1,1608,1584,1604,-1,1579,1585,1609,-1,1609,1585,1608,-1,1581,1579,1607,-1,1607,1579,1609,-1,1593,1581,1606,-1,1606,1581,1607,-1,1592,1593,1605,-1,1605,1593,1606,-1,1578,1580,1603,-1,1603,1580,1594,-1,1580,1591,1594,-1,1594,1591,1595,-1,1589,1598,1597,-1,1589,1597,1590,-1,1590,1597,1595,-1,1590,1595,1591,-1,1589,1587,1598,-1,1598,1587,1600,-1,1582,1602,1601,-1,1582,1601,1586,-1,1586,1601,1600,-1,1586,1600,1587,-1,1582,1578,1602,-1,1602,1578,1603,-1,
        ]
    }
}